model_name,feature_set,horizon,mandi,data_provenance,metric_name,metric_value,method,seed
naive,prices+weather,1,ALL,synthetic,pinball_p10,61.991697526630475,before,1
naive,prices+weather,1,ALL,synthetic,pinball_p50,162.02236085280387,before,1
naive,prices+weather,1,ALL,synthetic,pinball_p90,80.96152044886846,before,1
naive,prices+weather,1,ALL,synthetic,pinball_mean,101.65852627610093,before,1
naive,prices+weather,1,ALL,synthetic,mape_p50_pct,14.329604811400518,before,1
naive,prices+weather,1,ALL,synthetic,coverage_p10_p90_pct,82.93591654247392,before,1
naive,prices+weather,1,ALL,synthetic,n,4026.0,before,1
naive,prices+weather,2,ALL,synthetic,pinball_p10,82.01934555824363,before,1
naive,prices+weather,2,ALL,synthetic,pinball_p50,221.07507797588005,before,1
naive,prices+weather,2,ALL,synthetic,pinball_p90,117.85983634612913,before,1
naive,prices+weather,2,ALL,synthetic,pinball_mean,140.31808662675095,before,1
naive,prices+weather,2,ALL,synthetic,mape_p50_pct,18.840556766023013,before,1
naive,prices+weather,2,ALL,synthetic,coverage_p10_p90_pct,85.74267262791852,before,1
naive,prices+weather,2,ALL,synthetic,n,4026.0,before,1
naive,prices+weather,3,ALL,synthetic,pinball_p10,98.75455298919886,before,1
naive,prices+weather,3,ALL,synthetic,pinball_p50,272.4421081710756,before,1
naive,prices+weather,3,ALL,synthetic,pinball_p90,144.20177511522456,before,1
naive,prices+weather,3,ALL,synthetic,pinball_mean,171.79947875849965,before,1
naive,prices+weather,3,ALL,synthetic,mape_p50_pct,22.708440199766763,before,1
naive,prices+weather,3,ALL,synthetic,coverage_p10_p90_pct,87.48137108792847,before,1
naive,prices+weather,3,ALL,synthetic,n,4026.0,before,1
naive,prices+weather,4,ALL,synthetic,pinball_p10,112.48674616977337,before,1
naive,prices+weather,4,ALL,synthetic,pinball_p50,301.80999840981747,before,1
naive,prices+weather,4,ALL,synthetic,pinball_p90,158.71005473617606,before,1
naive,prices+weather,4,ALL,synthetic,pinball_mean,191.00226643858898,before,1
naive,prices+weather,4,ALL,synthetic,mape_p50_pct,24.95546986547808,before,1
naive,prices+weather,4,ALL,synthetic,coverage_p10_p90_pct,86.63686040735222,before,1
naive,prices+weather,4,ALL,synthetic,n,4026.0,before,1
naive,prices+weather,spike_14d,ALL,synthetic,spike_events,1106.0,before,1
naive,prices+weather,spike_14d,ALL,synthetic,spike_recall,0.0,before,1
naive,prices+weather,spike_14d,ALL,synthetic,spike_precision,,before,1
naive,prices+weather,spike_14d,ALL,synthetic,spike_false_alarm_rate,0.0,before,1
naive,prices+weather,spike_14d,ALL,synthetic,spike_brier,0.20103141718953324,before,1
seasonal_naive,prices+weather,1,ALL,synthetic,pinball_p10,73.8718996132085,before,1
seasonal_naive,prices+weather,1,ALL,synthetic,pinball_p50,199.4031137408508,before,1
seasonal_naive,prices+weather,1,ALL,synthetic,pinball_p90,109.12784707690996,before,1
seasonal_naive,prices+weather,1,ALL,synthetic,pinball_mean,127.46762014365642,before,1
seasonal_naive,prices+weather,1,ALL,synthetic,mape_p50_pct,18.45890775577273,before,1
seasonal_naive,prices+weather,1,ALL,synthetic,coverage_p10_p90_pct,87.68007948335817,before,1
seasonal_naive,prices+weather,1,ALL,synthetic,n,4026.0,before,1
seasonal_naive,prices+weather,2,ALL,synthetic,pinball_p10,93.22506182513051,before,1
seasonal_naive,prices+weather,2,ALL,synthetic,pinball_p50,259.7937101833137,before,1
seasonal_naive,prices+weather,2,ALL,synthetic,pinball_p90,155.06440220511797,before,1
seasonal_naive,prices+weather,2,ALL,synthetic,pinball_mean,169.3610580711874,before,1
seasonal_naive,prices+weather,2,ALL,synthetic,mape_p50_pct,23.53111438909794,before,1
seasonal_naive,prices+weather,2,ALL,synthetic,coverage_p10_p90_pct,90.08941877794337,before,1
seasonal_naive,prices+weather,2,ALL,synthetic,n,4026.0,before,1
seasonal_naive,prices+weather,3,ALL,synthetic,pinball_p10,103.12125171116362,before,1
seasonal_naive,prices+weather,3,ALL,synthetic,pinball_p50,299.7887121147714,before,1
seasonal_naive,prices+weather,3,ALL,synthetic,pinball_p90,187.60274905809305,before,1
seasonal_naive,prices+weather,3,ALL,synthetic,pinball_mean,196.83757096134266,before,1
seasonal_naive,prices+weather,3,ALL,synthetic,mape_p50_pct,27.114182880180092,before,1
seasonal_naive,prices+weather,3,ALL,synthetic,coverage_p10_p90_pct,90.5116741182315,before,1
seasonal_naive,prices+weather,3,ALL,synthetic,n,4026.0,before,1
seasonal_naive,prices+weather,4,ALL,synthetic,pinball_p10,110.14714305407882,before,1
seasonal_naive,prices+weather,4,ALL,synthetic,pinball_p50,316.16229893648506,before,1
seasonal_naive,prices+weather,4,ALL,synthetic,pinball_p90,201.66211335681862,before,1
seasonal_naive,prices+weather,4,ALL,synthetic,pinball_mean,209.32385178246082,before,1
seasonal_naive,prices+weather,4,ALL,synthetic,mape_p50_pct,28.714420417900833,before,1
seasonal_naive,prices+weather,4,ALL,synthetic,coverage_p10_p90_pct,91.95230998509687,before,1
seasonal_naive,prices+weather,4,ALL,synthetic,n,4026.0,before,1
seasonal_naive,prices+weather,spike_14d,ALL,synthetic,spike_events,1106.0,before,1
seasonal_naive,prices+weather,spike_14d,ALL,synthetic,spike_recall,0.0,before,1
seasonal_naive,prices+weather,spike_14d,ALL,synthetic,spike_precision,,before,1
seasonal_naive,prices+weather,spike_14d,ALL,synthetic,spike_false_alarm_rate,0.0,before,1
seasonal_naive,prices+weather,spike_14d,ALL,synthetic,spike_brier,0.20103141718953324,before,1
lightgbm_quantile,prices+weather,1,ALL,synthetic,pinball_p10,58.27964345805686,before,1
lightgbm_quantile,prices+weather,1,ALL,synthetic,pinball_p50,151.26095087063769,before,1
lightgbm_quantile,prices+weather,1,ALL,synthetic,pinball_p90,87.11942085961923,before,1
lightgbm_quantile,prices+weather,1,ALL,synthetic,pinball_mean,98.88667172943792,before,1
lightgbm_quantile,prices+weather,1,ALL,synthetic,mape_p50_pct,13.442574009434505,before,1
lightgbm_quantile,prices+weather,1,ALL,synthetic,coverage_p10_p90_pct,81.0481867858917,before,1
lightgbm_quantile,prices+weather,1,ALL,synthetic,n,4026.0,before,1
lightgbm_quantile,prices+weather,2,ALL,synthetic,pinball_p10,76.28888541711342,before,1
lightgbm_quantile,prices+weather,2,ALL,synthetic,pinball_p50,190.7624393287083,before,1
lightgbm_quantile,prices+weather,2,ALL,synthetic,pinball_p90,132.47504007497147,before,1
lightgbm_quantile,prices+weather,2,ALL,synthetic,pinball_mean,133.17545494026442,before,1
lightgbm_quantile,prices+weather,2,ALL,synthetic,mape_p50_pct,16.55727775205986,before,1
lightgbm_quantile,prices+weather,2,ALL,synthetic,coverage_p10_p90_pct,77.4962742175857,before,1
lightgbm_quantile,prices+weather,2,ALL,synthetic,n,4026.0,before,1
lightgbm_quantile,prices+weather,3,ALL,synthetic,pinball_p10,79.76602471515527,before,1
lightgbm_quantile,prices+weather,3,ALL,synthetic,pinball_p50,221.4212877708243,before,1
lightgbm_quantile,prices+weather,3,ALL,synthetic,pinball_p90,183.61306245396727,before,1
lightgbm_quantile,prices+weather,3,ALL,synthetic,pinball_mean,161.6001249799823,before,1
lightgbm_quantile,prices+weather,3,ALL,synthetic,mape_p50_pct,18.80342819512743,before,1
lightgbm_quantile,prices+weather,3,ALL,synthetic,coverage_p10_p90_pct,72.52856433184301,before,1
lightgbm_quantile,prices+weather,3,ALL,synthetic,n,4026.0,before,1
lightgbm_quantile,prices+weather,4,ALL,synthetic,pinball_p10,92.09049870455179,before,1
lightgbm_quantile,prices+weather,4,ALL,synthetic,pinball_p50,241.0231087487173,before,1
lightgbm_quantile,prices+weather,4,ALL,synthetic,pinball_p90,199.8708695829362,before,1
lightgbm_quantile,prices+weather,4,ALL,synthetic,pinball_mean,177.66149234540174,before,1
lightgbm_quantile,prices+weather,4,ALL,synthetic,mape_p50_pct,20.22794451123403,before,1
lightgbm_quantile,prices+weather,4,ALL,synthetic,coverage_p10_p90_pct,68.87729756582216,before,1
lightgbm_quantile,prices+weather,4,ALL,synthetic,n,4026.0,before,1
lightgbm_quantile,prices+weather,spike_14d,ALL,synthetic,spike_events,1106.0,before,1
lightgbm_quantile,prices+weather,spike_14d,ALL,synthetic,spike_recall,0.19349005424954793,before,1
lightgbm_quantile,prices+weather,spike_14d,ALL,synthetic,spike_precision,0.3912248628884826,before,1
lightgbm_quantile,prices+weather,spike_14d,ALL,synthetic,spike_false_alarm_rate,0.1155848663658452,before,1
lightgbm_quantile,prices+weather,spike_14d,ALL,synthetic,spike_brier,0.2008505580762059,before,1
lightgbm_quantile,prices+weather,1,ALL,synthetic,pinball_p10,58.09213884819983,track_record,1
lightgbm_quantile,prices+weather,1,ALL,synthetic,pinball_p50,151.26095087063769,track_record,1
lightgbm_quantile,prices+weather,1,ALL,synthetic,pinball_p90,90.17694949756306,track_record,1
lightgbm_quantile,prices+weather,1,ALL,synthetic,pinball_mean,99.84334640546685,track_record,1
lightgbm_quantile,prices+weather,1,ALL,synthetic,mape_p50_pct,13.442574009434505,track_record,1
lightgbm_quantile,prices+weather,1,ALL,synthetic,coverage_p10_p90_pct,82.01689021361153,track_record,1
lightgbm_quantile,prices+weather,1,ALL,synthetic,n,4026.0,track_record,1
lightgbm_quantile,prices+weather,2,ALL,synthetic,pinball_p10,76.18181515255758,track_record,1
lightgbm_quantile,prices+weather,2,ALL,synthetic,pinball_p50,190.7624393287083,track_record,1
lightgbm_quantile,prices+weather,2,ALL,synthetic,pinball_p90,141.2427607180596,track_record,1
lightgbm_quantile,prices+weather,2,ALL,synthetic,pinball_mean,136.06233839977517,track_record,1
lightgbm_quantile,prices+weather,2,ALL,synthetic,mape_p50_pct,16.55727775205986,track_record,1
lightgbm_quantile,prices+weather,2,ALL,synthetic,coverage_p10_p90_pct,78.6388474913065,track_record,1
lightgbm_quantile,prices+weather,2,ALL,synthetic,n,4026.0,track_record,1
lightgbm_quantile,prices+weather,3,ALL,synthetic,pinball_p10,79.217972753,track_record,1
lightgbm_quantile,prices+weather,3,ALL,synthetic,pinball_p50,221.4212877708243,track_record,1
lightgbm_quantile,prices+weather,3,ALL,synthetic,pinball_p90,196.8078380950411,track_record,1
lightgbm_quantile,prices+weather,3,ALL,synthetic,pinball_mean,165.81569953962182,track_record,1
lightgbm_quantile,prices+weather,3,ALL,synthetic,mape_p50_pct,18.80342819512743,track_record,1
lightgbm_quantile,prices+weather,3,ALL,synthetic,coverage_p10_p90_pct,74.31693989071039,track_record,1
lightgbm_quantile,prices+weather,3,ALL,synthetic,n,4026.0,track_record,1
lightgbm_quantile,prices+weather,4,ALL,synthetic,pinball_p10,90.17097487905667,track_record,1
lightgbm_quantile,prices+weather,4,ALL,synthetic,pinball_p50,241.0231087487173,track_record,1
lightgbm_quantile,prices+weather,4,ALL,synthetic,pinball_p90,214.20536562216188,track_record,1
lightgbm_quantile,prices+weather,4,ALL,synthetic,pinball_mean,181.79981641664529,track_record,1
lightgbm_quantile,prices+weather,4,ALL,synthetic,mape_p50_pct,20.22794451123403,track_record,1
lightgbm_quantile,prices+weather,4,ALL,synthetic,coverage_p10_p90_pct,71.98211624441133,track_record,1
lightgbm_quantile,prices+weather,4,ALL,synthetic,n,4026.0,track_record,1
lightgbm_quantile,prices+weather,spike_14d,ALL,synthetic,spike_events,1106.0,track_record,1
lightgbm_quantile,prices+weather,spike_14d,ALL,synthetic,spike_recall,0.19349005424954793,track_record,1
lightgbm_quantile,prices+weather,spike_14d,ALL,synthetic,spike_precision,0.3912248628884826,track_record,1
lightgbm_quantile,prices+weather,spike_14d,ALL,synthetic,spike_false_alarm_rate,0.1155848663658452,track_record,1
lightgbm_quantile,prices+weather,spike_14d,ALL,synthetic,spike_brier,0.2008505580762059,track_record,1
naive,prices+weather,1,ALL,synthetic,pinball_p10,62.02460255501215,track_record,1
naive,prices+weather,1,ALL,synthetic,pinball_p50,162.02236085280387,track_record,1
naive,prices+weather,1,ALL,synthetic,pinball_p90,82.84548461399427,track_record,1
naive,prices+weather,1,ALL,synthetic,pinball_mean,102.29748267393677,track_record,1
naive,prices+weather,1,ALL,synthetic,mape_p50_pct,14.329604811400518,track_record,1
naive,prices+weather,1,ALL,synthetic,coverage_p10_p90_pct,81.74366616989568,track_record,1
naive,prices+weather,1,ALL,synthetic,n,4026.0,track_record,1
naive,prices+weather,2,ALL,synthetic,pinball_p10,83.05934623210602,track_record,1
naive,prices+weather,2,ALL,synthetic,pinball_p50,221.07507797588005,track_record,1
naive,prices+weather,2,ALL,synthetic,pinball_p90,122.09488761321728,track_record,1
naive,prices+weather,2,ALL,synthetic,pinball_mean,142.07643727373446,track_record,1
naive,prices+weather,2,ALL,synthetic,mape_p50_pct,18.840556766023013,track_record,1
naive,prices+weather,2,ALL,synthetic,coverage_p10_p90_pct,84.0288127173373,track_record,1
naive,prices+weather,2,ALL,synthetic,n,4026.0,track_record,1
naive,prices+weather,3,ALL,synthetic,pinball_p10,100.08155171275543,track_record,1
naive,prices+weather,3,ALL,synthetic,pinball_p50,272.4421081710756,track_record,1
naive,prices+weather,3,ALL,synthetic,pinball_p90,149.41697675140924,track_record,1
naive,prices+weather,3,ALL,synthetic,pinball_mean,173.98021221174676,track_record,1
naive,prices+weather,3,ALL,synthetic,mape_p50_pct,22.708440199766763,track_record,1
naive,prices+weather,3,ALL,synthetic,coverage_p10_p90_pct,84.0288127173373,track_record,1
naive,prices+weather,3,ALL,synthetic,n,4026.0,track_record,1
naive,prices+weather,4,ALL,synthetic,pinball_p10,113.98443229917538,track_record,1
naive,prices+weather,4,ALL,synthetic,pinball_p50,301.80999840981747,track_record,1
naive,prices+weather,4,ALL,synthetic,pinball_p90,168.67795179219854,track_record,1
naive,prices+weather,4,ALL,synthetic,pinball_mean,194.82412750039714,track_record,1
naive,prices+weather,4,ALL,synthetic,mape_p50_pct,24.95546986547808,track_record,1
naive,prices+weather,4,ALL,synthetic,coverage_p10_p90_pct,81.39592647789368,track_record,1
naive,prices+weather,4,ALL,synthetic,n,4026.0,track_record,1
naive,prices+weather,spike_14d,ALL,synthetic,spike_events,1106.0,track_record,1
naive,prices+weather,spike_14d,ALL,synthetic,spike_recall,0.0,track_record,1
naive,prices+weather,spike_14d,ALL,synthetic,spike_precision,,track_record,1
naive,prices+weather,spike_14d,ALL,synthetic,spike_false_alarm_rate,0.0,track_record,1
naive,prices+weather,spike_14d,ALL,synthetic,spike_brier,0.20103141718953324,track_record,1
seasonal_naive,prices+weather,1,ALL,synthetic,pinball_p10,73.85809695264736,track_record,1
seasonal_naive,prices+weather,1,ALL,synthetic,pinball_p50,199.4031137408508,track_record,1
seasonal_naive,prices+weather,1,ALL,synthetic,pinball_p90,110.45341501231356,track_record,1
seasonal_naive,prices+weather,1,ALL,synthetic,pinball_mean,127.90487523527058,track_record,1
seasonal_naive,prices+weather,1,ALL,synthetic,mape_p50_pct,18.45890775577273,track_record,1
seasonal_naive,prices+weather,1,ALL,synthetic,coverage_p10_p90_pct,87.03427719821163,track_record,1
seasonal_naive,prices+weather,1,ALL,synthetic,n,4026.0,track_record,1
seasonal_naive,prices+weather,2,ALL,synthetic,pinball_p10,93.35298198330966,track_record,1
seasonal_naive,prices+weather,2,ALL,synthetic,pinball_p50,259.7937101833137,track_record,1
seasonal_naive,prices+weather,2,ALL,synthetic,pinball_p90,160.98745844705144,track_record,1
seasonal_naive,prices+weather,2,ALL,synthetic,pinball_mean,171.37805020455826,track_record,1
seasonal_naive,prices+weather,2,ALL,synthetic,mape_p50_pct,23.53111438909794,track_record,1
seasonal_naive,prices+weather,2,ALL,synthetic,coverage_p10_p90_pct,89.71684053651266,track_record,1
seasonal_naive,prices+weather,2,ALL,synthetic,n,4026.0,track_record,1
seasonal_naive,prices+weather,3,ALL,synthetic,pinball_p10,103.62065602479211,track_record,1
seasonal_naive,prices+weather,3,ALL,synthetic,pinball_p50,299.7887121147714,track_record,1
seasonal_naive,prices+weather,3,ALL,synthetic,pinball_p90,193.13313204881905,track_record,1
seasonal_naive,prices+weather,3,ALL,synthetic,pinball_mean,198.84750006279418,track_record,1
seasonal_naive,prices+weather,3,ALL,synthetic,mape_p50_pct,27.114182880180092,track_record,1
seasonal_naive,prices+weather,3,ALL,synthetic,coverage_p10_p90_pct,88.79781420765028,track_record,1
seasonal_naive,prices+weather,3,ALL,synthetic,n,4026.0,track_record,1
seasonal_naive,prices+weather,4,ALL,synthetic,pinball_p10,112.31644057910795,track_record,1
seasonal_naive,prices+weather,4,ALL,synthetic,pinball_p50,316.16229893648506,track_record,1
seasonal_naive,prices+weather,4,ALL,synthetic,pinball_p90,192.60215852753515,track_record,1
seasonal_naive,prices+weather,4,ALL,synthetic,pinball_mean,207.02696601437606,track_record,1
seasonal_naive,prices+weather,4,ALL,synthetic,mape_p50_pct,28.714420417900833,track_record,1
seasonal_naive,prices+weather,4,ALL,synthetic,coverage_p10_p90_pct,86.41331346249379,track_record,1
seasonal_naive,prices+weather,4,ALL,synthetic,n,4026.0,track_record,1
seasonal_naive,prices+weather,spike_14d,ALL,synthetic,spike_events,1106.0,track_record,1
seasonal_naive,prices+weather,spike_14d,ALL,synthetic,spike_recall,0.0,track_record,1
seasonal_naive,prices+weather,spike_14d,ALL,synthetic,spike_precision,,track_record,1
seasonal_naive,prices+weather,spike_14d,ALL,synthetic,spike_false_alarm_rate,0.0,track_record,1
seasonal_naive,prices+weather,spike_14d,ALL,synthetic,spike_brier,0.20103141718953324,track_record,1
lightgbm_quantile,prices+weather,1,ALL,synthetic,pinball_p10,58.68641654006579,aci,1
lightgbm_quantile,prices+weather,1,ALL,synthetic,pinball_p50,151.26095087063769,aci,1
lightgbm_quantile,prices+weather,1,ALL,synthetic,pinball_p90,93.09899902210479,aci,1
lightgbm_quantile,prices+weather,1,ALL,synthetic,pinball_mean,101.01545547760276,aci,1
lightgbm_quantile,prices+weather,1,ALL,synthetic,mape_p50_pct,13.442574009434505,aci,1
lightgbm_quantile,prices+weather,1,ALL,synthetic,coverage_p10_p90_pct,83.28365623447591,aci,1
lightgbm_quantile,prices+weather,1,ALL,synthetic,n,4026.0,aci,1
lightgbm_quantile,prices+weather,2,ALL,synthetic,pinball_p10,79.51559275749909,aci,1
lightgbm_quantile,prices+weather,2,ALL,synthetic,pinball_p50,190.7624393287083,aci,1
lightgbm_quantile,prices+weather,2,ALL,synthetic,pinball_p90,155.1831796872141,aci,1
lightgbm_quantile,prices+weather,2,ALL,synthetic,pinball_mean,141.82040392447382,aci,1
lightgbm_quantile,prices+weather,2,ALL,synthetic,mape_p50_pct,16.55727775205986,aci,1
lightgbm_quantile,prices+weather,2,ALL,synthetic,coverage_p10_p90_pct,80.10432190760059,aci,1
lightgbm_quantile,prices+weather,2,ALL,synthetic,n,4026.0,aci,1
lightgbm_quantile,prices+weather,3,ALL,synthetic,pinball_p10,83.61142631532945,aci,1
lightgbm_quantile,prices+weather,3,ALL,synthetic,pinball_p50,221.4212877708243,aci,1
lightgbm_quantile,prices+weather,3,ALL,synthetic,pinball_p90,233.84035826761883,aci,1
lightgbm_quantile,prices+weather,3,ALL,synthetic,pinball_mean,179.62435745125754,aci,1
lightgbm_quantile,prices+weather,3,ALL,synthetic,mape_p50_pct,18.80342819512743,aci,1
lightgbm_quantile,prices+weather,3,ALL,synthetic,coverage_p10_p90_pct,76.85047193243915,aci,1
lightgbm_quantile,prices+weather,3,ALL,synthetic,n,4026.0,aci,1
lightgbm_quantile,prices+weather,4,ALL,synthetic,pinball_p10,97.70084566262959,aci,1
lightgbm_quantile,prices+weather,4,ALL,synthetic,pinball_p50,241.0231087487173,aci,1
lightgbm_quantile,prices+weather,4,ALL,synthetic,pinball_p90,254.01300889949886,aci,1
lightgbm_quantile,prices+weather,4,ALL,synthetic,pinball_mean,197.57898777028194,aci,1
lightgbm_quantile,prices+weather,4,ALL,synthetic,mape_p50_pct,20.22794451123403,aci,1
lightgbm_quantile,prices+weather,4,ALL,synthetic,coverage_p10_p90_pct,75.98112270243418,aci,1
lightgbm_quantile,prices+weather,4,ALL,synthetic,n,4026.0,aci,1
lightgbm_quantile,prices+weather,spike_14d,ALL,synthetic,spike_events,1106.0,aci,1
lightgbm_quantile,prices+weather,spike_14d,ALL,synthetic,spike_recall,0.19349005424954793,aci,1
lightgbm_quantile,prices+weather,spike_14d,ALL,synthetic,spike_precision,0.3912248628884826,aci,1
lightgbm_quantile,prices+weather,spike_14d,ALL,synthetic,spike_false_alarm_rate,0.1155848663658452,aci,1
lightgbm_quantile,prices+weather,spike_14d,ALL,synthetic,spike_brier,0.2008505580762059,aci,1
naive,prices+weather,1,ALL,synthetic,pinball_p10,63.99768199518964,aci,1
naive,prices+weather,1,ALL,synthetic,pinball_p50,162.02236085280387,aci,1
naive,prices+weather,1,ALL,synthetic,pinball_p90,84.66920517503718,aci,1
naive,prices+weather,1,ALL,synthetic,pinball_mean,103.56308267434356,aci,1
naive,prices+weather,1,ALL,synthetic,mape_p50_pct,14.329604811400518,aci,1
naive,prices+weather,1,ALL,synthetic,coverage_p10_p90_pct,83.40784898161947,aci,1
naive,prices+weather,1,ALL,synthetic,n,4026.0,aci,1
naive,prices+weather,2,ALL,synthetic,pinball_p10,89.59302947977197,aci,1
naive,prices+weather,2,ALL,synthetic,pinball_p50,221.07507797588005,aci,1
naive,prices+weather,2,ALL,synthetic,pinball_p90,130.0537871967976,aci,1
naive,prices+weather,2,ALL,synthetic,pinball_mean,146.9072982174832,aci,1
naive,prices+weather,2,ALL,synthetic,mape_p50_pct,18.840556766023013,aci,1
naive,prices+weather,2,ALL,synthetic,coverage_p10_p90_pct,85.46944858420268,aci,1
naive,prices+weather,2,ALL,synthetic,n,4026.0,aci,1
naive,prices+weather,3,ALL,synthetic,pinball_p10,109.64955036640212,aci,1
naive,prices+weather,3,ALL,synthetic,pinball_p50,272.4421081710756,aci,1
naive,prices+weather,3,ALL,synthetic,pinball_p90,162.4575241164238,aci,1
naive,prices+weather,3,ALL,synthetic,pinball_mean,181.5163942179672,aci,1
naive,prices+weather,3,ALL,synthetic,mape_p50_pct,22.708440199766763,aci,1
naive,prices+weather,3,ALL,synthetic,coverage_p10_p90_pct,86.04073522106309,aci,1
naive,prices+weather,3,ALL,synthetic,n,4026.0,aci,1
naive,prices+weather,4,ALL,synthetic,pinball_p10,124.9196829641507,aci,1
naive,prices+weather,4,ALL,synthetic,pinball_p50,301.80999840981747,aci,1
naive,prices+weather,4,ALL,synthetic,pinball_p90,179.81184549369692,aci,1
naive,prices+weather,4,ALL,synthetic,pinball_mean,202.18050895588837,aci,1
naive,prices+weather,4,ALL,synthetic,mape_p50_pct,24.95546986547808,aci,1
naive,prices+weather,4,ALL,synthetic,coverage_p10_p90_pct,82.38946845504222,aci,1
naive,prices+weather,4,ALL,synthetic,n,4026.0,aci,1
naive,prices+weather,spike_14d,ALL,synthetic,spike_events,1106.0,aci,1
naive,prices+weather,spike_14d,ALL,synthetic,spike_recall,0.0,aci,1
naive,prices+weather,spike_14d,ALL,synthetic,spike_precision,,aci,1
naive,prices+weather,spike_14d,ALL,synthetic,spike_false_alarm_rate,0.0,aci,1
naive,prices+weather,spike_14d,ALL,synthetic,spike_brier,0.20103141718953324,aci,1
seasonal_naive,prices+weather,1,ALL,synthetic,pinball_p10,73.69623062260538,aci,1
seasonal_naive,prices+weather,1,ALL,synthetic,pinball_p50,199.4031137408508,aci,1
seasonal_naive,prices+weather,1,ALL,synthetic,pinball_p90,111.36729008372096,aci,1
seasonal_naive,prices+weather,1,ALL,synthetic,pinball_mean,128.15554481572573,aci,1
seasonal_naive,prices+weather,1,ALL,synthetic,mape_p50_pct,18.45890775577273,aci,1
seasonal_naive,prices+weather,1,ALL,synthetic,coverage_p10_p90_pct,86.88524590163934,aci,1
seasonal_naive,prices+weather,1,ALL,synthetic,n,4026.0,aci,1
seasonal_naive,prices+weather,2,ALL,synthetic,pinball_p10,93.34247520571869,aci,1
seasonal_naive,prices+weather,2,ALL,synthetic,pinball_p50,259.7937101833137,aci,1
seasonal_naive,prices+weather,2,ALL,synthetic,pinball_p90,170.5764644316396,aci,1
seasonal_naive,prices+weather,2,ALL,synthetic,pinball_mean,174.57088327355734,aci,1
seasonal_naive,prices+weather,2,ALL,synthetic,mape_p50_pct,23.53111438909794,aci,1
seasonal_naive,prices+weather,2,ALL,synthetic,coverage_p10_p90_pct,88.54942871336314,aci,1
seasonal_naive,prices+weather,2,ALL,synthetic,n,4026.0,aci,1
seasonal_naive,prices+weather,3,ALL,synthetic,pinball_p10,105.44444214981128,aci,1
seasonal_naive,prices+weather,3,ALL,synthetic,pinball_p50,299.7887121147714,aci,1
seasonal_naive,prices+weather,3,ALL,synthetic,pinball_p90,207.91565170746878,aci,1
seasonal_naive,prices+weather,3,ALL,synthetic,pinball_mean,204.38293532401713,aci,1
seasonal_naive,prices+weather,3,ALL,synthetic,mape_p50_pct,27.114182880180092,aci,1
seasonal_naive,prices+weather,3,ALL,synthetic,coverage_p10_p90_pct,87.20814704421261,aci,1
seasonal_naive,prices+weather,3,ALL,synthetic,n,4026.0,aci,1
seasonal_naive,prices+weather,4,ALL,synthetic,pinball_p10,117.57100242241417,aci,1
seasonal_naive,prices+weather,4,ALL,synthetic,pinball_p50,316.16229893648506,aci,1
seasonal_naive,prices+weather,4,ALL,synthetic,pinball_p90,218.63593006962077,aci,1
seasonal_naive,prices+weather,4,ALL,synthetic,pinball_mean,217.45641047617332,aci,1
seasonal_naive,prices+weather,4,ALL,synthetic,mape_p50_pct,28.714420417900833,aci,1
seasonal_naive,prices+weather,4,ALL,synthetic,coverage_p10_p90_pct,86.36363636363636,aci,1
seasonal_naive,prices+weather,4,ALL,synthetic,n,4026.0,aci,1
seasonal_naive,prices+weather,spike_14d,ALL,synthetic,spike_events,1106.0,aci,1
seasonal_naive,prices+weather,spike_14d,ALL,synthetic,spike_recall,0.0,aci,1
seasonal_naive,prices+weather,spike_14d,ALL,synthetic,spike_precision,,aci,1
seasonal_naive,prices+weather,spike_14d,ALL,synthetic,spike_false_alarm_rate,0.0,aci,1
seasonal_naive,prices+weather,spike_14d,ALL,synthetic,spike_brier,0.20103141718953324,aci,1
naive,prices+weather,1,ALL,synthetic,pinball_p10,75.11205226660465,before,2
naive,prices+weather,1,ALL,synthetic,pinball_p50,177.62082208252068,before,2
naive,prices+weather,1,ALL,synthetic,pinball_p90,89.79896227209463,before,2
naive,prices+weather,1,ALL,synthetic,pinball_mean,114.17727887373998,before,2
naive,prices+weather,1,ALL,synthetic,mape_p50_pct,14.460426360489864,before,2
naive,prices+weather,1,ALL,synthetic,coverage_p10_p90_pct,87.87878787878788,before,2
naive,prices+weather,1,ALL,synthetic,n,4026.0,before,2
naive,prices+weather,2,ALL,synthetic,pinball_p10,110.10969627437059,before,2
naive,prices+weather,2,ALL,synthetic,pinball_p50,270.83004010055384,before,2
naive,prices+weather,2,ALL,synthetic,pinball_p90,163.8655302585072,before,2
naive,prices+weather,2,ALL,synthetic,pinball_mean,181.60175554447721,before,2
naive,prices+weather,2,ALL,synthetic,mape_p50_pct,20.10790150411109,before,2
naive,prices+weather,2,ALL,synthetic,coverage_p10_p90_pct,87.65524093392946,before,2
naive,prices+weather,2,ALL,synthetic,n,4026.0,before,2
naive,prices+weather,3,ALL,synthetic,pinball_p10,140.9011658567503,before,2
naive,prices+weather,3,ALL,synthetic,pinball_p50,367.8986897897343,before,2
naive,prices+weather,3,ALL,synthetic,pinball_p90,222.39455477815892,before,2
naive,prices+weather,3,ALL,synthetic,pinball_mean,243.73147014154787,before,2
naive,prices+weather,3,ALL,synthetic,mape_p50_pct,25.258180019056237,before,2
naive,prices+weather,3,ALL,synthetic,coverage_p10_p90_pct,84.99751614505713,before,2
naive,prices+weather,3,ALL,synthetic,n,4026.0,before,2
naive,prices+weather,4,ALL,synthetic,pinball_p10,162.33295003847024,before,2
naive,prices+weather,4,ALL,synthetic,pinball_p50,469.9632093700437,before,2
naive,prices+weather,4,ALL,synthetic,pinball_p90,276.08552699298156,before,2
naive,prices+weather,4,ALL,synthetic,pinball_mean,302.79389546716516,before,2
naive,prices+weather,4,ALL,synthetic,mape_p50_pct,30.28873686102871,before,2
naive,prices+weather,4,ALL,synthetic,coverage_p10_p90_pct,81.5946348733234,before,2
naive,prices+weather,4,ALL,synthetic,n,4026.0,before,2
naive,prices+weather,spike_14d,ALL,synthetic,spike_events,1214.0,before,2
naive,prices+weather,spike_14d,ALL,synthetic,spike_recall,0.0,before,2
naive,prices+weather,spike_14d,ALL,synthetic,spike_precision,,before,2
naive,prices+weather,spike_14d,ALL,synthetic,spike_false_alarm_rate,0.0,before,2
naive,prices+weather,spike_14d,ALL,synthetic,spike_brier,0.212977205152555,before,2
seasonal_naive,prices+weather,1,ALL,synthetic,pinball_p10,97.22923337905071,before,2
seasonal_naive,prices+weather,1,ALL,synthetic,pinball_p50,282.9910939496941,before,2
seasonal_naive,prices+weather,1,ALL,synthetic,pinball_p90,163.193821835842,before,2
seasonal_naive,prices+weather,1,ALL,synthetic,pinball_mean,181.13804972152892,before,2
seasonal_naive,prices+weather,1,ALL,synthetic,mape_p50_pct,21.74195374953285,before,2
seasonal_naive,prices+weather,1,ALL,synthetic,coverage_p10_p90_pct,86.83556880278192,before,2
seasonal_naive,prices+weather,1,ALL,synthetic,n,4026.0,before,2
seasonal_naive,prices+weather,2,ALL,synthetic,pinball_p10,134.3744287805003,before,2
seasonal_naive,prices+weather,2,ALL,synthetic,pinball_p50,413.4090187839873,before,2
seasonal_naive,prices+weather,2,ALL,synthetic,pinball_p90,267.71477231724117,before,2
seasonal_naive,prices+weather,2,ALL,synthetic,pinball_mean,271.83273996057625,before,2
seasonal_naive,prices+weather,2,ALL,synthetic,mape_p50_pct,29.47544491618894,before,2
seasonal_naive,prices+weather,2,ALL,synthetic,coverage_p10_p90_pct,87.97814207650273,before,2
seasonal_naive,prices+weather,2,ALL,synthetic,n,4026.0,before,2
seasonal_naive,prices+weather,3,ALL,synthetic,pinball_p10,153.20706139966205,before,2
seasonal_naive,prices+weather,3,ALL,synthetic,pinball_p50,516.5650283932229,before,2
seasonal_naive,prices+weather,3,ALL,synthetic,pinball_p90,329.50676060981897,before,2
seasonal_naive,prices+weather,3,ALL,synthetic,pinball_mean,333.0929501342346,before,2
seasonal_naive,prices+weather,3,ALL,synthetic,mape_p50_pct,34.71139305149253,before,2
seasonal_naive,prices+weather,3,ALL,synthetic,coverage_p10_p90_pct,88.94684550422255,before,2
seasonal_naive,prices+weather,3,ALL,synthetic,n,4026.0,before,2
seasonal_naive,prices+weather,4,ALL,synthetic,pinball_p10,175.41189577040916,before,2
seasonal_naive,prices+weather,4,ALL,synthetic,pinball_p50,600.3408414566874,before,2
seasonal_naive,prices+weather,4,ALL,synthetic,pinball_p90,379.9992756713878,before,2
seasonal_naive,prices+weather,4,ALL,synthetic,pinball_mean,385.2506709661614,before,2
seasonal_naive,prices+weather,4,ALL,synthetic,mape_p50_pct,37.97038620507953,before,2
seasonal_naive,prices+weather,4,ALL,synthetic,coverage_p10_p90_pct,88.32588176850471,before,2
seasonal_naive,prices+weather,4,ALL,synthetic,n,4026.0,before,2
seasonal_naive,prices+weather,spike_14d,ALL,synthetic,spike_events,1214.0,before,2
seasonal_naive,prices+weather,spike_14d,ALL,synthetic,spike_recall,0.0,before,2
seasonal_naive,prices+weather,spike_14d,ALL,synthetic,spike_precision,,before,2
seasonal_naive,prices+weather,spike_14d,ALL,synthetic,spike_false_alarm_rate,0.0,before,2
seasonal_naive,prices+weather,spike_14d,ALL,synthetic,spike_brier,0.212977205152555,before,2
lightgbm_quantile,prices+weather,1,ALL,synthetic,pinball_p10,82.6509639107409,before,2
lightgbm_quantile,prices+weather,1,ALL,synthetic,pinball_p50,172.06028125613793,before,2
lightgbm_quantile,prices+weather,1,ALL,synthetic,pinball_p90,89.63404217949281,before,2
lightgbm_quantile,prices+weather,1,ALL,synthetic,pinball_mean,114.78176244879053,before,2
lightgbm_quantile,prices+weather,1,ALL,synthetic,mape_p50_pct,13.769404613856286,before,2
lightgbm_quantile,prices+weather,1,ALL,synthetic,coverage_p10_p90_pct,76.17983109786388,before,2
lightgbm_quantile,prices+weather,1,ALL,synthetic,n,4026.0,before,2
lightgbm_quantile,prices+weather,2,ALL,synthetic,pinball_p10,135.7936713929769,before,2
lightgbm_quantile,prices+weather,2,ALL,synthetic,pinball_p50,258.22030433996144,before,2
lightgbm_quantile,prices+weather,2,ALL,synthetic,pinball_p90,177.03183658069503,before,2
lightgbm_quantile,prices+weather,2,ALL,synthetic,pinball_mean,190.34860410454448,before,2
lightgbm_quantile,prices+weather,2,ALL,synthetic,mape_p50_pct,18.939994996944268,before,2
lightgbm_quantile,prices+weather,2,ALL,synthetic,coverage_p10_p90_pct,70.74018877297566,before,2
lightgbm_quantile,prices+weather,2,ALL,synthetic,n,4026.0,before,2
lightgbm_quantile,prices+weather,3,ALL,synthetic,pinball_p10,173.3796271410633,before,2
lightgbm_quantile,prices+weather,3,ALL,synthetic,pinball_p50,349.5941080044843,before,2
lightgbm_quantile,prices+weather,3,ALL,synthetic,pinball_p90,256.16749544328326,before,2
lightgbm_quantile,prices+weather,3,ALL,synthetic,pinball_mean,259.7137435296103,before,2
lightgbm_quantile,prices+weather,3,ALL,synthetic,mape_p50_pct,23.42613774639327,before,2
lightgbm_quantile,prices+weather,3,ALL,synthetic,coverage_p10_p90_pct,66.49279682066567,before,2
lightgbm_quantile,prices+weather,3,ALL,synthetic,n,4026.0,before,2
lightgbm_quantile,prices+weather,4,ALL,synthetic,pinball_p10,209.42846326407695,before,2
lightgbm_quantile,prices+weather,4,ALL,synthetic,pinball_p50,428.8356555163934,before,2
lightgbm_quantile,prices+weather,4,ALL,synthetic,pinball_p90,324.9745829732396,before,2
lightgbm_quantile,prices+weather,4,ALL,synthetic,pinball_mean,321.0795672512366,before,2
lightgbm_quantile,prices+weather,4,ALL,synthetic,mape_p50_pct,26.889116556910487,before,2
lightgbm_quantile,prices+weather,4,ALL,synthetic,coverage_p10_p90_pct,62.14605067064084,before,2
lightgbm_quantile,prices+weather,4,ALL,synthetic,n,4026.0,before,2
lightgbm_quantile,prices+weather,spike_14d,ALL,synthetic,spike_events,1214.0,before,2
lightgbm_quantile,prices+weather,spike_14d,ALL,synthetic,spike_recall,0.08484349258649095,before,2
lightgbm_quantile,prices+weather,spike_14d,ALL,synthetic,spike_precision,0.4618834080717489,before,2
lightgbm_quantile,prices+weather,spike_14d,ALL,synthetic,spike_false_alarm_rate,0.0432744320230797,before,2
lightgbm_quantile,prices+weather,spike_14d,ALL,synthetic,spike_brier,0.2062844809382915,before,2
lightgbm_quantile,prices+weather,1,ALL,synthetic,pinball_p10,81.19410263435185,track_record,2
lightgbm_quantile,prices+weather,1,ALL,synthetic,pinball_p50,172.06028125613793,track_record,2
lightgbm_quantile,prices+weather,1,ALL,synthetic,pinball_p90,90.14020023620523,track_record,2
lightgbm_quantile,prices+weather,1,ALL,synthetic,pinball_mean,114.46486137556501,track_record,2
lightgbm_quantile,prices+weather,1,ALL,synthetic,mape_p50_pct,13.769404613856286,track_record,2
lightgbm_quantile,prices+weather,1,ALL,synthetic,coverage_p10_p90_pct,79.65722801788375,track_record,2
lightgbm_quantile,prices+weather,1,ALL,synthetic,n,4026.0,track_record,2
lightgbm_quantile,prices+weather,2,ALL,synthetic,pinball_p10,127.05619120950676,track_record,2
lightgbm_quantile,prices+weather,2,ALL,synthetic,pinball_p50,258.22030433996144,track_record,2
lightgbm_quantile,prices+weather,2,ALL,synthetic,pinball_p90,177.18981446420003,track_record,2
lightgbm_quantile,prices+weather,2,ALL,synthetic,pinball_mean,187.48877000455607,track_record,2
lightgbm_quantile,prices+weather,2,ALL,synthetic,mape_p50_pct,18.939994996944268,track_record,2
lightgbm_quantile,prices+weather,2,ALL,synthetic,coverage_p10_p90_pct,78.0675608544461,track_record,2
lightgbm_quantile,prices+weather,2,ALL,synthetic,n,4026.0,track_record,2
lightgbm_quantile,prices+weather,3,ALL,synthetic,pinball_p10,157.14741474521264,track_record,2
lightgbm_quantile,prices+weather,3,ALL,synthetic,pinball_p50,349.5941080044843,track_record,2
lightgbm_quantile,prices+weather,3,ALL,synthetic,pinball_p90,253.22414786892065,track_record,2
lightgbm_quantile,prices+weather,3,ALL,synthetic,pinball_mean,253.3218902062059,track_record,2
lightgbm_quantile,prices+weather,3,ALL,synthetic,mape_p50_pct,23.42613774639327,track_record,2
lightgbm_quantile,prices+weather,3,ALL,synthetic,coverage_p10_p90_pct,78.68852459016394,track_record,2
lightgbm_quantile,prices+weather,3,ALL,synthetic,n,4026.0,track_record,2
lightgbm_quantile,prices+weather,4,ALL,synthetic,pinball_p10,178.11457005763754,track_record,2
lightgbm_quantile,prices+weather,4,ALL,synthetic,pinball_p50,428.8356555163934,track_record,2
lightgbm_quantile,prices+weather,4,ALL,synthetic,pinball_p90,325.0044886463324,track_record,2
lightgbm_quantile,prices+weather,4,ALL,synthetic,pinball_mean,310.65157140678775,track_record,2
lightgbm_quantile,prices+weather,4,ALL,synthetic,mape_p50_pct,26.889116556910487,track_record,2
lightgbm_quantile,prices+weather,4,ALL,synthetic,coverage_p10_p90_pct,77.29756582215599,track_record,2
lightgbm_quantile,prices+weather,4,ALL,synthetic,n,4026.0,track_record,2
lightgbm_quantile,prices+weather,spike_14d,ALL,synthetic,spike_events,1214.0,track_record,2
lightgbm_quantile,prices+weather,spike_14d,ALL,synthetic,spike_recall,0.08484349258649095,track_record,2
lightgbm_quantile,prices+weather,spike_14d,ALL,synthetic,spike_precision,0.4618834080717489,track_record,2
lightgbm_quantile,prices+weather,spike_14d,ALL,synthetic,spike_false_alarm_rate,0.0432744320230797,track_record,2
lightgbm_quantile,prices+weather,spike_14d,ALL,synthetic,spike_brier,0.2062844809382915,track_record,2
naive,prices+weather,1,ALL,synthetic,pinball_p10,75.10749336583183,track_record,2
naive,prices+weather,1,ALL,synthetic,pinball_p50,177.62082208252068,track_record,2
naive,prices+weather,1,ALL,synthetic,pinball_p90,86.4406930608694,track_record,2
naive,prices+weather,1,ALL,synthetic,pinball_mean,113.05633616974063,track_record,2
naive,prices+weather,1,ALL,synthetic,mape_p50_pct,14.460426360489864,track_record,2
naive,prices+weather,1,ALL,synthetic,coverage_p10_p90_pct,85.09687034277198,track_record,2
naive,prices+weather,1,ALL,synthetic,n,4026.0,track_record,2
naive,prices+weather,2,ALL,synthetic,pinball_p10,110.68674646722836,track_record,2
naive,prices+weather,2,ALL,synthetic,pinball_p50,270.83004010055384,track_record,2
naive,prices+weather,2,ALL,synthetic,pinball_p90,159.45727715424806,track_record,2
naive,prices+weather,2,ALL,synthetic,pinball_mean,180.32468790734342,track_record,2
naive,prices+weather,2,ALL,synthetic,mape_p50_pct,20.10790150411109,track_record,2
naive,prices+weather,2,ALL,synthetic,coverage_p10_p90_pct,83.18430203676105,track_record,2
naive,prices+weather,2,ALL,synthetic,n,4026.0,track_record,2
naive,prices+weather,3,ALL,synthetic,pinball_p10,139.96518195322588,track_record,2
naive,prices+weather,3,ALL,synthetic,pinball_p50,367.8986897897343,track_record,2
naive,prices+weather,3,ALL,synthetic,pinball_p90,223.78185919170508,track_record,2
naive,prices+weather,3,ALL,synthetic,pinball_mean,243.8819103115551,track_record,2
naive,prices+weather,3,ALL,synthetic,mape_p50_pct,25.258180019056237,track_record,2
naive,prices+weather,3,ALL,synthetic,coverage_p10_p90_pct,79.06110283159464,track_record,2
naive,prices+weather,3,ALL,synthetic,n,4026.0,track_record,2
naive,prices+weather,4,ALL,synthetic,pinball_p10,162.28803399811207,track_record,2
naive,prices+weather,4,ALL,synthetic,pinball_p50,469.9632093700437,track_record,2
naive,prices+weather,4,ALL,synthetic,pinball_p90,292.16438874843664,track_record,2
naive,prices+weather,4,ALL,synthetic,pinball_mean,308.13854403886415,track_record,2
naive,prices+weather,4,ALL,synthetic,mape_p50_pct,30.28873686102871,track_record,2
naive,prices+weather,4,ALL,synthetic,coverage_p10_p90_pct,72.6775956284153,track_record,2
naive,prices+weather,4,ALL,synthetic,n,4026.0,track_record,2
naive,prices+weather,spike_14d,ALL,synthetic,spike_events,1214.0,track_record,2
naive,prices+weather,spike_14d,ALL,synthetic,spike_recall,0.0,track_record,2
naive,prices+weather,spike_14d,ALL,synthetic,spike_precision,,track_record,2
naive,prices+weather,spike_14d,ALL,synthetic,spike_false_alarm_rate,0.0,track_record,2
naive,prices+weather,spike_14d,ALL,synthetic,spike_brier,0.212977205152555,track_record,2
seasonal_naive,prices+weather,1,ALL,synthetic,pinball_p10,97.99044426064583,track_record,2
seasonal_naive,prices+weather,1,ALL,synthetic,pinball_p50,282.9910939496941,track_record,2
seasonal_naive,prices+weather,1,ALL,synthetic,pinball_p90,166.26343479418654,track_record,2
seasonal_naive,prices+weather,1,ALL,synthetic,pinball_mean,182.41499100150884,track_record,2
seasonal_naive,prices+weather,1,ALL,synthetic,mape_p50_pct,21.74195374953285,track_record,2
seasonal_naive,prices+weather,1,ALL,synthetic,coverage_p10_p90_pct,85.27074018877298,track_record,2
seasonal_naive,prices+weather,1,ALL,synthetic,n,4026.0,track_record,2
seasonal_naive,prices+weather,2,ALL,synthetic,pinball_p10,136.34891363650786,track_record,2
seasonal_naive,prices+weather,2,ALL,synthetic,pinball_p50,413.4090187839873,track_record,2
seasonal_naive,prices+weather,2,ALL,synthetic,pinball_p90,272.0412491404055,track_record,2
seasonal_naive,prices+weather,2,ALL,synthetic,pinball_mean,273.9330605203002,track_record,2
seasonal_naive,prices+weather,2,ALL,synthetic,mape_p50_pct,29.47544491618894,track_record,2
seasonal_naive,prices+weather,2,ALL,synthetic,coverage_p10_p90_pct,85.81718827620467,track_record,2
seasonal_naive,prices+weather,2,ALL,synthetic,n,4026.0,track_record,2
seasonal_naive,prices+weather,3,ALL,synthetic,pinball_p10,153.6598955271375,track_record,2
seasonal_naive,prices+weather,3,ALL,synthetic,pinball_p50,516.5650283932229,track_record,2
seasonal_naive,prices+weather,3,ALL,synthetic,pinball_p90,318.32744208707777,track_record,2
seasonal_naive,prices+weather,3,ALL,synthetic,pinball_mean,329.5174553358127,track_record,2
seasonal_naive,prices+weather,3,ALL,synthetic,mape_p50_pct,34.71139305149253,track_record,2
seasonal_naive,prices+weather,3,ALL,synthetic,coverage_p10_p90_pct,84.69945355191257,track_record,2
seasonal_naive,prices+weather,3,ALL,synthetic,n,4026.0,track_record,2
seasonal_naive,prices+weather,4,ALL,synthetic,pinball_p10,174.74740307888496,track_record,2
seasonal_naive,prices+weather,4,ALL,synthetic,pinball_p50,600.3408414566874,track_record,2
seasonal_naive,prices+weather,4,ALL,synthetic,pinball_p90,369.65083548224715,track_record,2
seasonal_naive,prices+weather,4,ALL,synthetic,pinball_mean,381.5796933392732,track_record,2
seasonal_naive,prices+weather,4,ALL,synthetic,mape_p50_pct,37.97038620507953,track_record,2
seasonal_naive,prices+weather,4,ALL,synthetic,coverage_p10_p90_pct,85.14654744162941,track_record,2
seasonal_naive,prices+weather,4,ALL,synthetic,n,4026.0,track_record,2
seasonal_naive,prices+weather,spike_14d,ALL,synthetic,spike_events,1214.0,track_record,2
seasonal_naive,prices+weather,spike_14d,ALL,synthetic,spike_recall,0.0,track_record,2
seasonal_naive,prices+weather,spike_14d,ALL,synthetic,spike_precision,,track_record,2
seasonal_naive,prices+weather,spike_14d,ALL,synthetic,spike_false_alarm_rate,0.0,track_record,2
seasonal_naive,prices+weather,spike_14d,ALL,synthetic,spike_brier,0.212977205152555,track_record,2
lightgbm_quantile,prices+weather,1,ALL,synthetic,pinball_p10,82.5999569095389,aci,2
lightgbm_quantile,prices+weather,1,ALL,synthetic,pinball_p50,172.06028125613793,aci,2
lightgbm_quantile,prices+weather,1,ALL,synthetic,pinball_p90,92.56470441663225,aci,2
lightgbm_quantile,prices+weather,1,ALL,synthetic,pinball_mean,115.74164752743637,aci,2
lightgbm_quantile,prices+weather,1,ALL,synthetic,mape_p50_pct,13.769404613856286,aci,2
lightgbm_quantile,prices+weather,1,ALL,synthetic,coverage_p10_p90_pct,81.9672131147541,aci,2
lightgbm_quantile,prices+weather,1,ALL,synthetic,n,4026.0,aci,2
lightgbm_quantile,prices+weather,2,ALL,synthetic,pinball_p10,136.28920583707907,aci,2
lightgbm_quantile,prices+weather,2,ALL,synthetic,pinball_p50,258.22030433996144,aci,2
lightgbm_quantile,prices+weather,2,ALL,synthetic,pinball_p90,192.92054032659664,aci,2
lightgbm_quantile,prices+weather,2,ALL,synthetic,pinball_mean,195.81001683454573,aci,2
lightgbm_quantile,prices+weather,2,ALL,synthetic,mape_p50_pct,18.939994996944268,aci,2
lightgbm_quantile,prices+weather,2,ALL,synthetic,coverage_p10_p90_pct,79.5330352707402,aci,2
lightgbm_quantile,prices+weather,2,ALL,synthetic,n,4026.0,aci,2
lightgbm_quantile,prices+weather,3,ALL,synthetic,pinball_p10,170.68113777433413,aci,2
lightgbm_quantile,prices+weather,3,ALL,synthetic,pinball_p50,349.5941080044843,aci,2
lightgbm_quantile,prices+weather,3,ALL,synthetic,pinball_p90,268.2774501546622,aci,2
lightgbm_quantile,prices+weather,3,ALL,synthetic,pinball_mean,262.85089864449355,aci,2
lightgbm_quantile,prices+weather,3,ALL,synthetic,mape_p50_pct,23.42613774639327,aci,2
lightgbm_quantile,prices+weather,3,ALL,synthetic,coverage_p10_p90_pct,77.6949826130154,aci,2
lightgbm_quantile,prices+weather,3,ALL,synthetic,n,4026.0,aci,2
lightgbm_quantile,prices+weather,4,ALL,synthetic,pinball_p10,197.99715771850774,aci,2
lightgbm_quantile,prices+weather,4,ALL,synthetic,pinball_p50,428.8356555163934,aci,2
lightgbm_quantile,prices+weather,4,ALL,synthetic,pinball_p90,346.0623260643588,aci,2
lightgbm_quantile,prices+weather,4,ALL,synthetic,pinball_mean,324.29837976641994,aci,2
lightgbm_quantile,prices+weather,4,ALL,synthetic,mape_p50_pct,26.889116556910487,aci,2
lightgbm_quantile,prices+weather,4,ALL,synthetic,coverage_p10_p90_pct,74.63984103328366,aci,2
lightgbm_quantile,prices+weather,4,ALL,synthetic,n,4026.0,aci,2
lightgbm_quantile,prices+weather,spike_14d,ALL,synthetic,spike_events,1214.0,aci,2
lightgbm_quantile,prices+weather,spike_14d,ALL,synthetic,spike_recall,0.08484349258649095,aci,2
lightgbm_quantile,prices+weather,spike_14d,ALL,synthetic,spike_precision,0.4618834080717489,aci,2
lightgbm_quantile,prices+weather,spike_14d,ALL,synthetic,spike_false_alarm_rate,0.0432744320230797,aci,2
lightgbm_quantile,prices+weather,spike_14d,ALL,synthetic,spike_brier,0.2062844809382915,aci,2
naive,prices+weather,1,ALL,synthetic,pinball_p10,76.12940731004633,aci,2
naive,prices+weather,1,ALL,synthetic,pinball_p50,177.62082208252068,aci,2
naive,prices+weather,1,ALL,synthetic,pinball_p90,85.67156367029152,aci,2
naive,prices+weather,1,ALL,synthetic,pinball_mean,113.1405976876195,aci,2
naive,prices+weather,1,ALL,synthetic,mape_p50_pct,14.460426360489864,aci,2
naive,prices+weather,1,ALL,synthetic,coverage_p10_p90_pct,82.86140089418778,aci,2
naive,prices+weather,1,ALL,synthetic,n,4026.0,aci,2
naive,prices+weather,2,ALL,synthetic,pinball_p10,117.63411691496167,aci,2
naive,prices+weather,2,ALL,synthetic,pinball_p50,270.83004010055384,aci,2
naive,prices+weather,2,ALL,synthetic,pinball_p90,162.61368592864756,aci,2
naive,prices+weather,2,ALL,synthetic,pinball_mean,183.69261431472103,aci,2
naive,prices+weather,2,ALL,synthetic,mape_p50_pct,20.10790150411109,aci,2
naive,prices+weather,2,ALL,synthetic,coverage_p10_p90_pct,82.06656731246895,aci,2
naive,prices+weather,2,ALL,synthetic,n,4026.0,aci,2
naive,prices+weather,3,ALL,synthetic,pinball_p10,151.54054270376517,aci,2
naive,prices+weather,3,ALL,synthetic,pinball_p50,367.8986897897343,aci,2
naive,prices+weather,3,ALL,synthetic,pinball_p90,239.94459302741083,aci,2
naive,prices+weather,3,ALL,synthetic,pinball_mean,253.12794184030346,aci,2
naive,prices+weather,3,ALL,synthetic,mape_p50_pct,25.258180019056237,aci,2
naive,prices+weather,3,ALL,synthetic,coverage_p10_p90_pct,77.19821162444114,aci,2
naive,prices+weather,3,ALL,synthetic,n,4026.0,aci,2
naive,prices+weather,4,ALL,synthetic,pinball_p10,177.54853338279537,aci,2
naive,prices+weather,4,ALL,synthetic,pinball_p50,469.9632093700437,aci,2
naive,prices+weather,4,ALL,synthetic,pinball_p90,323.0898163270734,aci,2
naive,prices+weather,4,ALL,synthetic,pinball_mean,323.5338530266375,aci,2
naive,prices+weather,4,ALL,synthetic,mape_p50_pct,30.28873686102871,aci,2
naive,prices+weather,4,ALL,synthetic,coverage_p10_p90_pct,70.71535022354695,aci,2
naive,prices+weather,4,ALL,synthetic,n,4026.0,aci,2
naive,prices+weather,spike_14d,ALL,synthetic,spike_events,1214.0,aci,2
naive,prices+weather,spike_14d,ALL,synthetic,spike_recall,0.0,aci,2
naive,prices+weather,spike_14d,ALL,synthetic,spike_precision,,aci,2
naive,prices+weather,spike_14d,ALL,synthetic,spike_false_alarm_rate,0.0,aci,2
naive,prices+weather,spike_14d,ALL,synthetic,spike_brier,0.212977205152555,aci,2
seasonal_naive,prices+weather,1,ALL,synthetic,pinball_p10,98.88399749565612,aci,2
seasonal_naive,prices+weather,1,ALL,synthetic,pinball_p50,282.9910939496941,aci,2
seasonal_naive,prices+weather,1,ALL,synthetic,pinball_p90,174.79845752897307,aci,2
seasonal_naive,prices+weather,1,ALL,synthetic,pinball_mean,185.55784965810776,aci,2
seasonal_naive,prices+weather,1,ALL,synthetic,mape_p50_pct,21.74195374953285,aci,2
seasonal_naive,prices+weather,1,ALL,synthetic,coverage_p10_p90_pct,86.09041231992052,aci,2
seasonal_naive,prices+weather,1,ALL,synthetic,n,4026.0,aci,2
seasonal_naive,prices+weather,2,ALL,synthetic,pinball_p10,135.9918580904602,aci,2
seasonal_naive,prices+weather,2,ALL,synthetic,pinball_p50,413.4090187839873,aci,2
seasonal_naive,prices+weather,2,ALL,synthetic,pinball_p90,299.7437325867327,aci,2
seasonal_naive,prices+weather,2,ALL,synthetic,pinball_mean,283.0482031537267,aci,2
seasonal_naive,prices+weather,2,ALL,synthetic,mape_p50_pct,29.47544491618894,aci,2
seasonal_naive,prices+weather,2,ALL,synthetic,coverage_p10_p90_pct,87.50620963735717,aci,2
seasonal_naive,prices+weather,2,ALL,synthetic,n,4026.0,aci,2
seasonal_naive,prices+weather,3,ALL,synthetic,pinball_p10,154.4081374663674,aci,2
seasonal_naive,prices+weather,3,ALL,synthetic,pinball_p50,516.5650283932229,aci,2
seasonal_naive,prices+weather,3,ALL,synthetic,pinball_p90,354.2814331712798,aci,2
seasonal_naive,prices+weather,3,ALL,synthetic,pinball_mean,341.75153301028996,aci,2
seasonal_naive,prices+weather,3,ALL,synthetic,mape_p50_pct,34.71139305149253,aci,2
seasonal_naive,prices+weather,3,ALL,synthetic,coverage_p10_p90_pct,85.91654247391952,aci,2
seasonal_naive,prices+weather,3,ALL,synthetic,n,4026.0,aci,2
seasonal_naive,prices+weather,4,ALL,synthetic,pinball_p10,177.38924921962064,aci,2
seasonal_naive,prices+weather,4,ALL,synthetic,pinball_p50,600.3408414566874,aci,2
seasonal_naive,prices+weather,4,ALL,synthetic,pinball_p90,416.9586535425229,aci,2
seasonal_naive,prices+weather,4,ALL,synthetic,pinball_mean,398.22958140627696,aci,2
seasonal_naive,prices+weather,4,ALL,synthetic,mape_p50_pct,37.97038620507953,aci,2
seasonal_naive,prices+weather,4,ALL,synthetic,coverage_p10_p90_pct,85.91654247391952,aci,2
seasonal_naive,prices+weather,4,ALL,synthetic,n,4026.0,aci,2
seasonal_naive,prices+weather,spike_14d,ALL,synthetic,spike_events,1214.0,aci,2
seasonal_naive,prices+weather,spike_14d,ALL,synthetic,spike_recall,0.0,aci,2
seasonal_naive,prices+weather,spike_14d,ALL,synthetic,spike_precision,,aci,2
seasonal_naive,prices+weather,spike_14d,ALL,synthetic,spike_false_alarm_rate,0.0,aci,2
seasonal_naive,prices+weather,spike_14d,ALL,synthetic,spike_brier,0.212977205152555,aci,2
naive,prices+weather,1,ALL,synthetic,pinball_p10,65.44502464835149,before,3
naive,prices+weather,1,ALL,synthetic,pinball_p50,149.63997108870169,before,3
naive,prices+weather,1,ALL,synthetic,pinball_p90,73.40872055772041,before,3
naive,prices+weather,1,ALL,synthetic,pinball_mean,96.16457209825786,before,3
naive,prices+weather,1,ALL,synthetic,mape_p50_pct,16.426454614946937,before,3
naive,prices+weather,1,ALL,synthetic,coverage_p10_p90_pct,83.2918326693227,before,3
naive,prices+weather,1,ALL,synthetic,n,4016.0,before,3
naive,prices+weather,2,ALL,synthetic,pinball_p10,88.62048727168123,before,3
naive,prices+weather,2,ALL,synthetic,pinball_p50,202.6922546694142,before,3
naive,prices+weather,2,ALL,synthetic,pinball_p90,104.49280970884082,before,3
naive,prices+weather,2,ALL,synthetic,pinball_mean,131.93518388331208,before,3
naive,prices+weather,2,ALL,synthetic,mape_p50_pct,23.57678503389829,before,3
naive,prices+weather,2,ALL,synthetic,coverage_p10_p90_pct,86.07721046077211,before,3
naive,prices+weather,2,ALL,synthetic,n,4015.0,before,3
naive,prices+weather,3,ALL,synthetic,pinball_p10,101.14655501456312,before,3
naive,prices+weather,3,ALL,synthetic,pinball_p50,243.34916017928433,before,3
naive,prices+weather,3,ALL,synthetic,pinball_p90,130.35227831241264,before,3
naive,prices+weather,3,ALL,synthetic,pinball_mean,158.2826645020867,before,3
naive,prices+weather,3,ALL,synthetic,mape_p50_pct,29.187268200074612,before,3
naive,prices+weather,3,ALL,synthetic,coverage_p10_p90_pct,86.89912826899129,before,3
naive,prices+weather,3,ALL,synthetic,n,4015.0,before,3
naive,prices+weather,4,ALL,synthetic,pinball_p10,106.02724695685303,before,3
naive,prices+weather,4,ALL,synthetic,pinball_p50,272.53631777505296,before,3
naive,prices+weather,4,ALL,synthetic,pinball_p90,154.62942994405032,before,3
naive,prices+weather,4,ALL,synthetic,pinball_mean,177.73099822531879,before,3
naive,prices+weather,4,ALL,synthetic,mape_p50_pct,33.144138601745404,before,3
naive,prices+weather,4,ALL,synthetic,coverage_p10_p90_pct,87.12328767123287,before,3
naive,prices+weather,4,ALL,synthetic,n,4015.0,before,3
naive,prices+weather,spike_14d,ALL,synthetic,spike_events,891.0,before,3
naive,prices+weather,spike_14d,ALL,synthetic,spike_recall,0.0,before,3
naive,prices+weather,spike_14d,ALL,synthetic,spike_precision,,before,3
naive,prices+weather,spike_14d,ALL,synthetic,spike_false_alarm_rate,0.0,before,3
naive,prices+weather,spike_14d,ALL,synthetic,spike_brier,0.17791784407525735,before,3
seasonal_naive,prices+weather,1,ALL,synthetic,pinball_p10,95.03273711802707,before,3
seasonal_naive,prices+weather,1,ALL,synthetic,pinball_p50,252.72258686256046,before,3
seasonal_naive,prices+weather,1,ALL,synthetic,pinball_p90,137.8279230148099,before,3
seasonal_naive,prices+weather,1,ALL,synthetic,pinball_mean,161.86108233179914,before,3
seasonal_naive,prices+weather,1,ALL,synthetic,mape_p50_pct,27.312433895527505,before,3
seasonal_naive,prices+weather,1,ALL,synthetic,coverage_p10_p90_pct,78.53585657370517,before,3
seasonal_naive,prices+weather,1,ALL,synthetic,n,4016.0,before,3
seasonal_naive,prices+weather,2,ALL,synthetic,pinball_p10,125.11118368377203,before,3
seasonal_naive,prices+weather,2,ALL,synthetic,pinball_p50,375.4534579236652,before,3
seasonal_naive,prices+weather,2,ALL,synthetic,pinball_p90,232.29859443341056,before,3
seasonal_naive,prices+weather,2,ALL,synthetic,pinball_mean,244.28774534694927,before,3
seasonal_naive,prices+weather,2,ALL,synthetic,mape_p50_pct,42.72156843932681,before,3
seasonal_naive,prices+weather,2,ALL,synthetic,coverage_p10_p90_pct,78.55541718555418,before,3
seasonal_naive,prices+weather,2,ALL,synthetic,n,4015.0,before,3
seasonal_naive,prices+weather,3,ALL,synthetic,pinball_p10,139.3270644097567,before,3
seasonal_naive,prices+weather,3,ALL,synthetic,pinball_p50,474.9707932673897,before,3
seasonal_naive,prices+weather,3,ALL,synthetic,pinball_p90,318.26101423673833,before,3
seasonal_naive,prices+weather,3,ALL,synthetic,pinball_mean,310.8529573046282,before,3
seasonal_naive,prices+weather,3,ALL,synthetic,mape_p50_pct,56.71305521442469,before,3
seasonal_naive,prices+weather,3,ALL,synthetic,coverage_p10_p90_pct,76.16438356164383,before,3
seasonal_naive,prices+weather,3,ALL,synthetic,n,4015.0,before,3
seasonal_naive,prices+weather,4,ALL,synthetic,pinball_p10,151.83514007855058,before,3
seasonal_naive,prices+weather,4,ALL,synthetic,pinball_p50,569.6975222133326,before,3
seasonal_naive,prices+weather,4,ALL,synthetic,pinball_p90,384.4431056946235,before,3
seasonal_naive,prices+weather,4,ALL,synthetic,pinball_mean,368.6585893288356,before,3
seasonal_naive,prices+weather,4,ALL,synthetic,mape_p50_pct,68.94868807781157,before,3
seasonal_naive,prices+weather,4,ALL,synthetic,coverage_p10_p90_pct,75.19302615193027,before,3
seasonal_naive,prices+weather,4,ALL,synthetic,n,4015.0,before,3
seasonal_naive,prices+weather,spike_14d,ALL,synthetic,spike_events,891.0,before,3
seasonal_naive,prices+weather,spike_14d,ALL,synthetic,spike_recall,0.0,before,3
seasonal_naive,prices+weather,spike_14d,ALL,synthetic,spike_precision,,before,3
seasonal_naive,prices+weather,spike_14d,ALL,synthetic,spike_false_alarm_rate,0.0,before,3
seasonal_naive,prices+weather,spike_14d,ALL,synthetic,spike_brier,0.17791784407525735,before,3
lightgbm_quantile,prices+weather,1,ALL,synthetic,pinball_p10,62.862499904503764,before,3
lightgbm_quantile,prices+weather,1,ALL,synthetic,pinball_p50,152.13396022801376,before,3
lightgbm_quantile,prices+weather,1,ALL,synthetic,pinball_p90,93.2513413862983,before,3
lightgbm_quantile,prices+weather,1,ALL,synthetic,pinball_mean,102.74926717293862,before,3
lightgbm_quantile,prices+weather,1,ALL,synthetic,mape_p50_pct,16.817948726968986,before,3
lightgbm_quantile,prices+weather,1,ALL,synthetic,coverage_p10_p90_pct,82.12151394422311,before,3
lightgbm_quantile,prices+weather,1,ALL,synthetic,n,4016.0,before,3
lightgbm_quantile,prices+weather,2,ALL,synthetic,pinball_p10,81.03254038413779,before,3
lightgbm_quantile,prices+weather,2,ALL,synthetic,pinball_p50,199.23991274597418,before,3
lightgbm_quantile,prices+weather,2,ALL,synthetic,pinball_p90,149.34799274487014,before,3
lightgbm_quantile,prices+weather,2,ALL,synthetic,pinball_mean,143.20681529166072,before,3
lightgbm_quantile,prices+weather,2,ALL,synthetic,mape_p50_pct,23.46865371512267,before,3
lightgbm_quantile,prices+weather,2,ALL,synthetic,coverage_p10_p90_pct,84.906600249066,before,3
lightgbm_quantile,prices+weather,2,ALL,synthetic,n,4015.0,before,3
lightgbm_quantile,prices+weather,3,ALL,synthetic,pinball_p10,82.05375633712113,before,3
lightgbm_quantile,prices+weather,3,ALL,synthetic,pinball_p50,229.4191169388772,before,3
lightgbm_quantile,prices+weather,3,ALL,synthetic,pinball_p90,187.9048289143671,before,3
lightgbm_quantile,prices+weather,3,ALL,synthetic,pinball_mean,166.45923406345514,before,3
lightgbm_quantile,prices+weather,3,ALL,synthetic,mape_p50_pct,27.507410362781297,before,3
lightgbm_quantile,prices+weather,3,ALL,synthetic,coverage_p10_p90_pct,85.80323785803238,before,3
lightgbm_quantile,prices+weather,3,ALL,synthetic,n,4015.0,before,3
lightgbm_quantile,prices+weather,4,ALL,synthetic,pinball_p10,93.51724435893262,before,3
lightgbm_quantile,prices+weather,4,ALL,synthetic,pinball_p50,254.7888996657614,before,3
lightgbm_quantile,prices+weather,4,ALL,synthetic,pinball_p90,208.88234310283752,before,3
lightgbm_quantile,prices+weather,4,ALL,synthetic,pinball_mean,185.72949570917717,before,3
lightgbm_quantile,prices+weather,4,ALL,synthetic,mape_p50_pct,30.80434402370325,before,3
lightgbm_quantile,prices+weather,4,ALL,synthetic,coverage_p10_p90_pct,82.73972602739727,before,3
lightgbm_quantile,prices+weather,4,ALL,synthetic,n,4015.0,before,3
lightgbm_quantile,prices+weather,spike_14d,ALL,synthetic,spike_events,891.0,before,3
lightgbm_quantile,prices+weather,spike_14d,ALL,synthetic,spike_recall,0.2727272727272727,before,3
lightgbm_quantile,prices+weather,spike_14d,ALL,synthetic,spike_precision,0.21657754010695188,before,3
lightgbm_quantile,prices+weather,spike_14d,ALL,synthetic,spike_false_alarm_rate,0.28990765171503957,before,3
lightgbm_quantile,prices+weather,spike_14d,ALL,synthetic,spike_brier,0.22186977739371153,before,3
lightgbm_quantile,prices+weather,1,ALL,synthetic,pinball_p10,64.35409087769989,track_record,3
lightgbm_quantile,prices+weather,1,ALL,synthetic,pinball_p50,152.13396022801376,track_record,3
lightgbm_quantile,prices+weather,1,ALL,synthetic,pinball_p90,97.43686851268829,track_record,3
lightgbm_quantile,prices+weather,1,ALL,synthetic,pinball_mean,104.64163987280064,track_record,3
lightgbm_quantile,prices+weather,1,ALL,synthetic,mape_p50_pct,16.817948726968986,track_record,3
lightgbm_quantile,prices+weather,1,ALL,synthetic,coverage_p10_p90_pct,85.03486055776892,track_record,3
lightgbm_quantile,prices+weather,1,ALL,synthetic,n,4016.0,track_record,3
lightgbm_quantile,prices+weather,2,ALL,synthetic,pinball_p10,88.89795030285484,track_record,3
lightgbm_quantile,prices+weather,2,ALL,synthetic,pinball_p50,199.23991274597418,track_record,3
lightgbm_quantile,prices+weather,2,ALL,synthetic,pinball_p90,175.6347687902707,track_record,3
lightgbm_quantile,prices+weather,2,ALL,synthetic,pinball_mean,154.5908772796999,track_record,3
lightgbm_quantile,prices+weather,2,ALL,synthetic,mape_p50_pct,23.46865371512267,track_record,3
lightgbm_quantile,prices+weather,2,ALL,synthetic,coverage_p10_p90_pct,86.07721046077211,track_record,3
lightgbm_quantile,prices+weather,2,ALL,synthetic,n,4015.0,track_record,3
lightgbm_quantile,prices+weather,3,ALL,synthetic,pinball_p10,91.26961549171779,track_record,3
lightgbm_quantile,prices+weather,3,ALL,synthetic,pinball_p50,229.4191169388772,track_record,3
lightgbm_quantile,prices+weather,3,ALL,synthetic,pinball_p90,250.65344478441813,track_record,3
lightgbm_quantile,prices+weather,3,ALL,synthetic,pinball_mean,190.4473924050044,track_record,3
lightgbm_quantile,prices+weather,3,ALL,synthetic,mape_p50_pct,27.507410362781297,track_record,3
lightgbm_quantile,prices+weather,3,ALL,synthetic,coverage_p10_p90_pct,87.92029887920299,track_record,3
lightgbm_quantile,prices+weather,3,ALL,synthetic,n,4015.0,track_record,3
lightgbm_quantile,prices+weather,4,ALL,synthetic,pinball_p10,100.37368352743499,track_record,3
lightgbm_quantile,prices+weather,4,ALL,synthetic,pinball_p50,254.7888996657614,track_record,3
lightgbm_quantile,prices+weather,4,ALL,synthetic,pinball_p90,316.89069529331226,track_record,3
lightgbm_quantile,prices+weather,4,ALL,synthetic,pinball_mean,224.01775949550287,track_record,3
lightgbm_quantile,prices+weather,4,ALL,synthetic,mape_p50_pct,30.80434402370325,track_record,3
lightgbm_quantile,prices+weather,4,ALL,synthetic,coverage_p10_p90_pct,87.0983810709838,track_record,3
lightgbm_quantile,prices+weather,4,ALL,synthetic,n,4015.0,track_record,3
lightgbm_quantile,prices+weather,spike_14d,ALL,synthetic,spike_events,891.0,track_record,3
lightgbm_quantile,prices+weather,spike_14d,ALL,synthetic,spike_recall,0.2727272727272727,track_record,3
lightgbm_quantile,prices+weather,spike_14d,ALL,synthetic,spike_precision,0.21657754010695188,track_record,3
lightgbm_quantile,prices+weather,spike_14d,ALL,synthetic,spike_false_alarm_rate,0.28990765171503957,track_record,3
lightgbm_quantile,prices+weather,spike_14d,ALL,synthetic,spike_brier,0.22186977739371153,track_record,3
naive,prices+weather,1,ALL,synthetic,pinball_p10,67.92220867404225,track_record,3
naive,prices+weather,1,ALL,synthetic,pinball_p50,149.63997108870169,track_record,3
naive,prices+weather,1,ALL,synthetic,pinball_p90,75.46916811917555,track_record,3
naive,prices+weather,1,ALL,synthetic,pinball_mean,97.67711596063982,track_record,3
naive,prices+weather,1,ALL,synthetic,mape_p50_pct,16.426454614946937,track_record,3
naive,prices+weather,1,ALL,synthetic,coverage_p10_p90_pct,85.28386454183267,track_record,3
naive,prices+weather,1,ALL,synthetic,n,4016.0,track_record,3
naive,prices+weather,2,ALL,synthetic,pinball_p10,94.796606475571,track_record,3
naive,prices+weather,2,ALL,synthetic,pinball_p50,202.6922546694142,track_record,3
naive,prices+weather,2,ALL,synthetic,pinball_p90,115.36813678521591,track_record,3
naive,prices+weather,2,ALL,synthetic,pinball_mean,137.61899931006704,track_record,3
naive,prices+weather,2,ALL,synthetic,mape_p50_pct,23.57678503389829,track_record,3
naive,prices+weather,2,ALL,synthetic,coverage_p10_p90_pct,89.19053549190535,track_record,3
naive,prices+weather,2,ALL,synthetic,n,4015.0,track_record,3
naive,prices+weather,3,ALL,synthetic,pinball_p10,107.95791506382743,track_record,3
naive,prices+weather,3,ALL,synthetic,pinball_p50,243.34916017928433,track_record,3
naive,prices+weather,3,ALL,synthetic,pinball_p90,148.10074501987586,track_record,3
naive,prices+weather,3,ALL,synthetic,pinball_mean,166.46927342099585,track_record,3
naive,prices+weather,3,ALL,synthetic,mape_p50_pct,29.187268200074612,track_record,3
naive,prices+weather,3,ALL,synthetic,coverage_p10_p90_pct,90.70983810709838,track_record,3
naive,prices+weather,3,ALL,synthetic,n,4015.0,track_record,3
naive,prices+weather,4,ALL,synthetic,pinball_p10,111.91283334757496,track_record,3
naive,prices+weather,4,ALL,synthetic,pinball_p50,272.53631777505296,track_record,3
naive,prices+weather,4,ALL,synthetic,pinball_p90,175.39887857090335,track_record,3
naive,prices+weather,4,ALL,synthetic,pinball_mean,186.61600989784378,track_record,3
naive,prices+weather,4,ALL,synthetic,mape_p50_pct,33.144138601745404,track_record,3
naive,prices+weather,4,ALL,synthetic,coverage_p10_p90_pct,91.00871731008718,track_record,3
naive,prices+weather,4,ALL,synthetic,n,4015.0,track_record,3
naive,prices+weather,spike_14d,ALL,synthetic,spike_events,891.0,track_record,3
naive,prices+weather,spike_14d,ALL,synthetic,spike_recall,0.0,track_record,3
naive,prices+weather,spike_14d,ALL,synthetic,spike_precision,,track_record,3
naive,prices+weather,spike_14d,ALL,synthetic,spike_false_alarm_rate,0.0,track_record,3
naive,prices+weather,spike_14d,ALL,synthetic,spike_brier,0.17791784407525735,track_record,3
seasonal_naive,prices+weather,1,ALL,synthetic,pinball_p10,94.06424583347939,track_record,3
seasonal_naive,prices+weather,1,ALL,synthetic,pinball_p50,252.72258686256046,track_record,3
seasonal_naive,prices+weather,1,ALL,synthetic,pinball_p90,142.32347772044253,track_record,3
seasonal_naive,prices+weather,1,ALL,synthetic,pinball_mean,163.03677013882745,track_record,3
seasonal_naive,prices+weather,1,ALL,synthetic,mape_p50_pct,27.312433895527505,track_record,3
seasonal_naive,prices+weather,1,ALL,synthetic,coverage_p10_p90_pct,80.62749003984064,track_record,3
seasonal_naive,prices+weather,1,ALL,synthetic,n,4016.0,track_record,3
seasonal_naive,prices+weather,2,ALL,synthetic,pinball_p10,127.74616366587217,track_record,3
seasonal_naive,prices+weather,2,ALL,synthetic,pinball_p50,375.4534579236652,track_record,3
seasonal_naive,prices+weather,2,ALL,synthetic,pinball_p90,247.66513094519055,track_record,3
seasonal_naive,prices+weather,2,ALL,synthetic,pinball_mean,250.2882508449093,track_record,3
seasonal_naive,prices+weather,2,ALL,synthetic,mape_p50_pct,42.72156843932681,track_record,3
seasonal_naive,prices+weather,2,ALL,synthetic,coverage_p10_p90_pct,79.7011207970112,track_record,3
seasonal_naive,prices+weather,2,ALL,synthetic,n,4015.0,track_record,3
seasonal_naive,prices+weather,3,ALL,synthetic,pinball_p10,142.97798585517512,track_record,3
seasonal_naive,prices+weather,3,ALL,synthetic,pinball_p50,474.9707932673897,track_record,3
seasonal_naive,prices+weather,3,ALL,synthetic,pinball_p90,332.50612036771815,track_record,3
seasonal_naive,prices+weather,3,ALL,synthetic,pinball_mean,316.8182998300943,track_record,3
seasonal_naive,prices+weather,3,ALL,synthetic,mape_p50_pct,56.71305521442469,track_record,3
seasonal_naive,prices+weather,3,ALL,synthetic,coverage_p10_p90_pct,79.20298879202988,track_record,3
seasonal_naive,prices+weather,3,ALL,synthetic,n,4015.0,track_record,3
seasonal_naive,prices+weather,4,ALL,synthetic,pinball_p10,159.33620202602197,track_record,3
seasonal_naive,prices+weather,4,ALL,synthetic,pinball_p50,569.6975222133326,track_record,3
seasonal_naive,prices+weather,4,ALL,synthetic,pinball_p90,390.83852453110603,track_record,3
seasonal_naive,prices+weather,4,ALL,synthetic,pinball_mean,373.29074959015355,track_record,3
seasonal_naive,prices+weather,4,ALL,synthetic,mape_p50_pct,68.94868807781157,track_record,3
seasonal_naive,prices+weather,4,ALL,synthetic,coverage_p10_p90_pct,77.98256537982566,track_record,3
seasonal_naive,prices+weather,4,ALL,synthetic,n,4015.0,track_record,3
seasonal_naive,prices+weather,spike_14d,ALL,synthetic,spike_events,891.0,track_record,3
seasonal_naive,prices+weather,spike_14d,ALL,synthetic,spike_recall,0.0,track_record,3
seasonal_naive,prices+weather,spike_14d,ALL,synthetic,spike_precision,,track_record,3
seasonal_naive,prices+weather,spike_14d,ALL,synthetic,spike_false_alarm_rate,0.0,track_record,3
seasonal_naive,prices+weather,spike_14d,ALL,synthetic,spike_brier,0.17791784407525735,track_record,3
lightgbm_quantile,prices+weather,1,ALL,synthetic,pinball_p10,66.5351048957556,aci,3
lightgbm_quantile,prices+weather,1,ALL,synthetic,pinball_p50,152.13396022801376,aci,3
lightgbm_quantile,prices+weather,1,ALL,synthetic,pinball_p90,104.9534360829095,aci,3
lightgbm_quantile,prices+weather,1,ALL,synthetic,pinball_mean,107.87416706889296,aci,3
lightgbm_quantile,prices+weather,1,ALL,synthetic,mape_p50_pct,16.817948726968986,aci,3
lightgbm_quantile,prices+weather,1,ALL,synthetic,coverage_p10_p90_pct,86.82768924302789,aci,3
lightgbm_quantile,prices+weather,1,ALL,synthetic,n,4016.0,aci,3
lightgbm_quantile,prices+weather,2,ALL,synthetic,pinball_p10,98.32795686701493,aci,3
lightgbm_quantile,prices+weather,2,ALL,synthetic,pinball_p50,199.23991274597418,aci,3
lightgbm_quantile,prices+weather,2,ALL,synthetic,pinball_p90,224.97406075962525,aci,3
lightgbm_quantile,prices+weather,2,ALL,synthetic,pinball_mean,174.18064345753814,aci,3
lightgbm_quantile,prices+weather,2,ALL,synthetic,mape_p50_pct,23.46865371512267,aci,3
lightgbm_quantile,prices+weather,2,ALL,synthetic,coverage_p10_p90_pct,88.96637608966375,aci,3
lightgbm_quantile,prices+weather,2,ALL,synthetic,n,4015.0,aci,3
lightgbm_quantile,prices+weather,3,ALL,synthetic,pinball_p10,100.3373450116145,aci,3
lightgbm_quantile,prices+weather,3,ALL,synthetic,pinball_p50,229.4191169388772,aci,3
lightgbm_quantile,prices+weather,3,ALL,synthetic,pinball_p90,303.57500376355665,aci,3
lightgbm_quantile,prices+weather,3,ALL,synthetic,pinball_mean,211.11048857134946,aci,3
lightgbm_quantile,prices+weather,3,ALL,synthetic,mape_p50_pct,27.507410362781297,aci,3
lightgbm_quantile,prices+weather,3,ALL,synthetic,coverage_p10_p90_pct,91.00871731008718,aci,3
lightgbm_quantile,prices+weather,3,ALL,synthetic,n,4015.0,aci,3
lightgbm_quantile,prices+weather,4,ALL,synthetic,pinball_p10,107.42225496369727,aci,3
lightgbm_quantile,prices+weather,4,ALL,synthetic,pinball_p50,254.7888996657614,aci,3
lightgbm_quantile,prices+weather,4,ALL,synthetic,pinball_p90,381.860199658086,aci,3
lightgbm_quantile,prices+weather,4,ALL,synthetic,pinball_mean,248.02378476251488,aci,3
lightgbm_quantile,prices+weather,4,ALL,synthetic,mape_p50_pct,30.80434402370325,aci,3
lightgbm_quantile,prices+weather,4,ALL,synthetic,coverage_p10_p90_pct,89.33997509339974,aci,3
lightgbm_quantile,prices+weather,4,ALL,synthetic,n,4015.0,aci,3
lightgbm_quantile,prices+weather,spike_14d,ALL,synthetic,spike_events,891.0,aci,3
lightgbm_quantile,prices+weather,spike_14d,ALL,synthetic,spike_recall,0.2727272727272727,aci,3
lightgbm_quantile,prices+weather,spike_14d,ALL,synthetic,spike_precision,0.21657754010695188,aci,3
lightgbm_quantile,prices+weather,spike_14d,ALL,synthetic,spike_false_alarm_rate,0.28990765171503957,aci,3
lightgbm_quantile,prices+weather,spike_14d,ALL,synthetic,spike_brier,0.22186977739371153,aci,3
naive,prices+weather,1,ALL,synthetic,pinball_p10,70.63452168644864,aci,3
naive,prices+weather,1,ALL,synthetic,pinball_p50,149.63997108870169,aci,3
naive,prices+weather,1,ALL,synthetic,pinball_p90,74.8234707558488,aci,3
naive,prices+weather,1,ALL,synthetic,pinball_mean,98.36598784366636,aci,3
naive,prices+weather,1,ALL,synthetic,mape_p50_pct,16.426454614946937,aci,3
naive,prices+weather,1,ALL,synthetic,coverage_p10_p90_pct,84.7609561752988,aci,3
naive,prices+weather,1,ALL,synthetic,n,4016.0,aci,3
naive,prices+weather,2,ALL,synthetic,pinball_p10,101.18504176066729,aci,3
naive,prices+weather,2,ALL,synthetic,pinball_p50,202.6922546694142,aci,3
naive,prices+weather,2,ALL,synthetic,pinball_p90,110.90083947564295,aci,3
naive,prices+weather,2,ALL,synthetic,pinball_mean,138.2593786352415,aci,3
naive,prices+weather,2,ALL,synthetic,mape_p50_pct,23.57678503389829,aci,3
naive,prices+weather,2,ALL,synthetic,coverage_p10_p90_pct,88.59277708592778,aci,3
naive,prices+weather,2,ALL,synthetic,n,4015.0,aci,3
naive,prices+weather,3,ALL,synthetic,pinball_p10,115.20071856686097,aci,3
naive,prices+weather,3,ALL,synthetic,pinball_p50,243.34916017928433,aci,3
naive,prices+weather,3,ALL,synthetic,pinball_p90,140.51379656884149,aci,3
naive,prices+weather,3,ALL,synthetic,pinball_mean,166.35455843832892,aci,3
naive,prices+weather,3,ALL,synthetic,mape_p50_pct,29.187268200074612,aci,3
naive,prices+weather,3,ALL,synthetic,coverage_p10_p90_pct,90.08717310087174,aci,3
naive,prices+weather,3,ALL,synthetic,n,4015.0,aci,3
naive,prices+weather,4,ALL,synthetic,pinball_p10,112.56269624893193,aci,3
naive,prices+weather,4,ALL,synthetic,pinball_p50,272.53631777505296,aci,3
naive,prices+weather,4,ALL,synthetic,pinball_p90,161.38330026077966,aci,3
naive,prices+weather,4,ALL,synthetic,pinball_mean,182.16077142825483,aci,3
naive,prices+weather,4,ALL,synthetic,mape_p50_pct,33.144138601745404,aci,3
naive,prices+weather,4,ALL,synthetic,coverage_p10_p90_pct,90.83437110834372,aci,3
naive,prices+weather,4,ALL,synthetic,n,4015.0,aci,3
naive,prices+weather,spike_14d,ALL,synthetic,spike_events,891.0,aci,3
naive,prices+weather,spike_14d,ALL,synthetic,spike_recall,0.0,aci,3
naive,prices+weather,spike_14d,ALL,synthetic,spike_precision,,aci,3
naive,prices+weather,spike_14d,ALL,synthetic,spike_false_alarm_rate,0.0,aci,3
naive,prices+weather,spike_14d,ALL,synthetic,spike_brier,0.17791784407525735,aci,3
seasonal_naive,prices+weather,1,ALL,synthetic,pinball_p10,94.89815725759338,aci,3
seasonal_naive,prices+weather,1,ALL,synthetic,pinball_p50,252.72258686256046,aci,3
seasonal_naive,prices+weather,1,ALL,synthetic,pinball_p90,148.32300777457883,aci,3
seasonal_naive,prices+weather,1,ALL,synthetic,pinball_mean,165.3145839649109,aci,3
seasonal_naive,prices+weather,1,ALL,synthetic,mape_p50_pct,27.312433895527505,aci,3
seasonal_naive,prices+weather,1,ALL,synthetic,coverage_p10_p90_pct,82.29581673306772,aci,3
seasonal_naive,prices+weather,1,ALL,synthetic,n,4016.0,aci,3
seasonal_naive,prices+weather,2,ALL,synthetic,pinball_p10,132.07790789813126,aci,3
seasonal_naive,prices+weather,2,ALL,synthetic,pinball_p50,375.4534579236652,aci,3
seasonal_naive,prices+weather,2,ALL,synthetic,pinball_p90,275.185996199072,aci,3
seasonal_naive,prices+weather,2,ALL,synthetic,pinball_mean,260.90578734028946,aci,3
seasonal_naive,prices+weather,2,ALL,synthetic,mape_p50_pct,42.72156843932681,aci,3
seasonal_naive,prices+weather,2,ALL,synthetic,coverage_p10_p90_pct,81.59402241594023,aci,3
seasonal_naive,prices+weather,2,ALL,synthetic,n,4015.0,aci,3
seasonal_naive,prices+weather,3,ALL,synthetic,pinball_p10,146.06967447234126,aci,3
seasonal_naive,prices+weather,3,ALL,synthetic,pinball_p50,474.9707932673897,aci,3
seasonal_naive,prices+weather,3,ALL,synthetic,pinball_p90,386.04942011335265,aci,3
seasonal_naive,prices+weather,3,ALL,synthetic,pinball_mean,335.6966292843612,aci,3
seasonal_naive,prices+weather,3,ALL,synthetic,mape_p50_pct,56.71305521442469,aci,3
seasonal_naive,prices+weather,3,ALL,synthetic,coverage_p10_p90_pct,80.64757160647572,aci,3
seasonal_naive,prices+weather,3,ALL,synthetic,n,4015.0,aci,3
seasonal_naive,prices+weather,4,ALL,synthetic,pinball_p10,155.058373716766,aci,3
seasonal_naive,prices+weather,4,ALL,synthetic,pinball_p50,569.6975222133326,aci,3
seasonal_naive,prices+weather,4,ALL,synthetic,pinball_p90,449.6723277904056,aci,3
seasonal_naive,prices+weather,4,ALL,synthetic,pinball_mean,391.4760745735014,aci,3
seasonal_naive,prices+weather,4,ALL,synthetic,mape_p50_pct,68.94868807781157,aci,3
seasonal_naive,prices+weather,4,ALL,synthetic,coverage_p10_p90_pct,81.79327521793275,aci,3
seasonal_naive,prices+weather,4,ALL,synthetic,n,4015.0,aci,3
seasonal_naive,prices+weather,spike_14d,ALL,synthetic,spike_events,891.0,aci,3
seasonal_naive,prices+weather,spike_14d,ALL,synthetic,spike_recall,0.0,aci,3
seasonal_naive,prices+weather,spike_14d,ALL,synthetic,spike_precision,,aci,3
seasonal_naive,prices+weather,spike_14d,ALL,synthetic,spike_false_alarm_rate,0.0,aci,3
seasonal_naive,prices+weather,spike_14d,ALL,synthetic,spike_brier,0.17791784407525735,aci,3
naive,prices+weather,1,ALL,synthetic,pinball_p10,48.853042282486214,before,4
naive,prices+weather,1,ALL,synthetic,pinball_p50,117.94465807918893,before,4
naive,prices+weather,1,ALL,synthetic,pinball_p90,57.1737858904857,before,4
naive,prices+weather,1,ALL,synthetic,pinball_mean,74.65716208405361,before,4
naive,prices+weather,1,ALL,synthetic,mape_p50_pct,12.829612030309828,before,4
naive,prices+weather,1,ALL,synthetic,coverage_p10_p90_pct,87.89761431411532,before,4
naive,prices+weather,1,ALL,synthetic,n,4024.0,before,4
naive,prices+weather,2,ALL,synthetic,pinball_p10,65.22505313709982,before,4
naive,prices+weather,2,ALL,synthetic,pinball_p50,153.80745667997408,before,4
naive,prices+weather,2,ALL,synthetic,pinball_p90,78.62711897207102,before,4
naive,prices+weather,2,ALL,synthetic,pinball_mean,99.2198762630483,before,4
naive,prices+weather,2,ALL,synthetic,mape_p50_pct,16.396616021048366,before,4
naive,prices+weather,2,ALL,synthetic,coverage_p10_p90_pct,90.53180914512923,before,4
naive,prices+weather,2,ALL,synthetic,n,4024.0,before,4
naive,prices+weather,3,ALL,synthetic,pinball_p10,78.41734957893483,before,4
naive,prices+weather,3,ALL,synthetic,pinball_p50,186.32958121205496,before,4
naive,prices+weather,3,ALL,synthetic,pinball_p90,98.22772381607362,before,4
naive,prices+weather,3,ALL,synthetic,pinball_mean,120.99155153568779,before,4
naive,prices+weather,3,ALL,synthetic,mape_p50_pct,18.995983946704232,before,4
naive,prices+weather,3,ALL,synthetic,coverage_p10_p90_pct,91.77435387673957,before,4
naive,prices+weather,3,ALL,synthetic,n,4024.0,before,4
naive,prices+weather,4,ALL,synthetic,pinball_p10,97.25016460495681,before,4
naive,prices+weather,4,ALL,synthetic,pinball_p50,248.04752374345233,before,4
naive,prices+weather,4,ALL,synthetic,pinball_p90,153.87578298331488,before,4
naive,prices+weather,4,ALL,synthetic,pinball_mean,166.39115711057465,before,4
naive,prices+weather,4,ALL,synthetic,mape_p50_pct,22.026102493560625,before,4
naive,prices+weather,4,ALL,synthetic,coverage_p10_p90_pct,88.99105367793241,before,4
naive,prices+weather,4,ALL,synthetic,n,4024.0,before,4
naive,prices+weather,spike_14d,ALL,synthetic,spike_events,1069.0,before,4
naive,prices+weather,spike_14d,ALL,synthetic,spike_recall,0.0,before,4
naive,prices+weather,spike_14d,ALL,synthetic,spike_precision,,before,4
naive,prices+weather,spike_14d,ALL,synthetic,spike_false_alarm_rate,0.0,before,4
naive,prices+weather,spike_14d,ALL,synthetic,spike_brier,0.19724096430933588,before,4
seasonal_naive,prices+weather,1,ALL,synthetic,pinball_p10,93.72722394571609,before,4
seasonal_naive,prices+weather,1,ALL,synthetic,pinball_p50,209.62401019842548,before,4
seasonal_naive,prices+weather,1,ALL,synthetic,pinball_p90,105.03332041436619,before,4
seasonal_naive,prices+weather,1,ALL,synthetic,pinball_mean,136.12818485283591,before,4
seasonal_naive,prices+weather,1,ALL,synthetic,mape_p50_pct,22.584158780048988,before,4
seasonal_naive,prices+weather,1,ALL,synthetic,coverage_p10_p90_pct,82.57952286282307,before,4
seasonal_naive,prices+weather,1,ALL,synthetic,n,4024.0,before,4
seasonal_naive,prices+weather,2,ALL,synthetic,pinball_p10,129.26429866299154,before,4
seasonal_naive,prices+weather,2,ALL,synthetic,pinball_p50,289.78369325808757,before,4
seasonal_naive,prices+weather,2,ALL,synthetic,pinball_p90,163.076570261642,before,4
seasonal_naive,prices+weather,2,ALL,synthetic,pinball_mean,194.0415207275737,before,4
seasonal_naive,prices+weather,2,ALL,synthetic,mape_p50_pct,30.187076753735255,before,4
seasonal_naive,prices+weather,2,ALL,synthetic,coverage_p10_p90_pct,85.06461232604374,before,4
seasonal_naive,prices+weather,2,ALL,synthetic,n,4024.0,before,4
seasonal_naive,prices+weather,3,ALL,synthetic,pinball_p10,125.11722657980904,before,4
seasonal_naive,prices+weather,3,ALL,synthetic,pinball_p50,319.69326418418734,before,4
seasonal_naive,prices+weather,3,ALL,synthetic,pinball_p90,197.86861158549186,before,4
seasonal_naive,prices+weather,3,ALL,synthetic,pinball_mean,214.22636744982938,before,4
seasonal_naive,prices+weather,3,ALL,synthetic,mape_p50_pct,31.6681500859537,before,4
seasonal_naive,prices+weather,3,ALL,synthetic,coverage_p10_p90_pct,86.45626242544732,before,4
seasonal_naive,prices+weather,3,ALL,synthetic,n,4024.0,before,4
seasonal_naive,prices+weather,4,ALL,synthetic,pinball_p10,120.14976836763854,before,4
seasonal_naive,prices+weather,4,ALL,synthetic,pinball_p50,363.3741007730617,before,4
seasonal_naive,prices+weather,4,ALL,synthetic,pinball_p90,283.21608740275497,before,4
seasonal_naive,prices+weather,4,ALL,synthetic,pinball_mean,255.5799855144851,before,4
seasonal_naive,prices+weather,4,ALL,synthetic,mape_p50_pct,31.957444161869926,before,4
seasonal_naive,prices+weather,4,ALL,synthetic,coverage_p10_p90_pct,86.28230616302187,before,4
seasonal_naive,prices+weather,4,ALL,synthetic,n,4024.0,before,4
seasonal_naive,prices+weather,spike_14d,ALL,synthetic,spike_events,1069.0,before,4
seasonal_naive,prices+weather,spike_14d,ALL,synthetic,spike_recall,0.0,before,4
seasonal_naive,prices+weather,spike_14d,ALL,synthetic,spike_precision,,before,4
seasonal_naive,prices+weather,spike_14d,ALL,synthetic,spike_false_alarm_rate,0.0,before,4
seasonal_naive,prices+weather,spike_14d,ALL,synthetic,spike_brier,0.19724096430933588,before,4
lightgbm_quantile,prices+weather,1,ALL,synthetic,pinball_p10,44.374439078665304,before,4
lightgbm_quantile,prices+weather,1,ALL,synthetic,pinball_p50,115.57851751301337,before,4
lightgbm_quantile,prices+weather,1,ALL,synthetic,pinball_p90,59.12792207320375,before,4
lightgbm_quantile,prices+weather,1,ALL,synthetic,pinball_mean,73.02695955496081,before,4
lightgbm_quantile,prices+weather,1,ALL,synthetic,mape_p50_pct,12.741436006191641,before,4
lightgbm_quantile,prices+weather,1,ALL,synthetic,coverage_p10_p90_pct,81.93339960238568,before,4
lightgbm_quantile,prices+weather,1,ALL,synthetic,n,4024.0,before,4
lightgbm_quantile,prices+weather,2,ALL,synthetic,pinball_p10,56.527896561067955,before,4
lightgbm_quantile,prices+weather,2,ALL,synthetic,pinball_p50,140.4365017060709,before,4
lightgbm_quantile,prices+weather,2,ALL,synthetic,pinball_p90,80.4369207594677,before,4
lightgbm_quantile,prices+weather,2,ALL,synthetic,pinball_mean,92.4671063422022,before,4
lightgbm_quantile,prices+weather,2,ALL,synthetic,mape_p50_pct,15.481033038798191,before,4
lightgbm_quantile,prices+weather,2,ALL,synthetic,coverage_p10_p90_pct,83.27534791252485,before,4
lightgbm_quantile,prices+weather,2,ALL,synthetic,n,4024.0,before,4
lightgbm_quantile,prices+weather,3,ALL,synthetic,pinball_p10,65.7595925726565,before,4
lightgbm_quantile,prices+weather,3,ALL,synthetic,pinball_p50,176.31144800084067,before,4
lightgbm_quantile,prices+weather,3,ALL,synthetic,pinball_p90,104.17091568099536,before,4
lightgbm_quantile,prices+weather,3,ALL,synthetic,pinball_mean,115.41398541816416,before,4
lightgbm_quantile,prices+weather,3,ALL,synthetic,mape_p50_pct,18.60284688756705,before,4
lightgbm_quantile,prices+weather,3,ALL,synthetic,coverage_p10_p90_pct,79.7962226640159,before,4
lightgbm_quantile,prices+weather,3,ALL,synthetic,n,4024.0,before,4
lightgbm_quantile,prices+weather,4,ALL,synthetic,pinball_p10,75.62100659341642,before,4
lightgbm_quantile,prices+weather,4,ALL,synthetic,pinball_p50,265.3755635357786,before,4
lightgbm_quantile,prices+weather,4,ALL,synthetic,pinball_p90,169.31913667869858,before,4
lightgbm_quantile,prices+weather,4,ALL,synthetic,pinball_mean,170.1052356026312,before,4
lightgbm_quantile,prices+weather,4,ALL,synthetic,mape_p50_pct,24.646887486861754,before,4
lightgbm_quantile,prices+weather,4,ALL,synthetic,coverage_p10_p90_pct,74.52783300198807,before,4
lightgbm_quantile,prices+weather,4,ALL,synthetic,n,4024.0,before,4
lightgbm_quantile,prices+weather,spike_14d,ALL,synthetic,spike_events,1069.0,before,4
lightgbm_quantile,prices+weather,spike_14d,ALL,synthetic,spike_recall,0.23854069223573432,before,4
lightgbm_quantile,prices+weather,spike_14d,ALL,synthetic,spike_precision,0.408,before,4
lightgbm_quantile,prices+weather,spike_14d,ALL,synthetic,spike_false_alarm_rate,0.12745435756114365,before,4
lightgbm_quantile,prices+weather,spike_14d,ALL,synthetic,spike_brier,0.18909518707858952,before,4
lightgbm_quantile,prices+weather,1,ALL,synthetic,pinball_p10,44.47817286392168,track_record,4
lightgbm_quantile,prices+weather,1,ALL,synthetic,pinball_p50,115.57851751301337,track_record,4
lightgbm_quantile,prices+weather,1,ALL,synthetic,pinball_p90,59.19584674328769,track_record,4
lightgbm_quantile,prices+weather,1,ALL,synthetic,pinball_mean,73.08417904007425,track_record,4
lightgbm_quantile,prices+weather,1,ALL,synthetic,mape_p50_pct,12.741436006191641,track_record,4
lightgbm_quantile,prices+weather,1,ALL,synthetic,coverage_p10_p90_pct,81.11332007952286,track_record,4
lightgbm_quantile,prices+weather,1,ALL,synthetic,n,4024.0,track_record,4
lightgbm_quantile,prices+weather,2,ALL,synthetic,pinball_p10,57.14149643730366,track_record,4
lightgbm_quantile,prices+weather,2,ALL,synthetic,pinball_p50,140.4365017060709,track_record,4
lightgbm_quantile,prices+weather,2,ALL,synthetic,pinball_p90,80.91414966205437,track_record,4
lightgbm_quantile,prices+weather,2,ALL,synthetic,pinball_mean,92.83071593514298,track_record,4
lightgbm_quantile,prices+weather,2,ALL,synthetic,mape_p50_pct,15.481033038798191,track_record,4
lightgbm_quantile,prices+weather,2,ALL,synthetic,coverage_p10_p90_pct,81.53578528827038,track_record,4
lightgbm_quantile,prices+weather,2,ALL,synthetic,n,4024.0,track_record,4
lightgbm_quantile,prices+weather,3,ALL,synthetic,pinball_p10,66.58248576767926,track_record,4
lightgbm_quantile,prices+weather,3,ALL,synthetic,pinball_p50,176.31144800084067,track_record,4
lightgbm_quantile,prices+weather,3,ALL,synthetic,pinball_p90,105.11226642400318,track_record,4
lightgbm_quantile,prices+weather,3,ALL,synthetic,pinball_mean,116.00206673084104,track_record,4
lightgbm_quantile,prices+weather,3,ALL,synthetic,mape_p50_pct,18.60284688756705,track_record,4
lightgbm_quantile,prices+weather,3,ALL,synthetic,coverage_p10_p90_pct,79.57256461232605,track_record,4
lightgbm_quantile,prices+weather,3,ALL,synthetic,n,4024.0,track_record,4
lightgbm_quantile,prices+weather,4,ALL,synthetic,pinball_p10,76.39198798084561,track_record,4
lightgbm_quantile,prices+weather,4,ALL,synthetic,pinball_p50,265.3755635357786,track_record,4
lightgbm_quantile,prices+weather,4,ALL,synthetic,pinball_p90,170.24361464089446,track_record,4
lightgbm_quantile,prices+weather,4,ALL,synthetic,pinball_mean,170.6703887191729,track_record,4
lightgbm_quantile,prices+weather,4,ALL,synthetic,mape_p50_pct,24.646887486861754,track_record,4
lightgbm_quantile,prices+weather,4,ALL,synthetic,coverage_p10_p90_pct,75.91948310139165,track_record,4
lightgbm_quantile,prices+weather,4,ALL,synthetic,n,4024.0,track_record,4
lightgbm_quantile,prices+weather,spike_14d,ALL,synthetic,spike_events,1069.0,track_record,4
lightgbm_quantile,prices+weather,spike_14d,ALL,synthetic,spike_recall,0.23854069223573432,track_record,4
lightgbm_quantile,prices+weather,spike_14d,ALL,synthetic,spike_precision,0.408,track_record,4
lightgbm_quantile,prices+weather,spike_14d,ALL,synthetic,spike_false_alarm_rate,0.12745435756114365,track_record,4
lightgbm_quantile,prices+weather,spike_14d,ALL,synthetic,spike_brier,0.18909518707858952,track_record,4
naive,prices+weather,1,ALL,synthetic,pinball_p10,48.529825207940114,track_record,4
naive,prices+weather,1,ALL,synthetic,pinball_p50,117.94465807918893,track_record,4
naive,prices+weather,1,ALL,synthetic,pinball_p90,55.96894787695709,track_record,4
naive,prices+weather,1,ALL,synthetic,pinball_mean,74.1478103880287,track_record,4
naive,prices+weather,1,ALL,synthetic,mape_p50_pct,12.829612030309828,track_record,4
naive,prices+weather,1,ALL,synthetic,coverage_p10_p90_pct,83.00198807157058,track_record,4
naive,prices+weather,1,ALL,synthetic,n,4024.0,track_record,4
naive,prices+weather,2,ALL,synthetic,pinball_p10,65.18961342076018,track_record,4
naive,prices+weather,2,ALL,synthetic,pinball_p50,153.80745667997408,track_record,4
naive,prices+weather,2,ALL,synthetic,pinball_p90,73.57384208743265,track_record,4
naive,prices+weather,2,ALL,synthetic,pinball_mean,97.52363739605563,track_record,4
naive,prices+weather,2,ALL,synthetic,mape_p50_pct,16.396616021048366,track_record,4
naive,prices+weather,2,ALL,synthetic,coverage_p10_p90_pct,85.13916500994036,track_record,4
naive,prices+weather,2,ALL,synthetic,n,4024.0,track_record,4
naive,prices+weather,3,ALL,synthetic,pinball_p10,78.10875654316023,track_record,4
naive,prices+weather,3,ALL,synthetic,pinball_p50,186.32958121205496,track_record,4
naive,prices+weather,3,ALL,synthetic,pinball_p90,94.36139318936803,track_record,4
naive,prices+weather,3,ALL,synthetic,pinball_mean,119.59991031486106,track_record,4
naive,prices+weather,3,ALL,synthetic,mape_p50_pct,18.995983946704232,track_record,4
naive,prices+weather,3,ALL,synthetic,coverage_p10_p90_pct,86.13320079522863,track_record,4
naive,prices+weather,3,ALL,synthetic,n,4024.0,track_record,4
naive,prices+weather,4,ALL,synthetic,pinball_p10,99.12178998368005,track_record,4
naive,prices+weather,4,ALL,synthetic,pinball_p50,248.04752374345233,track_record,4
naive,prices+weather,4,ALL,synthetic,pinball_p90,165.23920504685935,track_record,4
naive,prices+weather,4,ALL,synthetic,pinball_mean,170.80283959133058,track_record,4
naive,prices+weather,4,ALL,synthetic,mape_p50_pct,22.026102493560625,track_record,4
naive,prices+weather,4,ALL,synthetic,coverage_p10_p90_pct,82.52982107355865,track_record,4
naive,prices+weather,4,ALL,synthetic,n,4024.0,track_record,4
naive,prices+weather,spike_14d,ALL,synthetic,spike_events,1069.0,track_record,4
naive,prices+weather,spike_14d,ALL,synthetic,spike_recall,0.0,track_record,4
naive,prices+weather,spike_14d,ALL,synthetic,spike_precision,,track_record,4
naive,prices+weather,spike_14d,ALL,synthetic,spike_false_alarm_rate,0.0,track_record,4
naive,prices+weather,spike_14d,ALL,synthetic,spike_brier,0.19724096430933588,track_record,4
seasonal_naive,prices+weather,1,ALL,synthetic,pinball_p10,99.65725253154534,track_record,4
seasonal_naive,prices+weather,1,ALL,synthetic,pinball_p50,209.62401019842548,track_record,4
seasonal_naive,prices+weather,1,ALL,synthetic,pinball_p90,102.89901449379951,track_record,4
seasonal_naive,prices+weather,1,ALL,synthetic,pinball_mean,137.39342574125678,track_record,4
seasonal_naive,prices+weather,1,ALL,synthetic,mape_p50_pct,22.584158780048988,track_record,4
seasonal_naive,prices+weather,1,ALL,synthetic,coverage_p10_p90_pct,76.73956262425448,track_record,4
seasonal_naive,prices+weather,1,ALL,synthetic,n,4024.0,track_record,4
seasonal_naive,prices+weather,2,ALL,synthetic,pinball_p10,146.1730568848843,track_record,4
seasonal_naive,prices+weather,2,ALL,synthetic,pinball_p50,289.78369325808757,track_record,4
seasonal_naive,prices+weather,2,ALL,synthetic,pinball_p90,150.4371358287119,track_record,4
seasonal_naive,prices+weather,2,ALL,synthetic,pinball_mean,195.4646286572279,track_record,4
seasonal_naive,prices+weather,2,ALL,synthetic,mape_p50_pct,30.187076753735255,track_record,4
seasonal_naive,prices+weather,2,ALL,synthetic,coverage_p10_p90_pct,76.06858846918489,track_record,4
seasonal_naive,prices+weather,2,ALL,synthetic,n,4024.0,track_record,4
seasonal_naive,prices+weather,3,ALL,synthetic,pinball_p10,146.63920877821684,track_record,4
seasonal_naive,prices+weather,3,ALL,synthetic,pinball_p50,319.69326418418734,track_record,4
seasonal_naive,prices+weather,3,ALL,synthetic,pinball_p90,181.86169825827446,track_record,4
seasonal_naive,prices+weather,3,ALL,synthetic,pinball_mean,216.0647237402262,track_record,4
seasonal_naive,prices+weather,3,ALL,synthetic,mape_p50_pct,31.6681500859537,track_record,4
seasonal_naive,prices+weather,3,ALL,synthetic,coverage_p10_p90_pct,75.82007952286283,track_record,4
seasonal_naive,prices+weather,3,ALL,synthetic,n,4024.0,track_record,4
seasonal_naive,prices+weather,4,ALL,synthetic,pinball_p10,139.28827906300108,track_record,4
seasonal_naive,prices+weather,4,ALL,synthetic,pinball_p50,363.3741007730617,track_record,4
seasonal_naive,prices+weather,4,ALL,synthetic,pinball_p90,272.5151996127287,track_record,4
seasonal_naive,prices+weather,4,ALL,synthetic,pinball_mean,258.39252648293046,track_record,4
seasonal_naive,prices+weather,4,ALL,synthetic,mape_p50_pct,31.957444161869926,track_record,4
seasonal_naive,prices+weather,4,ALL,synthetic,coverage_p10_p90_pct,76.441351888668,track_record,4
seasonal_naive,prices+weather,4,ALL,synthetic,n,4024.0,track_record,4
seasonal_naive,prices+weather,spike_14d,ALL,synthetic,spike_events,1069.0,track_record,4
seasonal_naive,prices+weather,spike_14d,ALL,synthetic,spike_recall,0.0,track_record,4
seasonal_naive,prices+weather,spike_14d,ALL,synthetic,spike_precision,,track_record,4
seasonal_naive,prices+weather,spike_14d,ALL,synthetic,spike_false_alarm_rate,0.0,track_record,4
seasonal_naive,prices+weather,spike_14d,ALL,synthetic,spike_brier,0.19724096430933588,track_record,4
lightgbm_quantile,prices+weather,1,ALL,synthetic,pinball_p10,45.15852571406518,aci,4
lightgbm_quantile,prices+weather,1,ALL,synthetic,pinball_p50,115.57851751301337,aci,4
lightgbm_quantile,prices+weather,1,ALL,synthetic,pinball_p90,60.00033114922426,aci,4
lightgbm_quantile,prices+weather,1,ALL,synthetic,pinball_mean,73.57912479210093,aci,4
lightgbm_quantile,prices+weather,1,ALL,synthetic,mape_p50_pct,12.741436006191641,aci,4
lightgbm_quantile,prices+weather,1,ALL,synthetic,coverage_p10_p90_pct,79.47316103379721,aci,4
lightgbm_quantile,prices+weather,1,ALL,synthetic,n,4024.0,aci,4
lightgbm_quantile,prices+weather,2,ALL,synthetic,pinball_p10,59.04998140107181,aci,4
lightgbm_quantile,prices+weather,2,ALL,synthetic,pinball_p50,140.4365017060709,aci,4
lightgbm_quantile,prices+weather,2,ALL,synthetic,pinball_p90,84.59875780012027,aci,4
lightgbm_quantile,prices+weather,2,ALL,synthetic,pinball_mean,94.695080302421,aci,4
lightgbm_quantile,prices+weather,2,ALL,synthetic,mape_p50_pct,15.481033038798191,aci,4
lightgbm_quantile,prices+weather,2,ALL,synthetic,coverage_p10_p90_pct,78.90159045725646,aci,4
lightgbm_quantile,prices+weather,2,ALL,synthetic,n,4024.0,aci,4
lightgbm_quantile,prices+weather,3,ALL,synthetic,pinball_p10,69.18414981464805,aci,4
lightgbm_quantile,prices+weather,3,ALL,synthetic,pinball_p50,176.31144800084067,aci,4
lightgbm_quantile,prices+weather,3,ALL,synthetic,pinball_p90,109.99118333831147,aci,4
lightgbm_quantile,prices+weather,3,ALL,synthetic,pinball_mean,118.4955937179334,aci,4
lightgbm_quantile,prices+weather,3,ALL,synthetic,mape_p50_pct,18.60284688756705,aci,4
lightgbm_quantile,prices+weather,3,ALL,synthetic,coverage_p10_p90_pct,77.01292246520875,aci,4
lightgbm_quantile,prices+weather,3,ALL,synthetic,n,4024.0,aci,4
lightgbm_quantile,prices+weather,4,ALL,synthetic,pinball_p10,78.8023852450897,aci,4
lightgbm_quantile,prices+weather,4,ALL,synthetic,pinball_p50,265.3755635357786,aci,4
lightgbm_quantile,prices+weather,4,ALL,synthetic,pinball_p90,176.31047848026296,aci,4
lightgbm_quantile,prices+weather,4,ALL,synthetic,pinball_mean,173.49614242037708,aci,4
lightgbm_quantile,prices+weather,4,ALL,synthetic,mape_p50_pct,24.646887486861754,aci,4
lightgbm_quantile,prices+weather,4,ALL,synthetic,coverage_p10_p90_pct,76.21769383697813,aci,4
lightgbm_quantile,prices+weather,4,ALL,synthetic,n,4024.0,aci,4
lightgbm_quantile,prices+weather,spike_14d,ALL,synthetic,spike_events,1069.0,aci,4
lightgbm_quantile,prices+weather,spike_14d,ALL,synthetic,spike_recall,0.23854069223573432,aci,4
lightgbm_quantile,prices+weather,spike_14d,ALL,synthetic,spike_precision,0.408,aci,4
lightgbm_quantile,prices+weather,spike_14d,ALL,synthetic,spike_false_alarm_rate,0.12745435756114365,aci,4
lightgbm_quantile,prices+weather,spike_14d,ALL,synthetic,spike_brier,0.18909518707858952,aci,4
naive,prices+weather,1,ALL,synthetic,pinball_p10,50.30233811701501,aci,4
naive,prices+weather,1,ALL,synthetic,pinball_p50,117.94465807918893,aci,4
naive,prices+weather,1,ALL,synthetic,pinball_p90,56.72666247285381,aci,4
naive,prices+weather,1,ALL,synthetic,pinball_mean,74.99121955635259,aci,4
naive,prices+weather,1,ALL,synthetic,mape_p50_pct,12.829612030309828,aci,4
naive,prices+weather,1,ALL,synthetic,coverage_p10_p90_pct,82.3558648111332,aci,4
naive,prices+weather,1,ALL,synthetic,n,4024.0,aci,4
naive,prices+weather,2,ALL,synthetic,pinball_p10,68.297592932163,aci,4
naive,prices+weather,2,ALL,synthetic,pinball_p50,153.80745667997408,aci,4
naive,prices+weather,2,ALL,synthetic,pinball_p90,75.2672630916816,aci,4
naive,prices+weather,2,ALL,synthetic,pinball_mean,99.12410423460624,aci,4
naive,prices+weather,2,ALL,synthetic,mape_p50_pct,16.396616021048366,aci,4
naive,prices+weather,2,ALL,synthetic,coverage_p10_p90_pct,83.7972166998012,aci,4
naive,prices+weather,2,ALL,synthetic,n,4024.0,aci,4
naive,prices+weather,3,ALL,synthetic,pinball_p10,84.45430391716329,aci,4
naive,prices+weather,3,ALL,synthetic,pinball_p50,186.32958121205496,aci,4
naive,prices+weather,3,ALL,synthetic,pinball_p90,99.32733811754086,aci,4
naive,prices+weather,3,ALL,synthetic,pinball_mean,123.3704077489197,aci,4
naive,prices+weather,3,ALL,synthetic,mape_p50_pct,18.995983946704232,aci,4
naive,prices+weather,3,ALL,synthetic,coverage_p10_p90_pct,85.46222664015905,aci,4
naive,prices+weather,3,ALL,synthetic,n,4024.0,aci,4
naive,prices+weather,4,ALL,synthetic,pinball_p10,108.05494138925195,aci,4
naive,prices+weather,4,ALL,synthetic,pinball_p50,248.04752374345233,aci,4
naive,prices+weather,4,ALL,synthetic,pinball_p90,186.14424449195837,aci,4
naive,prices+weather,4,ALL,synthetic,pinball_mean,180.7489032082209,aci,4
naive,prices+weather,4,ALL,synthetic,mape_p50_pct,22.026102493560625,aci,4
naive,prices+weather,4,ALL,synthetic,coverage_p10_p90_pct,81.78429423459245,aci,4
naive,prices+weather,4,ALL,synthetic,n,4024.0,aci,4
naive,prices+weather,spike_14d,ALL,synthetic,spike_events,1069.0,aci,4
naive,prices+weather,spike_14d,ALL,synthetic,spike_recall,0.0,aci,4
naive,prices+weather,spike_14d,ALL,synthetic,spike_precision,,aci,4
naive,prices+weather,spike_14d,ALL,synthetic,spike_false_alarm_rate,0.0,aci,4
naive,prices+weather,spike_14d,ALL,synthetic,spike_brier,0.19724096430933588,aci,4
seasonal_naive,prices+weather,1,ALL,synthetic,pinball_p10,101.61934817228396,aci,4
seasonal_naive,prices+weather,1,ALL,synthetic,pinball_p50,209.62401019842548,aci,4
seasonal_naive,prices+weather,1,ALL,synthetic,pinball_p90,103.32123119673774,aci,4
seasonal_naive,prices+weather,1,ALL,synthetic,pinball_mean,138.1881965224824,aci,4
seasonal_naive,prices+weather,1,ALL,synthetic,mape_p50_pct,22.584158780048988,aci,4
seasonal_naive,prices+weather,1,ALL,synthetic,coverage_p10_p90_pct,75.44731610337972,aci,4
seasonal_naive,prices+weather,1,ALL,synthetic,n,4024.0,aci,4
seasonal_naive,prices+weather,2,ALL,synthetic,pinball_p10,151.07682135300954,aci,4
seasonal_naive,prices+weather,2,ALL,synthetic,pinball_p50,289.78369325808757,aci,4
seasonal_naive,prices+weather,2,ALL,synthetic,pinball_p90,150.5552810028771,aci,4
seasonal_naive,prices+weather,2,ALL,synthetic,pinball_mean,197.13859853799138,aci,4
seasonal_naive,prices+weather,2,ALL,synthetic,mape_p50_pct,30.187076753735255,aci,4
seasonal_naive,prices+weather,2,ALL,synthetic,coverage_p10_p90_pct,74.77634194831015,aci,4
seasonal_naive,prices+weather,2,ALL,synthetic,n,4024.0,aci,4
seasonal_naive,prices+weather,3,ALL,synthetic,pinball_p10,154.09312725965148,aci,4
seasonal_naive,prices+weather,3,ALL,synthetic,pinball_p50,319.69326418418734,aci,4
seasonal_naive,prices+weather,3,ALL,synthetic,pinball_p90,181.8984506283616,aci,4
seasonal_naive,prices+weather,3,ALL,synthetic,pinball_mean,218.5616140240668,aci,4
seasonal_naive,prices+weather,3,ALL,synthetic,mape_p50_pct,31.6681500859537,aci,4
seasonal_naive,prices+weather,3,ALL,synthetic,coverage_p10_p90_pct,74.72664015904571,aci,4
seasonal_naive,prices+weather,3,ALL,synthetic,n,4024.0,aci,4
seasonal_naive,prices+weather,4,ALL,synthetic,pinball_p10,150.03865447157858,aci,4
seasonal_naive,prices+weather,4,ALL,synthetic,pinball_p50,363.3741007730617,aci,4
seasonal_naive,prices+weather,4,ALL,synthetic,pinball_p90,274.73488574640186,aci,4
seasonal_naive,prices+weather,4,ALL,synthetic,pinball_mean,262.7158803303474,aci,4
seasonal_naive,prices+weather,4,ALL,synthetic,mape_p50_pct,31.957444161869926,aci,4
seasonal_naive,prices+weather,4,ALL,synthetic,coverage_p10_p90_pct,73.8568588469185,aci,4
seasonal_naive,prices+weather,4,ALL,synthetic,n,4024.0,aci,4
seasonal_naive,prices+weather,spike_14d,ALL,synthetic,spike_events,1069.0,aci,4
seasonal_naive,prices+weather,spike_14d,ALL,synthetic,spike_recall,0.0,aci,4
seasonal_naive,prices+weather,spike_14d,ALL,synthetic,spike_precision,,aci,4
seasonal_naive,prices+weather,spike_14d,ALL,synthetic,spike_false_alarm_rate,0.0,aci,4
seasonal_naive,prices+weather,spike_14d,ALL,synthetic,spike_brier,0.19724096430933588,aci,4
naive,prices+weather,1,ALL,synthetic,pinball_p10,59.281920633634925,before,5
naive,prices+weather,1,ALL,synthetic,pinball_p50,155.53057734979066,before,5
naive,prices+weather,1,ALL,synthetic,pinball_p90,92.84167216864756,before,5
naive,prices+weather,1,ALL,synthetic,pinball_mean,102.55139005069105,before,5
naive,prices+weather,1,ALL,synthetic,mape_p50_pct,14.84966087260498,before,5
naive,prices+weather,1,ALL,synthetic,coverage_p10_p90_pct,84.3400447427293,before,5
naive,prices+weather,1,ALL,synthetic,n,4023.0,before,5
naive,prices+weather,2,ALL,synthetic,pinball_p10,87.65015540331041,before,5
naive,prices+weather,2,ALL,synthetic,pinball_p50,235.986788510359,before,5
naive,prices+weather,2,ALL,synthetic,pinball_p90,159.12885636031166,before,5
naive,prices+weather,2,ALL,synthetic,pinball_mean,160.92193342466035,before,5
naive,prices+weather,2,ALL,synthetic,mape_p50_pct,19.73635901484592,before,5
naive,prices+weather,2,ALL,synthetic,coverage_p10_p90_pct,86.08003977131494,before,5
naive,prices+weather,2,ALL,synthetic,n,4023.0,before,5
naive,prices+weather,3,ALL,synthetic,pinball_p10,106.42508456421837,before,5
naive,prices+weather,3,ALL,synthetic,pinball_p50,305.4375591022194,before,5
naive,prices+weather,3,ALL,synthetic,pinball_p90,230.19671246144281,before,5
naive,prices+weather,3,ALL,synthetic,pinball_mean,214.0197853759602,before,5
naive,prices+weather,3,ALL,synthetic,mape_p50_pct,23.744868469851653,before,5
naive,prices+weather,3,ALL,synthetic,coverage_p10_p90_pct,86.8041749502982,before,5
naive,prices+weather,3,ALL,synthetic,n,4024.0,before,5
naive,prices+weather,4,ALL,synthetic,pinball_p10,121.78452955110015,before,5
naive,prices+weather,4,ALL,synthetic,pinball_p50,357.9170720043529,before,5
naive,prices+weather,4,ALL,synthetic,pinball_p90,258.38486276468626,before,5
naive,prices+weather,4,ALL,synthetic,pinball_mean,246.02882144004647,before,5
naive,prices+weather,4,ALL,synthetic,mape_p50_pct,27.06537903566904,before,5
naive,prices+weather,4,ALL,synthetic,coverage_p10_p90_pct,87.20178926441352,before,5
naive,prices+weather,4,ALL,synthetic,n,4024.0,before,5
naive,prices+weather,spike_14d,ALL,synthetic,spike_events,1350.0,before,5
naive,prices+weather,spike_14d,ALL,synthetic,spike_recall,0.0,before,5
naive,prices+weather,spike_14d,ALL,synthetic,spike_precision,,before,5
naive,prices+weather,spike_14d,ALL,synthetic,spike_false_alarm_rate,0.0,before,5
naive,prices+weather,spike_14d,ALL,synthetic,spike_brier,0.23014883681320839,before,5
seasonal_naive,prices+weather,1,ALL,synthetic,pinball_p10,83.6233586834242,before,5
seasonal_naive,prices+weather,1,ALL,synthetic,pinball_p50,223.01341552115994,before,5
seasonal_naive,prices+weather,1,ALL,synthetic,pinball_p90,119.86022458744232,before,5
seasonal_naive,prices+weather,1,ALL,synthetic,pinball_mean,142.16566626400882,before,5
seasonal_naive,prices+weather,1,ALL,synthetic,mape_p50_pct,24.214593141522585,before,5
seasonal_naive,prices+weather,1,ALL,synthetic,coverage_p10_p90_pct,83.24633358190405,before,5
seasonal_naive,prices+weather,1,ALL,synthetic,n,4023.0,before,5
seasonal_naive,prices+weather,2,ALL,synthetic,pinball_p10,114.38052006658681,before,5
seasonal_naive,prices+weather,2,ALL,synthetic,pinball_p50,345.3788945134077,before,5
seasonal_naive,prices+weather,2,ALL,synthetic,pinball_p90,208.46226643144942,before,5
seasonal_naive,prices+weather,2,ALL,synthetic,pinball_mean,222.74056033714797,before,5
seasonal_naive,prices+weather,2,ALL,synthetic,mape_p50_pct,35.051258550024016,before,5
seasonal_naive,prices+weather,2,ALL,synthetic,coverage_p10_p90_pct,82.60004971414368,before,5
seasonal_naive,prices+weather,2,ALL,synthetic,n,4023.0,before,5
seasonal_naive,prices+weather,3,ALL,synthetic,pinball_p10,132.97311449021163,before,5
seasonal_naive,prices+weather,3,ALL,synthetic,pinball_p50,446.69113330821773,before,5
seasonal_naive,prices+weather,3,ALL,synthetic,pinball_p90,302.04897692643704,before,5
seasonal_naive,prices+weather,3,ALL,synthetic,pinball_mean,293.90440824162215,before,5
seasonal_naive,prices+weather,3,ALL,synthetic,mape_p50_pct,43.06063541290327,before,5
seasonal_naive,prices+weather,3,ALL,synthetic,coverage_p10_p90_pct,83.59840954274354,before,5
seasonal_naive,prices+weather,3,ALL,synthetic,n,4024.0,before,5
seasonal_naive,prices+weather,4,ALL,synthetic,pinball_p10,144.17749901805539,before,5
seasonal_naive,prices+weather,4,ALL,synthetic,pinball_p50,508.0403111638046,before,5
seasonal_naive,prices+weather,4,ALL,synthetic,pinball_p90,362.62095971821543,before,5
seasonal_naive,prices+weather,4,ALL,synthetic,pinball_mean,338.2795899666918,before,5
seasonal_naive,prices+weather,4,ALL,synthetic,mape_p50_pct,48.316125153010674,before,5
seasonal_naive,prices+weather,4,ALL,synthetic,coverage_p10_p90_pct,81.56063618290258,before,5
seasonal_naive,prices+weather,4,ALL,synthetic,n,4024.0,before,5
seasonal_naive,prices+weather,spike_14d,ALL,synthetic,spike_events,1350.0,before,5
seasonal_naive,prices+weather,spike_14d,ALL,synthetic,spike_recall,0.0,before,5
seasonal_naive,prices+weather,spike_14d,ALL,synthetic,spike_precision,,before,5
seasonal_naive,prices+weather,spike_14d,ALL,synthetic,spike_false_alarm_rate,0.0,before,5
seasonal_naive,prices+weather,spike_14d,ALL,synthetic,spike_brier,0.23014883681320839,before,5
lightgbm_quantile,prices+weather,1,ALL,synthetic,pinball_p10,56.838939968046105,before,5
lightgbm_quantile,prices+weather,1,ALL,synthetic,pinball_p50,155.6876437492162,before,5
lightgbm_quantile,prices+weather,1,ALL,synthetic,pinball_p90,118.24578080470656,before,5
lightgbm_quantile,prices+weather,1,ALL,synthetic,pinball_mean,110.25745484065628,before,5
lightgbm_quantile,prices+weather,1,ALL,synthetic,mape_p50_pct,15.837485891713474,before,5
lightgbm_quantile,prices+weather,1,ALL,synthetic,coverage_p10_p90_pct,78.94606015411385,before,5
lightgbm_quantile,prices+weather,1,ALL,synthetic,n,4023.0,before,5
lightgbm_quantile,prices+weather,2,ALL,synthetic,pinball_p10,79.78122635064047,before,5
lightgbm_quantile,prices+weather,2,ALL,synthetic,pinball_p50,241.20215563021034,before,5
lightgbm_quantile,prices+weather,2,ALL,synthetic,pinball_p90,248.03855688021983,before,5
lightgbm_quantile,prices+weather,2,ALL,synthetic,pinball_mean,189.6739796203569,before,5
lightgbm_quantile,prices+weather,2,ALL,synthetic,mape_p50_pct,22.122643544989167,before,5
lightgbm_quantile,prices+weather,2,ALL,synthetic,coverage_p10_p90_pct,76.88292319164802,before,5
lightgbm_quantile,prices+weather,2,ALL,synthetic,n,4023.0,before,5
lightgbm_quantile,prices+weather,3,ALL,synthetic,pinball_p10,91.07756191545144,before,5
lightgbm_quantile,prices+weather,3,ALL,synthetic,pinball_p50,295.37408814944257,before,5
lightgbm_quantile,prices+weather,3,ALL,synthetic,pinball_p90,334.6570784710156,before,5
lightgbm_quantile,prices+weather,3,ALL,synthetic,pinball_mean,240.36957617863655,before,5
lightgbm_quantile,prices+weather,3,ALL,synthetic,mape_p50_pct,26.5276610848134,before,5
lightgbm_quantile,prices+weather,3,ALL,synthetic,coverage_p10_p90_pct,75.57157057654076,before,5
lightgbm_quantile,prices+weather,3,ALL,synthetic,n,4024.0,before,5
lightgbm_quantile,prices+weather,4,ALL,synthetic,pinball_p10,97.59547965868731,before,5
lightgbm_quantile,prices+weather,4,ALL,synthetic,pinball_p50,352.76792458906573,before,5
lightgbm_quantile,prices+weather,4,ALL,synthetic,pinball_p90,369.8887924953352,before,5
lightgbm_quantile,prices+weather,4,ALL,synthetic,pinball_mean,273.41739891436276,before,5
lightgbm_quantile,prices+weather,4,ALL,synthetic,mape_p50_pct,32.20180975465796,before,5
lightgbm_quantile,prices+weather,4,ALL,synthetic,coverage_p10_p90_pct,73.01192842942345,before,5
lightgbm_quantile,prices+weather,4,ALL,synthetic,n,4024.0,before,5
lightgbm_quantile,prices+weather,spike_14d,ALL,synthetic,spike_events,1350.0,before,5
lightgbm_quantile,prices+weather,spike_14d,ALL,synthetic,spike_recall,0.34814814814814815,before,5
lightgbm_quantile,prices+weather,spike_14d,ALL,synthetic,spike_precision,0.3739061256961018,before,5
lightgbm_quantile,prices+weather,spike_14d,ALL,synthetic,spike_false_alarm_rate,0.30130168453292494,before,5
lightgbm_quantile,prices+weather,spike_14d,ALL,synthetic,spike_brier,0.24530585644087985,before,5
lightgbm_quantile,prices+weather,1,ALL,synthetic,pinball_p10,57.7353510662148,track_record,5
lightgbm_quantile,prices+weather,1,ALL,synthetic,pinball_p50,155.6876437492162,track_record,5
lightgbm_quantile,prices+weather,1,ALL,synthetic,pinball_p90,120.04144773497977,track_record,5
lightgbm_quantile,prices+weather,1,ALL,synthetic,pinball_mean,111.15481418347025,track_record,5
lightgbm_quantile,prices+weather,1,ALL,synthetic,mape_p50_pct,15.837485891713474,track_record,5
lightgbm_quantile,prices+weather,1,ALL,synthetic,coverage_p10_p90_pct,73.75093214019388,track_record,5
lightgbm_quantile,prices+weather,1,ALL,synthetic,n,4023.0,track_record,5
lightgbm_quantile,prices+weather,2,ALL,synthetic,pinball_p10,82.06401897740996,track_record,5
lightgbm_quantile,prices+weather,2,ALL,synthetic,pinball_p50,241.20215563021034,track_record,5
lightgbm_quantile,prices+weather,2,ALL,synthetic,pinball_p90,252.4081944711394,track_record,5
lightgbm_quantile,prices+weather,2,ALL,synthetic,pinball_mean,191.89145635958656,track_record,5
lightgbm_quantile,prices+weather,2,ALL,synthetic,mape_p50_pct,22.122643544989167,track_record,5
lightgbm_quantile,prices+weather,2,ALL,synthetic,coverage_p10_p90_pct,69.79865771812081,track_record,5
lightgbm_quantile,prices+weather,2,ALL,synthetic,n,4023.0,track_record,5
lightgbm_quantile,prices+weather,3,ALL,synthetic,pinball_p10,95.53358034714124,track_record,5
lightgbm_quantile,prices+weather,3,ALL,synthetic,pinball_p50,295.37408814944257,track_record,5
lightgbm_quantile,prices+weather,3,ALL,synthetic,pinball_p90,343.42423274279616,track_record,5
lightgbm_quantile,prices+weather,3,ALL,synthetic,pinball_mean,244.77730041312665,track_record,5
lightgbm_quantile,prices+weather,3,ALL,synthetic,mape_p50_pct,26.5276610848134,track_record,5
lightgbm_quantile,prices+weather,3,ALL,synthetic,coverage_p10_p90_pct,71.19781312127238,track_record,5
lightgbm_quantile,prices+weather,3,ALL,synthetic,n,4024.0,track_record,5
lightgbm_quantile,prices+weather,4,ALL,synthetic,pinball_p10,106.04223567790474,track_record,5
lightgbm_quantile,prices+weather,4,ALL,synthetic,pinball_p50,352.76792458906573,track_record,5
lightgbm_quantile,prices+weather,4,ALL,synthetic,pinball_p90,370.62470355466564,track_record,5
lightgbm_quantile,prices+weather,4,ALL,synthetic,pinball_mean,276.4782879405454,track_record,5
lightgbm_quantile,prices+weather,4,ALL,synthetic,mape_p50_pct,32.20180975465796,track_record,5
lightgbm_quantile,prices+weather,4,ALL,synthetic,coverage_p10_p90_pct,72.7882703777336,track_record,5
lightgbm_quantile,prices+weather,4,ALL,synthetic,n,4024.0,track_record,5
lightgbm_quantile,prices+weather,spike_14d,ALL,synthetic,spike_events,1350.0,track_record,5
lightgbm_quantile,prices+weather,spike_14d,ALL,synthetic,spike_recall,0.34814814814814815,track_record,5
lightgbm_quantile,prices+weather,spike_14d,ALL,synthetic,spike_precision,0.3739061256961018,track_record,5
lightgbm_quantile,prices+weather,spike_14d,ALL,synthetic,spike_false_alarm_rate,0.30130168453292494,track_record,5
lightgbm_quantile,prices+weather,spike_14d,ALL,synthetic,spike_brier,0.24530585644087985,track_record,5
naive,prices+weather,1,ALL,synthetic,pinball_p10,58.91358184246507,track_record,5
naive,prices+weather,1,ALL,synthetic,pinball_p50,155.53057734979066,track_record,5
naive,prices+weather,1,ALL,synthetic,pinball_p90,95.27284094622907,track_record,5
naive,prices+weather,1,ALL,synthetic,pinball_mean,103.2390000461616,track_record,5
naive,prices+weather,1,ALL,synthetic,mape_p50_pct,14.84966087260498,track_record,5
naive,prices+weather,1,ALL,synthetic,coverage_p10_p90_pct,81.82948048719861,track_record,5
naive,prices+weather,1,ALL,synthetic,n,4023.0,track_record,5
naive,prices+weather,2,ALL,synthetic,pinball_p10,86.66719361621843,track_record,5
naive,prices+weather,2,ALL,synthetic,pinball_p50,235.986788510359,track_record,5
naive,prices+weather,2,ALL,synthetic,pinball_p90,171.33427478122812,track_record,5
naive,prices+weather,2,ALL,synthetic,pinball_mean,164.66275230260183,track_record,5
naive,prices+weather,2,ALL,synthetic,mape_p50_pct,19.73635901484592,track_record,5
naive,prices+weather,2,ALL,synthetic,coverage_p10_p90_pct,80.86005468555804,track_record,5
naive,prices+weather,2,ALL,synthetic,n,4023.0,track_record,5
naive,prices+weather,3,ALL,synthetic,pinball_p10,104.83641321306759,track_record,5
naive,prices+weather,3,ALL,synthetic,pinball_p50,305.4375591022194,track_record,5
naive,prices+weather,3,ALL,synthetic,pinball_p90,255.33736820751415,track_record,5
naive,prices+weather,3,ALL,synthetic,pinball_mean,221.8704468409337,track_record,5
naive,prices+weather,3,ALL,synthetic,mape_p50_pct,23.744868469851653,track_record,5
naive,prices+weather,3,ALL,synthetic,coverage_p10_p90_pct,79.47316103379721,track_record,5
naive,prices+weather,3,ALL,synthetic,n,4024.0,track_record,5
naive,prices+weather,4,ALL,synthetic,pinball_p10,125.1755589878926,track_record,5
naive,prices+weather,4,ALL,synthetic,pinball_p50,357.9170720043529,track_record,5
naive,prices+weather,4,ALL,synthetic,pinball_p90,288.1274315593922,track_record,5
naive,prices+weather,4,ALL,synthetic,pinball_mean,257.07335418387925,track_record,5
naive,prices+weather,4,ALL,synthetic,mape_p50_pct,27.06537903566904,track_record,5
naive,prices+weather,4,ALL,synthetic,coverage_p10_p90_pct,78.52882703777337,track_record,5
naive,prices+weather,4,ALL,synthetic,n,4024.0,track_record,5
naive,prices+weather,spike_14d,ALL,synthetic,spike_events,1350.0,track_record,5
naive,prices+weather,spike_14d,ALL,synthetic,spike_recall,0.0,track_record,5
naive,prices+weather,spike_14d,ALL,synthetic,spike_precision,,track_record,5
naive,prices+weather,spike_14d,ALL,synthetic,spike_false_alarm_rate,0.0,track_record,5
naive,prices+weather,spike_14d,ALL,synthetic,spike_brier,0.23014883681320839,track_record,5
seasonal_naive,prices+weather,1,ALL,synthetic,pinball_p10,83.55553072754236,track_record,5
seasonal_naive,prices+weather,1,ALL,synthetic,pinball_p50,223.01341552115994,track_record,5
seasonal_naive,prices+weather,1,ALL,synthetic,pinball_p90,120.83607037982738,track_record,5
seasonal_naive,prices+weather,1,ALL,synthetic,pinball_mean,142.46833887617657,track_record,5
seasonal_naive,prices+weather,1,ALL,synthetic,mape_p50_pct,24.214593141522585,track_record,5
seasonal_naive,prices+weather,1,ALL,synthetic,coverage_p10_p90_pct,76.51006711409396,track_record,5
seasonal_naive,prices+weather,1,ALL,synthetic,n,4023.0,track_record,5
seasonal_naive,prices+weather,2,ALL,synthetic,pinball_p10,113.87212699792364,track_record,5
seasonal_naive,prices+weather,2,ALL,synthetic,pinball_p50,345.3788945134077,track_record,5
seasonal_naive,prices+weather,2,ALL,synthetic,pinball_p90,218.49176401855377,track_record,5
seasonal_naive,prices+weather,2,ALL,synthetic,pinball_mean,225.91426184329507,track_record,5
seasonal_naive,prices+weather,2,ALL,synthetic,mape_p50_pct,35.051258550024016,track_record,5
seasonal_naive,prices+weather,2,ALL,synthetic,coverage_p10_p90_pct,73.42779020631369,track_record,5
seasonal_naive,prices+weather,2,ALL,synthetic,n,4023.0,track_record,5
seasonal_naive,prices+weather,3,ALL,synthetic,pinball_p10,131.1820972563637,track_record,5
seasonal_naive,prices+weather,3,ALL,synthetic,pinball_p50,446.69113330821773,track_record,5
seasonal_naive,prices+weather,3,ALL,synthetic,pinball_p90,316.4782245563348,track_record,5
seasonal_naive,prices+weather,3,ALL,synthetic,pinball_mean,298.1171517069721,track_record,5
seasonal_naive,prices+weather,3,ALL,synthetic,mape_p50_pct,43.06063541290327,track_record,5
seasonal_naive,prices+weather,3,ALL,synthetic,coverage_p10_p90_pct,71.52087475149106,track_record,5
seasonal_naive,prices+weather,3,ALL,synthetic,n,4024.0,track_record,5
seasonal_naive,prices+weather,4,ALL,synthetic,pinball_p10,141.0866543734304,track_record,5
seasonal_naive,prices+weather,4,ALL,synthetic,pinball_p50,508.0403111638046,track_record,5
seasonal_naive,prices+weather,4,ALL,synthetic,pinball_p90,373.04123679854223,track_record,5
seasonal_naive,prices+weather,4,ALL,synthetic,pinball_mean,340.7227341119258,track_record,5
seasonal_naive,prices+weather,4,ALL,synthetic,mape_p50_pct,48.316125153010674,track_record,5
seasonal_naive,prices+weather,4,ALL,synthetic,coverage_p10_p90_pct,72.39065606361828,track_record,5
seasonal_naive,prices+weather,4,ALL,synthetic,n,4024.0,track_record,5
seasonal_naive,prices+weather,spike_14d,ALL,synthetic,spike_events,1350.0,track_record,5
seasonal_naive,prices+weather,spike_14d,ALL,synthetic,spike_recall,0.0,track_record,5
seasonal_naive,prices+weather,spike_14d,ALL,synthetic,spike_precision,,track_record,5
seasonal_naive,prices+weather,spike_14d,ALL,synthetic,spike_false_alarm_rate,0.0,track_record,5
seasonal_naive,prices+weather,spike_14d,ALL,synthetic,spike_brier,0.23014883681320839,track_record,5
lightgbm_quantile,prices+weather,1,ALL,synthetic,pinball_p10,58.631685632178204,aci,5
lightgbm_quantile,prices+weather,1,ALL,synthetic,pinball_p50,155.6876437492162,aci,5
lightgbm_quantile,prices+weather,1,ALL,synthetic,pinball_p90,100.79159773473359,aci,5
lightgbm_quantile,prices+weather,1,ALL,synthetic,pinball_mean,105.036975705376,aci,5
lightgbm_quantile,prices+weather,1,ALL,synthetic,mape_p50_pct,15.837485891713474,aci,5
lightgbm_quantile,prices+weather,1,ALL,synthetic,coverage_p10_p90_pct,72.45836440467312,aci,5
lightgbm_quantile,prices+weather,1,ALL,synthetic,n,4023.0,aci,5
lightgbm_quantile,prices+weather,2,ALL,synthetic,pinball_p10,85.83651300633636,aci,5
lightgbm_quantile,prices+weather,2,ALL,synthetic,pinball_p50,241.20215563021034,aci,5
lightgbm_quantile,prices+weather,2,ALL,synthetic,pinball_p90,192.06714020357902,aci,5
lightgbm_quantile,prices+weather,2,ALL,synthetic,pinball_mean,173.03526961337525,aci,5
lightgbm_quantile,prices+weather,2,ALL,synthetic,mape_p50_pct,22.122643544989167,aci,5
lightgbm_quantile,prices+weather,2,ALL,synthetic,coverage_p10_p90_pct,72.6323639075317,aci,5
lightgbm_quantile,prices+weather,2,ALL,synthetic,n,4023.0,aci,5
lightgbm_quantile,prices+weather,3,ALL,synthetic,pinball_p10,104.84425867736664,aci,5
lightgbm_quantile,prices+weather,3,ALL,synthetic,pinball_p50,295.37408814944257,aci,5
lightgbm_quantile,prices+weather,3,ALL,synthetic,pinball_p90,296.7369598665675,aci,5
lightgbm_quantile,prices+weather,3,ALL,synthetic,pinball_mean,232.31843556445892,aci,5
lightgbm_quantile,prices+weather,3,ALL,synthetic,mape_p50_pct,26.5276610848134,aci,5
lightgbm_quantile,prices+weather,3,ALL,synthetic,coverage_p10_p90_pct,73.65805168986084,aci,5
lightgbm_quantile,prices+weather,3,ALL,synthetic,n,4024.0,aci,5
lightgbm_quantile,prices+weather,4,ALL,synthetic,pinball_p10,116.79815783610383,aci,5
lightgbm_quantile,prices+weather,4,ALL,synthetic,pinball_p50,352.76792458906573,aci,5
lightgbm_quantile,prices+weather,4,ALL,synthetic,pinball_p90,319.4677093810927,aci,5
lightgbm_quantile,prices+weather,4,ALL,synthetic,pinball_mean,263.01126393542074,aci,5
lightgbm_quantile,prices+weather,4,ALL,synthetic,mape_p50_pct,32.20180975465796,aci,5
lightgbm_quantile,prices+weather,4,ALL,synthetic,coverage_p10_p90_pct,79.17495029821073,aci,5
lightgbm_quantile,prices+weather,4,ALL,synthetic,n,4024.0,aci,5
lightgbm_quantile,prices+weather,spike_14d,ALL,synthetic,spike_events,1350.0,aci,5
lightgbm_quantile,prices+weather,spike_14d,ALL,synthetic,spike_recall,0.34814814814814815,aci,5
lightgbm_quantile,prices+weather,spike_14d,ALL,synthetic,spike_precision,0.3739061256961018,aci,5
lightgbm_quantile,prices+weather,spike_14d,ALL,synthetic,spike_false_alarm_rate,0.30130168453292494,aci,5
lightgbm_quantile,prices+weather,spike_14d,ALL,synthetic,spike_brier,0.24530585644087985,aci,5
naive,prices+weather,1,ALL,synthetic,pinball_p10,59.01738270534415,aci,5
naive,prices+weather,1,ALL,synthetic,pinball_p50,155.53057734979066,aci,5
naive,prices+weather,1,ALL,synthetic,pinball_p90,94.5862822970908,aci,5
naive,prices+weather,1,ALL,synthetic,pinball_mean,103.04474745074187,aci,5
naive,prices+weather,1,ALL,synthetic,mape_p50_pct,14.84966087260498,aci,5
naive,prices+weather,1,ALL,synthetic,coverage_p10_p90_pct,81.0340541884166,aci,5
naive,prices+weather,1,ALL,synthetic,n,4023.0,aci,5
naive,prices+weather,2,ALL,synthetic,pinball_p10,89.01318959549302,aci,5
naive,prices+weather,2,ALL,synthetic,pinball_p50,235.986788510359,aci,5
naive,prices+weather,2,ALL,synthetic,pinball_p90,174.28574771291875,aci,5
naive,prices+weather,2,ALL,synthetic,pinball_mean,166.42857527292358,aci,5
naive,prices+weather,2,ALL,synthetic,mape_p50_pct,19.73635901484592,aci,5
naive,prices+weather,2,ALL,synthetic,coverage_p10_p90_pct,80.78548347004723,aci,5
naive,prices+weather,2,ALL,synthetic,n,4023.0,aci,5
naive,prices+weather,3,ALL,synthetic,pinball_p10,115.59060375621729,aci,5
naive,prices+weather,3,ALL,synthetic,pinball_p50,305.4375591022194,aci,5
naive,prices+weather,3,ALL,synthetic,pinball_p90,259.63060317549,aci,5
naive,prices+weather,3,ALL,synthetic,pinball_mean,226.88625534464222,aci,5
naive,prices+weather,3,ALL,synthetic,mape_p50_pct,23.744868469851653,aci,5
naive,prices+weather,3,ALL,synthetic,coverage_p10_p90_pct,79.69681908548708,aci,5
naive,prices+weather,3,ALL,synthetic,n,4024.0,aci,5
naive,prices+weather,4,ALL,synthetic,pinball_p10,138.8232811089235,aci,5
naive,prices+weather,4,ALL,synthetic,pinball_p50,357.9170720043529,aci,5
naive,prices+weather,4,ALL,synthetic,pinball_p90,283.6624672614797,aci,5
naive,prices+weather,4,ALL,synthetic,pinball_mean,260.13427345825204,aci,5
naive,prices+weather,4,ALL,synthetic,mape_p50_pct,27.06537903566904,aci,5
naive,prices+weather,4,ALL,synthetic,coverage_p10_p90_pct,75.22365805168985,aci,5
naive,prices+weather,4,ALL,synthetic,n,4024.0,aci,5
naive,prices+weather,spike_14d,ALL,synthetic,spike_events,1350.0,aci,5
naive,prices+weather,spike_14d,ALL,synthetic,spike_recall,0.0,aci,5
naive,prices+weather,spike_14d,ALL,synthetic,spike_precision,,aci,5
naive,prices+weather,spike_14d,ALL,synthetic,spike_false_alarm_rate,0.0,aci,5
naive,prices+weather,spike_14d,ALL,synthetic,spike_brier,0.23014883681320839,aci,5
seasonal_naive,prices+weather,1,ALL,synthetic,pinball_p10,84.18173393488793,aci,5
seasonal_naive,prices+weather,1,ALL,synthetic,pinball_p50,223.01341552115994,aci,5
seasonal_naive,prices+weather,1,ALL,synthetic,pinball_p90,121.65941455000244,aci,5
seasonal_naive,prices+weather,1,ALL,synthetic,pinball_mean,142.95152133535012,aci,5
seasonal_naive,prices+weather,1,ALL,synthetic,mape_p50_pct,24.214593141522585,aci,5
seasonal_naive,prices+weather,1,ALL,synthetic,coverage_p10_p90_pct,76.83320904797415,aci,5
seasonal_naive,prices+weather,1,ALL,synthetic,n,4023.0,aci,5
seasonal_naive,prices+weather,2,ALL,synthetic,pinball_p10,114.92849786849361,aci,5
seasonal_naive,prices+weather,2,ALL,synthetic,pinball_p50,345.3788945134077,aci,5
seasonal_naive,prices+weather,2,ALL,synthetic,pinball_p90,230.56733263811938,aci,5
seasonal_naive,prices+weather,2,ALL,synthetic,pinball_mean,230.29157500667358,aci,5
seasonal_naive,prices+weather,2,ALL,synthetic,mape_p50_pct,35.051258550024016,aci,5
seasonal_naive,prices+weather,2,ALL,synthetic,coverage_p10_p90_pct,75.91349739000745,aci,5
seasonal_naive,prices+weather,2,ALL,synthetic,n,4023.0,aci,5
seasonal_naive,prices+weather,3,ALL,synthetic,pinball_p10,131.1614362909552,aci,5
seasonal_naive,prices+weather,3,ALL,synthetic,pinball_p50,446.69113330821773,aci,5
seasonal_naive,prices+weather,3,ALL,synthetic,pinball_p90,346.28703093576985,aci,5
seasonal_naive,prices+weather,3,ALL,synthetic,pinball_mean,308.0465335116476,aci,5
seasonal_naive,prices+weather,3,ALL,synthetic,mape_p50_pct,43.06063541290327,aci,5
seasonal_naive,prices+weather,3,ALL,synthetic,coverage_p10_p90_pct,75.6958250497018,aci,5
seasonal_naive,prices+weather,3,ALL,synthetic,n,4024.0,aci,5
seasonal_naive,prices+weather,4,ALL,synthetic,pinball_p10,143.605341746829,aci,5
seasonal_naive,prices+weather,4,ALL,synthetic,pinball_p50,508.0403111638046,aci,5
seasonal_naive,prices+weather,4,ALL,synthetic,pinball_p90,445.52511060526865,aci,5
seasonal_naive,prices+weather,4,ALL,synthetic,pinball_mean,365.7235878386341,aci,5
seasonal_naive,prices+weather,4,ALL,synthetic,mape_p50_pct,48.316125153010674,aci,5
seasonal_naive,prices+weather,4,ALL,synthetic,coverage_p10_p90_pct,74.87574552683897,aci,5
seasonal_naive,prices+weather,4,ALL,synthetic,n,4024.0,aci,5
seasonal_naive,prices+weather,spike_14d,ALL,synthetic,spike_events,1350.0,aci,5
seasonal_naive,prices+weather,spike_14d,ALL,synthetic,spike_recall,0.0,aci,5
seasonal_naive,prices+weather,spike_14d,ALL,synthetic,spike_precision,,aci,5
seasonal_naive,prices+weather,spike_14d,ALL,synthetic,spike_false_alarm_rate,0.0,aci,5
seasonal_naive,prices+weather,spike_14d,ALL,synthetic,spike_brier,0.23014883681320839,aci,5
naive,prices+weather,1,ALL,synthetic,pinball_p10,53.332782214389255,before,6
naive,prices+weather,1,ALL,synthetic,pinball_p50,126.46362730443448,before,6
naive,prices+weather,1,ALL,synthetic,pinball_p90,66.3790727690412,before,6
naive,prices+weather,1,ALL,synthetic,pinball_mean,82.05849409595498,before,6
naive,prices+weather,1,ALL,synthetic,mape_p50_pct,12.9349911934841,before,6
naive,prices+weather,1,ALL,synthetic,coverage_p10_p90_pct,86.72147483806677,before,6
naive,prices+weather,1,ALL,synthetic,n,4014.0,before,6
naive,prices+weather,2,ALL,synthetic,pinball_p10,70.04683608253136,before,6
naive,prices+weather,2,ALL,synthetic,pinball_p50,164.51132415165688,before,6
naive,prices+weather,2,ALL,synthetic,pinball_p90,88.39539767939914,before,6
naive,prices+weather,2,ALL,synthetic,pinball_mean,107.65118597119579,before,6
naive,prices+weather,2,ALL,synthetic,mape_p50_pct,16.298953263995557,before,6
naive,prices+weather,2,ALL,synthetic,coverage_p10_p90_pct,90.45839561534629,before,6
naive,prices+weather,2,ALL,synthetic,n,4014.0,before,6
naive,prices+weather,3,ALL,synthetic,pinball_p10,84.80094801124778,before,6
naive,prices+weather,3,ALL,synthetic,pinball_p50,191.56091188933047,before,6
naive,prices+weather,3,ALL,synthetic,pinball_p90,105.63792166614336,before,6
naive,prices+weather,3,ALL,synthetic,pinball_mean,127.33326052224054,before,6
naive,prices+weather,3,ALL,synthetic,mape_p50_pct,18.2606662261754,before,6
naive,prices+weather,3,ALL,synthetic,coverage_p10_p90_pct,93.34993773349937,before,6
naive,prices+weather,3,ALL,synthetic,n,4015.0,before,6
naive,prices+weather,4,ALL,synthetic,pinball_p10,96.95347090720006,before,6
naive,prices+weather,4,ALL,synthetic,pinball_p50,217.06823052510626,before,6
naive,prices+weather,4,ALL,synthetic,pinball_p90,118.8556780111714,before,6
naive,prices+weather,4,ALL,synthetic,pinball_mean,144.29245981449256,before,6
naive,prices+weather,4,ALL,synthetic,mape_p50_pct,20.065854054244493,before,6
naive,prices+weather,4,ALL,synthetic,coverage_p10_p90_pct,93.30012453300125,before,6
naive,prices+weather,4,ALL,synthetic,n,4015.0,before,6
naive,prices+weather,spike_14d,ALL,synthetic,spike_events,988.0,before,6
naive,prices+weather,spike_14d,ALL,synthetic,spike_recall,0.0,before,6
naive,prices+weather,spike_14d,ALL,synthetic,spike_precision,,before,6
naive,prices+weather,spike_14d,ALL,synthetic,spike_false_alarm_rate,0.0,before,6
naive,prices+weather,spike_14d,ALL,synthetic,spike_brier,0.18862186262197483,before,6
seasonal_naive,prices+weather,1,ALL,synthetic,pinball_p10,106.4901716391668,before,6
seasonal_naive,prices+weather,1,ALL,synthetic,pinball_p50,227.44304786239138,before,6
seasonal_naive,prices+weather,1,ALL,synthetic,pinball_p90,120.13687617464423,before,6
seasonal_naive,prices+weather,1,ALL,synthetic,pinball_mean,151.35669855873414,before,6
seasonal_naive,prices+weather,1,ALL,synthetic,mape_p50_pct,22.373512883055703,before,6
seasonal_naive,prices+weather,1,ALL,synthetic,coverage_p10_p90_pct,86.04882909815646,before,6
seasonal_naive,prices+weather,1,ALL,synthetic,n,4014.0,before,6
seasonal_naive,prices+weather,2,ALL,synthetic,pinball_p10,161.02575692215873,before,6
seasonal_naive,prices+weather,2,ALL,synthetic,pinball_p50,340.0147469488975,before,6
seasonal_naive,prices+weather,2,ALL,synthetic,pinball_p90,192.70337255984035,before,6
seasonal_naive,prices+weather,2,ALL,synthetic,pinball_mean,231.24795881029885,before,6
seasonal_naive,prices+weather,2,ALL,synthetic,mape_p50_pct,32.16866989778591,before,6
seasonal_naive,prices+weather,2,ALL,synthetic,coverage_p10_p90_pct,87.07025411061285,before,6
seasonal_naive,prices+weather,2,ALL,synthetic,n,4014.0,before,6
seasonal_naive,prices+weather,3,ALL,synthetic,pinball_p10,185.24464699641197,before,6
seasonal_naive,prices+weather,3,ALL,synthetic,pinball_p50,420.6777891843589,before,6
seasonal_naive,prices+weather,3,ALL,synthetic,pinball_p90,260.6914620992062,before,6
seasonal_naive,prices+weather,3,ALL,synthetic,pinball_mean,288.87129942665905,before,6
seasonal_naive,prices+weather,3,ALL,synthetic,mape_p50_pct,38.35015357132113,before,6
seasonal_naive,prices+weather,3,ALL,synthetic,coverage_p10_p90_pct,86.42590286425903,before,6
seasonal_naive,prices+weather,3,ALL,synthetic,n,4015.0,before,6
seasonal_naive,prices+weather,4,ALL,synthetic,pinball_p10,192.3455108528543,before,6
seasonal_naive,prices+weather,4,ALL,synthetic,pinball_p50,469.5317379361982,before,6
seasonal_naive,prices+weather,4,ALL,synthetic,pinball_p90,296.40059846953716,before,6
seasonal_naive,prices+weather,4,ALL,synthetic,pinball_mean,319.42594908619657,before,6
seasonal_naive,prices+weather,4,ALL,synthetic,mape_p50_pct,42.11362390924941,before,6
seasonal_naive,prices+weather,4,ALL,synthetic,coverage_p10_p90_pct,85.80323785803238,before,6
seasonal_naive,prices+weather,4,ALL,synthetic,n,4015.0,before,6
seasonal_naive,prices+weather,spike_14d,ALL,synthetic,spike_events,988.0,before,6
seasonal_naive,prices+weather,spike_14d,ALL,synthetic,spike_recall,0.0,before,6
seasonal_naive,prices+weather,spike_14d,ALL,synthetic,spike_precision,,before,6
seasonal_naive,prices+weather,spike_14d,ALL,synthetic,spike_false_alarm_rate,0.0,before,6
seasonal_naive,prices+weather,spike_14d,ALL,synthetic,spike_brier,0.18862186262197483,before,6
lightgbm_quantile,prices+weather,1,ALL,synthetic,pinball_p10,53.76882565057094,before,6
lightgbm_quantile,prices+weather,1,ALL,synthetic,pinball_p50,128.6316496389489,before,6
lightgbm_quantile,prices+weather,1,ALL,synthetic,pinball_p90,69.48763850998134,before,6
lightgbm_quantile,prices+weather,1,ALL,synthetic,pinball_mean,83.96270459983371,before,6
lightgbm_quantile,prices+weather,1,ALL,synthetic,mape_p50_pct,13.02424837927475,before,6
lightgbm_quantile,prices+weather,1,ALL,synthetic,coverage_p10_p90_pct,83.78176382660688,before,6
lightgbm_quantile,prices+weather,1,ALL,synthetic,n,4014.0,before,6
lightgbm_quantile,prices+weather,2,ALL,synthetic,pinball_p10,66.13082257911522,before,6
lightgbm_quantile,prices+weather,2,ALL,synthetic,pinball_p50,164.13597351417414,before,6
lightgbm_quantile,prices+weather,2,ALL,synthetic,pinball_p90,101.87573469766768,before,6
lightgbm_quantile,prices+weather,2,ALL,synthetic,pinball_mean,110.71417693031901,before,6
lightgbm_quantile,prices+weather,2,ALL,synthetic,mape_p50_pct,16.07412716505319,before,6
lightgbm_quantile,prices+weather,2,ALL,synthetic,coverage_p10_p90_pct,86.6965620328849,before,6
lightgbm_quantile,prices+weather,2,ALL,synthetic,n,4014.0,before,6
lightgbm_quantile,prices+weather,3,ALL,synthetic,pinball_p10,75.46839919359732,before,6
lightgbm_quantile,prices+weather,3,ALL,synthetic,pinball_p50,174.60747880663746,before,6
lightgbm_quantile,prices+weather,3,ALL,synthetic,pinball_p90,123.30494936729508,before,6
lightgbm_quantile,prices+weather,3,ALL,synthetic,pinball_mean,124.4602757891766,before,6
lightgbm_quantile,prices+weather,3,ALL,synthetic,mape_p50_pct,16.689951905379175,before,6
lightgbm_quantile,prices+weather,3,ALL,synthetic,coverage_p10_p90_pct,88.11955168119552,before,6
lightgbm_quantile,prices+weather,3,ALL,synthetic,n,4015.0,before,6
lightgbm_quantile,prices+weather,4,ALL,synthetic,pinball_p10,83.25173816838902,before,6
lightgbm_quantile,prices+weather,4,ALL,synthetic,pinball_p50,184.32808127812834,before,6
lightgbm_quantile,prices+weather,4,ALL,synthetic,pinball_p90,132.22988049122947,before,6
lightgbm_quantile,prices+weather,4,ALL,synthetic,pinball_mean,133.26989997924895,before,6
lightgbm_quantile,prices+weather,4,ALL,synthetic,mape_p50_pct,17.336464984566042,before,6
lightgbm_quantile,prices+weather,4,ALL,synthetic,coverage_p10_p90_pct,90.33623910336239,before,6
lightgbm_quantile,prices+weather,4,ALL,synthetic,n,4015.0,before,6
lightgbm_quantile,prices+weather,spike_14d,ALL,synthetic,spike_events,988.0,before,6
lightgbm_quantile,prices+weather,spike_14d,ALL,synthetic,spike_recall,0.12753036437246965,before,6
lightgbm_quantile,prices+weather,spike_14d,ALL,synthetic,spike_precision,0.3080684596577017,before,6
lightgbm_quantile,prices+weather,spike_14d,ALL,synthetic,spike_false_alarm_rate,0.09635682669390534,before,6
lightgbm_quantile,prices+weather,spike_14d,ALL,synthetic,spike_brier,0.18905177275803642,before,6
lightgbm_quantile,prices+weather,1,ALL,synthetic,pinball_p10,55.613570143203276,track_record,6
lightgbm_quantile,prices+weather,1,ALL,synthetic,pinball_p50,128.6316496389489,track_record,6
lightgbm_quantile,prices+weather,1,ALL,synthetic,pinball_p90,70.07406339786895,track_record,6
lightgbm_quantile,prices+weather,1,ALL,synthetic,pinball_mean,84.77309439334037,track_record,6
lightgbm_quantile,prices+weather,1,ALL,synthetic,mape_p50_pct,13.02424837927475,track_record,6
lightgbm_quantile,prices+weather,1,ALL,synthetic,coverage_p10_p90_pct,87.29446935724962,track_record,6
lightgbm_quantile,prices+weather,1,ALL,synthetic,n,4014.0,track_record,6
lightgbm_quantile,prices+weather,2,ALL,synthetic,pinball_p10,70.6910852708117,track_record,6
lightgbm_quantile,prices+weather,2,ALL,synthetic,pinball_p50,164.13597351417414,track_record,6
lightgbm_quantile,prices+weather,2,ALL,synthetic,pinball_p90,103.39181831517162,track_record,6
lightgbm_quantile,prices+weather,2,ALL,synthetic,pinball_mean,112.73962570005249,track_record,6
lightgbm_quantile,prices+weather,2,ALL,synthetic,mape_p50_pct,16.07412716505319,track_record,6
lightgbm_quantile,prices+weather,2,ALL,synthetic,coverage_p10_p90_pct,90.35874439461884,track_record,6
lightgbm_quantile,prices+weather,2,ALL,synthetic,n,4014.0,track_record,6
lightgbm_quantile,prices+weather,3,ALL,synthetic,pinball_p10,85.6096189562205,track_record,6
lightgbm_quantile,prices+weather,3,ALL,synthetic,pinball_p50,174.60747880663746,track_record,6
lightgbm_quantile,prices+weather,3,ALL,synthetic,pinball_p90,124.98392226259855,track_record,6
lightgbm_quantile,prices+weather,3,ALL,synthetic,pinball_mean,128.4003400084855,track_record,6
lightgbm_quantile,prices+weather,3,ALL,synthetic,mape_p50_pct,16.689951905379175,track_record,6
lightgbm_quantile,prices+weather,3,ALL,synthetic,coverage_p10_p90_pct,92.25404732254047,track_record,6
lightgbm_quantile,prices+weather,3,ALL,synthetic,n,4015.0,track_record,6
lightgbm_quantile,prices+weather,4,ALL,synthetic,pinball_p10,97.78499683602632,track_record,6
lightgbm_quantile,prices+weather,4,ALL,synthetic,pinball_p50,184.32808127812834,track_record,6
lightgbm_quantile,prices+weather,4,ALL,synthetic,pinball_p90,134.23362346098892,track_record,6
lightgbm_quantile,prices+weather,4,ALL,synthetic,pinball_mean,138.7822338583812,track_record,6
lightgbm_quantile,prices+weather,4,ALL,synthetic,mape_p50_pct,17.336464984566042,track_record,6
lightgbm_quantile,prices+weather,4,ALL,synthetic,coverage_p10_p90_pct,92.70236612702367,track_record,6
lightgbm_quantile,prices+weather,4,ALL,synthetic,n,4015.0,track_record,6
lightgbm_quantile,prices+weather,spike_14d,ALL,synthetic,spike_events,988.0,track_record,6
lightgbm_quantile,prices+weather,spike_14d,ALL,synthetic,spike_recall,0.12753036437246965,track_record,6
lightgbm_quantile,prices+weather,spike_14d,ALL,synthetic,spike_precision,0.3080684596577017,track_record,6
lightgbm_quantile,prices+weather,spike_14d,ALL,synthetic,spike_false_alarm_rate,0.09635682669390534,track_record,6
lightgbm_quantile,prices+weather,spike_14d,ALL,synthetic,spike_brier,0.18905177275803642,track_record,6
naive,prices+weather,1,ALL,synthetic,pinball_p10,56.00441070535283,track_record,6
naive,prices+weather,1,ALL,synthetic,pinball_p50,126.46362730443448,track_record,6
naive,prices+weather,1,ALL,synthetic,pinball_p90,67.51237904356226,track_record,6
naive,prices+weather,1,ALL,synthetic,pinball_mean,83.32680568444987,track_record,6
naive,prices+weather,1,ALL,synthetic,mape_p50_pct,12.9349911934841,track_record,6
naive,prices+weather,1,ALL,synthetic,coverage_p10_p90_pct,89.73592426507224,track_record,6
naive,prices+weather,1,ALL,synthetic,n,4014.0,track_record,6
naive,prices+weather,2,ALL,synthetic,pinball_p10,80.75841323574096,track_record,6
naive,prices+weather,2,ALL,synthetic,pinball_p50,164.51132415165688,track_record,6
naive,prices+weather,2,ALL,synthetic,pinball_p90,90.64429082774174,track_record,6
naive,prices+weather,2,ALL,synthetic,pinball_mean,111.97134273837986,track_record,6
naive,prices+weather,2,ALL,synthetic,mape_p50_pct,16.298953263995557,track_record,6
naive,prices+weather,2,ALL,synthetic,coverage_p10_p90_pct,93.49775784753363,track_record,6
naive,prices+weather,2,ALL,synthetic,n,4014.0,track_record,6
naive,prices+weather,3,ALL,synthetic,pinball_p10,104.34533513476535,track_record,6
naive,prices+weather,3,ALL,synthetic,pinball_p50,191.56091188933047,track_record,6
naive,prices+weather,3,ALL,synthetic,pinball_p90,105.77200031308074,track_record,6
naive,prices+weather,3,ALL,synthetic,pinball_mean,133.89274911239218,track_record,6
naive,prices+weather,3,ALL,synthetic,mape_p50_pct,18.2606662261754,track_record,6
naive,prices+weather,3,ALL,synthetic,coverage_p10_p90_pct,93.79825653798257,track_record,6
naive,prices+weather,3,ALL,synthetic,n,4015.0,track_record,6
naive,prices+weather,4,ALL,synthetic,pinball_p10,117.51396821896812,track_record,6
naive,prices+weather,4,ALL,synthetic,pinball_p50,217.06823052510626,track_record,6
naive,prices+weather,4,ALL,synthetic,pinball_p90,115.83927321154502,track_record,6
naive,prices+weather,4,ALL,synthetic,pinball_mean,150.14049065187314,track_record,6
naive,prices+weather,4,ALL,synthetic,mape_p50_pct,20.065854054244493,track_record,6
naive,prices+weather,4,ALL,synthetic,coverage_p10_p90_pct,91.70610211706102,track_record,6
naive,prices+weather,4,ALL,synthetic,n,4015.0,track_record,6
naive,prices+weather,spike_14d,ALL,synthetic,spike_events,988.0,track_record,6
naive,prices+weather,spike_14d,ALL,synthetic,spike_recall,0.0,track_record,6
naive,prices+weather,spike_14d,ALL,synthetic,spike_precision,,track_record,6
naive,prices+weather,spike_14d,ALL,synthetic,spike_false_alarm_rate,0.0,track_record,6
naive,prices+weather,spike_14d,ALL,synthetic,spike_brier,0.18862186262197483,track_record,6
seasonal_naive,prices+weather,1,ALL,synthetic,pinball_p10,110.14015765554723,track_record,6
seasonal_naive,prices+weather,1,ALL,synthetic,pinball_p50,227.44304786239138,track_record,6
seasonal_naive,prices+weather,1,ALL,synthetic,pinball_p90,119.11834617373799,track_record,6
seasonal_naive,prices+weather,1,ALL,synthetic,pinball_mean,152.23385056389222,track_record,6
seasonal_naive,prices+weather,1,ALL,synthetic,mape_p50_pct,22.373512883055703,track_record,6
seasonal_naive,prices+weather,1,ALL,synthetic,coverage_p10_p90_pct,85.87443946188341,track_record,6
seasonal_naive,prices+weather,1,ALL,synthetic,n,4014.0,track_record,6
seasonal_naive,prices+weather,2,ALL,synthetic,pinball_p10,170.0676787627736,track_record,6
seasonal_naive,prices+weather,2,ALL,synthetic,pinball_p50,340.0147469488975,track_record,6
seasonal_naive,prices+weather,2,ALL,synthetic,pinball_p90,190.76162820300735,track_record,6
seasonal_naive,prices+weather,2,ALL,synthetic,pinball_mean,233.61468463822612,track_record,6
seasonal_naive,prices+weather,2,ALL,synthetic,mape_p50_pct,32.16866989778591,track_record,6
seasonal_naive,prices+weather,2,ALL,synthetic,coverage_p10_p90_pct,86.92077727952167,track_record,6
seasonal_naive,prices+weather,2,ALL,synthetic,n,4014.0,track_record,6
seasonal_naive,prices+weather,3,ALL,synthetic,pinball_p10,195.37234478656606,track_record,6
seasonal_naive,prices+weather,3,ALL,synthetic,pinball_p50,420.6777891843589,track_record,6
seasonal_naive,prices+weather,3,ALL,synthetic,pinball_p90,260.86033337048474,track_record,6
seasonal_naive,prices+weather,3,ALL,synthetic,pinball_mean,292.3034891138032,track_record,6
seasonal_naive,prices+weather,3,ALL,synthetic,mape_p50_pct,38.35015357132113,track_record,6
seasonal_naive,prices+weather,3,ALL,synthetic,coverage_p10_p90_pct,85.55417185554171,track_record,6
seasonal_naive,prices+weather,3,ALL,synthetic,n,4015.0,track_record,6
seasonal_naive,prices+weather,4,ALL,synthetic,pinball_p10,199.52013059341996,track_record,6
seasonal_naive,prices+weather,4,ALL,synthetic,pinball_p50,469.5317379361982,track_record,6
seasonal_naive,prices+weather,4,ALL,synthetic,pinball_p90,290.01667076758173,track_record,6
seasonal_naive,prices+weather,4,ALL,synthetic,pinball_mean,319.6895130990667,track_record,6
seasonal_naive,prices+weather,4,ALL,synthetic,mape_p50_pct,42.11362390924941,track_record,6
seasonal_naive,prices+weather,4,ALL,synthetic,coverage_p10_p90_pct,84.18430884184309,track_record,6
seasonal_naive,prices+weather,4,ALL,synthetic,n,4015.0,track_record,6
seasonal_naive,prices+weather,spike_14d,ALL,synthetic,spike_events,988.0,track_record,6
seasonal_naive,prices+weather,spike_14d,ALL,synthetic,spike_recall,0.0,track_record,6
seasonal_naive,prices+weather,spike_14d,ALL,synthetic,spike_precision,,track_record,6
seasonal_naive,prices+weather,spike_14d,ALL,synthetic,spike_false_alarm_rate,0.0,track_record,6
seasonal_naive,prices+weather,spike_14d,ALL,synthetic,spike_brier,0.18862186262197483,track_record,6
lightgbm_quantile,prices+weather,1,ALL,synthetic,pinball_p10,57.30044110728559,aci,6
lightgbm_quantile,prices+weather,1,ALL,synthetic,pinball_p50,128.6316496389489,aci,6
lightgbm_quantile,prices+weather,1,ALL,synthetic,pinball_p90,71.04250452176781,aci,6
lightgbm_quantile,prices+weather,1,ALL,synthetic,pinball_mean,85.65819842266744,aci,6
lightgbm_quantile,prices+weather,1,ALL,synthetic,mape_p50_pct,13.02424837927475,aci,6
lightgbm_quantile,prices+weather,1,ALL,synthetic,coverage_p10_p90_pct,81.41504733432984,aci,6
lightgbm_quantile,prices+weather,1,ALL,synthetic,n,4014.0,aci,6
lightgbm_quantile,prices+weather,2,ALL,synthetic,pinball_p10,73.19114410144894,aci,6
lightgbm_quantile,prices+weather,2,ALL,synthetic,pinball_p50,164.13597351417414,aci,6
lightgbm_quantile,prices+weather,2,ALL,synthetic,pinball_p90,102.52146718985838,aci,6
lightgbm_quantile,prices+weather,2,ALL,synthetic,pinball_mean,113.28286160182715,aci,6
lightgbm_quantile,prices+weather,2,ALL,synthetic,mape_p50_pct,16.07412716505319,aci,6
lightgbm_quantile,prices+weather,2,ALL,synthetic,coverage_p10_p90_pct,83.9063278525162,aci,6
lightgbm_quantile,prices+weather,2,ALL,synthetic,n,4014.0,aci,6
lightgbm_quantile,prices+weather,3,ALL,synthetic,pinball_p10,96.04314823644783,aci,6
lightgbm_quantile,prices+weather,3,ALL,synthetic,pinball_p50,174.60747880663746,aci,6
lightgbm_quantile,prices+weather,3,ALL,synthetic,pinball_p90,126.39661029291389,aci,6
lightgbm_quantile,prices+weather,3,ALL,synthetic,pinball_mean,132.3490791119997,aci,6
lightgbm_quantile,prices+weather,3,ALL,synthetic,mape_p50_pct,16.689951905379175,aci,6
lightgbm_quantile,prices+weather,3,ALL,synthetic,coverage_p10_p90_pct,87.3225404732254,aci,6
lightgbm_quantile,prices+weather,3,ALL,synthetic,n,4015.0,aci,6
lightgbm_quantile,prices+weather,4,ALL,synthetic,pinball_p10,107.94954598297115,aci,6
lightgbm_quantile,prices+weather,4,ALL,synthetic,pinball_p50,184.32808127812834,aci,6
lightgbm_quantile,prices+weather,4,ALL,synthetic,pinball_p90,134.63741765673706,aci,6
lightgbm_quantile,prices+weather,4,ALL,synthetic,pinball_mean,142.30501497261218,aci,6
lightgbm_quantile,prices+weather,4,ALL,synthetic,mape_p50_pct,17.336464984566042,aci,6
lightgbm_quantile,prices+weather,4,ALL,synthetic,coverage_p10_p90_pct,87.72104607721046,aci,6
lightgbm_quantile,prices+weather,4,ALL,synthetic,n,4015.0,aci,6
lightgbm_quantile,prices+weather,spike_14d,ALL,synthetic,spike_events,988.0,aci,6
lightgbm_quantile,prices+weather,spike_14d,ALL,synthetic,spike_recall,0.12753036437246965,aci,6
lightgbm_quantile,prices+weather,spike_14d,ALL,synthetic,spike_precision,0.3080684596577017,aci,6
lightgbm_quantile,prices+weather,spike_14d,ALL,synthetic,spike_false_alarm_rate,0.09635682669390534,aci,6
lightgbm_quantile,prices+weather,spike_14d,ALL,synthetic,spike_brier,0.18905177275803642,aci,6
naive,prices+weather,1,ALL,synthetic,pinball_p10,58.465428177703295,aci,6
naive,prices+weather,1,ALL,synthetic,pinball_p50,126.46362730443448,aci,6
naive,prices+weather,1,ALL,synthetic,pinball_p90,68.12889052341782,aci,6
naive,prices+weather,1,ALL,synthetic,pinball_mean,84.35264866851854,aci,6
naive,prices+weather,1,ALL,synthetic,mape_p50_pct,12.9349911934841,aci,6
naive,prices+weather,1,ALL,synthetic,coverage_p10_p90_pct,89.91031390134529,aci,6
naive,prices+weather,1,ALL,synthetic,n,4014.0,aci,6
naive,prices+weather,2,ALL,synthetic,pinball_p10,94.39367679087805,aci,6
naive,prices+weather,2,ALL,synthetic,pinball_p50,164.51132415165688,aci,6
naive,prices+weather,2,ALL,synthetic,pinball_p90,91.71125528041217,aci,6
naive,prices+weather,2,ALL,synthetic,pinball_mean,116.87208540764902,aci,6
naive,prices+weather,2,ALL,synthetic,mape_p50_pct,16.298953263995557,aci,6
naive,prices+weather,2,ALL,synthetic,coverage_p10_p90_pct,93.87144992526159,aci,6
naive,prices+weather,2,ALL,synthetic,n,4014.0,aci,6
naive,prices+weather,3,ALL,synthetic,pinball_p10,118.57591277791462,aci,6
naive,prices+weather,3,ALL,synthetic,pinball_p50,191.56091188933047,aci,6
naive,prices+weather,3,ALL,synthetic,pinball_p90,108.3493766877075,aci,6
naive,prices+weather,3,ALL,synthetic,pinball_mean,139.49540045165085,aci,6
naive,prices+weather,3,ALL,synthetic,mape_p50_pct,18.2606662261754,aci,6
naive,prices+weather,3,ALL,synthetic,coverage_p10_p90_pct,93.89788293897882,aci,6
naive,prices+weather,3,ALL,synthetic,n,4015.0,aci,6
naive,prices+weather,4,ALL,synthetic,pinball_p10,132.90584497564515,aci,6
naive,prices+weather,4,ALL,synthetic,pinball_p50,217.06823052510626,aci,6
naive,prices+weather,4,ALL,synthetic,pinball_p90,127.00154441077466,aci,6
naive,prices+weather,4,ALL,synthetic,pinball_mean,158.99187330384203,aci,6
naive,prices+weather,4,ALL,synthetic,mape_p50_pct,20.065854054244493,aci,6
naive,prices+weather,4,ALL,synthetic,coverage_p10_p90_pct,92.82689912826899,aci,6
naive,prices+weather,4,ALL,synthetic,n,4015.0,aci,6
naive,prices+weather,spike_14d,ALL,synthetic,spike_events,988.0,aci,6
naive,prices+weather,spike_14d,ALL,synthetic,spike_recall,0.0,aci,6
naive,prices+weather,spike_14d,ALL,synthetic,spike_precision,,aci,6
naive,prices+weather,spike_14d,ALL,synthetic,spike_false_alarm_rate,0.0,aci,6
naive,prices+weather,spike_14d,ALL,synthetic,spike_brier,0.18862186262197483,aci,6
seasonal_naive,prices+weather,1,ALL,synthetic,pinball_p10,114.57055335442882,aci,6
seasonal_naive,prices+weather,1,ALL,synthetic,pinball_p50,227.44304786239138,aci,6
seasonal_naive,prices+weather,1,ALL,synthetic,pinball_p90,119.71042147680176,aci,6
seasonal_naive,prices+weather,1,ALL,synthetic,pinball_mean,153.90800756454067,aci,6
seasonal_naive,prices+weather,1,ALL,synthetic,mape_p50_pct,22.373512883055703,aci,6
seasonal_naive,prices+weather,1,ALL,synthetic,coverage_p10_p90_pct,86.59691081215745,aci,6
seasonal_naive,prices+weather,1,ALL,synthetic,n,4014.0,aci,6
seasonal_naive,prices+weather,2,ALL,synthetic,pinball_p10,188.54200288743417,aci,6
seasonal_naive,prices+weather,2,ALL,synthetic,pinball_p50,340.0147469488975,aci,6
seasonal_naive,prices+weather,2,ALL,synthetic,pinball_p90,198.736526853627,aci,6
seasonal_naive,prices+weather,2,ALL,synthetic,pinball_mean,242.4310922299862,aci,6
seasonal_naive,prices+weather,2,ALL,synthetic,mape_p50_pct,32.16866989778591,aci,6
seasonal_naive,prices+weather,2,ALL,synthetic,coverage_p10_p90_pct,88.31589436970603,aci,6
seasonal_naive,prices+weather,2,ALL,synthetic,n,4014.0,aci,6
seasonal_naive,prices+weather,3,ALL,synthetic,pinball_p10,209.24816771593137,aci,6
seasonal_naive,prices+weather,3,ALL,synthetic,pinball_p50,420.6777891843589,aci,6
seasonal_naive,prices+weather,3,ALL,synthetic,pinball_p90,290.33069738824446,aci,6
seasonal_naive,prices+weather,3,ALL,synthetic,pinball_mean,306.75221809617824,aci,6
seasonal_naive,prices+weather,3,ALL,synthetic,mape_p50_pct,38.35015357132113,aci,6
seasonal_naive,prices+weather,3,ALL,synthetic,coverage_p10_p90_pct,89.68866749688668,aci,6
seasonal_naive,prices+weather,3,ALL,synthetic,n,4015.0,aci,6
seasonal_naive,prices+weather,4,ALL,synthetic,pinball_p10,210.97830668353646,aci,6
seasonal_naive,prices+weather,4,ALL,synthetic,pinball_p50,469.5317379361982,aci,6
seasonal_naive,prices+weather,4,ALL,synthetic,pinball_p90,335.4032411075789,aci,6
seasonal_naive,prices+weather,4,ALL,synthetic,pinball_mean,338.63776190910454,aci,6
seasonal_naive,prices+weather,4,ALL,synthetic,mape_p50_pct,42.11362390924941,aci,6
seasonal_naive,prices+weather,4,ALL,synthetic,coverage_p10_p90_pct,89.26525529265255,aci,6
seasonal_naive,prices+weather,4,ALL,synthetic,n,4015.0,aci,6
seasonal_naive,prices+weather,spike_14d,ALL,synthetic,spike_events,988.0,aci,6
seasonal_naive,prices+weather,spike_14d,ALL,synthetic,spike_recall,0.0,aci,6
seasonal_naive,prices+weather,spike_14d,ALL,synthetic,spike_precision,,aci,6
seasonal_naive,prices+weather,spike_14d,ALL,synthetic,spike_false_alarm_rate,0.0,aci,6
seasonal_naive,prices+weather,spike_14d,ALL,synthetic,spike_brier,0.18862186262197483,aci,6
naive,prices+weather,1,ALL,synthetic,pinball_p10,57.06078468454856,before,7
naive,prices+weather,1,ALL,synthetic,pinball_p50,142.08970419354208,before,7
naive,prices+weather,1,ALL,synthetic,pinball_p90,71.97415265192429,before,7
naive,prices+weather,1,ALL,synthetic,pinball_mean,90.37488051000497,before,7
naive,prices+weather,1,ALL,synthetic,mape_p50_pct,13.062754847365508,before,7
naive,prices+weather,1,ALL,synthetic,coverage_p10_p90_pct,85.15392254220457,before,7
naive,prices+weather,1,ALL,synthetic,n,4028.0,before,7
naive,prices+weather,2,ALL,synthetic,pinball_p10,69.88508662170253,before,7
naive,prices+weather,2,ALL,synthetic,pinball_p50,181.36758583671292,before,7
naive,prices+weather,2,ALL,synthetic,pinball_p90,93.1219479869573,before,7
naive,prices+weather,2,ALL,synthetic,pinball_mean,114.79154014845757,before,7
naive,prices+weather,2,ALL,synthetic,mape_p50_pct,16.716058139002456,before,7
naive,prices+weather,2,ALL,synthetic,coverage_p10_p90_pct,87.1712158808933,before,7
naive,prices+weather,2,ALL,synthetic,n,4030.0,before,7
naive,prices+weather,3,ALL,synthetic,pinball_p10,77.30554687801252,before,7
naive,prices+weather,3,ALL,synthetic,pinball_p50,203.78039693977888,before,7
naive,prices+weather,3,ALL,synthetic,pinball_p90,108.25288720194753,before,7
naive,prices+weather,3,ALL,synthetic,pinball_mean,129.77961033991298,before,7
naive,prices+weather,3,ALL,synthetic,mape_p50_pct,18.828982730172523,before,7
naive,prices+weather,3,ALL,synthetic,coverage_p10_p90_pct,89.62779156327544,before,7
naive,prices+weather,3,ALL,synthetic,n,4030.0,before,7
naive,prices+weather,4,ALL,synthetic,pinball_p10,83.38697461255565,before,7
naive,prices+weather,4,ALL,synthetic,pinball_p50,218.13782384837117,before,7
naive,prices+weather,4,ALL,synthetic,pinball_p90,124.30881061162476,before,7
naive,prices+weather,4,ALL,synthetic,pinball_mean,141.9445363575172,before,7
naive,prices+weather,4,ALL,synthetic,mape_p50_pct,20.05576739658584,before,7
naive,prices+weather,4,ALL,synthetic,coverage_p10_p90_pct,90.32258064516128,before,7
naive,prices+weather,4,ALL,synthetic,n,4030.0,before,7
naive,prices+weather,spike_14d,ALL,synthetic,spike_events,796.0,before,7
naive,prices+weather,spike_14d,ALL,synthetic,spike_recall,0.0,before,7
naive,prices+weather,spike_14d,ALL,synthetic,spike_precision,,before,7
naive,prices+weather,spike_14d,ALL,synthetic,spike_false_alarm_rate,0.0,before,7
naive,prices+weather,spike_14d,ALL,synthetic,spike_brier,0.16018502869695977,before,7
seasonal_naive,prices+weather,1,ALL,synthetic,pinball_p10,94.03924402703497,before,7
seasonal_naive,prices+weather,1,ALL,synthetic,pinball_p50,237.29380708981742,before,7
seasonal_naive,prices+weather,1,ALL,synthetic,pinball_p90,128.65184620058977,before,7
seasonal_naive,prices+weather,1,ALL,synthetic,pinball_mean,153.32829910581407,before,7
seasonal_naive,prices+weather,1,ALL,synthetic,mape_p50_pct,22.201253622319424,before,7
seasonal_naive,prices+weather,1,ALL,synthetic,coverage_p10_p90_pct,81.20655412115194,before,7
seasonal_naive,prices+weather,1,ALL,synthetic,n,4028.0,before,7
seasonal_naive,prices+weather,2,ALL,synthetic,pinball_p10,135.22200171113911,before,7
seasonal_naive,prices+weather,2,ALL,synthetic,pinball_p50,348.52377683248153,before,7
seasonal_naive,prices+weather,2,ALL,synthetic,pinball_p90,200.3518924078678,before,7
seasonal_naive,prices+weather,2,ALL,synthetic,pinball_mean,228.0325569838295,before,7
seasonal_naive,prices+weather,2,ALL,synthetic,mape_p50_pct,32.61016917070589,before,7
seasonal_naive,prices+weather,2,ALL,synthetic,coverage_p10_p90_pct,77.81637717121588,before,7
seasonal_naive,prices+weather,2,ALL,synthetic,n,4030.0,before,7
seasonal_naive,prices+weather,3,ALL,synthetic,pinball_p10,185.49680620575492,before,7
seasonal_naive,prices+weather,3,ALL,synthetic,pinball_p50,451.802631612646,before,7
seasonal_naive,prices+weather,3,ALL,synthetic,pinball_p90,265.85195976644087,before,7
seasonal_naive,prices+weather,3,ALL,synthetic,pinball_mean,301.05046586161393,before,7
seasonal_naive,prices+weather,3,ALL,synthetic,mape_p50_pct,42.18406938293423,before,7
seasonal_naive,prices+weather,3,ALL,synthetic,coverage_p10_p90_pct,74.24317617866005,before,7
seasonal_naive,prices+weather,3,ALL,synthetic,n,4030.0,before,7
seasonal_naive,prices+weather,4,ALL,synthetic,pinball_p10,230.75933122252448,before,7
seasonal_naive,prices+weather,4,ALL,synthetic,pinball_p50,540.3350241966397,before,7
seasonal_naive,prices+weather,4,ALL,synthetic,pinball_p90,306.999652400712,before,7
seasonal_naive,prices+weather,4,ALL,synthetic,pinball_mean,359.36466927329207,before,7
seasonal_naive,prices+weather,4,ALL,synthetic,mape_p50_pct,50.257037784676285,before,7
seasonal_naive,prices+weather,4,ALL,synthetic,coverage_p10_p90_pct,72.60545905707197,before,7
seasonal_naive,prices+weather,4,ALL,synthetic,n,4030.0,before,7
seasonal_naive,prices+weather,spike_14d,ALL,synthetic,spike_events,796.0,before,7
seasonal_naive,prices+weather,spike_14d,ALL,synthetic,spike_recall,0.0,before,7
seasonal_naive,prices+weather,spike_14d,ALL,synthetic,spike_precision,,before,7
seasonal_naive,prices+weather,spike_14d,ALL,synthetic,spike_false_alarm_rate,0.0,before,7
seasonal_naive,prices+weather,spike_14d,ALL,synthetic,spike_brier,0.16018502869695977,before,7
lightgbm_quantile,prices+weather,1,ALL,synthetic,pinball_p10,68.6143312000145,before,7
lightgbm_quantile,prices+weather,1,ALL,synthetic,pinball_p50,152.57835280737828,before,7
lightgbm_quantile,prices+weather,1,ALL,synthetic,pinball_p90,73.47089298486867,before,7
lightgbm_quantile,prices+weather,1,ALL,synthetic,pinball_mean,98.22119233075382,before,7
lightgbm_quantile,prices+weather,1,ALL,synthetic,mape_p50_pct,13.572670817293456,before,7
lightgbm_quantile,prices+weather,1,ALL,synthetic,coverage_p10_p90_pct,72.96425024826216,before,7
lightgbm_quantile,prices+weather,1,ALL,synthetic,n,4028.0,before,7
lightgbm_quantile,prices+weather,2,ALL,synthetic,pinball_p10,80.41854341028585,before,7
lightgbm_quantile,prices+weather,2,ALL,synthetic,pinball_p50,193.73061379489982,before,7
lightgbm_quantile,prices+weather,2,ALL,synthetic,pinball_p90,96.31637555480832,before,7
lightgbm_quantile,prices+weather,2,ALL,synthetic,pinball_mean,123.488510919998,before,7
lightgbm_quantile,prices+weather,2,ALL,synthetic,mape_p50_pct,17.175096803659716,before,7
lightgbm_quantile,prices+weather,2,ALL,synthetic,coverage_p10_p90_pct,72.0347394540943,before,7
lightgbm_quantile,prices+weather,2,ALL,synthetic,n,4030.0,before,7
lightgbm_quantile,prices+weather,3,ALL,synthetic,pinball_p10,87.23814335142772,before,7
lightgbm_quantile,prices+weather,3,ALL,synthetic,pinball_p50,199.383504590237,before,7
lightgbm_quantile,prices+weather,3,ALL,synthetic,pinball_p90,107.3104432645956,before,7
lightgbm_quantile,prices+weather,3,ALL,synthetic,pinball_mean,131.31069706875346,before,7
lightgbm_quantile,prices+weather,3,ALL,synthetic,mape_p50_pct,17.78422693096567,before,7
lightgbm_quantile,prices+weather,3,ALL,synthetic,coverage_p10_p90_pct,71.21588089330024,before,7
lightgbm_quantile,prices+weather,3,ALL,synthetic,n,4030.0,before,7
lightgbm_quantile,prices+weather,4,ALL,synthetic,pinball_p10,98.18406825307889,before,7
lightgbm_quantile,prices+weather,4,ALL,synthetic,pinball_p50,206.74319842869306,before,7
lightgbm_quantile,prices+weather,4,ALL,synthetic,pinball_p90,110.65789562695156,before,7
lightgbm_quantile,prices+weather,4,ALL,synthetic,pinball_mean,138.52838743624116,before,7
lightgbm_quantile,prices+weather,4,ALL,synthetic,mape_p50_pct,18.42456627461108,before,7
lightgbm_quantile,prices+weather,4,ALL,synthetic,coverage_p10_p90_pct,68.53598014888338,before,7
lightgbm_quantile,prices+weather,4,ALL,synthetic,n,4030.0,before,7
lightgbm_quantile,prices+weather,spike_14d,ALL,synthetic,spike_events,796.0,before,7
lightgbm_quantile,prices+weather,spike_14d,ALL,synthetic,spike_recall,0.0728643216080402,before,7
lightgbm_quantile,prices+weather,spike_14d,ALL,synthetic,spike_precision,0.2636363636363636,before,7
lightgbm_quantile,prices+weather,spike_14d,ALL,synthetic,spike_false_alarm_rate,0.050263729444616816,before,7
lightgbm_quantile,prices+weather,spike_14d,ALL,synthetic,spike_brier,0.16481957177279605,before,7
lightgbm_quantile,prices+weather,1,ALL,synthetic,pinball_p10,66.95106594913705,track_record,7
lightgbm_quantile,prices+weather,1,ALL,synthetic,pinball_p50,152.57835280737828,track_record,7
lightgbm_quantile,prices+weather,1,ALL,synthetic,pinball_p90,73.16938036965189,track_record,7
lightgbm_quantile,prices+weather,1,ALL,synthetic,pinball_mean,97.56626637538908,track_record,7
lightgbm_quantile,prices+weather,1,ALL,synthetic,mape_p50_pct,13.572670817293456,track_record,7
lightgbm_quantile,prices+weather,1,ALL,synthetic,coverage_p10_p90_pct,77.40814299900694,track_record,7
lightgbm_quantile,prices+weather,1,ALL,synthetic,n,4028.0,track_record,7
lightgbm_quantile,prices+weather,2,ALL,synthetic,pinball_p10,78.45399321558205,track_record,7
lightgbm_quantile,prices+weather,2,ALL,synthetic,pinball_p50,193.73061379489982,track_record,7
lightgbm_quantile,prices+weather,2,ALL,synthetic,pinball_p90,97.53543026724651,track_record,7
lightgbm_quantile,prices+weather,2,ALL,synthetic,pinball_mean,123.24001242590946,track_record,7
lightgbm_quantile,prices+weather,2,ALL,synthetic,mape_p50_pct,17.175096803659716,track_record,7
lightgbm_quantile,prices+weather,2,ALL,synthetic,coverage_p10_p90_pct,76.62531017369727,track_record,7
lightgbm_quantile,prices+weather,2,ALL,synthetic,n,4030.0,track_record,7
lightgbm_quantile,prices+weather,3,ALL,synthetic,pinball_p10,88.6163606878643,track_record,7
lightgbm_quantile,prices+weather,3,ALL,synthetic,pinball_p50,199.383504590237,track_record,7
lightgbm_quantile,prices+weather,3,ALL,synthetic,pinball_p90,111.17416698763796,track_record,7
lightgbm_quantile,prices+weather,3,ALL,synthetic,pinball_mean,133.0580107552464,track_record,7
lightgbm_quantile,prices+weather,3,ALL,synthetic,mape_p50_pct,17.78422693096567,track_record,7
lightgbm_quantile,prices+weather,3,ALL,synthetic,coverage_p10_p90_pct,72.48138957816377,track_record,7
lightgbm_quantile,prices+weather,3,ALL,synthetic,n,4030.0,track_record,7
lightgbm_quantile,prices+weather,4,ALL,synthetic,pinball_p10,95.42425892802271,track_record,7
lightgbm_quantile,prices+weather,4,ALL,synthetic,pinball_p50,206.74319842869306,track_record,7
lightgbm_quantile,prices+weather,4,ALL,synthetic,pinball_p90,115.08047424190941,track_record,7
lightgbm_quantile,prices+weather,4,ALL,synthetic,pinball_mean,139.0826438662084,track_record,7
lightgbm_quantile,prices+weather,4,ALL,synthetic,mape_p50_pct,18.42456627461108,track_record,7
lightgbm_quantile,prices+weather,4,ALL,synthetic,coverage_p10_p90_pct,75.23573200992556,track_record,7
lightgbm_quantile,prices+weather,4,ALL,synthetic,n,4030.0,track_record,7
lightgbm_quantile,prices+weather,spike_14d,ALL,synthetic,spike_events,796.0,track_record,7
lightgbm_quantile,prices+weather,spike_14d,ALL,synthetic,spike_recall,0.0728643216080402,track_record,7
lightgbm_quantile,prices+weather,spike_14d,ALL,synthetic,spike_precision,0.2636363636363636,track_record,7
lightgbm_quantile,prices+weather,spike_14d,ALL,synthetic,spike_false_alarm_rate,0.050263729444616816,track_record,7
lightgbm_quantile,prices+weather,spike_14d,ALL,synthetic,spike_brier,0.16481957177279605,track_record,7
naive,prices+weather,1,ALL,synthetic,pinball_p10,57.22177658547637,track_record,7
naive,prices+weather,1,ALL,synthetic,pinball_p50,142.08970419354208,track_record,7
naive,prices+weather,1,ALL,synthetic,pinball_p90,71.59462955515679,track_record,7
naive,prices+weather,1,ALL,synthetic,pinball_mean,90.3020367780584,track_record,7
naive,prices+weather,1,ALL,synthetic,mape_p50_pct,13.062754847365508,track_record,7
naive,prices+weather,1,ALL,synthetic,coverage_p10_p90_pct,84.3098311817279,track_record,7
naive,prices+weather,1,ALL,synthetic,n,4028.0,track_record,7
naive,prices+weather,2,ALL,synthetic,pinball_p10,70.34069921113931,track_record,7
naive,prices+weather,2,ALL,synthetic,pinball_p50,181.36758583671292,track_record,7
naive,prices+weather,2,ALL,synthetic,pinball_p90,94.32960221336587,track_record,7
naive,prices+weather,2,ALL,synthetic,pinball_mean,115.34596242040602,track_record,7
naive,prices+weather,2,ALL,synthetic,mape_p50_pct,16.716058139002456,track_record,7
naive,prices+weather,2,ALL,synthetic,coverage_p10_p90_pct,87.02233250620347,track_record,7
naive,prices+weather,2,ALL,synthetic,n,4030.0,track_record,7
naive,prices+weather,3,ALL,synthetic,pinball_p10,78.3488936333396,track_record,7
naive,prices+weather,3,ALL,synthetic,pinball_p50,203.78039693977888,track_record,7
naive,prices+weather,3,ALL,synthetic,pinball_p90,113.46044635454707,track_record,7
naive,prices+weather,3,ALL,synthetic,pinball_mean,131.8632456425552,track_record,7
naive,prices+weather,3,ALL,synthetic,mape_p50_pct,18.828982730172523,track_record,7
naive,prices+weather,3,ALL,synthetic,coverage_p10_p90_pct,90.57071960297766,track_record,7
naive,prices+weather,3,ALL,synthetic,n,4030.0,track_record,7
naive,prices+weather,4,ALL,synthetic,pinball_p10,83.65633386864515,track_record,7
naive,prices+weather,4,ALL,synthetic,pinball_p50,218.13782384837117,track_record,7
naive,prices+weather,4,ALL,synthetic,pinball_p90,130.3736273067058,track_record,7
naive,prices+weather,4,ALL,synthetic,pinball_mean,144.0559283412407,track_record,7
naive,prices+weather,4,ALL,synthetic,mape_p50_pct,20.05576739658584,track_record,7
naive,prices+weather,4,ALL,synthetic,coverage_p10_p90_pct,90.47146401985111,track_record,7
naive,prices+weather,4,ALL,synthetic,n,4030.0,track_record,7
naive,prices+weather,spike_14d,ALL,synthetic,spike_events,796.0,track_record,7
naive,prices+weather,spike_14d,ALL,synthetic,spike_recall,0.0,track_record,7
naive,prices+weather,spike_14d,ALL,synthetic,spike_precision,,track_record,7
naive,prices+weather,spike_14d,ALL,synthetic,spike_false_alarm_rate,0.0,track_record,7
naive,prices+weather,spike_14d,ALL,synthetic,spike_brier,0.16018502869695977,track_record,7
seasonal_naive,prices+weather,1,ALL,synthetic,pinball_p10,96.6699508241704,track_record,7
seasonal_naive,prices+weather,1,ALL,synthetic,pinball_p50,237.29380708981742,track_record,7
seasonal_naive,prices+weather,1,ALL,synthetic,pinball_p90,127.41189423229686,track_record,7
seasonal_naive,prices+weather,1,ALL,synthetic,pinball_mean,153.79188404876155,track_record,7
seasonal_naive,prices+weather,1,ALL,synthetic,mape_p50_pct,22.201253622319424,track_record,7
seasonal_naive,prices+weather,1,ALL,synthetic,coverage_p10_p90_pct,80.1390268123138,track_record,7
seasonal_naive,prices+weather,1,ALL,synthetic,n,4028.0,track_record,7
seasonal_naive,prices+weather,2,ALL,synthetic,pinball_p10,139.09921084752966,track_record,7
seasonal_naive,prices+weather,2,ALL,synthetic,pinball_p50,348.52377683248153,track_record,7
seasonal_naive,prices+weather,2,ALL,synthetic,pinball_p90,203.39435540661253,track_record,7
seasonal_naive,prices+weather,2,ALL,synthetic,pinball_mean,230.33911436220788,track_record,7
seasonal_naive,prices+weather,2,ALL,synthetic,mape_p50_pct,32.61016917070589,track_record,7
seasonal_naive,prices+weather,2,ALL,synthetic,coverage_p10_p90_pct,75.5334987593052,track_record,7
seasonal_naive,prices+weather,2,ALL,synthetic,n,4030.0,track_record,7
seasonal_naive,prices+weather,3,ALL,synthetic,pinball_p10,193.6014278232506,track_record,7
seasonal_naive,prices+weather,3,ALL,synthetic,pinball_p50,451.802631612646,track_record,7
seasonal_naive,prices+weather,3,ALL,synthetic,pinball_p90,281.2551607302635,track_record,7
seasonal_naive,prices+weather,3,ALL,synthetic,pinball_mean,308.8864067220534,track_record,7
seasonal_naive,prices+weather,3,ALL,synthetic,mape_p50_pct,42.18406938293423,track_record,7
seasonal_naive,prices+weather,3,ALL,synthetic,coverage_p10_p90_pct,72.15880893300249,track_record,7
seasonal_naive,prices+weather,3,ALL,synthetic,n,4030.0,track_record,7
seasonal_naive,prices+weather,4,ALL,synthetic,pinball_p10,252.76621323511657,track_record,7
seasonal_naive,prices+weather,4,ALL,synthetic,pinball_p50,540.3350241966397,track_record,7
seasonal_naive,prices+weather,4,ALL,synthetic,pinball_p90,339.832847097895,track_record,7
seasonal_naive,prices+weather,4,ALL,synthetic,pinball_mean,377.6446948432171,track_record,7
seasonal_naive,prices+weather,4,ALL,synthetic,mape_p50_pct,50.257037784676285,track_record,7
seasonal_naive,prices+weather,4,ALL,synthetic,coverage_p10_p90_pct,70.66997518610421,track_record,7
seasonal_naive,prices+weather,4,ALL,synthetic,n,4030.0,track_record,7
seasonal_naive,prices+weather,spike_14d,ALL,synthetic,spike_events,796.0,track_record,7
seasonal_naive,prices+weather,spike_14d,ALL,synthetic,spike_recall,0.0,track_record,7
seasonal_naive,prices+weather,spike_14d,ALL,synthetic,spike_precision,,track_record,7
seasonal_naive,prices+weather,spike_14d,ALL,synthetic,spike_false_alarm_rate,0.0,track_record,7
seasonal_naive,prices+weather,spike_14d,ALL,synthetic,spike_brier,0.16018502869695977,track_record,7
lightgbm_quantile,prices+weather,1,ALL,synthetic,pinball_p10,66.4729763315503,aci,7
lightgbm_quantile,prices+weather,1,ALL,synthetic,pinball_p50,152.57835280737828,aci,7
lightgbm_quantile,prices+weather,1,ALL,synthetic,pinball_p90,74.38536039467846,aci,7
lightgbm_quantile,prices+weather,1,ALL,synthetic,pinball_mean,97.81222984453568,aci,7
lightgbm_quantile,prices+weather,1,ALL,synthetic,mape_p50_pct,13.572670817293456,aci,7
lightgbm_quantile,prices+weather,1,ALL,synthetic,coverage_p10_p90_pct,79.27010923535254,aci,7
lightgbm_quantile,prices+weather,1,ALL,synthetic,n,4028.0,aci,7
lightgbm_quantile,prices+weather,2,ALL,synthetic,pinball_p10,77.25790488109119,aci,7
lightgbm_quantile,prices+weather,2,ALL,synthetic,pinball_p50,193.73061379489982,aci,7
lightgbm_quantile,prices+weather,2,ALL,synthetic,pinball_p90,102.72128051156912,aci,7
lightgbm_quantile,prices+weather,2,ALL,synthetic,pinball_mean,124.56993306252006,aci,7
lightgbm_quantile,prices+weather,2,ALL,synthetic,mape_p50_pct,17.175096803659716,aci,7
lightgbm_quantile,prices+weather,2,ALL,synthetic,coverage_p10_p90_pct,81.712158808933,aci,7
lightgbm_quantile,prices+weather,2,ALL,synthetic,n,4030.0,aci,7
lightgbm_quantile,prices+weather,3,ALL,synthetic,pinball_p10,89.75099251990534,aci,7
lightgbm_quantile,prices+weather,3,ALL,synthetic,pinball_p50,199.383504590237,aci,7
lightgbm_quantile,prices+weather,3,ALL,synthetic,pinball_p90,152.66178132723405,aci,7
lightgbm_quantile,prices+weather,3,ALL,synthetic,pinball_mean,147.26542614579213,aci,7
lightgbm_quantile,prices+weather,3,ALL,synthetic,mape_p50_pct,17.78422693096567,aci,7
lightgbm_quantile,prices+weather,3,ALL,synthetic,coverage_p10_p90_pct,75.78163771712158,aci,7
lightgbm_quantile,prices+weather,3,ALL,synthetic,n,4030.0,aci,7
lightgbm_quantile,prices+weather,4,ALL,synthetic,pinball_p10,106.14164070882029,aci,7
lightgbm_quantile,prices+weather,4,ALL,synthetic,pinball_p50,206.74319842869306,aci,7
lightgbm_quantile,prices+weather,4,ALL,synthetic,pinball_p90,151.23861268006732,aci,7
lightgbm_quantile,prices+weather,4,ALL,synthetic,pinball_mean,154.7078172725269,aci,7
lightgbm_quantile,prices+weather,4,ALL,synthetic,mape_p50_pct,18.42456627461108,aci,7
lightgbm_quantile,prices+weather,4,ALL,synthetic,coverage_p10_p90_pct,74.76426799007444,aci,7
lightgbm_quantile,prices+weather,4,ALL,synthetic,n,4030.0,aci,7
lightgbm_quantile,prices+weather,spike_14d,ALL,synthetic,spike_events,796.0,aci,7
lightgbm_quantile,prices+weather,spike_14d,ALL,synthetic,spike_recall,0.0728643216080402,aci,7
lightgbm_quantile,prices+weather,spike_14d,ALL,synthetic,spike_precision,0.2636363636363636,aci,7
lightgbm_quantile,prices+weather,spike_14d,ALL,synthetic,spike_false_alarm_rate,0.050263729444616816,aci,7
lightgbm_quantile,prices+weather,spike_14d,ALL,synthetic,spike_brier,0.16481957177279605,aci,7
naive,prices+weather,1,ALL,synthetic,pinball_p10,58.102123327072235,aci,7
naive,prices+weather,1,ALL,synthetic,pinball_p50,142.08970419354208,aci,7
naive,prices+weather,1,ALL,synthetic,pinball_p90,70.7894621490838,aci,7
naive,prices+weather,1,ALL,synthetic,pinball_mean,90.32709655656605,aci,7
naive,prices+weather,1,ALL,synthetic,mape_p50_pct,13.062754847365508,aci,7
naive,prices+weather,1,ALL,synthetic,coverage_p10_p90_pct,82.6961271102284,aci,7
naive,prices+weather,1,ALL,synthetic,n,4028.0,aci,7
naive,prices+weather,2,ALL,synthetic,pinball_p10,72.57198911191466,aci,7
naive,prices+weather,2,ALL,synthetic,pinball_p50,181.36758583671292,aci,7
naive,prices+weather,2,ALL,synthetic,pinball_p90,92.71523105777847,aci,7
naive,prices+weather,2,ALL,synthetic,pinball_mean,115.55160200213534,aci,7
naive,prices+weather,2,ALL,synthetic,mape_p50_pct,16.716058139002456,aci,7
naive,prices+weather,2,ALL,synthetic,coverage_p10_p90_pct,85.95533498759306,aci,7
naive,prices+weather,2,ALL,synthetic,n,4030.0,aci,7
naive,prices+weather,3,ALL,synthetic,pinball_p10,81.739219943943,aci,7
naive,prices+weather,3,ALL,synthetic,pinball_p50,203.78039693977888,aci,7
naive,prices+weather,3,ALL,synthetic,pinball_p90,112.9979375325261,aci,7
naive,prices+weather,3,ALL,synthetic,pinball_mean,132.839184805416,aci,7
naive,prices+weather,3,ALL,synthetic,mape_p50_pct,18.828982730172523,aci,7
naive,prices+weather,3,ALL,synthetic,coverage_p10_p90_pct,88.53598014888337,aci,7
naive,prices+weather,3,ALL,synthetic,n,4030.0,aci,7
naive,prices+weather,4,ALL,synthetic,pinball_p10,86.84111020076783,aci,7
naive,prices+weather,4,ALL,synthetic,pinball_p50,218.13782384837117,aci,7
naive,prices+weather,4,ALL,synthetic,pinball_p90,137.92617362712102,aci,7
naive,prices+weather,4,ALL,synthetic,pinball_mean,147.63503589208668,aci,7
naive,prices+weather,4,ALL,synthetic,mape_p50_pct,20.05576739658584,aci,7
naive,prices+weather,4,ALL,synthetic,coverage_p10_p90_pct,89.6029776674938,aci,7
naive,prices+weather,4,ALL,synthetic,n,4030.0,aci,7
naive,prices+weather,spike_14d,ALL,synthetic,spike_events,796.0,aci,7
naive,prices+weather,spike_14d,ALL,synthetic,spike_recall,0.0,aci,7
naive,prices+weather,spike_14d,ALL,synthetic,spike_precision,,aci,7
naive,prices+weather,spike_14d,ALL,synthetic,spike_false_alarm_rate,0.0,aci,7
naive,prices+weather,spike_14d,ALL,synthetic,spike_brier,0.16018502869695977,aci,7
seasonal_naive,prices+weather,1,ALL,synthetic,pinball_p10,98.78909337410774,aci,7
seasonal_naive,prices+weather,1,ALL,synthetic,pinball_p50,237.29380708981742,aci,7
seasonal_naive,prices+weather,1,ALL,synthetic,pinball_p90,121.64071419463617,aci,7
seasonal_naive,prices+weather,1,ALL,synthetic,pinball_mean,152.57453821952046,aci,7
seasonal_naive,prices+weather,1,ALL,synthetic,mape_p50_pct,22.201253622319424,aci,7
seasonal_naive,prices+weather,1,ALL,synthetic,coverage_p10_p90_pct,76.96127110228402,aci,7
seasonal_naive,prices+weather,1,ALL,synthetic,n,4028.0,aci,7
seasonal_naive,prices+weather,2,ALL,synthetic,pinball_p10,133.345305722304,aci,7
seasonal_naive,prices+weather,2,ALL,synthetic,pinball_p50,348.52377683248153,aci,7
seasonal_naive,prices+weather,2,ALL,synthetic,pinball_p90,190.45604610638404,aci,7
seasonal_naive,prices+weather,2,ALL,synthetic,pinball_mean,224.10837622038989,aci,7
seasonal_naive,prices+weather,2,ALL,synthetic,mape_p50_pct,32.61016917070589,aci,7
seasonal_naive,prices+weather,2,ALL,synthetic,coverage_p10_p90_pct,74.41687344913151,aci,7
seasonal_naive,prices+weather,2,ALL,synthetic,n,4030.0,aci,7
seasonal_naive,prices+weather,3,ALL,synthetic,pinball_p10,178.6382773017846,aci,7
seasonal_naive,prices+weather,3,ALL,synthetic,pinball_p50,451.802631612646,aci,7
seasonal_naive,prices+weather,3,ALL,synthetic,pinball_p90,262.49356070913893,aci,7
seasonal_naive,prices+weather,3,ALL,synthetic,pinball_mean,297.6448232078565,aci,7
seasonal_naive,prices+weather,3,ALL,synthetic,mape_p50_pct,42.18406938293423,aci,7
seasonal_naive,prices+weather,3,ALL,synthetic,coverage_p10_p90_pct,72.75434243176178,aci,7
seasonal_naive,prices+weather,3,ALL,synthetic,n,4030.0,aci,7
seasonal_naive,prices+weather,4,ALL,synthetic,pinball_p10,220.93427351934284,aci,7
seasonal_naive,prices+weather,4,ALL,synthetic,pinball_p50,540.3350241966397,aci,7
seasonal_naive,prices+weather,4,ALL,synthetic,pinball_p90,326.29083288416655,aci,7
seasonal_naive,prices+weather,4,ALL,synthetic,pinball_mean,362.520043533383,aci,7
seasonal_naive,prices+weather,4,ALL,synthetic,mape_p50_pct,50.257037784676285,aci,7
seasonal_naive,prices+weather,4,ALL,synthetic,coverage_p10_p90_pct,71.06699751861042,aci,7
seasonal_naive,prices+weather,4,ALL,synthetic,n,4030.0,aci,7
seasonal_naive,prices+weather,spike_14d,ALL,synthetic,spike_events,796.0,aci,7
seasonal_naive,prices+weather,spike_14d,ALL,synthetic,spike_recall,0.0,aci,7
seasonal_naive,prices+weather,spike_14d,ALL,synthetic,spike_precision,,aci,7
seasonal_naive,prices+weather,spike_14d,ALL,synthetic,spike_false_alarm_rate,0.0,aci,7
seasonal_naive,prices+weather,spike_14d,ALL,synthetic,spike_brier,0.16018502869695977,aci,7
naive,prices+weather,1,ALL,synthetic,pinball_p10,89.14191915093389,before,8
naive,prices+weather,1,ALL,synthetic,pinball_p50,213.238132760243,before,8
naive,prices+weather,1,ALL,synthetic,pinball_p90,111.74424980010372,before,8
naive,prices+weather,1,ALL,synthetic,pinball_mean,138.0414339037602,before,8
naive,prices+weather,1,ALL,synthetic,mape_p50_pct,15.672087642766483,before,8
naive,prices+weather,1,ALL,synthetic,coverage_p10_p90_pct,76.84630738522954,before,8
naive,prices+weather,1,ALL,synthetic,n,4008.0,before,8
naive,prices+weather,2,ALL,synthetic,pinball_p10,128.49319494881027,before,8
naive,prices+weather,2,ALL,synthetic,pinball_p50,311.8630833271742,before,8
naive,prices+weather,2,ALL,synthetic,pinball_p90,169.91356286414302,before,8
naive,prices+weather,2,ALL,synthetic,pinball_mean,203.42328038004248,before,8
naive,prices+weather,2,ALL,synthetic,mape_p50_pct,22.350110992529984,before,8
naive,prices+weather,2,ALL,synthetic,coverage_p10_p90_pct,72.97904191616766,before,8
naive,prices+weather,2,ALL,synthetic,n,4008.0,before,8
naive,prices+weather,3,ALL,synthetic,pinball_p10,151.87094145345085,before,8
naive,prices+weather,3,ALL,synthetic,pinball_p50,377.14629170057526,before,8
naive,prices+weather,3,ALL,synthetic,pinball_p90,204.54616672204511,before,8
naive,prices+weather,3,ALL,synthetic,pinball_mean,244.52113329202373,before,8
naive,prices+weather,3,ALL,synthetic,mape_p50_pct,26.753546764217806,before,8
naive,prices+weather,3,ALL,synthetic,coverage_p10_p90_pct,70.30938123752495,before,8
naive,prices+weather,3,ALL,synthetic,n,4008.0,before,8
naive,prices+weather,4,ALL,synthetic,pinball_p10,157.53421667100764,before,8
naive,prices+weather,4,ALL,synthetic,pinball_p50,413.1357146067766,before,8
naive,prices+weather,4,ALL,synthetic,pinball_p90,222.29073848035202,before,8
naive,prices+weather,4,ALL,synthetic,pinball_mean,264.3202232527121,before,8
naive,prices+weather,4,ALL,synthetic,mape_p50_pct,29.27555482544702,before,8
naive,prices+weather,4,ALL,synthetic,coverage_p10_p90_pct,70.78343313373253,before,8
naive,prices+weather,4,ALL,synthetic,n,4008.0,before,8
naive,prices+weather,spike_14d,ALL,synthetic,spike_events,1217.0,before,8
naive,prices+weather,spike_14d,ALL,synthetic,spike_recall,0.0,before,8
naive,prices+weather,spike_14d,ALL,synthetic,spike_precision,,before,8
naive,prices+weather,spike_14d,ALL,synthetic,spike_false_alarm_rate,0.0,before,8
naive,prices+weather,spike_14d,ALL,synthetic,spike_brier,0.21877684239574915,before,8
seasonal_naive,prices+weather,1,ALL,synthetic,pinball_p10,99.3113805809774,before,8
seasonal_naive,prices+weather,1,ALL,synthetic,pinball_p50,268.00770999468256,before,8
seasonal_naive,prices+weather,1,ALL,synthetic,pinball_p90,143.04538164716436,before,8
seasonal_naive,prices+weather,1,ALL,synthetic,pinball_mean,170.12149074094145,before,8
seasonal_naive,prices+weather,1,ALL,synthetic,mape_p50_pct,20.296881312643368,before,8
seasonal_naive,prices+weather,1,ALL,synthetic,coverage_p10_p90_pct,79.36626746506987,before,8
seasonal_naive,prices+weather,1,ALL,synthetic,n,4008.0,before,8
seasonal_naive,prices+weather,2,ALL,synthetic,pinball_p10,135.00122648601555,before,8
seasonal_naive,prices+weather,2,ALL,synthetic,pinball_p50,365.91507652457904,before,8
seasonal_naive,prices+weather,2,ALL,synthetic,pinball_p90,199.2514615264461,before,8
seasonal_naive,prices+weather,2,ALL,synthetic,pinball_mean,233.3892548456802,before,8
seasonal_naive,prices+weather,2,ALL,synthetic,mape_p50_pct,27.598263316049593,before,8
seasonal_naive,prices+weather,2,ALL,synthetic,coverage_p10_p90_pct,77.56986027944112,before,8
seasonal_naive,prices+weather,2,ALL,synthetic,n,4008.0,before,8
seasonal_naive,prices+weather,3,ALL,synthetic,pinball_p10,159.28266861275867,before,8
seasonal_naive,prices+weather,3,ALL,synthetic,pinball_p50,442.70195600885046,before,8
seasonal_naive,prices+weather,3,ALL,synthetic,pinball_p90,237.96732680632238,before,8
seasonal_naive,prices+weather,3,ALL,synthetic,pinball_mean,279.9839838093105,before,8
seasonal_naive,prices+weather,3,ALL,synthetic,mape_p50_pct,32.79429314493758,before,8
seasonal_naive,prices+weather,3,ALL,synthetic,coverage_p10_p90_pct,76.09780439121757,before,8
seasonal_naive,prices+weather,3,ALL,synthetic,n,4008.0,before,8
seasonal_naive,prices+weather,4,ALL,synthetic,pinball_p10,177.47133503735216,before,8
seasonal_naive,prices+weather,4,ALL,synthetic,pinball_p50,482.32049743352843,before,8
seasonal_naive,prices+weather,4,ALL,synthetic,pinball_p90,258.1150354262162,before,8
seasonal_naive,prices+weather,4,ALL,synthetic,pinball_mean,305.9689559656989,before,8
seasonal_naive,prices+weather,4,ALL,synthetic,mape_p50_pct,36.054717478571284,before,8
seasonal_naive,prices+weather,4,ALL,synthetic,coverage_p10_p90_pct,73.02894211576846,before,8
seasonal_naive,prices+weather,4,ALL,synthetic,n,4008.0,before,8
seasonal_naive,prices+weather,spike_14d,ALL,synthetic,spike_events,1217.0,before,8
seasonal_naive,prices+weather,spike_14d,ALL,synthetic,spike_recall,0.0,before,8
seasonal_naive,prices+weather,spike_14d,ALL,synthetic,spike_precision,,before,8
seasonal_naive,prices+weather,spike_14d,ALL,synthetic,spike_false_alarm_rate,0.0,before,8
seasonal_naive,prices+weather,spike_14d,ALL,synthetic,spike_brier,0.21877684239574915,before,8
lightgbm_quantile,prices+weather,1,ALL,synthetic,pinball_p10,81.99795806976144,before,8
lightgbm_quantile,prices+weather,1,ALL,synthetic,pinball_p50,205.03565619250975,before,8
lightgbm_quantile,prices+weather,1,ALL,synthetic,pinball_p90,113.33676785891933,before,8
lightgbm_quantile,prices+weather,1,ALL,synthetic,pinball_mean,133.45679404039683,before,8
lightgbm_quantile,prices+weather,1,ALL,synthetic,mape_p50_pct,14.968297627389775,before,8
lightgbm_quantile,prices+weather,1,ALL,synthetic,coverage_p10_p90_pct,78.11876247504989,before,8
lightgbm_quantile,prices+weather,1,ALL,synthetic,n,4008.0,before,8
lightgbm_quantile,prices+weather,2,ALL,synthetic,pinball_p10,103.0298053691364,before,8
lightgbm_quantile,prices+weather,2,ALL,synthetic,pinball_p50,274.3626592508472,before,8
lightgbm_quantile,prices+weather,2,ALL,synthetic,pinball_p90,154.71546241228359,before,8
lightgbm_quantile,prices+weather,2,ALL,synthetic,pinball_mean,177.36930901075573,before,8
lightgbm_quantile,prices+weather,2,ALL,synthetic,mape_p50_pct,19.74006582563746,before,8
lightgbm_quantile,prices+weather,2,ALL,synthetic,coverage_p10_p90_pct,74.82534930139721,before,8
lightgbm_quantile,prices+weather,2,ALL,synthetic,n,4008.0,before,8
lightgbm_quantile,prices+weather,3,ALL,synthetic,pinball_p10,106.69880821847491,before,8
lightgbm_quantile,prices+weather,3,ALL,synthetic,pinball_p50,301.6932434941878,before,8
lightgbm_quantile,prices+weather,3,ALL,synthetic,pinball_p90,181.67813584254762,before,8
lightgbm_quantile,prices+weather,3,ALL,synthetic,pinball_mean,196.69006251840344,before,8
lightgbm_quantile,prices+weather,3,ALL,synthetic,mape_p50_pct,21.702265828354616,before,8
lightgbm_quantile,prices+weather,3,ALL,synthetic,coverage_p10_p90_pct,75.0,before,8
lightgbm_quantile,prices+weather,3,ALL,synthetic,n,4008.0,before,8
lightgbm_quantile,prices+weather,4,ALL,synthetic,pinball_p10,111.44075242147889,before,8
lightgbm_quantile,prices+weather,4,ALL,synthetic,pinball_p50,304.52045678881126,before,8
lightgbm_quantile,prices+weather,4,ALL,synthetic,pinball_p90,205.69377456630363,before,8
lightgbm_quantile,prices+weather,4,ALL,synthetic,pinball_mean,207.21832792553127,before,8
lightgbm_quantile,prices+weather,4,ALL,synthetic,mape_p50_pct,21.872992214735497,before,8
lightgbm_quantile,prices+weather,4,ALL,synthetic,coverage_p10_p90_pct,73.10379241516966,before,8
lightgbm_quantile,prices+weather,4,ALL,synthetic,n,4008.0,before,8
lightgbm_quantile,prices+weather,spike_14d,ALL,synthetic,spike_events,1217.0,before,8
lightgbm_quantile,prices+weather,spike_14d,ALL,synthetic,spike_recall,0.3319638455217749,before,8
lightgbm_quantile,prices+weather,spike_14d,ALL,synthetic,spike_precision,0.5153061224489796,before,8
lightgbm_quantile,prices+weather,spike_14d,ALL,synthetic,spike_false_alarm_rate,0.14084507042253522,before,8
lightgbm_quantile,prices+weather,spike_14d,ALL,synthetic,spike_brier,0.19950102940973205,before,8
lightgbm_quantile,prices+weather,1,ALL,synthetic,pinball_p10,82.86854425811967,track_record,8
lightgbm_quantile,prices+weather,1,ALL,synthetic,pinball_p50,205.03565619250975,track_record,8
lightgbm_quantile,prices+weather,1,ALL,synthetic,pinball_p90,114.65988073861745,track_record,8
lightgbm_quantile,prices+weather,1,ALL,synthetic,pinball_mean,134.1880270630823,track_record,8
lightgbm_quantile,prices+weather,1,ALL,synthetic,mape_p50_pct,14.968297627389775,track_record,8
lightgbm_quantile,prices+weather,1,ALL,synthetic,coverage_p10_p90_pct,79.86526946107784,track_record,8
lightgbm_quantile,prices+weather,1,ALL,synthetic,n,4008.0,track_record,8
lightgbm_quantile,prices+weather,2,ALL,synthetic,pinball_p10,104.52871331248885,track_record,8
lightgbm_quantile,prices+weather,2,ALL,synthetic,pinball_p50,274.3626592508472,track_record,8
lightgbm_quantile,prices+weather,2,ALL,synthetic,pinball_p90,158.73368788176094,track_record,8
lightgbm_quantile,prices+weather,2,ALL,synthetic,pinball_mean,179.208353481699,track_record,8
lightgbm_quantile,prices+weather,2,ALL,synthetic,mape_p50_pct,19.74006582563746,track_record,8
lightgbm_quantile,prices+weather,2,ALL,synthetic,coverage_p10_p90_pct,76.84630738522954,track_record,8
lightgbm_quantile,prices+weather,2,ALL,synthetic,n,4008.0,track_record,8
lightgbm_quantile,prices+weather,3,ALL,synthetic,pinball_p10,108.65999680023563,track_record,8
lightgbm_quantile,prices+weather,3,ALL,synthetic,pinball_p50,301.6932434941878,track_record,8
lightgbm_quantile,prices+weather,3,ALL,synthetic,pinball_p90,190.25726415377582,track_record,8
lightgbm_quantile,prices+weather,3,ALL,synthetic,pinball_mean,200.20350148273312,track_record,8
lightgbm_quantile,prices+weather,3,ALL,synthetic,mape_p50_pct,21.702265828354616,track_record,8
lightgbm_quantile,prices+weather,3,ALL,synthetic,coverage_p10_p90_pct,76.67165668662675,track_record,8
lightgbm_quantile,prices+weather,3,ALL,synthetic,n,4008.0,track_record,8
lightgbm_quantile,prices+weather,4,ALL,synthetic,pinball_p10,113.85339797488125,track_record,8
lightgbm_quantile,prices+weather,4,ALL,synthetic,pinball_p50,304.52045678881126,track_record,8
lightgbm_quantile,prices+weather,4,ALL,synthetic,pinball_p90,216.9898387634491,track_record,8
lightgbm_quantile,prices+weather,4,ALL,synthetic,pinball_mean,211.78789784238052,track_record,8
lightgbm_quantile,prices+weather,4,ALL,synthetic,mape_p50_pct,21.872992214735497,track_record,8
lightgbm_quantile,prices+weather,4,ALL,synthetic,coverage_p10_p90_pct,75.57385229540918,track_record,8
lightgbm_quantile,prices+weather,4,ALL,synthetic,n,4008.0,track_record,8
lightgbm_quantile,prices+weather,spike_14d,ALL,synthetic,spike_events,1217.0,track_record,8
lightgbm_quantile,prices+weather,spike_14d,ALL,synthetic,spike_recall,0.3319638455217749,track_record,8
lightgbm_quantile,prices+weather,spike_14d,ALL,synthetic,spike_precision,0.5153061224489796,track_record,8
lightgbm_quantile,prices+weather,spike_14d,ALL,synthetic,spike_false_alarm_rate,0.14084507042253522,track_record,8
lightgbm_quantile,prices+weather,spike_14d,ALL,synthetic,spike_brier,0.19950102940973205,track_record,8
naive,prices+weather,1,ALL,synthetic,pinball_p10,89.23387120210275,track_record,8
naive,prices+weather,1,ALL,synthetic,pinball_p50,213.238132760243,track_record,8
naive,prices+weather,1,ALL,synthetic,pinball_p90,112.6019264224163,track_record,8
naive,prices+weather,1,ALL,synthetic,pinball_mean,138.3579767949207,track_record,8
naive,prices+weather,1,ALL,synthetic,mape_p50_pct,15.672087642766483,track_record,8
naive,prices+weather,1,ALL,synthetic,coverage_p10_p90_pct,79.81536926147704,track_record,8
naive,prices+weather,1,ALL,synthetic,n,4008.0,track_record,8
naive,prices+weather,2,ALL,synthetic,pinball_p10,126.97649277527445,track_record,8
naive,prices+weather,2,ALL,synthetic,pinball_p50,311.8630833271742,track_record,8
naive,prices+weather,2,ALL,synthetic,pinball_p90,173.53155930217673,track_record,8
naive,prices+weather,2,ALL,synthetic,pinball_mean,204.12371180154182,track_record,8
naive,prices+weather,2,ALL,synthetic,mape_p50_pct,22.350110992529984,track_record,8
naive,prices+weather,2,ALL,synthetic,coverage_p10_p90_pct,74.45109780439122,track_record,8
naive,prices+weather,2,ALL,synthetic,n,4008.0,track_record,8
naive,prices+weather,3,ALL,synthetic,pinball_p10,146.1979488922208,track_record,8
naive,prices+weather,3,ALL,synthetic,pinball_p50,377.14629170057526,track_record,8
naive,prices+weather,3,ALL,synthetic,pinball_p90,212.58057003851755,track_record,8
naive,prices+weather,3,ALL,synthetic,pinball_mean,245.30827021043785,track_record,8
naive,prices+weather,3,ALL,synthetic,mape_p50_pct,26.753546764217806,track_record,8
naive,prices+weather,3,ALL,synthetic,coverage_p10_p90_pct,73.50299401197606,track_record,8
naive,prices+weather,3,ALL,synthetic,n,4008.0,track_record,8
naive,prices+weather,4,ALL,synthetic,pinball_p10,148.61303094714341,track_record,8
naive,prices+weather,4,ALL,synthetic,pinball_p50,413.1357146067766,track_record,8
naive,prices+weather,4,ALL,synthetic,pinball_p90,241.31195029305732,track_record,8
naive,prices+weather,4,ALL,synthetic,pinball_mean,267.6868986156591,track_record,8
naive,prices+weather,4,ALL,synthetic,mape_p50_pct,29.27555482544702,track_record,8
naive,prices+weather,4,ALL,synthetic,coverage_p10_p90_pct,72.97904191616766,track_record,8
naive,prices+weather,4,ALL,synthetic,n,4008.0,track_record,8
naive,prices+weather,spike_14d,ALL,synthetic,spike_events,1217.0,track_record,8
naive,prices+weather,spike_14d,ALL,synthetic,spike_recall,0.0,track_record,8
naive,prices+weather,spike_14d,ALL,synthetic,spike_precision,,track_record,8
naive,prices+weather,spike_14d,ALL,synthetic,spike_false_alarm_rate,0.0,track_record,8
naive,prices+weather,spike_14d,ALL,synthetic,spike_brier,0.21877684239574915,track_record,8
seasonal_naive,prices+weather,1,ALL,synthetic,pinball_p10,100.54844819916673,track_record,8
seasonal_naive,prices+weather,1,ALL,synthetic,pinball_p50,268.00770999468256,track_record,8
seasonal_naive,prices+weather,1,ALL,synthetic,pinball_p90,143.06558806691226,track_record,8
seasonal_naive,prices+weather,1,ALL,synthetic,pinball_mean,170.54058208692052,track_record,8
seasonal_naive,prices+weather,1,ALL,synthetic,mape_p50_pct,20.296881312643368,track_record,8
seasonal_naive,prices+weather,1,ALL,synthetic,coverage_p10_p90_pct,78.3183632734531,track_record,8
seasonal_naive,prices+weather,1,ALL,synthetic,n,4008.0,track_record,8
seasonal_naive,prices+weather,2,ALL,synthetic,pinball_p10,136.97869365791306,track_record,8
seasonal_naive,prices+weather,2,ALL,synthetic,pinball_p50,365.91507652457904,track_record,8
seasonal_naive,prices+weather,2,ALL,synthetic,pinball_p90,199.5741438554967,track_record,8
seasonal_naive,prices+weather,2,ALL,synthetic,pinball_mean,234.15597134599625,track_record,8
seasonal_naive,prices+weather,2,ALL,synthetic,mape_p50_pct,27.598263316049593,track_record,8
seasonal_naive,prices+weather,2,ALL,synthetic,coverage_p10_p90_pct,77.17065868263472,track_record,8
seasonal_naive,prices+weather,2,ALL,synthetic,n,4008.0,track_record,8
seasonal_naive,prices+weather,3,ALL,synthetic,pinball_p10,161.0099973887922,track_record,8
seasonal_naive,prices+weather,3,ALL,synthetic,pinball_p50,442.70195600885046,track_record,8
seasonal_naive,prices+weather,3,ALL,synthetic,pinball_p90,239.60136653350278,track_record,8
seasonal_naive,prices+weather,3,ALL,synthetic,pinball_mean,281.10443997704846,track_record,8
seasonal_naive,prices+weather,3,ALL,synthetic,mape_p50_pct,32.79429314493758,track_record,8
seasonal_naive,prices+weather,3,ALL,synthetic,coverage_p10_p90_pct,75.42415169660678,track_record,8
seasonal_naive,prices+weather,3,ALL,synthetic,n,4008.0,track_record,8
seasonal_naive,prices+weather,4,ALL,synthetic,pinball_p10,175.42413174707616,track_record,8
seasonal_naive,prices+weather,4,ALL,synthetic,pinball_p50,482.32049743352843,track_record,8
seasonal_naive,prices+weather,4,ALL,synthetic,pinball_p90,259.4456716509258,track_record,8
seasonal_naive,prices+weather,4,ALL,synthetic,pinball_mean,305.73010027717675,track_record,8
seasonal_naive,prices+weather,4,ALL,synthetic,mape_p50_pct,36.054717478571284,track_record,8
seasonal_naive,prices+weather,4,ALL,synthetic,coverage_p10_p90_pct,73.52794411177645,track_record,8
seasonal_naive,prices+weather,4,ALL,synthetic,n,4008.0,track_record,8
seasonal_naive,prices+weather,spike_14d,ALL,synthetic,spike_events,1217.0,track_record,8
seasonal_naive,prices+weather,spike_14d,ALL,synthetic,spike_recall,0.0,track_record,8
seasonal_naive,prices+weather,spike_14d,ALL,synthetic,spike_precision,,track_record,8
seasonal_naive,prices+weather,spike_14d,ALL,synthetic,spike_false_alarm_rate,0.0,track_record,8
seasonal_naive,prices+weather,spike_14d,ALL,synthetic,spike_brier,0.21877684239574915,track_record,8
lightgbm_quantile,prices+weather,1,ALL,synthetic,pinball_p10,84.71443402754512,aci,8
lightgbm_quantile,prices+weather,1,ALL,synthetic,pinball_p50,205.03565619250975,aci,8
lightgbm_quantile,prices+weather,1,ALL,synthetic,pinball_p90,118.70999513013346,aci,8
lightgbm_quantile,prices+weather,1,ALL,synthetic,pinball_mean,136.1533617833961,aci,8
lightgbm_quantile,prices+weather,1,ALL,synthetic,mape_p50_pct,14.968297627389775,aci,8
lightgbm_quantile,prices+weather,1,ALL,synthetic,coverage_p10_p90_pct,77.76946107784431,aci,8
lightgbm_quantile,prices+weather,1,ALL,synthetic,n,4008.0,aci,8
lightgbm_quantile,prices+weather,2,ALL,synthetic,pinball_p10,109.9473096724,aci,8
lightgbm_quantile,prices+weather,2,ALL,synthetic,pinball_p50,274.3626592508472,aci,8
lightgbm_quantile,prices+weather,2,ALL,synthetic,pinball_p90,170.23491381591722,aci,8
lightgbm_quantile,prices+weather,2,ALL,synthetic,pinball_mean,184.84829424638815,aci,8
lightgbm_quantile,prices+weather,2,ALL,synthetic,mape_p50_pct,19.74006582563746,aci,8
lightgbm_quantile,prices+weather,2,ALL,synthetic,coverage_p10_p90_pct,74.57584830339322,aci,8
lightgbm_quantile,prices+weather,2,ALL,synthetic,n,4008.0,aci,8
lightgbm_quantile,prices+weather,3,ALL,synthetic,pinball_p10,114.74670593278968,aci,8
lightgbm_quantile,prices+weather,3,ALL,synthetic,pinball_p50,301.6932434941878,aci,8
lightgbm_quantile,prices+weather,3,ALL,synthetic,pinball_p90,212.71347266543975,aci,8
lightgbm_quantile,prices+weather,3,ALL,synthetic,pinball_mean,209.71780736413908,aci,8
lightgbm_quantile,prices+weather,3,ALL,synthetic,mape_p50_pct,21.702265828354616,aci,8
lightgbm_quantile,prices+weather,3,ALL,synthetic,coverage_p10_p90_pct,71.8063872255489,aci,8
lightgbm_quantile,prices+weather,3,ALL,synthetic,n,4008.0,aci,8
lightgbm_quantile,prices+weather,4,ALL,synthetic,pinball_p10,122.35130839097786,aci,8
lightgbm_quantile,prices+weather,4,ALL,synthetic,pinball_p50,304.52045678881126,aci,8
lightgbm_quantile,prices+weather,4,ALL,synthetic,pinball_p90,248.30674460386754,aci,8
lightgbm_quantile,prices+weather,4,ALL,synthetic,pinball_mean,225.05950326121888,aci,8
lightgbm_quantile,prices+weather,4,ALL,synthetic,mape_p50_pct,21.872992214735497,aci,8
lightgbm_quantile,prices+weather,4,ALL,synthetic,coverage_p10_p90_pct,67.86427145708582,aci,8
lightgbm_quantile,prices+weather,4,ALL,synthetic,n,4008.0,aci,8
lightgbm_quantile,prices+weather,spike_14d,ALL,synthetic,spike_events,1217.0,aci,8
lightgbm_quantile,prices+weather,spike_14d,ALL,synthetic,spike_recall,0.3319638455217749,aci,8
lightgbm_quantile,prices+weather,spike_14d,ALL,synthetic,spike_precision,0.5153061224489796,aci,8
lightgbm_quantile,prices+weather,spike_14d,ALL,synthetic,spike_false_alarm_rate,0.14084507042253522,aci,8
lightgbm_quantile,prices+weather,spike_14d,ALL,synthetic,spike_brier,0.19950102940973205,aci,8
naive,prices+weather,1,ALL,synthetic,pinball_p10,92.77295250613159,aci,8
naive,prices+weather,1,ALL,synthetic,pinball_p50,213.238132760243,aci,8
naive,prices+weather,1,ALL,synthetic,pinball_p90,115.79172754085931,aci,8
naive,prices+weather,1,ALL,synthetic,pinball_mean,140.6009376024113,aci,8
naive,prices+weather,1,ALL,synthetic,mape_p50_pct,15.672087642766483,aci,8
naive,prices+weather,1,ALL,synthetic,coverage_p10_p90_pct,80.11477045908184,aci,8
naive,prices+weather,1,ALL,synthetic,n,4008.0,aci,8
naive,prices+weather,2,ALL,synthetic,pinball_p10,135.92851760672022,aci,8
naive,prices+weather,2,ALL,synthetic,pinball_p50,311.8630833271742,aci,8
naive,prices+weather,2,ALL,synthetic,pinball_p90,186.87987226174607,aci,8
naive,prices+weather,2,ALL,synthetic,pinball_mean,211.55715773188015,aci,8
naive,prices+weather,2,ALL,synthetic,mape_p50_pct,22.350110992529984,aci,8
naive,prices+weather,2,ALL,synthetic,coverage_p10_p90_pct,76.02295409181636,aci,8
naive,prices+weather,2,ALL,synthetic,n,4008.0,aci,8
naive,prices+weather,3,ALL,synthetic,pinball_p10,158.22620237170457,aci,8
naive,prices+weather,3,ALL,synthetic,pinball_p50,377.14629170057526,aci,8
naive,prices+weather,3,ALL,synthetic,pinball_p90,233.90383674300116,aci,8
naive,prices+weather,3,ALL,synthetic,pinball_mean,256.4254436050937,aci,8
naive,prices+weather,3,ALL,synthetic,mape_p50_pct,26.753546764217806,aci,8
naive,prices+weather,3,ALL,synthetic,coverage_p10_p90_pct,76.12275449101796,aci,8
naive,prices+weather,3,ALL,synthetic,n,4008.0,aci,8
naive,prices+weather,4,ALL,synthetic,pinball_p10,165.7263584826568,aci,8
naive,prices+weather,4,ALL,synthetic,pinball_p50,413.1357146067766,aci,8
naive,prices+weather,4,ALL,synthetic,pinball_p90,289.7719185729108,aci,8
naive,prices+weather,4,ALL,synthetic,pinball_mean,289.54466388744805,aci,8
naive,prices+weather,4,ALL,synthetic,mape_p50_pct,29.27555482544702,aci,8
naive,prices+weather,4,ALL,synthetic,coverage_p10_p90_pct,74.15169660678643,aci,8
naive,prices+weather,4,ALL,synthetic,n,4008.0,aci,8
naive,prices+weather,spike_14d,ALL,synthetic,spike_events,1217.0,aci,8
naive,prices+weather,spike_14d,ALL,synthetic,spike_recall,0.0,aci,8
naive,prices+weather,spike_14d,ALL,synthetic,spike_precision,,aci,8
naive,prices+weather,spike_14d,ALL,synthetic,spike_false_alarm_rate,0.0,aci,8
naive,prices+weather,spike_14d,ALL,synthetic,spike_brier,0.21877684239574915,aci,8
seasonal_naive,prices+weather,1,ALL,synthetic,pinball_p10,101.4752491861701,aci,8
seasonal_naive,prices+weather,1,ALL,synthetic,pinball_p50,268.00770999468256,aci,8
seasonal_naive,prices+weather,1,ALL,synthetic,pinball_p90,145.3107035555401,aci,8
seasonal_naive,prices+weather,1,ALL,synthetic,pinball_mean,171.59788757879758,aci,8
seasonal_naive,prices+weather,1,ALL,synthetic,mape_p50_pct,20.296881312643368,aci,8
seasonal_naive,prices+weather,1,ALL,synthetic,coverage_p10_p90_pct,78.44311377245509,aci,8
seasonal_naive,prices+weather,1,ALL,synthetic,n,4008.0,aci,8
seasonal_naive,prices+weather,2,ALL,synthetic,pinball_p10,139.47523626128412,aci,8
seasonal_naive,prices+weather,2,ALL,synthetic,pinball_p50,365.91507652457904,aci,8
seasonal_naive,prices+weather,2,ALL,synthetic,pinball_p90,206.3404465578386,aci,8
seasonal_naive,prices+weather,2,ALL,synthetic,pinball_mean,237.24358644790058,aci,8
seasonal_naive,prices+weather,2,ALL,synthetic,mape_p50_pct,27.598263316049593,aci,8
seasonal_naive,prices+weather,2,ALL,synthetic,coverage_p10_p90_pct,77.56986027944112,aci,8
seasonal_naive,prices+weather,2,ALL,synthetic,n,4008.0,aci,8
seasonal_naive,prices+weather,3,ALL,synthetic,pinball_p10,162.00599269920446,aci,8
seasonal_naive,prices+weather,3,ALL,synthetic,pinball_p50,442.70195600885046,aci,8
seasonal_naive,prices+weather,3,ALL,synthetic,pinball_p90,249.49255484143117,aci,8
seasonal_naive,prices+weather,3,ALL,synthetic,pinball_mean,284.733501183162,aci,8
seasonal_naive,prices+weather,3,ALL,synthetic,mape_p50_pct,32.79429314493758,aci,8
seasonal_naive,prices+weather,3,ALL,synthetic,coverage_p10_p90_pct,77.42015968063872,aci,8
seasonal_naive,prices+weather,3,ALL,synthetic,n,4008.0,aci,8
seasonal_naive,prices+weather,4,ALL,synthetic,pinball_p10,175.74076091426736,aci,8
seasonal_naive,prices+weather,4,ALL,synthetic,pinball_p50,482.32049743352843,aci,8
seasonal_naive,prices+weather,4,ALL,synthetic,pinball_p90,268.86290590765213,aci,8
seasonal_naive,prices+weather,4,ALL,synthetic,pinball_mean,308.9747214184826,aci,8
seasonal_naive,prices+weather,4,ALL,synthetic,mape_p50_pct,36.054717478571284,aci,8
seasonal_naive,prices+weather,4,ALL,synthetic,coverage_p10_p90_pct,75.87325349301398,aci,8
seasonal_naive,prices+weather,4,ALL,synthetic,n,4008.0,aci,8
seasonal_naive,prices+weather,spike_14d,ALL,synthetic,spike_events,1217.0,aci,8
seasonal_naive,prices+weather,spike_14d,ALL,synthetic,spike_recall,0.0,aci,8
seasonal_naive,prices+weather,spike_14d,ALL,synthetic,spike_precision,,aci,8
seasonal_naive,prices+weather,spike_14d,ALL,synthetic,spike_false_alarm_rate,0.0,aci,8
seasonal_naive,prices+weather,spike_14d,ALL,synthetic,spike_brier,0.21877684239574915,aci,8
