seed,day,density,layout,n_lots,n_vehicles,tons_offered,vehicle_capacity,method,status,solve_seconds,net_value,gross,transport_cost,spoilage_loss,vehicle_km,empty_km,trucks_used,shared_loads,return_trips,tons_shipped,lots_shipped,lots_unserved,tons_unserved,violations_spoilage_lots,violations_spoilage_tons,violations_mandi_over,violations_mandi_over_tons,violations_total,driver_day_over,data_provenance
1,2026-01-16,sparse,spread,6,8,17.6,50.5,rule,ok,0.001,192512,271200,77295,1394,1831.4,1366.5,6,0,0,17.6,6,0,0.0,0,0.0,0,0.0,0,2,synthetic
1,2026-01-16,sparse,spread,6,8,17.6,50.5,optimizer,OPTIMAL,0.018,194075,271200,75731,1394,1909.3,1444.5,6,0,0,17.6,6,0,0.0,0,0.0,0,0.0,0,2,synthetic
1,2026-01-16,sparse,spread,6,8,17.6,50.5,optimizer+returns,OPTIMAL+OPTIMAL,0.019,194075,271200,75731,1394,1909.3,1444.5,6,0,0,17.6,6,0,0.0,0,0.0,0,0.0,0,2,synthetic
1,2026-01-16,sparse,spread,6,8,17.6,50.5,optimizer_shared,OPTIMAL,0.017,194075,271200,75731,1394,1909.3,1444.5,6,0,0,17.6,6,0,0.0,0,0.0,0,0.0,0,2,synthetic
1,2026-01-16,sparse,spread,6,8,17.6,50.5,optimizer_shared+returns,OPTIMAL+OPTIMAL,0.018,194075,271200,75731,1394,1909.3,1444.5,6,0,0,17.6,6,0,0.0,0,0.0,0,0.0,0,2,synthetic
1,2026-01-16,sparse,clustered,6,8,18.8,27.5,rule,ok,0.001,136109,172760,35066,1586,977.6,502.6,5,0,0,13.1,5,1,5.7,0,0.0,0,0.0,0,0,synthetic
1,2026-01-16,sparse,clustered,6,8,18.8,27.5,optimizer,OPTIMAL,0.013,136152,172760,35022,1586,976.5,501.5,5,0,0,13.1,5,1,5.7,0,0.0,0,0.0,0,0,synthetic
1,2026-01-16,sparse,clustered,6,8,18.8,27.5,optimizer+returns,OPTIMAL+OPTIMAL,0.014,136152,172760,35022,1586,976.5,501.5,5,0,0,13.1,5,1,5.7,0,0.0,0,0.0,0,0,synthetic
1,2026-01-16,sparse,clustered,6,8,18.8,27.5,optimizer_shared,OPTIMAL,0.015,136152,172760,35022,1586,976.5,501.5,5,0,0,13.1,5,1,5.7,0,0.0,0,0.0,0,0,synthetic
1,2026-01-16,sparse,clustered,6,8,18.8,27.5,optimizer_shared+returns,OPTIMAL+OPTIMAL,0.016,136152,172760,35022,1586,976.5,501.5,5,0,0,13.1,5,1,5.7,0,0.0,0,0.0,0,0,synthetic
1,2026-01-16,medium,spread,20,18,65.5,116.5,rule,ok,0.002,645891,890200,238439,5870,5404.3,4100.1,18,0,0,63.4,18,2,2.1,0,0.0,0,0.0,0,3,synthetic
1,2026-01-16,medium,spread,20,18,65.5,116.5,optimizer,OPTIMAL,0.259,673925,839860,160158,5777,3780.8,2633.9,17,0,0,61.9,17,3,3.6,0,0.0,0,0.0,0,0,synthetic
1,2026-01-16,medium,spread,20,18,65.5,116.5,optimizer+returns,OPTIMAL+OPTIMAL,0.275,688188,866800,172682,5930,4228.1,2946.1,17,0,2,64.0,19,1,1.5,0,0.0,0,0.0,0,0,synthetic
1,2026-01-16,medium,spread,20,18,65.5,116.5,optimizer_shared,OPTIMAL,0.244,717508,862420,138672,6240,3263.3,2191.0,15,3,0,63.1,18,2,2.4,0,0.0,0,0.0,0,0,synthetic
1,2026-01-16,medium,spread,20,18,65.5,116.5,optimizer_shared+returns,OPTIMAL+OPTIMAL,0.252,717392,873040,149305,6343,3643.1,2468.8,15,3,1,64.0,19,1,1.5,0,0.0,0,0.0,0,0,synthetic
1,2026-01-16,medium,clustered,20,18,61.6,116.0,rule,ok,0.002,630426,821520,185007,6087,4405.7,2975.3,18,0,0,59.0,18,2,2.6,0,0.0,0,0.0,0,0,synthetic
1,2026-01-16,medium,clustered,20,18,61.6,116.0,optimizer,OPTIMAL,0.15,629876,811380,175581,5924,4248.3,2856.5,18,0,0,59.0,18,2,2.6,0,0.0,0,0.0,0,0,synthetic
1,2026-01-16,medium,clustered,20,18,61.6,116.0,optimizer+returns,OPTIMAL+OPTIMAL,0.16,651760,841930,184038,6132,4550.3,3009.4,18,0,2,61.6,20,0,0.0,0,0.0,0,0.0,0,0,synthetic
1,2026-01-16,medium,clustered,20,18,61.6,116.0,optimizer_shared,OPTIMAL,0.344,735526,858960,115898,7536,2559.7,1624.3,10,6,0,61.6,20,0,0.0,0,0.0,0,0.0,0,0,synthetic
1,2026-01-16,medium,clustered,20,18,61.6,116.0,optimizer_shared+returns,OPTIMAL+OPTIMAL,0.345,735526,858960,115898,7536,2559.7,1624.3,10,6,0,61.6,20,0,0.0,0,0.0,0,0.0,0,0,synthetic
1,2026-01-16,dense_tight,spread,60,25,216.0,152.5,rule,ok,0.005,1313055,1737320,412759,11507,10100.3,8221.6,25,0,0,119.5,25,35,96.5,0,0.0,0,0.0,0,6,synthetic
1,2026-01-16,dense_tight,spread,60,25,216.0,152.5,optimizer,OPTIMAL,2.362,1379026,1701140,309951,12162,7067.2,4971.9,25,0,0,118.7,25,35,97.3,0,0.0,0,0.0,0,2,synthetic
1,2026-01-16,dense_tight,spread,60,25,216.0,152.5,optimizer+returns,OPTIMAL+OPTIMAL,2.631,2093978,2530050,418893,17179,9784.5,6325.7,25,0,21,181.5,46,14,34.5,0,0.0,0,0.0,0,2,synthetic
1,2026-01-16,dense_tight,spread,60,25,216.0,152.5,optimizer_shared,OPTIMAL,6.128,1591136,1912020,302833,18051,6869.6,4411.7,25,12,0,142.0,40,20,74.0,0,0.0,0,0.0,0,1,synthetic
1,2026-01-16,dense_tight,spread,60,25,216.0,152.5,optimizer_shared+returns,OPTIMAL+OPTIMAL,6.238,2177466,2595660,395417,22778,9190.8,5662.1,25,12,14,191.0,54,6,25.0,0,0.0,0,0.0,0,1,synthetic
1,2026-01-16,dense_tight,clustered,60,26,228.0,161.5,rule,ok,0.006,1452135,1917380,450458,14787,10901.9,8649.9,26,0,0,139.4,26,34,88.6,0,0.0,1,27.8,1,8,synthetic
1,2026-01-16,dense_tight,clustered,60,26,228.0,161.5,optimizer,OPTIMAL,3.093,1417898,1851500,414035,19567,9810.5,6930.9,26,0,0,139.1,26,34,88.9,0,0.0,0,0.0,0,6,synthetic
1,2026-01-16,dense_tight,clustered,60,26,228.0,161.5,optimizer+returns,OPTIMAL+OPTIMAL,3.28,1608964,2120440,489478,21998,11480.7,7752.1,26,0,7,162.9,33,27,65.1,0,0.0,0,0.0,0,6,synthetic
1,2026-01-16,dense_tight,clustered,60,26,228.0,161.5,optimizer_shared,OPTIMAL,9.607,1576157,2050680,450306,24217,10521.0,7344.3,26,9,0,154.3,40,20,73.7,0,0.0,0,0.0,0,9,synthetic
1,2026-01-16,dense_tight,clustered,60,26,228.0,161.5,optimizer_shared+returns,OPTIMAL+OPTIMAL,9.718,1792128,2327980,509256,26597,11852.5,7989.6,26,9,6,179.1,46,14,48.9,0,0.0,0,0.0,0,9,synthetic
1,2026-03-07,sparse,spread,6,8,23.4,34.0,rule,ok,0.001,225412,333220,106261,1547,2579.2,2332.6,6,0,0,23.4,6,0,0.0,0,0.0,0,0.0,0,3,synthetic
1,2026-03-07,sparse,spread,6,8,23.4,34.0,optimizer,OPTIMAL,0.012,229473,326190,95262,1455,2274.8,2026.0,6,0,0,23.4,6,0,0.0,0,0.0,0,0.0,0,2,synthetic
1,2026-03-07,sparse,spread,6,8,23.4,34.0,optimizer+returns,OPTIMAL+OPTIMAL,0.013,229473,326190,95262,1455,2274.8,2026.0,6,0,0,23.4,6,0,0.0,0,0.0,0,0.0,0,2,synthetic
1,2026-03-07,sparse,spread,6,8,23.4,34.0,optimizer_shared,OPTIMAL,0.012,229473,326190,95262,1455,2274.8,2026.0,6,0,0,23.4,6,0,0.0,0,0.0,0,0.0,0,2,synthetic
1,2026-03-07,sparse,spread,6,8,23.4,34.0,optimizer_shared+returns,OPTIMAL+OPTIMAL,0.013,229473,326190,95262,1455,2274.8,2026.0,6,0,0,23.4,6,0,0.0,0,0.0,0,0.0,0,2,synthetic
1,2026-03-07,sparse,clustered,6,8,21.7,57.0,rule,ok,0.001,199203,346910,145464,2242,3077.8,2742.5,6,0,0,21.7,6,0,0.0,0,0.0,0,0.0,0,3,synthetic
1,2026-03-07,sparse,clustered,6,8,21.7,57.0,optimizer,OPTIMAL,0.025,265483,346910,79184,2242,1951.1,1615.7,6,0,0,21.7,6,0,0.0,0,0.0,0,0.0,0,2,synthetic
1,2026-03-07,sparse,clustered,6,8,21.7,57.0,optimizer+returns,OPTIMAL+OPTIMAL,0.026,265483,346910,79184,2242,1951.1,1615.7,6,0,0,21.7,6,0,0.0,0,0.0,0,0.0,0,2,synthetic
1,2026-03-07,sparse,clustered,6,8,21.7,57.0,optimizer_shared,OPTIMAL,0.031,293456,346910,51179,2275,1195.6,877.9,5,1,0,21.7,6,0,0.0,0,0.0,0,0.0,0,1,synthetic
1,2026-03-07,sparse,clustered,6,8,21.7,57.0,optimizer_shared+returns,OPTIMAL+OPTIMAL,0.031,293456,346910,51179,2275,1195.6,877.9,5,1,0,21.7,6,0,0.0,0,0.0,0,0.0,0,1,synthetic
1,2026-03-07,medium,spread,20,18,78.4,77.0,rule,ok,0.002,657401,890320,226044,6875,5510.8,4646.7,13,0,0,53.3,13,7,25.1,0,0.0,0,0.0,0,3,synthetic
1,2026-03-07,medium,spread,20,18,78.4,77.0,optimizer,OPTIMAL,0.126,718013,863940,137241,8687,3598.0,2513.0,13,0,0,51.8,13,7,26.6,0,0.0,0,0.0,0,1,synthetic
1,2026-03-07,medium,spread,20,18,78.4,77.0,optimizer+returns,OPTIMAL+OPTIMAL,0.142,919098,1101540,171975,10467,4393.3,2953.9,13,0,5,68.5,18,2,9.9,0,0.0,0,0.0,0,1,synthetic
1,2026-03-07,medium,spread,20,18,78.4,77.0,optimizer_shared,OPTIMAL,0.148,794189,924540,121853,8499,3069.1,2143.4,12,2,0,53.2,14,6,25.2,0,0.0,0,0.0,0,0,synthetic
1,2026-03-07,medium,spread,20,18,78.4,77.0,optimizer_shared+returns,OPTIMAL+OPTIMAL,0.161,960767,1113400,143120,9513,3587.1,2449.8,12,2,4,67.3,18,2,11.1,0,0.0,0,0.0,0,0,synthetic
1,2026-03-07,medium,clustered,20,18,52.5,91.0,rule,ok,0.002,482366,858190,366852,8973,9265.7,7282.8,18,0,0,50.7,18,2,1.8,0,0.0,0,0.0,0,7,synthetic
1,2026-03-07,medium,clustered,20,18,52.5,91.0,optimizer,OPTIMAL,0.162,490434,787470,289281,7755,7819.0,6055.3,18,0,0,48.9,18,2,3.6,0,0.0,0,0.0,0,6,synthetic
1,2026-03-07,medium,clustered,20,18,52.5,91.0,optimizer+returns,OPTIMAL+OPTIMAL,0.171,514867,826310,303435,8009,8116.8,6205.9,18,0,2,52.5,20,0,0.0,0,0.0,0,0.0,0,6,synthetic
1,2026-03-07,medium,clustered,20,18,52.5,91.0,optimizer_shared,OPTIMAL,0.671,585601,839370,244883,8886,6069.8,4800.6,12,5,0,51.7,19,1,0.8,0,0.0,0,0.0,0,5,synthetic
1,2026-03-07,medium,clustered,20,18,52.5,91.0,optimizer_shared+returns,OPTIMAL+OPTIMAL,0.676,589496,846650,248241,8913,6158.1,4846.1,12,5,1,52.5,20,0,0.0,0,0.0,0,0.0,0,5,synthetic
1,2026-03-07,dense_tight,spread,60,31,231.4,163.5,rule,ok,0.009,1712875,2211340,484638,13827,12744.2,10848.8,31,0,0,141.1,31,29,90.3,0,0.0,0,0.0,0,7,synthetic
1,2026-03-07,dense_tight,spread,60,31,231.4,163.5,optimizer,OPTIMAL,3.068,1848913,2212210,347365,15932,8930.0,6588.6,31,0,0,139.8,31,29,91.6,0,0.0,0,0.0,0,3,synthetic
1,2026-03-07,dense_tight,spread,60,31,231.4,163.5,optimizer+returns,OPTIMAL+OPTIMAL,3.379,2595178,3062570,446551,20840,11505.3,7939.6,31,0,19,199.0,50,10,32.4,0,0.0,0,0.0,0,3,synthetic
1,2026-03-07,dense_tight,spread,60,31,231.4,163.5,optimizer_shared,OPTIMAL,9.442,1969727,2355870,367605,18538,9486.0,6949.0,31,7,0,150.7,42,18,80.7,0,0.0,0,0.0,0,3,synthetic
1,2026-03-07,dense_tight,spread,60,31,231.4,163.5,optimizer_shared+returns,OPTIMAL+OPTIMAL,9.56,2642467,3106970,441305,23198,11195.1,7853.6,31,7,11,200.3,53,7,31.1,0,0.0,0,0.0,0,3,synthetic
1,2026-03-07,dense_tight,clustered,60,27,216.4,152.0,rule,ok,0.006,1766873,2249080,457206,25002,11429.5,8153.2,27,0,0,129.0,27,33,87.4,0,0.0,0,0.0,0,6,synthetic
1,2026-03-07,dense_tight,clustered,60,27,216.4,152.0,optimizer,OPTIMAL,3.225,1844062,2192080,324450,23568,8155.2,4995.0,27,0,0,127.0,27,33,89.4,0,0.0,0,0.0,0,2,synthetic
1,2026-03-07,dense_tight,clustered,60,27,216.4,152.0,optimizer+returns,OPTIMAL+OPTIMAL,3.532,2517331,2993750,446715,29704,11112.1,6538.7,27,0,17,186.0,44,16,30.4,0,0.0,0,0.0,0,2,synthetic
1,2026-03-07,dense_tight,clustered,60,27,216.4,152.0,optimizer_shared,OPTIMAL,8.1,2168551,2547700,349837,29312,8831.5,5484.2,27,11,0,144.5,43,17,71.9,0,0.0,0,0.0,0,5,synthetic
1,2026-03-07,dense_tight,clustered,60,27,216.4,152.0,optimizer_shared+returns,OPTIMAL+OPTIMAL,8.228,2570443,3047280,444088,32749,11085.1,6636.8,27,11,13,189.4,56,4,27.0,0,0.0,0,0.0,0,5,synthetic
1,2026-04-25,sparse,spread,6,8,20.5,49.5,rule,ok,0.001,410373,590400,164834,15193,3566.5,2196.6,6,0,0,20.5,6,0,0.0,0,0.0,0,0.0,0,4,synthetic
1,2026-04-25,sparse,spread,6,8,20.5,49.5,optimizer,OPTIMAL,0.02,509822,577560,64497,3241,1445.2,1094.1,6,0,0,20.5,6,0,0.0,0,0.0,0,0.0,0,0,synthetic
1,2026-04-25,sparse,spread,6,8,20.5,49.5,optimizer+returns,OPTIMAL+OPTIMAL,0.021,509822,577560,64497,3241,1445.2,1094.1,6,0,0,20.5,6,0,0.0,0,0.0,0,0.0,0,0,synthetic
1,2026-04-25,sparse,spread,6,8,20.5,49.5,optimizer_shared,OPTIMAL,0.018,509822,577560,64497,3241,1445.2,1094.1,6,0,0,20.5,6,0,0.0,0,0.0,0,0.0,0,0,synthetic
1,2026-04-25,sparse,spread,6,8,20.5,49.5,optimizer_shared+returns,OPTIMAL+OPTIMAL,0.019,509822,577560,64497,3241,1445.2,1094.1,6,0,0,20.5,6,0,0.0,0,0.0,0,0.0,0,0,synthetic
1,2026-04-25,sparse,clustered,6,8,19.4,32.5,rule,ok,0.0,311479,411840,90878,9483,2478.9,1526.9,5,0,0,14.3,5,1,5.1,0,0.0,0,0.0,0,2,synthetic
1,2026-04-25,sparse,clustered,6,8,19.4,32.5,optimizer,OPTIMAL,0.012,352239,402480,47114,3127,1315.9,913.3,5,0,0,14.3,5,1,5.1,0,0.0,0,0.0,0,0,synthetic
1,2026-04-25,sparse,clustered,6,8,19.4,32.5,optimizer+returns,OPTIMAL+OPTIMAL,0.012,352239,402480,47114,3127,1315.9,913.3,5,0,0,14.3,5,1,5.1,0,0.0,0,0.0,0,0,synthetic
1,2026-04-25,sparse,clustered,6,8,19.4,32.5,optimizer_shared,OPTIMAL,0.013,359709,402480,39453,3318,1038.2,696.0,4,1,0,14.3,5,1,5.1,0,0.0,0,0.0,0,0,synthetic
1,2026-04-25,sparse,clustered,6,8,19.4,32.5,optimizer_shared+returns,OPTIMAL+OPTIMAL,0.014,359709,402480,39453,3318,1038.2,696.0,4,1,0,14.3,5,1,5.1,0,0.0,0,0.0,0,0,synthetic
1,2026-04-25,medium,spread,20,18,53.1,101.0,rule,ok,0.002,937424,1477440,495579,44437,12446.4,6908.5,18,0,0,51.3,18,2,1.8,0,0.0,1,14.98,1,16,synthetic
1,2026-04-25,medium,spread,20,18,53.1,101.0,optimizer,OPTIMAL,0.234,1167475,1411460,222322,21663,5709.1,3631.3,17,0,0,49.6,17,3,3.5,0,0.0,0,0.0,0,4,synthetic
1,2026-04-25,medium,spread,20,18,53.1,101.0,optimizer+returns,OPTIMAL+OPTIMAL,0.249,1228703,1485980,234836,22441,6156.1,3854.8,17,0,2,52.3,19,1,0.8,0,0.0,0,0.0,0,4,synthetic
1,2026-04-25,medium,spread,20,18,53.1,101.0,optimizer_shared,OPTIMAL,0.321,1291723,1501410,185519,24167,4619.9,2686.3,15,3,0,53.1,20,0,0.0,0,0.0,0,0.0,0,3,synthetic
1,2026-04-25,medium,spread,20,18,53.1,101.0,optimizer_shared+returns,OPTIMAL+OPTIMAL,0.322,1291723,1501410,185519,24167,4619.9,2686.3,15,3,0,53.1,20,0,0.0,0,0.0,0,0.0,0,3,synthetic
1,2026-04-25,medium,clustered,20,18,55.3,110.0,rule,ok,0.002,935716,1535040,550200,49124,13063.3,7251.0,18,0,0,53.3,18,2,2.0,0,0.0,1,16.98,1,18,synthetic
1,2026-04-25,medium,clustered,20,18,55.3,110.0,optimizer,OPTIMAL,0.737,1264608,1470200,195901,9690,5151.4,3990.1,17,0,0,52.0,17,3,3.3,0,0.0,0,0.0,0,2,synthetic
1,2026-04-25,medium,clustered,20,18,55.3,110.0,optimizer+returns,OPTIMAL+OPTIMAL,0.752,1318586,1566080,236650,10844,5913.2,4449.9,17,0,3,55.3,20,0,0.0,0,0.0,0,0.0,0,2,synthetic
1,2026-04-25,medium,clustered,20,18,55.3,110.0,optimizer_shared,OPTIMAL,1.651,1463028,1574930,98907,12995,2077.7,1372.6,9,6,0,55.3,20,0,0.0,0,0.0,0,0.0,0,0,synthetic
1,2026-04-25,medium,clustered,20,18,55.3,110.0,optimizer_shared+returns,OPTIMAL+OPTIMAL,1.652,1463028,1574930,98907,12995,2077.7,1372.6,9,6,0,55.3,20,0,0.0,0,0.0,0,0.0,0,0,synthetic
1,2026-04-25,dense_tight,spread,60,23,199.6,140.5,rule,ok,0.005,2506776,3245760,650655,88329,15886.0,9353.6,23,0,0,112.7,23,37,86.9,0,0.0,1,76.38,1,20,synthetic
1,2026-04-25,dense_tight,spread,60,23,199.6,140.5,optimizer,OPTIMAL,8.131,2878981,3200090,298074,23034,7167.2,5399.8,23,0,0,110.1,23,37,89.5,0,0.0,0,0.0,0,3,synthetic
1,2026-04-25,dense_tight,spread,60,23,199.6,140.5,optimizer+returns,OPTIMAL+OPTIMAL,8.35,4012418,4451430,406037,32975,9759.0,6785.8,23,0,16,157.0,39,21,42.6,0,0.0,0,0.0,0,3,synthetic
1,2026-04-25,dense_tight,spread,60,23,199.6,140.5,optimizer_shared,OPTIMAL,10.641,3647428,3964680,282222,35030,6923.4,4901.3,23,9,0,134.2,37,23,65.4,0,0.0,0,0.0,0,2,synthetic
1,2026-04-25,dense_tight,spread,60,23,199.6,140.5,optimizer_shared+returns,OPTIMAL+OPTIMAL,10.817,4838649,5269770,389167,41954,9432.5,6453.4,23,9,17,186.4,54,6,13.2,0,0.0,0,0.0,0,2,synthetic
1,2026-04-25,dense_tight,clustered,60,28,206.3,151.5,rule,ok,0.006,2579952,3525120,883635,61533,23376.4,17964.8,28,0,0,122.4,28,32,83.9,0,0.0,1,86.07,1,22,synthetic
1,2026-04-25,dense_tight,clustered,60,28,206.3,151.5,optimizer,FEASIBLE,49.021,2756785,3536880,727837,52258,19419.2,15143.1,28,0,0,121.0,28,32,85.3,0,0.0,0,0.0,0,18,synthetic
1,2026-04-25,dense_tight,clustered,60,28,206.3,151.5,optimizer+returns,FEASIBLE+OPTIMAL,49.165,2976011,3800720,770819,53890,20392.9,15770.9,28,0,6,134.6,34,26,71.7,0,0.0,0,0.0,0,18,synthetic
1,2026-04-25,dense_tight,clustered,60,28,206.3,151.5,optimizer_shared,OPTIMAL,10.165,3256269,4078910,743238,79403,19859.1,13706.3,28,6,0,138.4,40,20,67.9,0,0.0,0,0.0,0,19,synthetic
1,2026-04-25,dense_tight,clustered,60,28,206.3,151.5,optimizer_shared+returns,OPTIMAL+OPTIMAL,10.272,3375419,4220530,765348,79763,20250.5,14025.8,28,6,3,145.7,43,17,60.6,0,0.0,0,0.0,0,19,synthetic
1,2026-06-13,sparse,spread,6,8,18.8,46.5,rule,ok,0.001,747101,849820,91992,10727,2376.0,1775.6,6,0,0,18.8,6,0,0.0,0,0.0,0,0.0,0,2,synthetic
1,2026-06-13,sparse,spread,6,8,18.8,46.5,optimizer,OPTIMAL,0.021,724040,811060,77664,9356,1975.1,1450.8,6,0,0,18.8,6,0,0.0,0,0.0,0,0.0,0,1,synthetic
1,2026-06-13,sparse,spread,6,8,18.8,46.5,optimizer+returns,OPTIMAL+OPTIMAL,0.023,724040,811060,77664,9356,1975.1,1450.8,6,0,0,18.8,6,0,0.0,0,0.0,0,0.0,0,1,synthetic
1,2026-06-13,sparse,spread,6,8,18.8,46.5,optimizer_shared,OPTIMAL,0.026,774704,852680,66165,11811,1607.0,1245.9,4,1,0,18.8,6,0,0.0,0,0.0,0,0.0,0,1,synthetic
1,2026-06-13,sparse,spread,6,8,18.8,46.5,optimizer_shared+returns,OPTIMAL+OPTIMAL,0.027,774704,852680,66165,11811,1607.0,1245.9,4,1,0,18.8,6,0,0.0,0,0.0,0,0.0,0,1,synthetic
1,2026-06-13,sparse,clustered,6,8,13.3,44.5,rule,ok,0.001,370681,520200,146848,2671,3234.3,2856.0,6,0,0,13.3,6,0,0.0,0,0.0,0,0.0,0,3,synthetic
1,2026-06-13,sparse,clustered,6,8,13.3,44.5,optimizer,OPTIMAL,0.025,381155,520990,125226,14609,2898.3,2129.7,6,0,0,13.3,6,0,0.0,0,0.0,0,0.0,0,3,synthetic
1,2026-06-13,sparse,clustered,6,8,13.3,44.5,optimizer+returns,OPTIMAL+OPTIMAL,0.026,381155,520990,125226,14609,2898.3,2129.7,6,0,0,13.3,6,0,0.0,0,0.0,0,0.0,0,3,synthetic
1,2026-06-13,sparse,clustered,6,8,13.3,44.5,optimizer_shared,OPTIMAL,0.035,392520,526690,119371,14798,2578.1,1820.4,5,1,0,13.3,6,0,0.0,0,0.0,0,0.0,0,2,synthetic
1,2026-06-13,sparse,clustered,6,8,13.3,44.5,optimizer_shared+returns,OPTIMAL+OPTIMAL,0.035,392520,526690,119371,14798,2578.1,1820.4,5,1,0,13.3,6,0,0.0,0,0.0,0,0.0,0,2,synthetic
1,2026-06-13,medium,spread,20,18,62.7,92.5,rule,ok,0.002,2151918,2491140,298828,40395,7946.1,5952.1,17,0,0,54.4,17,3,8.3,0,0.0,0,0.0,0,4,synthetic
1,2026-06-13,medium,spread,20,18,62.7,92.5,optimizer,OPTIMAL,0.277,2120495,2421770,258413,42862,6804.9,4610.1,17,0,0,54.4,17,3,8.3,0,0.0,0,0.0,0,4,synthetic
1,2026-06-13,medium,spread,20,18,62.7,92.5,optimizer+returns,OPTIMAL+OPTIMAL,0.286,2330566,2647490,272268,44657,7071.2,4743.2,17,0,2,60.1,19,1,2.6,0,0.0,0,0.0,0,4,synthetic
1,2026-06-13,medium,spread,20,18,62.7,92.5,optimizer_shared,OPTIMAL,0.305,2359877,2669180,260166,49137,6832.6,4612.8,17,2,0,60.0,19,1,2.7,0,0.0,0,0.0,0,3,synthetic
1,2026-06-13,medium,spread,20,18,62.7,92.5,optimizer_shared+returns,OPTIMAL+OPTIMAL,0.309,2465356,2776100,261406,49338,6865.2,4629.1,17,2,1,62.7,20,0,0.0,0,0.0,0,0.0,0,3,synthetic
1,2026-06-13,medium,clustered,20,18,69.7,119.0,rule,ok,0.003,2371578,2618360,235156,11625,6342.5,5718.8,18,0,0,66.5,18,2,3.2,0,0.0,1,13.5,1,3,synthetic
1,2026-06-13,medium,clustered,20,18,69.7,119.0,optimizer,OPTIMAL,0.39,2532753,2711270,161798,16719,3950.7,3197.4,18,0,0,65.6,18,2,4.1,0,0.0,0,0.0,0,1,synthetic
1,2026-06-13,medium,clustered,20,18,69.7,119.0,optimizer+returns,OPTIMAL+OPTIMAL,0.401,2690215,2870350,163191,16944,3995.6,3219.9,18,0,2,69.7,20,0,0.0,0,0.0,0,0.0,0,1,synthetic
1,2026-06-13,medium,clustered,20,18,69.7,119.0,optimizer_shared,OPTIMAL,1.211,2791392,2969300,152323,25585,3553.1,2861.1,13,5,0,69.7,20,0,0.0,0,0.0,0,0.0,0,2,synthetic
1,2026-06-13,medium,clustered,20,18,69.7,119.0,optimizer_shared+returns,OPTIMAL+OPTIMAL,1.212,2791392,2969300,152323,25585,3553.1,2861.1,13,5,0,69.7,20,0,0.0,0,0.0,0,0.0,0,2,synthetic
1,2026-06-13,dense_tight,spread,60,25,199.7,141.5,rule,ok,0.008,4778937,5245180,398331,67912,9687.6,6915.3,25,0,0,112.7,25,35,87.0,0,0.0,1,6.5,1,3,synthetic
1,2026-06-13,dense_tight,spread,60,25,199.7,141.5,optimizer,OPTIMAL,7.424,4868801,5258070,305748,83521,7285.0,4462.5,25,0,0,112.5,25,35,87.2,0,0.0,0,0.0,0,1,synthetic
1,2026-06-13,dense_tight,spread,60,25,199.7,141.5,optimizer+returns,OPTIMAL+OPTIMAL,7.96,7180958,7666570,390270,95342,9457.3,5752.8,25,0,22,173.1,47,13,26.6,0,0.0,0,0.0,0,1,synthetic
1,2026-06-13,dense_tight,spread,60,25,199.7,141.5,optimizer_shared,OPTIMAL,21.216,5925752,6277300,278046,73503,6724.9,4455.7,25,12,0,133.6,41,19,66.1,0,0.0,0,0.0,0,0,synthetic
1,2026-06-13,dense_tight,spread,60,25,199.7,141.5,optimizer_shared+returns,OPTIMAL+OPTIMAL,21.375,7497700,7938650,353642,87308,8439.8,5280.2,25,12,13,179.8,54,6,19.9,0,0.0,0,0.0,0,0,synthetic
1,2026-06-13,dense_tight,clustered,60,29,219.5,157.0,rule,ok,0.005,5115814,5849640,607308,126518,15170.9,10101.9,29,0,0,130.9,29,31,88.6,0,0.0,2,56.57,2,9,synthetic
1,2026-06-13,dense_tight,clustered,60,29,219.5,157.0,optimizer,OPTIMAL,7.92,5581938,6105960,425890,98132,10502.7,6811.6,29,0,0,130.9,29,31,88.6,0,0.0,0,0.0,0,2,synthetic
1,2026-06-13,dense_tight,clustered,60,29,219.5,157.0,optimizer+returns,OPTIMAL+OPTIMAL,8.131,6454037,7059360,499285,106038,12504.1,8013.2,29,0,12,158.5,41,19,61.0,0,0.0,0,0.0,0,2,synthetic
1,2026-06-13,dense_tight,clustered,60,29,219.5,157.0,optimizer_shared,FEASIBLE,32.352,6376140,6928150,437324,114686,10752.7,6858.9,29,14,0,148.0,45,15,71.5,0,0.0,0,0.0,0,4,synthetic
1,2026-06-13,dense_tight,clustered,60,29,219.5,157.0,optimizer_shared+returns,FEASIBLE+OPTIMAL,32.407,6764316,7349500,466703,118481,11493.3,7211.0,29,14,5,163.6,50,10,55.9,0,0.0,0,0.0,0,4,synthetic
1,2026-08-02,sparse,spread,6,8,20.6,31.5,rule,ok,0.0,404536,498960,88206,6218,2224.2,1568.6,5,0,0,15.4,5,1,5.2,0,0.0,0,0.0,0,2,synthetic
1,2026-08-02,sparse,spread,6,8,20.6,31.5,optimizer,OPTIMAL,0.017,406827,498960,85915,6218,2142.3,1486.8,5,0,0,15.4,5,1,5.2,0,0.0,0,0.0,0,2,synthetic
1,2026-08-02,sparse,spread,6,8,20.6,31.5,optimizer+returns,OPTIMAL+OPTIMAL,0.018,406827,498960,85915,6218,2142.3,1486.8,5,0,0,15.4,5,1,5.2,0,0.0,0,0.0,0,2,synthetic
1,2026-08-02,sparse,spread,6,8,20.6,31.5,optimizer_shared,OPTIMAL,0.017,406827,498960,85915,6218,2142.3,1486.8,5,0,0,15.4,5,1,5.2,0,0.0,0,0.0,0,2,synthetic
1,2026-08-02,sparse,spread,6,8,20.6,31.5,optimizer_shared+returns,OPTIMAL+OPTIMAL,0.017,406827,498960,85915,6218,2142.3,1486.8,5,0,0,15.4,5,1,5.2,0,0.0,0,0.0,0,2,synthetic
1,2026-08-02,sparse,clustered,6,8,16.9,32.5,rule,ok,0.001,470038,547560,70330,7191,2015.7,1228.2,6,0,0,16.9,6,0,0.0,0,0.0,0,0.0,0,1,synthetic
1,2026-08-02,sparse,clustered,6,8,16.9,32.5,optimizer,OPTIMAL,0.025,477358,547560,63011,7191,1964.6,1177.1,6,0,0,16.9,6,0,0.0,0,0.0,0,0.0,0,1,synthetic
1,2026-08-02,sparse,clustered,6,8,16.9,32.5,optimizer+returns,OPTIMAL+OPTIMAL,0.026,477358,547560,63011,7191,1964.6,1177.1,6,0,0,16.9,6,0,0.0,0,0.0,0,0.0,0,1,synthetic
1,2026-08-02,sparse,clustered,6,8,16.9,32.5,optimizer_shared,OPTIMAL,0.032,493597,547560,46701,7262,1382.1,708.4,5,1,0,16.9,6,0,0.0,0,0.0,0,0.0,0,0,synthetic
1,2026-08-02,sparse,clustered,6,8,16.9,32.5,optimizer_shared+returns,OPTIMAL+OPTIMAL,0.032,493597,547560,46701,7262,1382.1,708.4,5,1,0,16.9,6,0,0.0,0,0.0,0,0.0,0,0,synthetic
1,2026-08-02,medium,spread,20,18,67.6,120.0,rule,ok,0.002,1644712,2067120,382356,40052,8383.0,4949.1,18,0,0,63.8,18,2,3.8,0,0.0,1,33.01,1,7,synthetic
1,2026-08-02,medium,spread,20,18,67.6,120.0,optimizer,OPTIMAL,0.3,1707655,1981180,256958,16568,6180.4,4689.6,18,0,0,63.8,18,2,3.8,0,0.0,0,0.0,0,5,synthetic
1,2026-08-02,medium,spread,20,18,67.6,120.0,optimizer+returns,OPTIMAL+OPTIMAL,0.31,1811345,2098980,270207,17428,6464.4,4831.6,18,0,2,67.6,20,0,0.0,0,0.0,0,0.0,0,5,synthetic
1,2026-08-02,medium,spread,20,18,67.6,120.0,optimizer_shared,OPTIMAL,2.855,1836196,2089550,234371,18983,4989.0,3868.0,14,6,0,67.6,20,0,0.0,0,0.0,0,0.0,0,4,synthetic
1,2026-08-02,medium,spread,20,18,67.6,120.0,optimizer_shared+returns,OPTIMAL+OPTIMAL,2.855,1836196,2089550,234371,18983,4989.0,3868.0,14,6,0,67.6,20,0,0.0,0,0.0,0,0.0,0,4,synthetic
1,2026-08-02,medium,clustered,20,18,81.2,109.5,rule,ok,0.002,2051407,2426760,344388,30965,8120.0,5840.9,18,0,0,74.9,18,2,6.3,0,0.0,1,44.11,1,7,synthetic
1,2026-08-02,medium,clustered,20,18,81.2,109.5,optimizer,OPTIMAL,6.757,2095988,2396350,281841,18520,6609.7,5445.1,18,0,0,74.8,18,2,6.4,0,0.0,0,0.0,0,4,synthetic
1,2026-08-02,medium,clustered,20,18,81.2,109.5,optimizer+returns,OPTIMAL+OPTIMAL,6.765,2262736,2569090,287075,19279,6705.8,5486.4,18,0,2,81.2,20,0,0.0,0,0.0,0,0.0,0,4,synthetic
1,2026-08-02,medium,clustered,20,18,81.2,109.5,optimizer_shared,OPTIMAL,1.4,2197574,2446440,231132,17734,5149.6,4126.0,14,4,0,76.1,19,1,5.1,0,0.0,0,0.0,0,4,synthetic
1,2026-08-02,medium,clustered,20,18,81.2,109.5,optimizer_shared+returns,OPTIMAL+OPTIMAL,1.404,2339972,2593830,235401,18456,5228.7,4165.5,14,4,1,81.2,20,0,0.0,0,0.0,0,0.0,0,4,synthetic
1,2026-08-02,dense_tight,spread,60,24,204.3,148.0,rule,ok,0.006,3329943,3952800,535518,87339,12990.2,7529.9,24,0,0,122.0,24,36,82.3,0,0.0,1,91.21,1,10,synthetic
1,2026-08-02,dense_tight,spread,60,24,204.3,148.0,optimizer,OPTIMAL,7.508,3264873,3615700,309015,41812,7118.7,4698.5,24,0,0,121.9,24,36,82.4,0,0.0,0,0.0,0,4,synthetic
1,2026-08-02,dense_tight,spread,60,24,204.3,148.0,optimizer+returns,OPTIMAL+OPTIMAL,8.125,4574445,5019400,394260,50695,9287.0,5739.3,24,0,19,173.0,43,17,31.3,0,0.0,0,0.0,0,4,synthetic
1,2026-08-02,dense_tight,spread,60,24,204.3,148.0,optimizer_shared,OPTIMAL,9.602,3994830,4340090,290609,54651,6745.2,4019.6,24,10,0,140.5,38,22,63.8,0,0.0,0,0.0,0,3,synthetic
1,2026-08-02,dense_tight,spread,60,24,204.3,148.0,optimizer_shared+returns,OPTIMAL+OPTIMAL,9.825,5054903,5454350,340078,59369,8060.1,4708.3,24,10,16,184.9,54,6,19.4,0,0.0,0,0.0,0,3,synthetic
1,2026-08-02,dense_tight,clustered,60,29,232.2,165.5,rule,ok,0.009,3869428,4626720,695812,61480,16972.5,13068.4,29,0,0,142.8,29,31,89.4,0,0.0,1,112.01,1,14,synthetic
1,2026-08-02,dense_tight,clustered,60,29,232.2,165.5,optimizer,FEASIBLE,26.874,3520571,4091750,541440,29738,13128.4,11225.0,29,0,0,142.8,29,31,89.4,0,0.0,0,0.0,0,11,synthetic
1,2026-08-02,dense_tight,clustered,60,29,232.2,165.5,optimizer+returns,FEASIBLE+OPTIMAL,28.821,4510231,5158900,611369,37300,14790.7,11965.5,29,0,15,193.5,44,16,38.7,0,0.0,0,0.0,0,11,synthetic
1,2026-08-02,dense_tight,clustered,60,29,232.2,165.5,optimizer_shared,FEASIBLE,28.431,3813737,4388400,543611,31052,13172.9,11444.8,29,10,0,155.9,41,19,76.3,0,0.0,0,0.0,0,10,synthetic
1,2026-08-02,dense_tight,clustered,60,29,232.2,165.5,optimizer_shared+returns,FEASIBLE+OPTIMAL,31.299,4899231,5584000,642618,42151,15606.9,12446.5,29,10,15,217.5,56,4,14.7,0,0.0,0,0.0,0,10,synthetic
2,2026-01-16,sparse,spread,6,8,19.9,40.5,rule,ok,0.001,143695,237600,90882,3023,1700.5,1105.0,4,0,0,14.4,4,2,5.5,0,0.0,0,0.0,0,2,synthetic
2,2026-01-16,sparse,spread,6,8,19.9,40.5,optimizer,OPTIMAL,0.011,155655,239590,80926,3010,1518.9,931.9,4,0,0,14.3,4,2,5.6,0,0.0,0,0.0,0,1,synthetic
2,2026-01-16,sparse,spread,6,8,19.9,40.5,optimizer+returns,OPTIMAL+OPTIMAL,0.013,155655,239590,80926,3010,1518.9,931.9,4,0,0,14.3,4,2,5.6,0,0.0,0,0.0,0,1,synthetic
2,2026-01-16,sparse,spread,6,8,19.9,40.5,optimizer_shared,OPTIMAL,0.011,202523,287440,81094,3823,1519.2,932.0,4,1,0,17.2,5,1,2.7,0,0.0,0,0.0,0,1,synthetic
2,2026-01-16,sparse,spread,6,8,19.9,40.5,optimizer_shared+returns,OPTIMAL+OPTIMAL,0.013,202523,287440,81094,3823,1519.2,932.0,4,1,0,17.2,5,1,2.7,0,0.0,0,0.0,0,1,synthetic
2,2026-01-16,sparse,clustered,6,8,17.3,51.5,rule,ok,0.001,135724,277530,137357,4449,3073.3,1858.4,6,0,0,17.3,6,0,0.0,0,0.0,0,0.0,0,3,synthetic
2,2026-01-16,sparse,clustered,6,8,17.3,51.5,optimizer,OPTIMAL,0.016,176244,278960,98211,4505,2441.0,1437.9,6,0,0,17.3,6,0,0.0,0,0.0,0,0.0,0,2,synthetic
2,2026-01-16,sparse,clustered,6,8,17.3,51.5,optimizer+returns,OPTIMAL+OPTIMAL,0.016,176244,278960,98211,4505,2441.0,1437.9,6,0,0,17.3,6,0,0.0,0,0.0,0,0.0,0,2,synthetic
2,2026-01-16,sparse,clustered,6,8,17.3,51.5,optimizer_shared,OPTIMAL,0.018,206763,274010,63894,3353,1294.8,745.4,4,2,0,17.3,6,0,0.0,0,0.0,0,0.0,0,0,synthetic
2,2026-01-16,sparse,clustered,6,8,17.3,51.5,optimizer_shared+returns,OPTIMAL+OPTIMAL,0.018,206763,274010,63894,3353,1294.8,745.4,4,2,0,17.3,6,0,0.0,0,0.0,0,0.0,0,0,synthetic
2,2026-01-16,medium,spread,20,18,79.4,91.5,rule,ok,0.002,772779,1111770,329508,9483,8388.1,6647.7,17,0,0,68.7,17,3,10.7,0,0.0,0,0.0,0,6,synthetic
2,2026-01-16,medium,spread,20,18,79.4,91.5,optimizer,OPTIMAL,0.295,882423,1106980,215834,8724,5223.4,3712.1,17,0,0,67.9,17,3,11.5,0,0.0,0,0.0,0,3,synthetic
2,2026-01-16,medium,spread,20,18,79.4,91.5,optimizer+returns,OPTIMAL+OPTIMAL,0.302,1009141,1252380,233455,9784,5548.8,3881.4,17,0,2,76.5,19,1,2.9,0,0.0,0,0.0,0,3,synthetic
2,2026-01-16,medium,spread,20,18,79.4,91.5,optimizer_shared,OPTIMAL,0.208,893744,1102040,198614,9682,5048.8,3421.9,16,2,0,68.0,18,2,11.4,0,0.0,0,0.0,0,2,synthetic
2,2026-01-16,medium,spread,20,18,79.4,91.5,optimizer_shared+returns,OPTIMAL+OPTIMAL,0.212,1070853,1304960,222702,11405,5464.1,3616.2,16,2,2,79.4,20,0,0.0,0,0.0,0,0.0,0,2,synthetic
2,2026-01-16,medium,clustered,20,18,76.8,97.0,rule,ok,0.003,760614,1160280,393640,6025,9445.9,8290.7,18,0,0,73.2,18,2,3.6,0,0.0,0,0.0,0,6,synthetic
2,2026-01-16,medium,clustered,20,18,76.8,97.0,optimizer,OPTIMAL,0.161,819271,1183370,345107,18992,8233.4,5554.1,18,0,0,72.8,18,2,4.0,0,0.0,0,0.0,0,5,synthetic
2,2026-01-16,medium,clustered,20,18,76.8,97.0,optimizer+returns,OPTIMAL+OPTIMAL,0.172,877403,1244970,348412,19155,8324.7,5599.8,18,0,2,76.8,20,0,0.0,0,0.0,0,0.0,0,5,synthetic
2,2026-01-16,medium,clustered,20,18,76.8,97.0,optimizer_shared,OPTIMAL,0.35,878360,1254140,353767,22013,8100.6,5142.9,16,3,0,76.8,20,0,0.0,0,0.0,0,0.0,0,5,synthetic
2,2026-01-16,medium,clustered,20,18,76.8,97.0,optimizer_shared+returns,OPTIMAL+OPTIMAL,0.351,878360,1254140,353767,22013,8100.6,5142.9,16,3,0,76.8,20,0,0.0,0,0.0,0,0.0,0,5,synthetic
2,2026-01-16,dense_tight,spread,60,25,233.6,167.5,rule,ok,0.006,1947806,2395030,429173,18050,9638.4,7308.7,25,0,0,148.8,25,35,84.8,0,0.0,1,44.58,1,6,synthetic
2,2026-01-16,dense_tight,spread,60,25,233.6,167.5,optimizer,OPTIMAL,6.854,2142664,2454230,294932,16634,6422.5,4394.2,25,0,0,148.1,25,35,85.5,0,0.0,0,0.0,0,1,synthetic
2,2026-01-16,dense_tight,spread,60,25,233.6,167.5,optimizer+returns,OPTIMAL+OPTIMAL,7.421,2927833,3374810,425984,20994,9403.0,6123.7,25,0,23,215.5,48,12,18.1,0,0.0,0,0.0,0,1,synthetic
2,2026-01-16,dense_tight,spread,60,25,233.6,167.5,optimizer_shared,OPTIMAL,7.054,2377147,2650010,255707,17156,5693.3,3775.8,25,10,0,160.5,36,24,73.1,0,0.0,0,0.0,0,0,synthetic
2,2026-01-16,dense_tight,spread,60,25,233.6,167.5,optimizer_shared+returns,OPTIMAL+OPTIMAL,7.229,3172192,3560760,365985,22584,8302.5,5075.5,25,10,18,221.6,54,6,12.0,0,0.0,0,0.0,0,0,synthetic
2,2026-01-16,dense_tight,clustered,60,32,228.3,160.0,rule,ok,0.006,1667763,2206050,516781,21506,14200.2,10192.3,32,0,0,133.7,32,28,94.6,0,0.0,1,84.17,1,9,synthetic
2,2026-01-16,dense_tight,clustered,60,32,228.3,160.0,optimizer,FEASIBLE,33.425,1762737,2078090,300501,14852,7264.5,5022.9,28,0,0,127.4,28,32,100.9,0,0.0,0,0.0,0,5,synthetic
2,2026-01-16,dense_tight,clustered,60,32,228.3,160.0,optimizer+returns,FEASIBLE+OPTIMAL,33.982,2559366,3007590,427011,21212,10196.0,6467.1,28,0,21,195.3,49,11,33.0,0,0.0,0,0.0,0,5,synthetic
2,2026-01-16,dense_tight,clustered,60,32,228.3,160.0,optimizer_shared,FEASIBLE,21.504,1979931,2316190,317524,18734,7680.2,5185.9,28,10,0,142.0,42,18,86.3,0,0.0,0,0.0,0,5,synthetic
2,2026-01-16,dense_tight,clustered,60,32,228.3,160.0,optimizer_shared+returns,FEASIBLE+OPTIMAL,21.688,2782453,3231510,424750,24307,9986.1,6551.0,28,10,14,212.4,56,4,15.9,0,0.0,0,0.0,0,5,synthetic
2,2026-03-05,sparse,spread,6,8,27.7,35.0,rule,ok,0.001,231484,279710,45992,2234,1259.4,830.8,4,0,0,12.3,4,2,15.4,0,0.0,0,0.0,0,0,synthetic
2,2026-03-05,sparse,spread,6,8,27.7,35.0,optimizer,OPTIMAL,0.012,234722,281670,44169,2779,1211.4,656.5,4,0,0,12.3,4,2,15.4,0,0.0,0,0.0,0,0,synthetic
2,2026-03-05,sparse,spread,6,8,27.7,35.0,optimizer+returns,OPTIMAL+OPTIMAL,0.013,234722,281670,44169,2779,1211.4,656.5,4,0,0,12.3,4,2,15.4,0,0.0,0,0.0,0,0,synthetic
2,2026-03-05,sparse,spread,6,8,27.7,35.0,optimizer_shared,OPTIMAL,0.012,234722,281670,44169,2779,1211.4,656.5,4,0,0,12.3,4,2,15.4,0,0.0,0,0.0,0,0,synthetic
2,2026-03-05,sparse,spread,6,8,27.7,35.0,optimizer_shared+returns,OPTIMAL+OPTIMAL,0.012,234722,281670,44169,2779,1211.4,656.5,4,0,0,12.3,4,2,15.4,0,0.0,0,0.0,0,0,synthetic
2,2026-03-05,sparse,clustered,6,8,23.1,41.5,rule,ok,0.001,332487,382430,46565,3378,1158.4,605.1,5,0,0,16.7,5,1,6.4,0,0.0,0,0.0,0,0,synthetic
2,2026-03-05,sparse,clustered,6,8,23.1,41.5,optimizer,OPTIMAL,0.018,332811,382430,46241,3378,1156.5,603.2,5,0,0,16.7,5,1,6.4,0,0.0,0,0.0,0,0,synthetic
2,2026-03-05,sparse,clustered,6,8,23.1,41.5,optimizer+returns,OPTIMAL+OPTIMAL,0.019,426651,484830,54261,3918,1305.1,686.8,5,0,1,23.1,6,0,0.0,0,0.0,0,0.0,0,0,synthetic
2,2026-03-05,sparse,clustered,6,8,23.1,41.5,optimizer_shared,OPTIMAL,0.027,340965,382430,38025,3440,933.6,476.3,4,1,0,16.7,5,1,6.4,0,0.0,0,0.0,0,0,synthetic
2,2026-03-05,sparse,clustered,6,8,23.1,41.5,optimizer_shared+returns,OPTIMAL+OPTIMAL,0.028,434804,484830,46046,3980,1082.2,559.9,4,1,1,23.1,6,0,0.0,0,0.0,0,0.0,0,0,synthetic
2,2026-03-05,medium,spread,20,18,76.3,99.5,rule,ok,0.003,1242222,1630110,370470,17418,8925.6,5938.6,18,0,0,74.3,18,2,2.0,0,0.0,0,0.0,0,7,synthetic
2,2026-03-05,medium,spread,20,18,76.3,99.5,optimizer,OPTIMAL,0.255,1330039,1631000,276817,24145,6332.6,3692.8,18,0,0,74.3,18,2,2.0,0,0.0,0,0.0,0,4,synthetic
2,2026-03-05,medium,spread,20,18,76.3,99.5,optimizer+returns,OPTIMAL+OPTIMAL,0.276,1366471,1676800,285906,24422,6657.2,3855.1,18,0,2,76.3,20,0,0.0,0,0.0,0,0.0,0,4,synthetic
2,2026-03-05,medium,spread,20,18,76.3,99.5,optimizer_shared,OPTIMAL,0.352,1372744,1676800,279461,24595,6386.9,3727.1,18,1,0,76.3,20,0,0.0,0,0.0,0,0.0,0,4,synthetic
2,2026-03-05,medium,spread,20,18,76.3,99.5,optimizer_shared+returns,OPTIMAL+OPTIMAL,0.353,1372744,1676800,279461,24595,6386.9,3727.1,18,1,0,76.3,20,0,0.0,0,0.0,0,0.0,0,4,synthetic
2,2026-03-05,medium,clustered,20,18,78.4,101.5,rule,ok,0.003,1323573,1685140,350005,11562,9015.3,7481.3,18,0,0,74.4,18,2,4.0,0,0.0,0,0.0,0,7,synthetic
2,2026-03-05,medium,clustered,20,18,78.4,101.5,optimizer,OPTIMAL,0.913,1346176,1695290,334080,15034,8556.8,6589.2,18,0,0,74.4,18,2,4.0,0,0.0,0,0.0,0,7,synthetic
2,2026-03-05,medium,clustered,20,18,78.4,101.5,optimizer+returns,OPTIMAL+OPTIMAL,0.926,1424123,1780720,340853,15744,8729.3,6569.2,18,0,2,78.4,20,0,0.0,0,0.0,0,0.0,0,7,synthetic
2,2026-03-05,medium,clustered,20,18,78.4,101.5,optimizer_shared,OPTIMAL,1.16,1535623,1784440,233533,15283,5619.4,3830.3,15,5,0,78.4,20,0,0.0,0,0.0,0,0.0,0,4,synthetic
2,2026-03-05,medium,clustered,20,18,78.4,101.5,optimizer_shared+returns,OPTIMAL+OPTIMAL,1.161,1535623,1784440,233533,15283,5619.4,3830.3,15,5,0,78.4,20,0,0.0,0,0.0,0,0.0,0,4,synthetic
2,2026-03-05,dense_tight,spread,60,28,223.2,161.0,rule,ok,0.007,2534138,3171420,588563,48718,13973.4,9007.3,28,0,0,139.3,28,32,83.9,0,0.0,1,49.87,1,11,synthetic
2,2026-03-05,dense_tight,spread,60,28,223.2,161.0,optimizer,OPTIMAL,5.165,2536801,2903190,342032,24357,8133.4,5569.5,28,0,0,138.6,28,32,84.6,0,0.0,0,0.0,0,4,synthetic
2,2026-03-05,dense_tight,spread,60,28,223.2,161.0,optimizer+returns,OPTIMAL+OPTIMAL,5.372,3425328,3967380,508620,33432,12160.9,7803.0,28,0,20,191.6,48,12,31.6,0,0.0,0,0.0,0,4,synthetic
2,2026-03-05,dense_tight,spread,60,28,223.2,161.0,optimizer_shared,OPTIMAL,13.17,2842534,3216950,352148,22268,8473.1,6340.4,28,8,0,153.2,39,21,70.0,0,0.0,0,0.0,0,4,synthetic
2,2026-03-05,dense_tight,spread,60,28,223.2,161.0,optimizer_shared+returns,OPTIMAL+OPTIMAL,13.287,3719705,4174120,424840,29575,10262.6,6899.6,28,8,13,200.8,52,8,22.4,0,0.0,0,0.0,0,4,synthetic
2,2026-03-05,dense_tight,clustered,60,24,186.7,134.5,rule,ok,0.005,1893469,2395340,476886,24985,10963.2,7665.1,24,0,0,104.6,24,36,82.1,0,0.0,1,41.68,1,7,synthetic
2,2026-03-05,dense_tight,clustered,60,24,186.7,134.5,optimizer,OPTIMAL,5.193,1885802,2194650,295002,13846,6886.8,4963.4,24,0,0,104.6,24,36,82.1,0,0.0,0,0.0,0,3,synthetic
2,2026-03-05,dense_tight,clustered,60,24,186.7,134.5,optimizer+returns,OPTIMAL+OPTIMAL,5.46,2628629,3042870,394691,19549,9574.3,6397.9,24,0,16,146.5,40,20,40.2,0,0.0,0,0.0,0,3,synthetic
2,2026-03-05,dense_tight,clustered,60,24,186.7,134.5,optimizer_shared,FEASIBLE,25.895,2337950,2644900,289429,17521,6907.4,4923.0,24,16,0,128.6,42,18,58.1,0,0.0,0,0.0,0,3,synthetic
2,2026-03-05,dense_tight,clustered,60,24,186.7,134.5,optimizer_shared+returns,FEASIBLE+OPTIMAL,26.014,3145626,3567460,396938,24896,9664.8,6418.7,24,16,13,175.0,55,5,11.7,0,0.0,0,0.0,0,3,synthetic
2,2026-04-26,sparse,spread,6,8,16.7,54.5,rule,ok,0.001,494885,617950,115936,7129,2658.0,1917.7,6,0,0,16.7,6,0,0.0,0,0.0,0,0.0,0,3,synthetic
2,2026-04-26,sparse,spread,6,8,16.7,54.5,optimizer,OPTIMAL,0.025,524654,619550,88962,5934,2126.1,1625.9,6,0,0,16.7,6,0,0.0,0,0.0,0,0.0,0,1,synthetic
2,2026-04-26,sparse,spread,6,8,16.7,54.5,optimizer+returns,OPTIMAL+OPTIMAL,0.027,524654,619550,88962,5934,2126.1,1625.9,6,0,0,16.7,6,0,0.0,0,0.0,0,0.0,0,1,synthetic
2,2026-04-26,sparse,spread,6,8,16.7,54.5,optimizer_shared,OPTIMAL,0.026,537066,619550,76250,6234,1790.2,1382.4,5,1,0,16.7,6,0,0.0,0,0.0,0,0.0,0,1,synthetic
2,2026-04-26,sparse,spread,6,8,16.7,54.5,optimizer_shared+returns,OPTIMAL+OPTIMAL,0.027,537066,619550,76250,6234,1790.2,1382.4,5,1,0,16.7,6,0,0.0,0,0.0,0,0.0,0,1,synthetic
2,2026-04-26,sparse,clustered,6,8,21.9,36.5,rule,ok,0.001,588742,735230,127792,18696,3344.9,1978.6,6,0,0,21.9,6,0,0.0,0,0.0,0,0.0,0,4,synthetic
2,2026-04-26,sparse,clustered,6,8,21.9,36.5,optimizer,OPTIMAL,0.019,601605,737430,118870,16955,3027.1,1913.6,6,0,0,21.9,6,0,0.0,0,0.0,0,0.0,0,3,synthetic
2,2026-04-26,sparse,clustered,6,8,21.9,36.5,optimizer+returns,OPTIMAL+OPTIMAL,0.019,601605,737430,118870,16955,3027.1,1913.6,6,0,0,21.9,6,0,0.0,0,0.0,0,0.0,0,3,synthetic
2,2026-04-26,sparse,clustered,6,8,21.9,36.5,optimizer_shared,OPTIMAL,0.02,610454,737430,109943,17033,2792.1,1787.4,5,1,0,21.9,6,0,0.0,0,0.0,0,0.0,0,3,synthetic
2,2026-04-26,sparse,clustered,6,8,21.9,36.5,optimizer_shared+returns,OPTIMAL+OPTIMAL,0.021,610454,737430,109943,17033,2792.1,1787.4,5,1,0,21.9,6,0,0.0,0,0.0,0,0.0,0,3,synthetic
2,2026-04-26,medium,spread,20,18,74.2,121.0,rule,ok,0.002,2589507,2858700,240672,28521,5611.7,3661.9,18,0,0,71.4,18,2,2.8,0,0.0,1,5.07,1,4,synthetic
2,2026-04-26,medium,spread,20,18,74.2,121.0,optimizer,OPTIMAL,0.765,2582267,2827650,218836,26547,5026.0,3503.4,18,0,0,71.4,18,2,2.8,0,0.0,0,0.0,0,2,synthetic
2,2026-04-26,medium,spread,20,18,74.2,121.0,optimizer+returns,OPTIMAL+OPTIMAL,0.776,2652738,2916410,236451,27221,5329.7,3655.3,18,0,2,74.2,20,0,0.0,0,0.0,0,0.0,0,2,synthetic
2,2026-04-26,medium,spread,20,18,74.2,121.0,optimizer_shared,OPTIMAL,0.566,2677701,2886080,173339,35040,3826.2,2499.1,14,4,0,74.2,20,0,0.0,0,0.0,0,0.0,0,2,synthetic
2,2026-04-26,medium,spread,20,18,74.2,121.0,optimizer_shared+returns,OPTIMAL+OPTIMAL,0.567,2677701,2886080,173339,35040,3826.2,2499.1,14,4,0,74.2,20,0,0.0,0,0.0,0,0.0,0,2,synthetic
2,2026-04-26,medium,clustered,20,18,61.6,105.0,rule,ok,0.002,2079273,2364700,263907,21521,6693.1,5075.1,18,0,0,59.8,18,2,1.8,0,0.0,0,0.0,0,4,synthetic
2,2026-04-26,medium,clustered,20,18,61.6,105.0,optimizer,OPTIMAL,0.231,2105350,2365140,238262,21528,6021.2,4402.7,18,0,0,59.4,18,2,2.2,0,0.0,0,0.0,0,3,synthetic
2,2026-04-26,medium,clustered,20,18,61.6,105.0,optimizer+returns,OPTIMAL+OPTIMAL,0.241,2157294,2434880,255500,22087,6340.5,4562.3,18,0,2,61.6,20,0,0.0,0,0.0,0,0.0,0,3,synthetic
2,2026-04-26,medium,clustered,20,18,61.6,105.0,optimizer_shared,OPTIMAL,0.715,2271162,2434880,140043,23676,2906.1,1842.5,11,7,0,61.6,20,0,0.0,0,0.0,0,0.0,0,0,synthetic
2,2026-04-26,medium,clustered,20,18,61.6,105.0,optimizer_shared+returns,OPTIMAL+OPTIMAL,0.716,2271162,2434880,140043,23676,2906.1,1842.5,11,7,0,61.6,20,0,0.0,0,0.0,0,0.0,0,0,synthetic
2,2026-04-26,dense_tight,spread,60,31,242.7,174.0,rule,ok,0.006,5869772,6243650,315461,58417,7790.9,4989.8,31,0,0,148.7,31,29,94.0,0,0.0,2,74.9,2,2,synthetic
2,2026-04-26,dense_tight,spread,60,31,242.7,174.0,optimizer,FEASIBLE,23.617,5355653,5842620,412566,74400,10151.2,6575.7,31,0,0,148.2,31,29,94.5,0,0.0,0,0.0,0,6,synthetic
2,2026-04-26,dense_tight,spread,60,31,242.7,174.0,optimizer+returns,FEASIBLE+OPTIMAL,24.449,7509237,8144480,543783,91460,13257.9,8362.1,31,0,21,218.6,52,8,24.1,0,0.0,0,0.0,0,6,synthetic
2,2026-04-26,dense_tight,spread,60,31,242.7,174.0,optimizer_shared,FEASIBLE,30.379,5953102,6461100,423847,84151,10394.7,6710.7,31,9,0,164.0,42,18,78.7,0,0.0,0,0.0,0,7,synthetic
2,2026-04-26,dense_tight,spread,60,31,242.7,174.0,optimizer_shared+returns,FEASIBLE+OPTIMAL,30.564,7578383,8179510,500096,101030,12090.7,7355.5,31,9,13,220.8,55,5,21.9,0,0.0,0,0.0,0,7,synthetic
2,2026-04-26,dense_tight,clustered,60,22,193.2,141.5,rule,ok,0.006,3201570,3758360,526922,29868,12170.0,10370.2,22,0,0,110.8,22,38,82.4,0,0.0,1,44.52,1,10,synthetic
2,2026-04-26,dense_tight,clustered,60,22,193.2,141.5,optimizer,FEASIBLE,38.376,3764491,4300440,458575,77375,10734.0,7620.0,22,0,0,109.7,22,38,83.5,0,0.0,0,0.0,0,7,synthetic
2,2026-04-26,dense_tight,clustered,60,22,193.2,141.5,optimizer+returns,FEASIBLE+OPTIMAL,38.568,4833415,5430960,509351,88194,11872.6,7703.2,22,0,13,144.6,35,25,48.6,0,0.0,0,0.0,0,7,synthetic
2,2026-04-26,dense_tight,clustered,60,22,193.2,141.5,optimizer_shared,OPTIMAL,9.32,4807194,5376660,473832,95634,11513.8,7318.5,22,11,0,137.8,40,20,55.4,0,0.0,0,0.0,0,7,synthetic
2,2026-04-26,dense_tight,clustered,60,22,193.2,141.5,optimizer_shared+returns,OPTIMAL+OPTIMAL,9.419,5653381,6249390,493821,102188,11884.0,7133.0,22,11,8,167.0,48,12,26.2,0,0.0,0,0.0,0,7,synthetic
2,2026-06-13,sparse,spread,6,8,20.9,51.0,rule,ok,0.001,955529,1112760,125865,31366,2919.3,1619.3,6,0,0,20.9,6,0,0.0,0,0.0,0,0.0,0,3,synthetic
2,2026-06-13,sparse,spread,6,8,20.9,51.0,optimizer,OPTIMAL,0.022,848207,920840,58817,13816,1502.0,909.9,6,0,0,20.9,6,0,0.0,0,0.0,0,0.0,0,0,synthetic
2,2026-06-13,sparse,spread,6,8,20.9,51.0,optimizer+returns,OPTIMAL+OPTIMAL,0.024,848207,920840,58817,13816,1502.0,909.9,6,0,0,20.9,6,0,0.0,0,0.0,0,0.0,0,0,synthetic
2,2026-06-13,sparse,spread,6,8,20.9,51.0,optimizer_shared,OPTIMAL,0.023,848207,920840,58817,13816,1502.0,909.9,6,0,0,20.9,6,0,0.0,0,0.0,0,0.0,0,0,synthetic
2,2026-06-13,sparse,spread,6,8,20.9,51.0,optimizer_shared+returns,OPTIMAL+OPTIMAL,0.024,848207,920840,58817,13816,1502.0,909.9,6,0,0,20.9,6,0,0.0,0,0.0,0,0.0,0,0,synthetic
2,2026-06-13,sparse,clustered,6,8,22.1,62.0,rule,ok,0.001,917220,1177440,220985,39235,4348.3,2821.2,6,0,0,22.1,6,0,0.0,0,0.0,0,0.0,0,6,synthetic
2,2026-06-13,sparse,clustered,6,8,22.1,62.0,optimizer,OPTIMAL,0.026,736809,884640,128563,19268,2646.0,1648.8,6,0,0,22.1,6,0,0.0,0,0.0,0,0.0,0,3,synthetic
2,2026-06-13,sparse,clustered,6,8,22.1,62.0,optimizer+returns,OPTIMAL+OPTIMAL,0.026,736809,884640,128563,19268,2646.0,1648.8,6,0,0,22.1,6,0,0.0,0,0.0,0,0.0,0,3,synthetic
2,2026-06-13,sparse,clustered,6,8,22.1,62.0,optimizer_shared,OPTIMAL,0.027,736809,884640,128563,19268,2646.0,1648.8,6,0,0,22.1,6,0,0.0,0,0.0,0,0.0,0,3,synthetic
2,2026-06-13,sparse,clustered,6,8,22.1,62.0,optimizer_shared+returns,OPTIMAL+OPTIMAL,0.027,736809,884640,128563,19268,2646.0,1648.8,6,0,0,22.1,6,0,0.0,0,0.0,0,0.0,0,3,synthetic
2,2026-06-13,medium,spread,20,18,67.6,103.5,rule,ok,0.002,2942541,3435600,424333,68726,10642.9,7030.5,18,0,0,65.2,18,2,2.4,0,0.0,1,26.05,1,13,synthetic
2,2026-06-13,medium,spread,20,18,67.6,103.5,optimizer,OPTIMAL,0.57,2721248,3025050,265088,38714,6715.2,4787.8,18,0,0,65.2,18,2,2.4,0,0.0,0,0.0,0,4,synthetic
2,2026-06-13,medium,spread,20,18,67.6,103.5,optimizer+returns,OPTIMAL+OPTIMAL,0.582,2795838,3103790,269026,38926,6799.7,4831.6,18,0,2,67.6,20,0,0.0,0,0.0,0,0.0,0,4,synthetic
2,2026-06-13,medium,spread,20,18,67.6,103.5,optimizer_shared,OPTIMAL,0.662,2794958,3108840,275063,38819,7027.6,5407.3,17,3,0,67.6,20,0,0.0,0,0.0,0,0.0,0,5,synthetic
2,2026-06-13,medium,spread,20,18,67.6,103.5,optimizer_shared+returns,OPTIMAL+OPTIMAL,0.663,2794958,3108840,275063,38819,7027.6,5407.3,17,3,0,67.6,20,0,0.0,0,0.0,0,0.0,0,5,synthetic
2,2026-06-13,medium,clustered,20,18,88.8,105.5,rule,ok,0.002,3538328,4246680,578820,129532,13888.6,9474.0,18,0,0,81.2,18,2,7.6,0,0.0,1,34.75,1,17,synthetic
2,2026-06-13,medium,clustered,20,18,88.8,105.5,optimizer,OPTIMAL,1.898,2636470,3039080,359437,43173,8966.5,7014.4,18,0,0,81.1,18,2,7.7,0,0.0,0,0.0,0,7,synthetic
2,2026-06-13,medium,clustered,20,18,88.8,105.5,optimizer+returns,OPTIMAL+OPTIMAL,1.905,2853481,3268000,370596,43924,9297.6,7292.3,18,0,2,88.8,20,0,0.0,0,0.0,0,0.0,0,7,synthetic
2,2026-06-13,medium,clustered,20,18,88.8,105.5,optimizer_shared,FEASIBLE,21.094,2740204,3089640,303603,45834,7337.1,5396.0,16,3,0,82.8,19,1,6.0,0,0.0,0,0.0,0,5,synthetic
2,2026-06-13,medium,clustered,20,18,88.8,105.5,optimizer_shared+returns,FEASIBLE+OPTIMAL,21.097,2911125,3264840,307252,46463,7400.0,5427.4,16,3,1,88.8,20,0,0.0,0,0.0,0,0.0,0,5,synthetic
2,2026-06-13,dense_tight,spread,60,26,201.0,143.5,rule,ok,0.006,5065316,5864280,632947,166017,15529.1,10267.7,26,0,0,114.3,26,34,86.7,0,0.0,1,52.35,1,16,synthetic
2,2026-06-13,dense_tight,spread,60,26,201.0,143.5,optimizer,OPTIMAL,10.266,4111987,4549190,373050,64153,9167.8,6580.2,26,0,0,113.7,26,34,87.3,0,0.0,0,0.0,0,8,synthetic
2,2026-06-13,dense_tight,spread,60,26,201.0,143.5,optimizer+returns,OPTIMAL+OPTIMAL,10.58,5956505,6488810,457588,74717,11209.0,7896.6,26,0,17,167.9,43,17,33.1,0,0.0,0,0.0,0,8,synthetic
2,2026-06-13,dense_tight,spread,60,26,201.0,143.5,optimizer_shared,OPTIMAL,7.38,4828617,5293430,392420,72393,10263.0,7421.4,26,10,0,131.0,39,21,70.0,0,0.0,0,0.0,0,10,synthetic
2,2026-06-13,dense_tight,spread,60,26,201.0,143.5,optimizer_shared+returns,OPTIMAL+OPTIMAL,7.511,5878487,6404010,444028,81494,11544.7,8080.9,26,10,10,164.1,49,11,36.9,0,0.0,0,0.0,0,10,synthetic
2,2026-06-13,dense_tight,clustered,60,27,218.1,158.0,rule,ok,0.006,6677862,7523760,664517,181381,16041.8,10378.8,27,0,0,133.4,27,33,84.7,0,0.0,1,109.15,1,17,synthetic
2,2026-06-13,dense_tight,clustered,60,27,218.1,158.0,optimizer,FEASIBLE,22.989,4960707,5393450,348801,83942,8316.7,4960.3,27,0,0,132.6,27,33,85.5,0,0.0,0,0.0,0,3,synthetic
2,2026-06-13,dense_tight,clustered,60,27,218.1,158.0,optimizer+returns,FEASIBLE+OPTIMAL,23.213,6185500,6697360,418300,93560,10036.1,5923.2,27,0,14,174.4,41,19,43.7,0,0.0,0,0.0,0,3,synthetic
2,2026-06-13,dense_tight,clustered,60,27,218.1,158.0,optimizer_shared,FEASIBLE,26.088,5542465,6011940,366037,103438,8530.0,5365.6,27,11,0,150.0,41,19,68.1,0,0.0,0,0.0,0,3,synthetic
2,2026-06-13,dense_tight,clustered,60,27,218.1,158.0,optimizer_shared+returns,FEASIBLE+OPTIMAL,26.182,6580261,7090620,399814,110544,9324.9,5780.9,27,11,8,185.1,49,11,33.0,0,0.0,0,0.0,0,3,synthetic
2,2026-08-02,sparse,spread,6,8,21.9,35.0,rule,ok,0.001,169275,249900,74551,6074,2271.6,1364.1,4,0,0,8.5,4,2,13.4,0,0.0,0,0.0,0,4,synthetic
2,2026-08-02,sparse,spread,6,8,21.9,35.0,optimizer,OPTIMAL,0.019,167820,249900,74794,7287,2280.4,1192.4,4,0,0,8.5,4,2,13.4,0,0.0,0,0.0,0,4,synthetic
2,2026-08-02,sparse,spread,6,8,21.9,35.0,optimizer+returns,OPTIMAL+OPTIMAL,0.02,167820,249900,74794,7287,2280.4,1192.4,4,0,0,8.5,4,2,13.4,0,0.0,0,0.0,0,4,synthetic
2,2026-08-02,sparse,spread,6,8,21.9,35.0,optimizer_shared,OPTIMAL,0.02,167820,249900,74794,7287,2280.4,1192.4,4,0,0,8.5,4,2,13.4,0,0.0,0,0.0,0,4,synthetic
2,2026-08-02,sparse,spread,6,8,21.9,35.0,optimizer_shared+returns,OPTIMAL+OPTIMAL,0.02,167820,249900,74794,7287,2280.4,1192.4,4,0,0,8.5,4,2,13.4,0,0.0,0,0.0,0,4,synthetic
2,2026-08-02,sparse,clustered,6,8,18.6,52.0,rule,ok,0.001,383696,530100,139819,6585,3365.5,2585.0,6,0,0,18.6,6,0,0.0,0,0.0,0,0.0,0,3,synthetic
2,2026-08-02,sparse,clustered,6,8,18.6,52.0,optimizer,OPTIMAL,0.019,411309,524960,107927,5724,2739.2,2191.0,6,0,0,18.6,6,0,0.0,0,0.0,0,0.0,0,1,synthetic
2,2026-08-02,sparse,clustered,6,8,18.6,52.0,optimizer+returns,OPTIMAL+OPTIMAL,0.019,411309,524960,107927,5724,2739.2,2191.0,6,0,0,18.6,6,0,0.0,0,0.0,0,0.0,0,1,synthetic
2,2026-08-02,sparse,clustered,6,8,18.6,52.0,optimizer_shared,OPTIMAL,0.022,466376,546840,71182,9282,1590.1,1012.0,4,2,0,18.6,6,0,0.0,0,0.0,0,0.0,0,1,synthetic
2,2026-08-02,sparse,clustered,6,8,18.6,52.0,optimizer_shared+returns,OPTIMAL+OPTIMAL,0.022,466376,546840,71182,9282,1590.1,1012.0,4,2,0,18.6,6,0,0.0,0,0.0,0,0.0,0,1,synthetic
2,2026-08-02,medium,spread,20,18,56.0,88.0,rule,ok,0.002,1216232,1557480,317235,24013,8420.8,5841.5,18,0,0,53.8,18,2,2.2,0,0.0,0,0.0,0,7,synthetic
2,2026-08-02,medium,spread,20,18,56.0,88.0,optimizer,OPTIMAL,0.332,1263561,1532920,248478,20882,6602.5,4424.2,18,0,0,53.6,18,2,2.4,0,0.0,0,0.0,0,5,synthetic
2,2026-08-02,medium,spread,20,18,56.0,88.0,optimizer+returns,OPTIMAL+OPTIMAL,0.344,1325620,1601410,254495,21294,6817.4,4531.6,18,0,2,56.0,20,0,0.0,0,0.0,0,0.0,0,5,synthetic
2,2026-08-02,medium,spread,20,18,56.0,88.0,optimizer_shared,OPTIMAL,0.367,1372673,1621570,223988,24909,5856.5,3671.7,17,3,0,56.0,20,0,0.0,0,0.0,0,0.0,0,5,synthetic
2,2026-08-02,medium,spread,20,18,56.0,88.0,optimizer_shared+returns,OPTIMAL+OPTIMAL,0.368,1372673,1621570,223988,24909,5856.5,3671.7,17,3,0,56.0,20,0,0.0,0,0.0,0,0.0,0,5,synthetic
2,2026-08-02,medium,clustered,20,18,59.2,99.5,rule,ok,0.002,1200691,1612760,389813,22256,9801.5,7857.3,18,0,0,57.9,18,2,1.3,0,0.0,1,9.48,1,13,synthetic
2,2026-08-02,medium,clustered,20,18,59.2,99.5,optimizer,OPTIMAL,0.244,1297490,1687920,356964,33466,8778.1,5730.7,18,0,0,57.6,18,2,1.6,0,0.0,0,0.0,0,11,synthetic
2,2026-08-02,medium,clustered,20,18,59.2,99.5,optimizer+returns,OPTIMAL+OPTIMAL,0.252,1297490,1687920,356964,33466,8778.1,5730.7,18,0,0,57.6,18,2,1.6,0,0.0,0,0.0,0,11,synthetic
2,2026-08-02,medium,clustered,20,18,59.2,99.5,optimizer_shared,OPTIMAL,0.64,1409813,1734960,290044,35103,6869.5,4244.0,14,4,0,59.2,20,0,0.0,0,0.0,0,0.0,0,7,synthetic
2,2026-08-02,medium,clustered,20,18,59.2,99.5,optimizer_shared+returns,OPTIMAL+OPTIMAL,0.64,1409813,1734960,290044,35103,6869.5,4244.0,14,4,0,59.2,20,0,0.0,0,0.0,0,0.0,0,7,synthetic
2,2026-08-02,dense_tight,spread,60,25,210.7,154.0,rule,ok,0.005,3019750,3583650,512674,51226,11963.3,8696.8,25,0,0,123.7,25,35,87.0,0,0.0,2,27.42,2,8,synthetic
2,2026-08-02,dense_tight,spread,60,25,210.7,154.0,optimizer,OPTIMAL,20.66,3143880,3512560,322421,46259,7276.6,4580.5,25,0,0,122.0,25,35,88.7,0,0.0,0,0.0,0,5,synthetic
2,2026-08-02,dense_tight,spread,60,25,210.7,154.0,optimizer+returns,OPTIMAL+OPTIMAL,21.053,4567932,5057860,433045,56883,10061.2,6062.3,25,0,20,178.9,45,15,31.8,0,0.0,0,0.0,0,5,synthetic
2,2026-08-02,dense_tight,spread,60,25,210.7,154.0,optimizer_shared,OPTIMAL,10.177,3732959,4067130,285418,48753,6568.4,4043.9,25,11,0,139.5,39,21,71.2,0,0.0,0,0.0,0,3,synthetic
2,2026-08-02,dense_tight,spread,60,25,210.7,154.0,optimizer_shared+returns,OPTIMAL+OPTIMAL,10.299,4564036,4965050,345215,55799,8010.1,4786.6,25,11,11,177.9,50,10,32.8,0,0.0,0,0.0,0,3,synthetic
2,2026-08-02,dense_tight,clustered,60,30,212.0,152.5,rule,ok,0.006,3123742,3689700,522878,43080,13648.5,10372.3,30,0,0,125.5,30,30,86.5,0,0.0,2,49.92,2,8,synthetic
2,2026-08-02,dense_tight,clustered,60,30,212.0,152.5,optimizer,FEASIBLE,32.158,3190918,3662570,425454,46198,10694.6,7519.6,30,0,0,125.4,30,30,86.6,0,0.0,0,0.0,0,7,synthetic
2,2026-08-02,dense_tight,clustered,60,30,212.0,152.5,optimizer+returns,FEASIBLE+OPTIMAL,32.389,4124201,4671740,493332,54207,12428.3,8284.0,30,0,14,163.6,44,16,48.4,0,0.0,0,0.0,0,7,synthetic
2,2026-08-02,dense_tight,clustered,60,30,212.0,152.5,optimizer_shared,FEASIBLE,24.871,3570238,4085730,457608,57884,10983.9,7617.4,30,13,0,141.4,43,17,70.6,0,0.0,0,0.0,0,8,synthetic
2,2026-08-02,dense_tight,clustered,60,30,212.0,152.5,optimizer_shared+returns,FEASIBLE+OPTIMAL,24.963,4203382,4777580,509422,64776,12464.1,8277.1,30,13,9,167.4,52,8,44.6,0,0.0,0,0.0,0,8,synthetic
3,2026-01-16,sparse,spread,6,8,16.4,48.0,rule,ok,0.001,437988,591500,146384,7127,3611.5,2614.7,6,0,0,16.4,6,0,0.0,0,0.0,0,0.0,0,5,synthetic
3,2026-01-16,sparse,spread,6,8,16.4,48.0,optimizer,OPTIMAL,0.023,426355,536060,105686,4020,2540.5,1965.9,6,0,0,16.4,6,0,0.0,0,0.0,0,0.0,0,3,synthetic
3,2026-01-16,sparse,spread,6,8,16.4,48.0,optimizer+returns,OPTIMAL+OPTIMAL,0.023,426355,536060,105686,4020,2540.5,1965.9,6,0,0,16.4,6,0,0.0,0,0.0,0,0.0,0,3,synthetic
3,2026-01-16,sparse,spread,6,8,16.4,48.0,optimizer_shared,OPTIMAL,0.021,426355,536060,105686,4020,2540.5,1965.9,6,0,0,16.4,6,0,0.0,0,0.0,0,0.0,0,3,synthetic
3,2026-01-16,sparse,spread,6,8,16.4,48.0,optimizer_shared+returns,OPTIMAL+OPTIMAL,0.022,426355,536060,105686,4020,2540.5,1965.9,6,0,0,16.4,6,0,0.0,0,0.0,0,0.0,0,3,synthetic
3,2026-01-16,sparse,clustered,6,8,25.1,40.5,rule,ok,0.0,667586,833000,159932,5482,3649.3,3022.6,6,0,0,25.1,6,0,0.0,0,0.0,0,0.0,0,4,synthetic
3,2026-01-16,sparse,clustered,6,8,25.1,40.5,optimizer,OPTIMAL,0.015,630134,777140,134411,12595,3286.4,2032.4,6,0,0,25.1,6,0,0.0,0,0.0,0,0.0,0,3,synthetic
3,2026-01-16,sparse,clustered,6,8,25.1,40.5,optimizer+returns,OPTIMAL+OPTIMAL,0.016,630134,777140,134411,12595,3286.4,2032.4,6,0,0,25.1,6,0,0.0,0,0.0,0,0.0,0,3,synthetic
3,2026-01-16,sparse,clustered,6,8,25.1,40.5,optimizer_shared,OPTIMAL,0.017,598848,734840,121346,14646,2600.8,1636.5,5,1,0,25.1,6,0,0.0,0,0.0,0,0.0,0,2,synthetic
3,2026-01-16,sparse,clustered,6,8,25.1,40.5,optimizer_shared+returns,OPTIMAL+OPTIMAL,0.017,598848,734840,121346,14646,2600.8,1636.5,5,1,0,25.1,6,0,0.0,0,0.0,0,0.0,0,2,synthetic
3,2026-01-16,medium,spread,20,18,92.8,90.5,rule,ok,0.002,1401347,1833580,384019,48214,9506.2,5273.0,13,0,0,50.5,13,7,42.3,0,0.0,1,0.68,1,12,synthetic
3,2026-01-16,medium,spread,20,18,92.8,90.5,optimizer,OPTIMAL,0.135,1358792,1583740,202000,22948,4935.4,3116.0,13,0,0,50.5,13,7,42.3,0,0.0,0,0.0,0,5,synthetic
3,2026-01-16,medium,spread,20,18,92.8,90.5,optimizer+returns,OPTIMAL+OPTIMAL,0.142,1358792,1583740,202000,22948,4935.4,3116.0,13,0,0,50.5,13,7,42.3,0,0.0,0,0.0,0,5,synthetic
3,2026-01-16,medium,spread,20,18,92.8,90.5,optimizer_shared,OPTIMAL,0.13,1364213,1583740,196495,23033,4790.5,3021.2,12,1,0,50.5,13,7,42.3,0,0.0,0,0.0,0,5,synthetic
3,2026-01-16,medium,spread,20,18,92.8,90.5,optimizer_shared+returns,OPTIMAL+OPTIMAL,0.139,1364213,1583740,196495,23033,4790.5,3021.2,12,1,0,50.5,13,7,42.3,0,0.0,0,0.0,0,5,synthetic
3,2026-01-16,medium,clustered,20,18,76.9,88.0,rule,ok,0.003,1539664,2191280,627776,23840,16540.9,13317.5,18,0,0,65.3,18,2,11.6,0,0.0,0,0.0,0,17,synthetic
3,2026-01-16,medium,clustered,20,18,76.9,88.0,optimizer,OPTIMAL,0.237,1229428,1654230,387233,37569,9972.6,5993.6,16,0,0,61.4,16,4,15.5,0,0.0,0,0.0,0,8,synthetic
3,2026-01-16,medium,clustered,20,18,76.9,88.0,optimizer+returns,OPTIMAL+OPTIMAL,0.251,1270112,1696090,388356,37622,10002.2,6008.3,16,0,1,62.7,17,3,14.2,0,0.0,0,0.0,0,8,synthetic
3,2026-01-16,medium,clustered,20,18,76.9,88.0,optimizer_shared,OPTIMAL,0.308,1259908,1672690,378252,34529,9635.0,5994.3,14,2,0,62.7,17,3,14.2,0,0.0,0,0.0,0,8,synthetic
3,2026-01-16,medium,clustered,20,18,76.9,88.0,optimizer_shared+returns,OPTIMAL+OPTIMAL,0.313,1298683,1714550,381200,34667,9712.6,6033.1,14,2,1,64.0,18,2,12.9,0,0.0,0,0.0,0,8,synthetic
3,2026-01-16,dense_tight,spread,60,32,214.2,155.0,rule,ok,0.006,3876767,4737740,766480,94493,20601.9,12962.4,32,0,0,130.7,32,28,83.5,0,0.0,1,77.27,1,24,synthetic
3,2026-01-16,dense_tight,spread,60,32,214.2,155.0,optimizer,OPTIMAL,6.765,3615314,4022530,371422,35793,9652.2,7024.1,32,0,0,130.3,32,28,83.9,0,0.0,0,0.0,0,3,synthetic
3,2026-01-16,dense_tight,spread,60,32,214.2,155.0,optimizer+returns,OPTIMAL+OPTIMAL,6.951,5573907,6084730,460954,49868,11979.7,7730.8,32,0,21,191.6,53,7,22.6,0,0.0,0,0.0,0,3,synthetic
3,2026-01-16,dense_tight,spread,60,32,214.2,155.0,optimizer_shared,OPTIMAL,9.223,3970563,4376310,371740,34007,9607.7,6890.6,32,8,0,140.5,40,20,73.7,0,0.0,0,0.0,0,2,synthetic
3,2026-01-16,dense_tight,spread,60,32,214.2,155.0,optimizer_shared+returns,OPTIMAL+OPTIMAL,9.328,5483087,5975480,449284,43109,11629.6,7858.6,32,8,14,187.4,54,6,26.8,0,0.0,0,0.0,0,2,synthetic
3,2026-01-16,dense_tight,clustered,60,32,245.1,176.5,rule,ok,0.006,4172987,5500040,1151883,175170,28721.2,16411.9,32,0,0,151.1,32,28,94.0,0,0.0,1,102.38,1,32,synthetic
3,2026-01-16,dense_tight,clustered,60,32,245.1,176.5,optimizer,OPTIMAL,13.183,4137345,4759840,548795,73699,13363.0,8291.2,32,0,0,149.4,32,28,95.7,0,0.0,0,0.0,0,13,synthetic
3,2026-01-16,dense_tight,clustered,60,32,245.1,176.5,optimizer+returns,OPTIMAL+OPTIMAL,13.347,5174523,5888000,633250,80227,15615.9,9554.0,32,0,15,195.7,47,13,49.4,0,0.0,0,0.0,0,13,synthetic
3,2026-01-16,dense_tight,clustered,60,32,245.1,176.5,optimizer_shared,OPTIMAL,7.674,4567905,5174280,529649,76726,13375.5,7911.7,32,9,0,164.8,42,18,80.3,0,0.0,0,0.0,0,11,synthetic
3,2026-01-16,dense_tight,clustered,60,32,245.1,176.5,optimizer_shared+returns,OPTIMAL+OPTIMAL,7.767,5766896,6464240,612174,85170,15218.5,8970.8,32,9,11,211.7,53,7,33.4,0,0.0,0,0.0,0,11,synthetic
3,2026-03-03,sparse,spread,6,8,23.9,40.0,rule,ok,0.0,322823,426390,99029,4538,2216.5,1420.3,5,0,0,18.3,5,1,5.6,0,0.0,0,0.0,0,3,synthetic
3,2026-03-03,sparse,spread,6,8,23.9,40.0,optimizer,OPTIMAL,0.013,336657,406350,67289,2404,1381.3,1099.0,5,0,0,18.3,5,1,5.6,0,0.0,0,0.0,0,1,synthetic
3,2026-03-03,sparse,spread,6,8,23.9,40.0,optimizer+returns,OPTIMAL+OPTIMAL,0.015,336657,406350,67289,2404,1381.3,1099.0,5,0,0,18.3,5,1,5.6,0,0.0,0,0.0,0,1,synthetic
3,2026-03-03,sparse,spread,6,8,23.9,40.0,optimizer_shared,OPTIMAL,0.013,336657,406350,67289,2404,1381.3,1099.0,5,0,0,18.3,5,1,5.6,0,0.0,0,0.0,0,1,synthetic
3,2026-03-03,sparse,spread,6,8,23.9,40.0,optimizer_shared+returns,OPTIMAL+OPTIMAL,0.013,336657,406350,67289,2404,1381.3,1099.0,5,0,0,18.3,5,1,5.6,0,0.0,0,0.0,0,1,synthetic
3,2026-03-03,sparse,clustered,6,8,19.8,32.5,rule,ok,0.001,173570,295910,114195,8145,3333.4,1753.4,5,0,0,12.7,5,1,7.1,0,0.0,0,0.0,0,5,synthetic
3,2026-03-03,sparse,clustered,6,8,19.8,32.5,optimizer,OPTIMAL,0.015,213559,262230,46122,2549,1401.0,868.3,5,0,0,12.7,5,1,7.1,0,0.0,0,0.0,0,1,synthetic
3,2026-03-03,sparse,clustered,6,8,19.8,32.5,optimizer+returns,OPTIMAL+OPTIMAL,0.016,213559,262230,46122,2549,1401.0,868.3,5,0,0,12.7,5,1,7.1,0,0.0,0,0.0,0,1,synthetic
3,2026-03-03,sparse,clustered,6,8,19.8,32.5,optimizer_shared,OPTIMAL,0.014,213559,262230,46122,2549,1401.0,868.3,5,0,0,12.7,5,1,7.1,0,0.0,0,0.0,0,1,synthetic
3,2026-03-03,sparse,clustered,6,8,19.8,32.5,optimizer_shared+returns,OPTIMAL+OPTIMAL,0.014,213559,262230,46122,2549,1401.0,868.3,5,0,0,12.7,5,1,7.1,0,0.0,0,0.0,0,1,synthetic
3,2026-03-03,medium,spread,20,18,58.9,110.0,rule,ok,0.002,762538,1309460,517999,28923,12870.0,8325.3,18,0,0,56.2,18,2,2.7,0,0.0,1,6.04,1,15,synthetic
3,2026-03-03,medium,spread,20,18,58.9,110.0,optimizer,OPTIMAL,0.157,921328,1230170,295440,13402,8227.4,5946.0,18,0,0,56.1,18,2,2.8,0,0.0,0,0.0,0,7,synthetic
3,2026-03-03,medium,spread,20,18,58.9,110.0,optimizer+returns,OPTIMAL+OPTIMAL,0.165,921328,1230170,295440,13402,8227.4,5946.0,18,0,0,56.1,18,2,2.8,0,0.0,0,0.0,0,7,synthetic
3,2026-03-03,medium,spread,20,18,58.9,110.0,optimizer_shared,OPTIMAL,0.213,1017712,1230260,199470,13078,5820.2,4320.1,12,6,0,57.6,19,1,1.3,0,0.0,0,0.0,0,5,synthetic
3,2026-03-03,medium,spread,20,18,58.9,110.0,optimizer_shared+returns,OPTIMAL+OPTIMAL,0.216,1035868,1249760,200785,13107,5854.8,4337.4,12,6,1,58.9,20,0,0.0,0,0.0,0,0.0,0,5,synthetic
3,2026-03-03,medium,clustered,20,18,79.4,112.0,rule,ok,0.002,1018452,1654300,589667,46180,13627.3,7932.8,17,0,0,71.0,17,3,8.4,0,0.0,1,20.84,1,17,synthetic
3,2026-03-03,medium,clustered,20,18,79.4,112.0,optimizer,OPTIMAL,0.306,1100668,1340760,227233,12859,5630.0,4056.7,16,0,0,68.0,16,4,11.4,0,0.0,0,0.0,0,4,synthetic
3,2026-03-03,medium,clustered,20,18,79.4,112.0,optimizer+returns,OPTIMAL+OPTIMAL,0.321,1153396,1434340,267641,13303,6352.4,4664.2,16,0,2,73.8,18,2,5.6,0,0.0,0,0.0,0,4,synthetic
3,2026-03-03,medium,clustered,20,18,79.4,112.0,optimizer_shared,OPTIMAL,0.591,1312617,1530120,205681,11822,4509.8,3507.1,13,5,0,79.4,20,0,0.0,0,0.0,0,0.0,0,2,synthetic
3,2026-03-03,medium,clustered,20,18,79.4,112.0,optimizer_shared+returns,OPTIMAL+OPTIMAL,0.592,1312617,1530120,205681,11822,4509.8,3507.1,13,5,0,79.4,20,0,0.0,0,0.0,0,0.0,0,2,synthetic
3,2026-03-03,dense_tight,spread,60,31,238.4,168.5,rule,ok,0.006,2614765,3485680,787063,83853,19413.0,11249.4,31,0,0,149.6,31,29,88.8,0,0.0,1,99.44,1,23,synthetic
3,2026-03-03,dense_tight,spread,60,31,238.4,168.5,optimizer,OPTIMAL,10.047,2661601,3048800,356136,31063,8961.1,5661.1,31,0,0,149.2,31,29,89.2,0,0.0,0,0.0,0,5,synthetic
3,2026-03-03,dense_tight,spread,60,31,238.4,168.5,optimizer+returns,OPTIMAL+OPTIMAL,10.257,3428660,3916740,453360,34720,11527.2,7045.3,31,0,21,212.2,52,8,26.2,0,0.0,0,0.0,0,5,synthetic
3,2026-03-03,dense_tight,spread,60,31,238.4,168.5,optimizer_shared,OPTIMAL,13.131,2826461,3191240,335384,29395,8187.3,5012.8,31,8,0,157.0,42,18,81.4,0,0.0,0,0.0,0,2,synthetic
3,2026-03-03,dense_tight,spread,60,31,238.4,168.5,optimizer_shared+returns,OPTIMAL+OPTIMAL,13.22,3603140,4029430,393450,32840,9553.7,5712.3,31,8,12,214.9,54,6,23.5,0,0.0,0,0.0,0,2,synthetic
3,2026-03-03,dense_tight,clustered,60,26,197.4,141.5,rule,ok,0.006,1901514,2544360,601402,41444,15144.3,10527.9,26,0,0,109.2,26,34,88.2,0,0.0,1,59.04,1,21,synthetic
3,2026-03-03,dense_tight,clustered,60,26,197.4,141.5,optimizer,OPTIMAL,5.952,2036025,2348540,301061,11454,7872.5,6514.3,26,0,0,109.0,26,34,88.4,0,0.0,0,0.0,0,7,synthetic
3,2026-03-03,dense_tight,clustered,60,26,197.4,141.5,optimizer+returns,OPTIMAL+OPTIMAL,6.498,2708286,3084770,361938,14546,9524.5,7298.5,26,0,16,155.1,42,18,42.3,0,0.0,0,0.0,0,7,synthetic
3,2026-03-03,dense_tight,clustered,60,26,197.4,141.5,optimizer_shared,FEASIBLE,33.087,2532214,2807190,262780,12196,7073.8,5789.6,26,11,0,135.9,40,20,61.5,0,0.0,0,0.0,0,5,synthetic
3,2026-03-03,dense_tight,clustered,60,26,197.4,141.5,optimizer_shared+returns,FEASIBLE+OPTIMAL,33.235,3166393,3526690,342430,17867,9197.5,6483.4,26,11,14,183.5,54,6,13.9,0,0.0,0,0.0,0,5,synthetic
3,2026-04-19,sparse,spread,6,8,20.2,43.0,rule,ok,0.001,465023,571940,99332,7584,2472.4,1749.7,6,0,0,20.2,6,0,0.0,0,0.0,0,0.0,0,2,synthetic
3,2026-04-19,sparse,spread,6,8,20.2,43.0,optimizer,OPTIMAL,0.038,471922,571940,92433,7584,2474.5,1751.8,6,0,0,20.2,6,0,0.0,0,0.0,0,0.0,0,2,synthetic
3,2026-04-19,sparse,spread,6,8,20.2,43.0,optimizer+returns,OPTIMAL+OPTIMAL,0.041,471922,571940,92433,7584,2474.5,1751.8,6,0,0,20.2,6,0,0.0,0,0.0,0,0.0,0,2,synthetic
3,2026-04-19,sparse,spread,6,8,20.2,43.0,optimizer_shared,OPTIMAL,0.036,471922,571940,92433,7584,2474.5,1751.8,6,0,0,20.2,6,0,0.0,0,0.0,0,0.0,0,2,synthetic
3,2026-04-19,sparse,spread,6,8,20.2,43.0,optimizer_shared+returns,OPTIMAL+OPTIMAL,0.037,471922,571940,92433,7584,2474.5,1751.8,6,0,0,20.2,6,0,0.0,0,0.0,0,0.0,0,2,synthetic
3,2026-04-19,sparse,clustered,6,8,16.3,45.5,rule,ok,0.001,386212,453350,62729,4409,1601.5,1008.3,6,0,0,16.3,6,0,0.0,0,0.0,0,0.0,0,1,synthetic
3,2026-04-19,sparse,clustered,6,8,16.3,45.5,optimizer,OPTIMAL,0.033,390211,453350,58729,4409,1607.6,1014.4,6,0,0,16.3,6,0,0.0,0,0.0,0,0.0,0,1,synthetic
3,2026-04-19,sparse,clustered,6,8,16.3,45.5,optimizer+returns,OPTIMAL+OPTIMAL,0.034,390211,453350,58729,4409,1607.6,1014.4,6,0,0,16.3,6,0,0.0,0,0.0,0,0.0,0,1,synthetic
3,2026-04-19,sparse,clustered,6,8,16.3,45.5,optimizer_shared,OPTIMAL,0.039,416177,453350,31943,5230,676.3,341.3,3,2,0,16.3,6,0,0.0,0,0.0,0,0.0,0,0,synthetic
3,2026-04-19,sparse,clustered,6,8,16.3,45.5,optimizer_shared+returns,OPTIMAL+OPTIMAL,0.04,416177,453350,31943,5230,676.3,341.3,3,2,0,16.3,6,0,0.0,0,0.0,0,0.0,0,0,synthetic
3,2026-04-19,medium,spread,20,18,65.3,113.0,rule,ok,0.002,1602631,1857610,231038,23941,5558.0,3359.1,18,0,0,63.3,18,2,2.0,0,0.0,1,4.0,1,3,synthetic
3,2026-04-19,medium,spread,20,18,65.3,113.0,optimizer,OPTIMAL,0.427,1678612,1927610,223501,25497,5410.6,3197.5,18,0,0,63.3,18,2,2.0,0,0.0,0,0.0,0,3,synthetic
3,2026-04-19,medium,spread,20,18,65.3,113.0,optimizer+returns,OPTIMAL+OPTIMAL,0.441,1724402,1986410,235934,26074,5796.6,3380.8,18,0,2,65.3,20,0,0.0,0,0.0,0,0.0,0,3,synthetic
3,2026-04-19,medium,spread,20,18,65.3,113.0,optimizer_shared,OPTIMAL,0.708,1777224,2012210,207067,27919,5132.6,2929.8,15,3,0,65.3,20,0,0.0,0,0.0,0,0.0,0,3,synthetic
3,2026-04-19,medium,spread,20,18,65.3,113.0,optimizer_shared+returns,OPTIMAL+OPTIMAL,0.709,1777224,2012210,207067,27919,5132.6,2929.8,15,3,0,65.3,20,0,0.0,0,0.0,0,0.0,0,3,synthetic
3,2026-04-19,medium,clustered,20,18,76.6,98.0,rule,ok,0.002,1583196,1897200,299206,14798,7672.4,6170.0,18,0,0,74.4,18,2,2.2,0,0.0,1,45.2,1,6,synthetic
3,2026-04-19,medium,clustered,20,18,76.6,98.0,optimizer,OPTIMAL,1.767,2195772,2508250,283318,29161,7250.9,5552.5,18,0,0,74.4,18,2,2.2,0,0.0,0,0.0,0,4,synthetic
3,2026-04-19,medium,clustered,20,18,76.6,98.0,optimizer+returns,OPTIMAL+OPTIMAL,1.781,2257618,2578650,291242,29790,7533.9,5670.3,18,0,2,76.6,20,0,0.0,0,0.0,0,0.0,0,4,synthetic
3,2026-04-19,medium,clustered,20,18,76.6,98.0,optimizer_shared,OPTIMAL,0.791,2347003,2583800,204971,31826,4803.6,3284.8,15,4,0,76.6,20,0,0.0,0,0.0,0,0.0,0,2,synthetic
3,2026-04-19,medium,clustered,20,18,76.6,98.0,optimizer_shared+returns,OPTIMAL+OPTIMAL,0.792,2347003,2583800,204971,31826,4803.6,3284.8,15,4,0,76.6,20,0,0.0,0,0.0,0,0.0,0,2,synthetic
3,2026-04-19,dense_tight,spread,60,26,209.2,147.0,rule,ok,0.006,2928040,3417890,444371,45478,11831.8,8488.8,26,0,0,117.9,26,34,91.3,0,0.0,1,44.2,1,10,synthetic
3,2026-04-19,dense_tight,spread,60,26,209.2,147.0,optimizer,FEASIBLE,23.857,3411870,3846370,379642,54858,9799.0,6438.4,26,0,0,117.3,26,34,91.9,0,0.0,0,0.0,0,7,synthetic
3,2026-04-19,dense_tight,spread,60,26,209.2,147.0,optimizer+returns,FEASIBLE+OPTIMAL,24.153,4649832,5204520,489029,65660,12304.1,7796.8,26,0,16,167.1,42,18,42.1,0,0.0,0,0.0,0,7,synthetic
3,2026-04-19,dense_tight,spread,60,26,209.2,147.0,optimizer_shared,OPTIMAL,21.484,4101785,4502080,343050,57244,9173.7,5740.7,26,9,0,137.5,38,22,71.7,0,0.0,0,0.0,0,6,synthetic
3,2026-04-19,dense_tight,spread,60,26,209.2,147.0,optimizer_shared+returns,OPTIMAL+OPTIMAL,21.612,4897219,5412010,449645,65146,11540.5,6958.9,26,9,13,175.1,51,9,34.1,0,0.0,0,0.0,0,6,synthetic
3,2026-04-19,dense_tight,clustered,60,24,210.0,151.5,rule,ok,0.005,3161152,3637080,440751,35176,10046.3,7619.9,24,0,0,126.8,24,36,83.2,0,0.0,2,63.18,2,6,synthetic
3,2026-04-19,dense_tight,clustered,60,24,210.0,151.5,optimizer,FEASIBLE,22.119,3655563,4155840,422895,77382,9461.3,5699.0,24,0,0,126.5,24,36,83.5,0,0.0,0,0.0,0,6,synthetic
3,2026-04-19,dense_tight,clustered,60,24,210.0,151.5,optimizer+returns,FEASIBLE+OPTIMAL,22.371,4725160,5333190,521602,86428,11867.7,6932.4,24,0,17,176.8,41,19,33.2,0,0.0,0,0.0,0,6,synthetic
3,2026-04-19,dense_tight,clustered,60,24,210.0,151.5,optimizer_shared,FEASIBLE,27.664,4307567,4825870,435054,83250,10501.7,6038.9,24,12,0,147.3,43,17,62.7,0,0.0,0,0.0,0,8,synthetic
3,2026-04-19,dense_tight,clustered,60,24,210.0,151.5,optimizer_shared+returns,FEASIBLE+OPTIMAL,27.745,4896189,5469030,484305,88536,11603.6,6570.5,24,12,8,185.0,51,9,25.0,0,0.0,0,0.0,0,8,synthetic
3,2026-06-14,sparse,spread,6,8,15.6,31.5,rule,ok,0.001,191832,320750,123695,5223,3256.6,2726.1,5,0,0,12.9,5,1,2.7,0,0.0,0,0.0,0,2,synthetic
3,2026-06-14,sparse,spread,6,8,15.6,31.5,optimizer,OPTIMAL,0.01,217652,313310,91011,4648,2439.9,1944.8,5,0,0,12.6,5,1,3.0,0,0.0,0,0.0,0,2,synthetic
3,2026-06-14,sparse,spread,6,8,15.6,31.5,optimizer+returns,OPTIMAL+OPTIMAL,0.012,267212,367310,95157,4941,2516.7,1972.6,5,0,1,15.6,6,0,0.0,0,0.0,0,0.0,0,2,synthetic
3,2026-06-14,sparse,spread,6,8,15.6,31.5,optimizer_shared,OPTIMAL,0.011,293216,390410,91103,6090,2441.6,1944.8,5,1,0,15.6,6,0,0.0,0,0.0,0,0.0,0,2,synthetic
3,2026-06-14,sparse,spread,6,8,15.6,31.5,optimizer_shared+returns,OPTIMAL+OPTIMAL,0.012,293216,390410,91103,6090,2441.6,1944.8,5,1,0,15.6,6,0,0.0,0,0.0,0,0.0,0,2,synthetic
3,2026-06-14,sparse,clustered,6,8,18.5,40.5,rule,ok,0.0,280091,475450,172294,23065,4190.7,2336.7,6,0,0,18.5,6,0,0.0,0,0.0,0,0.0,0,4,synthetic
3,2026-06-14,sparse,clustered,6,8,18.5,40.5,optimizer,OPTIMAL,0.013,361827,476310,101195,13288,2426.2,1504.9,6,0,0,18.5,6,0,0.0,0,0.0,0,0.0,0,1,synthetic
3,2026-06-14,sparse,clustered,6,8,18.5,40.5,optimizer+returns,OPTIMAL+OPTIMAL,0.013,361827,476310,101195,13288,2426.2,1504.9,6,0,0,18.5,6,0,0.0,0,0.0,0,0.0,0,1,synthetic
3,2026-06-14,sparse,clustered,6,8,18.5,40.5,optimizer_shared,OPTIMAL,0.015,370959,476310,91921,13430,2090.2,1225.2,5,1,0,18.5,6,0,0.0,0,0.0,0,0.0,0,1,synthetic
3,2026-06-14,sparse,clustered,6,8,18.5,40.5,optimizer_shared+returns,OPTIMAL+OPTIMAL,0.015,370959,476310,91921,13430,2090.2,1225.2,5,1,0,18.5,6,0,0.0,0,0.0,0,0.0,0,1,synthetic
3,2026-06-14,medium,spread,20,18,62.7,96.0,rule,ok,0.002,1061591,1424730,337731,25408,9031.1,6561.8,18,0,0,60.8,18,2,1.9,0,0.0,0,0.0,0,7,synthetic
3,2026-06-14,medium,spread,20,18,62.7,96.0,optimizer,OPTIMAL,0.221,1208388,1526870,287750,30732,7582.5,5180.5,18,0,0,60.8,18,2,1.9,0,0.0,0,0.0,0,5,synthetic
3,2026-06-14,medium,spread,20,18,62.7,96.0,optimizer+returns,OPTIMAL+OPTIMAL,0.233,1236886,1561070,293347,30837,7710.4,5253.6,18,0,2,62.7,20,0,0.0,0,0.0,0,0.0,0,5,synthetic
3,2026-06-14,medium,spread,20,18,62.7,96.0,optimizer_shared,OPTIMAL,0.261,1286355,1575270,253829,35086,6289.6,3839.0,16,3,0,62.7,20,0,0.0,0,0.0,0,0.0,0,4,synthetic
3,2026-06-14,medium,spread,20,18,62.7,96.0,optimizer_shared+returns,OPTIMAL+OPTIMAL,0.262,1286355,1575270,253829,35086,6289.6,3839.0,16,3,0,62.7,20,0,0.0,0,0.0,0,0.0,0,4,synthetic
3,2026-06-14,medium,clustered,20,18,54.9,106.5,rule,ok,0.002,649960,1268160,566328,51872,13627.5,9013.8,18,0,0,53.0,18,2,1.9,3,7.8,0,0.0,3,16,synthetic
3,2026-06-14,medium,clustered,20,18,54.9,106.5,optimizer,OPTIMAL,0.123,870873,1257120,350248,35999,8603.8,5430.5,17,0,0,51.7,17,3,3.2,0,0.0,0,0.0,0,12,synthetic
3,2026-06-14,medium,clustered,20,18,54.9,106.5,optimizer+returns,OPTIMAL+OPTIMAL,0.137,923311,1314720,355278,36131,8734.5,5495.8,17,0,3,54.9,20,0,0.0,0,0.0,0,0.0,0,12,synthetic
3,2026-06-14,medium,clustered,20,18,54.9,106.5,optimizer_shared,OPTIMAL,0.369,1025366,1243980,195465,23150,3776.9,2357.2,11,5,0,54.9,20,0,0.0,0,0.0,0,0.0,0,4,synthetic
3,2026-06-14,medium,clustered,20,18,54.9,106.5,optimizer_shared+returns,OPTIMAL+OPTIMAL,0.37,1025366,1243980,195465,23150,3776.9,2357.2,11,5,0,54.9,20,0,0.0,0,0.0,0,0.0,0,4,synthetic
3,2026-06-14,dense_tight,spread,60,28,224.8,159.0,rule,ok,0.006,2730793,3394030,568980,94257,14869.0,8597.5,28,0,0,134.7,28,32,90.1,2,4.7,1,81.38,3,10,synthetic
3,2026-06-14,dense_tight,spread,60,28,224.8,159.0,optimizer,OPTIMAL,5.326,2725044,3076070,308252,42773,7234.2,4796.2,28,0,0,134.2,28,32,90.6,0,0.0,0,0.0,0,1,synthetic
3,2026-06-14,dense_tight,spread,60,28,224.8,159.0,optimizer+returns,OPTIMAL+OPTIMAL,5.524,3839149,4311620,419950,52521,10099.6,6325.3,28,0,21,201.9,49,11,22.9,0,0.0,0,0.0,0,1,synthetic
3,2026-06-14,dense_tight,spread,60,28,224.8,159.0,optimizer_shared,OPTIMAL,6.492,2938022,3323100,340833,44245,8000.6,5574.3,28,8,0,147.9,40,20,76.9,0,0.0,0,0.0,0,3,synthetic
3,2026-06-14,dense_tight,spread,60,28,224.8,159.0,optimizer_shared+returns,OPTIMAL+OPTIMAL,6.597,3861959,4331980,417858,52163,9882.3,6485.6,28,8,15,203.6,55,5,21.2,0,0.0,0,0.0,0,3,synthetic
3,2026-06-14,dense_tight,clustered,60,27,217.4,154.0,rule,ok,0.006,2636907,3433520,725240,71374,17517.0,13524.8,27,0,0,133.6,27,33,83.8,0,0.0,1,89.08,1,13,synthetic
3,2026-06-14,dense_tight,clustered,60,27,217.4,154.0,optimizer,FEASIBLE,27.114,2221531,2880210,625142,33537,14976.2,12922.7,27,0,0,133.3,27,33,84.1,0,0.0,0,0.0,0,12,synthetic
3,2026-06-14,dense_tight,clustered,60,27,217.4,154.0,optimizer+returns,FEASIBLE+OPTIMAL,27.322,2667613,3418210,709863,40734,17203.2,14015.2,27,0,11,164.9,38,22,52.5,0,0.0,0,0.0,0,12,synthetic
3,2026-06-14,dense_tight,clustered,60,27,217.4,154.0,optimizer_shared,OPTIMAL,23.01,2435614,3102150,631931,34605,15089.6,12871.9,27,10,0,146.3,40,20,71.1,0,0.0,0,0.0,0,12,synthetic
3,2026-06-14,dense_tight,clustered,60,27,217.4,154.0,optimizer_shared+returns,OPTIMAL+OPTIMAL,23.119,2957264,3687390,688502,41624,16623.9,13422.0,27,10,11,180.7,51,9,36.7,0,0.0,0,0.0,0,12,synthetic
3,2026-07-31,sparse,spread,6,8,21.7,48.0,rule,ok,0.001,313583,520730,195586,11562,4124.3,2786.9,6,0,0,21.7,6,0,0.0,0,0.0,0,0.0,0,5,synthetic
3,2026-07-31,sparse,spread,6,8,21.7,48.0,optimizer,OPTIMAL,0.016,359278,487690,120620,7792,2746.8,1858.9,6,0,0,21.7,6,0,0.0,0,0.0,0,0.0,0,4,synthetic
3,2026-07-31,sparse,spread,6,8,21.7,48.0,optimizer+returns,OPTIMAL+OPTIMAL,0.017,359278,487690,120620,7792,2746.8,1858.9,6,0,0,21.7,6,0,0.0,0,0.0,0,0.0,0,4,synthetic
3,2026-07-31,sparse,spread,6,8,21.7,48.0,optimizer_shared,OPTIMAL,0.016,359278,487690,120620,7792,2746.8,1858.9,6,0,0,21.7,6,0,0.0,0,0.0,0,0.0,0,4,synthetic
3,2026-07-31,sparse,spread,6,8,21.7,48.0,optimizer_shared+returns,OPTIMAL+OPTIMAL,0.016,359278,487690,120620,7792,2746.8,1858.9,6,0,0,21.7,6,0,0.0,0,0.0,0,0.0,0,4,synthetic
3,2026-07-31,sparse,clustered,6,8,19.0,55.5,rule,ok,0.001,180830,305900,121121,3949,2522.5,1870.3,6,0,0,19.0,6,0,0.0,0,0.0,0,0.0,0,3,synthetic
3,2026-07-31,sparse,clustered,6,8,19.0,55.5,optimizer,OPTIMAL,0.022,186717,305900,115233,3949,2989.8,2337.7,6,0,0,19.0,6,0,0.0,0,0.0,0,0.0,0,3,synthetic
3,2026-07-31,sparse,clustered,6,8,19.0,55.5,optimizer+returns,OPTIMAL+OPTIMAL,0.022,186717,305900,115233,3949,2989.8,2337.7,6,0,0,19.0,6,0,0.0,0,0.0,0,0.0,0,3,synthetic
3,2026-07-31,sparse,clustered,6,8,19.0,55.5,optimizer_shared,OPTIMAL,0.026,218512,305900,83287,4101,2354.2,1819.0,5,1,0,19.0,6,0,0.0,0,0.0,0,0.0,0,2,synthetic
3,2026-07-31,sparse,clustered,6,8,19.0,55.5,optimizer_shared+returns,OPTIMAL+OPTIMAL,0.026,218512,305900,83287,4101,2354.2,1819.0,5,1,0,19.0,6,0,0.0,0,0.0,0,0.0,0,2,synthetic
3,2026-07-31,medium,spread,20,18,75.3,89.5,rule,ok,0.005,991643,1446830,421537,33650,10203.3,6956.7,17,0,0,66.7,17,3,8.6,0,0.0,1,2.95,1,9,synthetic
3,2026-07-31,medium,spread,20,18,75.3,89.5,optimizer,OPTIMAL,0.33,1080895,1377870,280492,16484,6961.4,5016.1,17,0,0,66.3,17,3,9.0,0,0.0,0,0.0,0,5,synthetic
3,2026-07-31,medium,spread,20,18,75.3,89.5,optimizer+returns,OPTIMAL+OPTIMAL,0.344,1156698,1471250,296954,17598,7394.6,5232.7,17,0,2,72.1,19,1,3.2,0,0.0,0,0.0,0,5,synthetic
3,2026-07-31,medium,spread,20,18,75.3,89.5,optimizer_shared,OPTIMAL,0.381,1090360,1379480,272661,16458,6707.7,4875.2,16,1,0,66.4,18,2,8.9,0,0.0,0,0.0,0,5,synthetic
3,2026-07-31,medium,spread,20,18,75.3,89.5,optimizer_shared+returns,OPTIMAL+OPTIMAL,0.386,1178730,1476380,280506,17144,6853.0,4946.2,16,1,1,72.1,19,1,3.2,0,0.0,0,0.0,0,5,synthetic
3,2026-07-31,medium,clustered,20,18,65.5,88.0,rule,ok,0.002,623141,928620,293666,11813,8226.5,6225.3,18,0,0,54.6,18,2,10.9,0,0.0,1,14.29,1,7,synthetic
3,2026-07-31,medium,clustered,20,18,65.5,88.0,optimizer,OPTIMAL,7.113,805805,976480,161433,9242,4434.5,3080.2,16,0,0,52.7,16,4,12.8,0,0.0,0,0.0,0,1,synthetic
3,2026-07-31,medium,clustered,20,18,65.5,88.0,optimizer+returns,OPTIMAL+OPTIMAL,7.128,1026660,1235360,197398,11301,5272.9,3541.4,16,0,4,65.5,20,0,0.0,0,0.0,0,0.0,0,1,synthetic
3,2026-07-31,medium,clustered,20,18,65.5,88.0,optimizer_shared,OPTIMAL,0.991,907641,1016040,98415,9984,2466.9,1393.5,13,4,0,54.6,18,2,10.9,0,0.0,0,0.0,0,0,synthetic
3,2026-07-31,medium,clustered,20,18,65.5,88.0,optimizer_shared+returns,OPTIMAL+OPTIMAL,0.995,1094950,1222440,116050,11440,2793.5,1587.4,13,4,2,65.5,20,0,0.0,0,0.0,0,0.0,0,0,synthetic
3,2026-07-31,dense_tight,spread,60,30,212.3,153.5,rule,ok,0.006,2034133,2598540,518406,46001,13849.5,8365.6,30,0,0,124.2,30,30,88.1,0,0.0,2,48.34,2,14,synthetic
3,2026-07-31,dense_tight,spread,60,30,212.3,153.5,optimizer,OPTIMAL,7.586,2276809,2653090,348723,27558,9002.0,5866.0,30,0,0,123.9,30,30,88.4,0,0.0,0,0.0,0,4,synthetic
3,2026-07-31,dense_tight,spread,60,30,212.3,153.5,optimizer+returns,OPTIMAL+OPTIMAL,7.776,2944124,3438270,459894,34251,12044.6,7347.2,30,0,17,163.0,47,13,49.3,0,0.0,0,0.0,0,4,synthetic
3,2026-07-31,dense_tight,spread,60,30,212.3,153.5,optimizer_shared,OPTIMAL,23.069,2490851,2881910,359653,31406,9419.0,6082.5,30,9,0,134.2,40,20,78.1,0,0.0,0,0.0,0,5,synthetic
3,2026-07-31,dense_tight,spread,60,30,212.3,153.5,optimizer_shared+returns,OPTIMAL+OPTIMAL,23.167,3039987,3526770,448393,38389,11679.1,7189.5,30,9,11,167.6,51,9,44.7,0,0.0,0,0.0,0,5,synthetic
3,2026-07-31,dense_tight,clustered,60,30,214.4,155.0,rule,ok,0.006,2133365,3197250,957086,106799,24837.8,14835.3,30,0,0,130.5,30,30,83.9,0,0.0,1,89.05,1,30,synthetic
3,2026-07-31,dense_tight,clustered,60,30,214.4,155.0,optimizer,OPTIMAL,7.832,2310606,2949320,580242,58472,14430.0,9522.2,30,0,0,130.4,30,30,84.0,0,0.0,0,0.0,0,17,synthetic
3,2026-07-31,dense_tight,clustered,60,30,214.4,155.0,optimizer+returns,OPTIMAL+OPTIMAL,7.984,2441701,3085280,584769,58810,14570.1,9592.3,30,0,3,137.0,33,27,77.4,0,0.0,0,0.0,0,17,synthetic
3,2026-07-31,dense_tight,clustered,60,30,214.4,155.0,optimizer_shared,FEASIBLE,42.701,2480483,3137670,602772,54415,14976.7,10260.6,30,9,0,141.5,40,20,72.9,0,0.0,0,0.0,0,14,synthetic
3,2026-07-31,dense_tight,clustered,60,30,214.4,155.0,optimizer_shared+returns,FEASIBLE+OPTIMAL,42.794,2804041,3466310,607513,54757,15113.9,10329.2,30,9,5,158.1,45,15,56.3,0,0.0,0,0.0,0,14,synthetic
4,2026-01-16,sparse,spread,6,8,17.6,35.0,rule,ok,0.001,88286,223820,133586,1948,3724.9,3177.4,6,0,0,17.6,6,0,0.0,0,0.0,0,0.0,0,3,synthetic
4,2026-01-16,sparse,spread,6,8,17.6,35.0,optimizer,OPTIMAL,0.012,132621,203300,68757,1922,2018.8,1486.5,5,0,0,15.7,5,1,1.9,0,0.0,0,0.0,0,1,synthetic
4,2026-01-16,sparse,spread,6,8,17.6,35.0,optimizer+returns,OPTIMAL+OPTIMAL,0.014,151962,223820,69910,1948,2049.2,1501.7,5,0,1,17.6,6,0,0.0,0,0.0,0,0.0,0,1,synthetic
4,2026-01-16,sparse,spread,6,8,17.6,35.0,optimizer_shared,OPTIMAL,0.016,132621,203300,68757,1922,2018.8,1486.5,5,0,0,15.7,5,1,1.9,0,0.0,0,0.0,0,1,synthetic
4,2026-01-16,sparse,spread,6,8,17.6,35.0,optimizer_shared+returns,OPTIMAL+OPTIMAL,0.018,151962,223820,69910,1948,2049.2,1501.7,5,0,1,17.6,6,0,0.0,0,0.0,0,0.0,0,1,synthetic
4,2026-01-16,sparse,clustered,6,8,14.1,32.5,rule,ok,0.001,88258,183300,92554,2487,2817.9,1879.9,6,0,0,14.1,6,0,0.0,0,0.0,0,0.0,0,2,synthetic
4,2026-01-16,sparse,clustered,6,8,14.1,32.5,optimizer,OPTIMAL,0.015,107133,169450,60182,2135,1927.8,1212.8,5,0,0,13.1,5,1,1.0,0,0.0,0,0.0,0,1,synthetic
4,2026-01-16,sparse,clustered,6,8,14.1,32.5,optimizer+returns,OPTIMAL+OPTIMAL,0.017,110226,176450,64063,2161,2029.9,1265.5,5,0,1,14.1,6,0,0.0,0,0.0,0,0.0,0,1,synthetic
4,2026-01-16,sparse,clustered,6,8,14.1,32.5,optimizer_shared,OPTIMAL,0.014,107133,169450,60182,2135,1927.8,1212.8,5,0,0,13.1,5,1,1.0,0,0.0,0,0.0,0,1,synthetic
4,2026-01-16,sparse,clustered,6,8,14.1,32.5,optimizer_shared+returns,OPTIMAL+OPTIMAL,0.018,110226,176450,64063,2161,2029.9,1265.5,5,0,1,14.1,6,0,0.0,0,0.0,0,0.0,0,1,synthetic
4,2026-01-16,medium,spread,20,18,65.0,106.0,rule,ok,0.002,396705,784840,380230,7905,9378.9,7320.3,18,0,0,62.4,18,2,2.6,0,0.0,0,0.0,0,8,synthetic
4,2026-01-16,medium,spread,20,18,65.0,106.0,optimizer,OPTIMAL,0.151,505999,759190,246083,7108,6574.7,4921.8,17,0,0,60.6,17,3,4.4,0,0.0,0,0.0,0,6,synthetic
4,2026-01-16,medium,spread,20,18,65.0,106.0,optimizer+returns,OPTIMAL+OPTIMAL,0.166,534938,802850,260642,7270,6838.7,5057.2,17,0,3,65.0,20,0,0.0,0,0.0,0,0.0,0,6,synthetic
4,2026-01-16,medium,spread,20,18,65.0,106.0,optimizer_shared,OPTIMAL,0.204,583813,809000,216368,8820,5422.2,3857.9,14,5,0,63.6,19,1,1.4,0,0.0,0,0.0,0,3,synthetic
4,2026-01-16,medium,spread,20,18,65.0,106.0,optimizer_shared+returns,OPTIMAL+OPTIMAL,0.209,590167,818800,219789,8844,5485.6,3887.5,14,5,1,65.0,20,0,0.0,0,0.0,0,0.0,0,3,synthetic
4,2026-01-16,medium,clustered,20,18,59.3,111.0,rule,ok,0.002,286616,681920,389845,5459,8850.5,7177.3,18,0,0,57.6,18,2,1.7,0,0.0,0,0.0,0,6,synthetic
4,2026-01-16,medium,clustered,20,18,59.3,111.0,optimizer,OPTIMAL,0.113,402859,648370,236952,8559,5732.7,3631.9,17,0,0,52.0,17,3,7.3,0,0.0,0,0.0,0,4,synthetic
4,2026-01-16,medium,clustered,20,18,59.3,111.0,optimizer+returns,OPTIMAL+OPTIMAL,0.123,415985,666730,242132,8613,5869.0,3700.1,17,0,2,53.7,19,1,5.6,0,0.0,0,0.0,0,4,synthetic
4,2026-01-16,medium,clustered,20,18,59.3,111.0,optimizer_shared,OPTIMAL,0.943,447142,669620,212353,10125,5003.7,3227.6,11,2,0,52.0,17,3,7.3,0,0.0,0,0.0,0,4,synthetic
4,2026-01-16,medium,clustered,20,18,59.3,111.0,optimizer_shared+returns,OPTIMAL+OPTIMAL,0.949,460268,687980,217534,10178,5140.0,3295.8,11,2,2,53.7,19,1,5.6,0,0.0,0,0.0,0,4,synthetic
4,2026-01-16,dense_tight,spread,60,26,175.8,131.0,rule,ok,0.005,807303,1285320,466822,11195,12405.0,9827.4,26,0,0,98.2,26,34,77.6,0,0.0,0,0.0,0,10,synthetic
4,2026-01-16,dense_tight,spread,60,26,175.8,131.0,optimizer,OPTIMAL,1.411,951286,1250030,286899,11845,7543.1,4644.0,26,0,0,96.1,26,34,79.7,0,0.0,0,0.0,0,3,synthetic
4,2026-01-16,dense_tight,spread,60,26,175.8,131.0,optimizer+returns,OPTIMAL+OPTIMAL,1.613,1375737,1784400,393336,15327,10015.9,5903.8,26,0,18,141.6,44,16,34.2,0,0.0,0,0.0,0,3,synthetic
4,2026-01-16,dense_tight,spread,60,26,175.8,131.0,optimizer_shared,OPTIMAL,6.13,1225176,1521910,280271,16464,7277.8,4217.7,26,10,0,118.6,42,18,57.2,0,0.0,0,0.0,0,1,synthetic
4,2026-01-16,dense_tight,spread,60,26,175.8,131.0,optimizer_shared+returns,OPTIMAL+OPTIMAL,6.216,1536969,1884640,329235,18436,8436.2,4775.3,26,10,10,150.8,52,8,25.0,0,0.0,0,0.0,0,1,synthetic
4,2026-01-16,dense_tight,clustered,60,28,220.5,155.0,rule,ok,0.01,1049214,1675700,605755,20730,15600.5,11760.1,28,0,0,128.9,28,32,91.6,0,0.0,1,45.99,1,12,synthetic
4,2026-01-16,dense_tight,clustered,60,28,220.5,155.0,optimizer,OPTIMAL,3.743,1105719,1541700,421551,14430,9928.2,7630.7,25,0,0,121.9,25,35,98.6,0,0.0,0,0.0,0,7,synthetic
4,2026-01-16,dense_tight,clustered,60,28,220.5,155.0,optimizer+returns,OPTIMAL+OPTIMAL,4.067,1653779,2217430,545353,18298,12760.3,9335.1,25,0,18,182.4,43,17,38.1,0,0.0,0,0.0,0,7,synthetic
4,2026-01-16,dense_tight,clustered,60,28,220.5,155.0,optimizer_shared,OPTIMAL,9.947,1288040,1723510,419390,16081,9907.7,7572.4,25,10,0,141.1,40,20,79.4,0,0.0,0,0.0,0,5,synthetic
4,2026-01-16,dense_tight,clustered,60,28,220.5,155.0,optimizer_shared+returns,OPTIMAL+OPTIMAL,10.086,1820482,2394380,553270,20629,13006.7,9345.2,25,10,16,208.4,56,4,12.1,0,0.0,0,0.0,0,5,synthetic
4,2026-03-10,sparse,spread,6,8,21.3,45.5,rule,ok,0.001,232656,360540,124034,3851,3060.3,2489.7,6,0,0,21.3,6,0,0.0,0,0.0,0,0.0,0,3,synthetic
4,2026-03-10,sparse,spread,6,8,21.3,45.5,optimizer,OPTIMAL,0.015,224797,351690,121084,5809,2991.8,1918.4,6,0,0,21.3,6,0,0.0,0,0.0,0,0.0,0,3,synthetic
4,2026-03-10,sparse,spread,6,8,21.3,45.5,optimizer+returns,OPTIMAL+OPTIMAL,0.016,224797,351690,121084,5809,2991.8,1918.4,6,0,0,21.3,6,0,0.0,0,0.0,0,0.0,0,3,synthetic
4,2026-03-10,sparse,spread,6,8,21.3,45.5,optimizer_shared,OPTIMAL,0.016,224797,351690,121084,5809,2991.8,1918.4,6,0,0,21.3,6,0,0.0,0,0.0,0,0.0,0,3,synthetic
4,2026-03-10,sparse,spread,6,8,21.3,45.5,optimizer_shared+returns,OPTIMAL+OPTIMAL,0.016,224797,351690,121084,5809,2991.8,1918.4,6,0,0,21.3,6,0,0.0,0,0.0,0,0.0,0,3,synthetic
4,2026-03-10,sparse,clustered,6,8,21.4,44.5,rule,ok,0.0,241248,370840,128415,1177,3075.7,2767.3,6,0,0,21.4,6,0,0.0,0,0.0,0,0.0,0,2,synthetic
4,2026-03-10,sparse,clustered,6,8,21.4,44.5,optimizer,OPTIMAL,0.014,241249,362700,116439,5011,3080.8,2039.0,6,0,0,21.4,6,0,0.0,0,0.0,0,0.0,0,3,synthetic
4,2026-03-10,sparse,clustered,6,8,21.4,44.5,optimizer+returns,OPTIMAL+OPTIMAL,0.015,241249,362700,116439,5011,3080.8,2039.0,6,0,0,21.4,6,0,0.0,0,0.0,0,0.0,0,3,synthetic
4,2026-03-10,sparse,clustered,6,8,21.4,44.5,optimizer_shared,OPTIMAL,0.016,246428,362700,111174,5098,2858.0,1817.8,5,1,0,21.4,6,0,0.0,0,0.0,0,0.0,0,3,synthetic
4,2026-03-10,sparse,clustered,6,8,21.4,44.5,optimizer_shared+returns,OPTIMAL+OPTIMAL,0.016,246428,362700,111174,5098,2858.0,1817.8,5,1,0,21.4,6,0,0.0,0,0.0,0,0.0,0,3,synthetic
4,2026-03-10,medium,spread,20,18,63.2,89.5,rule,ok,0.003,684272,1017510,324435,8804,8642.2,6924.1,18,0,0,61.0,18,2,2.2,0,0.0,0,0.0,0,6,synthetic
4,2026-03-10,medium,spread,20,18,63.2,89.5,optimizer,OPTIMAL,0.152,693249,1008450,299455,15746,7796.6,4643.5,18,0,0,60.7,18,2,2.5,0,0.0,0,0.0,0,6,synthetic
4,2026-03-10,medium,spread,20,18,63.2,89.5,optimizer+returns,OPTIMAL+OPTIMAL,0.167,714491,1032810,302445,15874,7903.4,4696.9,18,0,1,62.1,19,1,1.1,0,0.0,0,0.0,0,6,synthetic
4,2026-03-10,medium,spread,20,18,63.2,89.5,optimizer_shared,OPTIMAL,0.189,702472,1008450,290084,15894,7452.7,4405.9,16,2,0,60.7,18,2,2.5,0,0.0,0,0.0,0,6,synthetic
4,2026-03-10,medium,spread,20,18,63.2,89.5,optimizer_shared+returns,OPTIMAL+OPTIMAL,0.203,723714,1032810,293074,16021,7559.5,4459.3,16,2,1,62.1,19,1,1.1,0,0.0,0,0.0,0,6,synthetic
4,2026-03-10,medium,clustered,20,18,66.3,114.0,rule,ok,0.002,562675,1078110,510409,5026,11350.6,10385.7,18,0,0,64.4,18,2,1.9,0,0.0,0,0.0,0,8,synthetic
4,2026-03-10,medium,clustered,20,18,66.3,114.0,optimizer,OPTIMAL,0.277,744601,1048270,289922,13747,6979.0,4665.9,16,0,0,61.8,16,4,4.5,0,0.0,0,0.0,0,5,synthetic
4,2026-03-10,medium,clustered,20,18,66.3,114.0,optimizer+returns,OPTIMAL+OPTIMAL,0.295,817982,1126570,294696,13892,7128.1,4740.4,16,0,4,66.3,20,0,0.0,0,0.0,0,0.0,0,5,synthetic
4,2026-03-10,medium,clustered,20,18,66.3,114.0,optimizer_shared,OPTIMAL,0.375,920759,1118030,187524,9747,4736.1,3410.4,13,5,0,66.3,20,0,0.0,0,0.0,0,0.0,0,2,synthetic
4,2026-03-10,medium,clustered,20,18,66.3,114.0,optimizer_shared+returns,OPTIMAL+OPTIMAL,0.375,920759,1118030,187524,9747,4736.1,3410.4,13,5,0,66.3,20,0,0.0,0,0.0,0,0.0,0,2,synthetic
4,2026-03-10,dense_tight,spread,60,26,199.5,147.5,rule,ok,0.009,1522437,2000200,459186,18577,10625.5,7786.4,26,0,0,120.5,26,34,79.0,0,0.0,1,46.39,1,6,synthetic
4,2026-03-10,dense_tight,spread,60,26,199.5,147.5,optimizer,OPTIMAL,5.427,1592845,1866490,260964,12681,6283.6,4237.1,26,0,0,114.7,26,34,84.8,0,0.0,0,0.0,0,0,synthetic
4,2026-03-10,dense_tight,spread,60,26,199.5,147.5,optimizer+returns,OPTIMAL+OPTIMAL,5.723,2358388,2779960,401789,19783,9831.9,6045.1,26,0,21,176.1,47,13,23.4,0,0.0,0,0.0,0,0,synthetic
4,2026-03-10,dense_tight,spread,60,26,199.5,147.5,optimizer_shared,OPTIMAL,14.568,1920417,2233420,298303,14700,7061.9,5124.0,26,10,0,138.2,40,20,61.3,0,0.0,0,0.0,0,2,synthetic
4,2026-03-10,dense_tight,spread,60,26,199.5,147.5,optimizer_shared+returns,OPTIMAL+OPTIMAL,14.754,2577493,2996460,398170,20797,9542.6,6360.7,26,10,16,190.0,56,4,9.5,0,0.0,0,0.0,0,2,synthetic
4,2026-03-10,dense_tight,clustered,60,34,221.3,159.5,rule,ok,0.008,1718889,2201160,465995,16275,13616.4,10743.9,34,0,0,132.6,34,26,88.7,0,0.0,1,74.49,1,8,synthetic
4,2026-03-10,dense_tight,clustered,60,34,221.3,159.5,optimizer,FEASIBLE,27.41,1603151,2022910,406317,13443,11678.5,9302.2,33,0,0,130.8,33,27,90.5,0,0.0,0,0.0,0,7,synthetic
4,2026-03-10,dense_tight,clustered,60,34,221.3,159.5,optimizer+returns,FEASIBLE+OPTIMAL,27.999,2469312,3016630,527180,20138,14902.9,10903.4,33,0,23,198.4,56,4,22.9,0,0.0,0,0.0,0,7,synthetic
4,2026-03-10,dense_tight,clustered,60,34,221.3,159.5,optimizer_shared,FEASIBLE,29.455,1772615,2108200,318966,16619,8327.3,5840.7,29,10,0,137.2,42,18,84.1,0,0.0,0,0.0,0,3,synthetic
4,2026-03-10,dense_tight,clustered,60,34,221.3,159.5,optimizer_shared+returns,FEASIBLE+OPTIMAL,29.627,2454656,2847640,373516,19468,9583.5,6555.0,29,10,13,190.3,55,5,31.0,0,0.0,0,0.0,0,3,synthetic
4,2026-04-27,sparse,spread,6,8,19.0,51.0,rule,ok,0.001,369854,468000,94367,3779,1950.7,1423.7,6,0,0,19.0,6,0,0.0,0,0.0,0,0.0,0,1,synthetic
4,2026-04-27,sparse,spread,6,8,19.0,51.0,optimizer,OPTIMAL,0.023,384096,468000,80125,3779,1972.4,1445.4,6,0,0,19.0,6,0,0.0,0,0.0,0,0.0,0,1,synthetic
4,2026-04-27,sparse,spread,6,8,19.0,51.0,optimizer+returns,OPTIMAL+OPTIMAL,0.025,384096,468000,80125,3779,1972.4,1445.4,6,0,0,19.0,6,0,0.0,0,0.0,0,0.0,0,1,synthetic
4,2026-04-27,sparse,spread,6,8,19.0,51.0,optimizer_shared,OPTIMAL,0.027,392056,468000,71997,3947,1821.9,1329.0,5,1,0,19.0,6,0,0.0,0,0.0,0,0.0,0,1,synthetic
4,2026-04-27,sparse,spread,6,8,19.0,51.0,optimizer_shared+returns,OPTIMAL+OPTIMAL,0.028,392056,468000,71997,3947,1821.9,1329.0,5,1,0,19.0,6,0,0.0,0,0.0,0,0.0,0,1,synthetic
4,2026-04-27,sparse,clustered,6,8,21.2,48.0,rule,ok,0.0,334738,402800,63338,4725,1350.6,710.7,6,0,0,21.2,6,0,0.0,0,0.0,0,0.0,0,0,synthetic
4,2026-04-27,sparse,clustered,6,8,21.2,48.0,optimizer,OPTIMAL,0.016,337471,402800,60605,4725,1302.5,662.6,6,0,0,21.2,6,0,0.0,0,0.0,0,0.0,0,0,synthetic
4,2026-04-27,sparse,clustered,6,8,21.2,48.0,optimizer+returns,OPTIMAL+OPTIMAL,0.017,337471,402800,60605,4725,1302.5,662.6,6,0,0,21.2,6,0,0.0,0,0.0,0,0.0,0,0,synthetic
4,2026-04-27,sparse,clustered,6,8,21.2,48.0,optimizer_shared,OPTIMAL,0.018,337471,402800,60605,4725,1302.5,662.6,6,0,0,21.2,6,0,0.0,0,0.0,0,0.0,0,0,synthetic
4,2026-04-27,sparse,clustered,6,8,21.2,48.0,optimizer_shared+returns,OPTIMAL+OPTIMAL,0.018,337471,402800,60605,4725,1302.5,662.6,6,0,0,21.2,6,0,0.0,0,0.0,0,0.0,0,0,synthetic
4,2026-04-27,medium,spread,20,18,54.7,108.0,rule,ok,0.002,973742,1222000,235019,13239,5743.1,4072.7,18,0,0,52.6,18,2,2.1,0,0.0,0,0.0,0,2,synthetic
4,2026-04-27,medium,spread,20,18,54.7,108.0,optimizer,OPTIMAL,0.281,990350,1194740,195876,8513,4849.7,3792.6,18,0,0,52.6,18,2,2.1,0,0.0,0,0.0,0,0,synthetic
4,2026-04-27,medium,spread,20,18,54.7,108.0,optimizer+returns,OPTIMAL+OPTIMAL,0.291,1044007,1261520,208492,9020,5138.4,3937.0,18,0,2,54.7,20,0,0.0,0,0.0,0,0.0,0,0,synthetic
4,2026-04-27,medium,spread,20,18,54.7,108.0,optimizer_shared,OPTIMAL,0.336,1083544,1261520,168315,9661,4146.0,3248.8,15,5,0,54.7,20,0,0.0,0,0.0,0,0.0,0,0,synthetic
4,2026-04-27,medium,spread,20,18,54.7,108.0,optimizer_shared+returns,OPTIMAL+OPTIMAL,0.337,1083544,1261520,168315,9661,4146.0,3248.8,15,5,0,54.7,20,0,0.0,0,0.0,0,0.0,0,0,synthetic
4,2026-04-27,medium,clustered,20,18,74.5,106.0,rule,ok,0.002,1070683,1506850,417870,18297,9216.5,7447.1,18,0,0,69.0,18,2,5.5,0,0.0,1,7.94,1,7,synthetic
4,2026-04-27,medium,clustered,20,18,74.5,106.0,optimizer,OPTIMAL,0.509,1137538,1504330,360089,6702,7748.9,6963.5,18,0,0,68.9,18,2,5.6,0,0.0,0,0.0,0,4,synthetic
4,2026-04-27,medium,clustered,20,18,74.5,106.0,optimizer+returns,OPTIMAL+OPTIMAL,0.517,1252462,1633410,373549,7399,8103.1,7214.4,18,0,2,74.5,20,0,0.0,0,0.0,0,0.0,0,4,synthetic
4,2026-04-27,medium,clustered,20,18,74.5,106.0,optimizer_shared,OPTIMAL,0.909,1311840,1641820,322107,7873,7200.5,6424.0,17,3,0,74.5,20,0,0.0,0,0.0,0,0.0,0,3,synthetic
4,2026-04-27,medium,clustered,20,18,74.5,106.0,optimizer_shared+returns,OPTIMAL+OPTIMAL,0.91,1311840,1641820,322107,7873,7200.5,6424.0,17,3,0,74.5,20,0,0.0,0,0.0,0,0.0,0,3,synthetic
4,2026-04-27,dense_tight,spread,60,31,223.1,157.5,rule,ok,0.006,2903824,3343730,408806,31100,10507.4,7738.0,31,0,0,132.8,31,29,90.3,0,0.0,2,26.3,2,5,synthetic
4,2026-04-27,dense_tight,spread,60,31,223.1,157.5,optimizer,OPTIMAL,7.601,3066905,3447650,352627,28118,8870.7,6530.1,31,0,0,131.7,31,29,91.4,0,0.0,0,0.0,0,3,synthetic
4,2026-04-27,dense_tight,spread,60,31,223.1,157.5,optimizer+returns,OPTIMAL+OPTIMAL,7.821,4150259,4658710,469274,39177,12017.1,8070.6,31,0,20,186.7,51,9,36.4,0,0.0,0,0.0,0,3,synthetic
4,2026-04-27,dense_tight,spread,60,31,223.1,157.5,optimizer_shared,FEASIBLE,30.206,3314485,3694220,349317,30418,9093.6,6813.8,31,10,0,142.0,41,19,81.1,0,0.0,0,0.0,0,3,synthetic
4,2026-04-27,dense_tight,spread,60,31,223.1,157.5,optimizer_shared+returns,FEASIBLE+OPTIMAL,30.295,4217631,4701810,442936,41242,11310.8,7880.2,31,10,12,187.6,53,7,35.5,0,0.0,0,0.0,0,3,synthetic
4,2026-04-27,dense_tight,clustered,60,25,200.0,141.5,rule,ok,0.006,2028616,2638100,579494,29990,14465.4,12181.4,25,0,0,120.1,25,35,79.9,0,0.0,1,41.04,1,15,synthetic
4,2026-04-27,dense_tight,clustered,60,25,200.0,141.5,optimizer,OPTIMAL,16.661,2281325,2767810,475613,10872,11863.8,10934.6,25,0,0,119.9,25,35,80.1,0,0.0,0,0.0,0,9,synthetic
4,2026-04-27,dense_tight,clustered,60,25,200.0,141.5,optimizer+returns,OPTIMAL+OPTIMAL,17.01,3257789,3831830,555745,18297,13740.7,11871.1,25,0,16,167.3,41,19,32.7,0,0.0,0,0.0,0,9,synthetic
4,2026-04-27,dense_tight,clustered,60,25,200.0,141.5,optimizer_shared,FEASIBLE,22.572,2606919,3128050,503707,17424,12631.0,11555.0,25,9,0,136.3,40,20,63.7,0,0.0,0,0.0,0,11,synthetic
4,2026-04-27,dense_tight,clustered,60,25,200.0,141.5,optimizer_shared+returns,FEASIBLE+OPTIMAL,22.701,3390049,3978010,561827,26134,14045.3,12116.4,25,9,11,173.3,51,9,26.7,0,0.0,0,0.0,0,11,synthetic
4,2026-06-14,sparse,spread,6,8,20.4,54.5,rule,ok,0.001,545855,652800,100735,6210,2415.8,1880.4,6,0,0,20.4,6,0,0.0,0,0.0,0,0.0,0,3,synthetic
4,2026-06-14,sparse,spread,6,8,20.4,54.5,optimizer,OPTIMAL,0.023,550526,652800,96065,6210,2348.2,1812.8,6,0,0,20.4,6,0,0.0,0,0.0,0,0.0,0,3,synthetic
4,2026-06-14,sparse,spread,6,8,20.4,54.5,optimizer+returns,OPTIMAL+OPTIMAL,0.024,550526,652800,96065,6210,2348.2,1812.8,6,0,0,20.4,6,0,0.0,0,0.0,0,0.0,0,3,synthetic
4,2026-06-14,sparse,spread,6,8,20.4,54.5,optimizer_shared,OPTIMAL,0.025,579042,652800,67401,6356,1780.4,1325.2,5,1,0,20.4,6,0,0.0,0,0.0,0,0.0,0,1,synthetic
4,2026-06-14,sparse,spread,6,8,20.4,54.5,optimizer_shared+returns,OPTIMAL+OPTIMAL,0.025,579042,652800,67401,6356,1780.4,1325.2,5,1,0,20.4,6,0,0.0,0,0.0,0,0.0,0,1,synthetic
4,2026-06-14,sparse,clustered,6,8,28.5,53.0,rule,ok,0.0,687982,860700,163687,9031,3347.4,2840.8,6,0,0,28.5,6,0,0.0,0,0.0,0,0.0,0,3,synthetic
4,2026-06-14,sparse,clustered,6,8,28.5,53.0,optimizer,OPTIMAL,0.018,702130,897780,165914,29736,3392.5,2043.1,6,0,0,28.5,6,0,0.0,0,0.0,0,0.0,0,3,synthetic
4,2026-06-14,sparse,clustered,6,8,28.5,53.0,optimizer+returns,OPTIMAL+OPTIMAL,0.018,702130,897780,165914,29736,3392.5,2043.1,6,0,0,28.5,6,0,0.0,0,0.0,0,0.0,0,3,synthetic
4,2026-06-14,sparse,clustered,6,8,28.5,53.0,optimizer_shared,OPTIMAL,0.023,711539,897780,156403,29838,3052.6,1780.8,5,1,0,28.5,6,0,0.0,0,0.0,0,0.0,0,3,synthetic
4,2026-06-14,sparse,clustered,6,8,28.5,53.0,optimizer_shared+returns,OPTIMAL+OPTIMAL,0.023,711539,897780,156403,29838,3052.6,1780.8,5,1,0,28.5,6,0,0.0,0,0.0,0,0.0,0,3,synthetic
4,2026-06-14,medium,spread,20,18,62.9,96.0,rule,ok,0.002,1491914,1866640,347418,27307,8757.1,6484.3,18,0,0,60.4,18,2,2.5,0,0.0,0,0.0,0,4,synthetic
4,2026-06-14,medium,spread,20,18,62.9,96.0,optimizer,OPTIMAL,0.345,1599947,1877120,244313,32860,6207.3,3943.8,18,0,0,60.1,18,2,2.8,0,0.0,0,0.0,0,2,synthetic
4,2026-06-14,medium,spread,20,18,62.9,96.0,optimizer+returns,OPTIMAL+OPTIMAL,0.355,1631317,1913360,248828,33215,6368.6,4024.4,18,0,1,61.3,19,1,1.6,0,0.0,0,0.0,0,2,synthetic
4,2026-06-14,medium,spread,20,18,62.9,96.0,optimizer_shared,OPTIMAL,0.686,1698052,1965720,223983,43684,5175.1,3135.7,15,3,0,62.9,20,0,0.0,0,0.0,0,0.0,0,2,synthetic
4,2026-06-14,medium,spread,20,18,62.9,96.0,optimizer_shared+returns,OPTIMAL+OPTIMAL,0.686,1698052,1965720,223983,43684,5175.1,3135.7,15,3,0,62.9,20,0,0.0,0,0.0,0,0.0,0,2,synthetic
4,2026-06-14,medium,clustered,20,18,71.9,97.0,rule,ok,0.002,1795924,2047600,227178,24498,5820.4,3891.7,18,0,0,65.9,18,2,6.0,0,0.0,0,0.0,0,1,synthetic
4,2026-06-14,medium,clustered,20,18,71.9,97.0,optimizer,OPTIMAL,0.232,1798780,2047600,224322,24498,5742.6,3813.9,18,0,0,65.9,18,2,6.0,0,0.0,0,0.0,0,1,synthetic
4,2026-06-14,medium,clustered,20,18,71.9,97.0,optimizer+returns,OPTIMAL+OPTIMAL,0.24,1902549,2166670,238733,25388,6087.7,3984.8,18,0,2,71.9,20,0,0.0,0,0.0,0,0.0,0,1,synthetic
4,2026-06-14,medium,clustered,20,18,71.9,97.0,optimizer_shared,OPTIMAL,0.572,1866028,2076400,183617,26755,4332.8,2776.5,14,4,0,66.8,19,1,5.1,0,0.0,0,0.0,0,0,synthetic
4,2026-06-14,medium,clustered,20,18,71.9,97.0,optimizer_shared+returns,OPTIMAL+OPTIMAL,0.575,1951452,2166670,188000,27218,4414.0,2815.5,14,4,1,71.9,20,0,0.0,0,0.0,0,0.0,0,0,synthetic
4,2026-06-14,dense_tight,spread,60,31,208.6,150.5,rule,ok,0.006,3257234,3771160,466984,46941,12304.0,8774.9,31,0,0,126.3,31,29,82.3,0,0.0,1,46.76,1,6,synthetic
4,2026-06-14,dense_tight,spread,60,31,208.6,150.5,optimizer,OPTIMAL,6.586,3139960,3577840,395072,42807,9946.9,7098.4,31,0,0,126.3,31,29,82.3,0,0.0,0,0.0,0,4,synthetic
4,2026-06-14,dense_tight,spread,60,31,208.6,150.5,optimizer+returns,OPTIMAL+OPTIMAL,6.801,4129227,4702190,518783,54181,13302.9,8808.7,31,0,19,178.4,50,10,30.2,0,0.0,0,0.0,0,4,synthetic
4,2026-06-14,dense_tight,spread,60,31,208.6,150.5,optimizer_shared,OPTIMAL,8.195,3478959,3820780,306207,35614,8336.2,5851.9,31,11,0,137.0,45,15,71.6,0,0.0,0,0.0,0,2,synthetic
4,2026-06-14,dense_tight,spread,60,31,208.6,150.5,optimizer_shared+returns,OPTIMAL+OPTIMAL,8.254,4418114,4868560,403576,46870,10518.3,7100.7,31,11,11,188.6,56,4,20.0,0,0.0,0,0.0,0,2,synthetic
4,2026-06-14,dense_tight,clustered,60,24,191.2,134.0,rule,ok,0.006,1730900,2618020,869842,17278,20707.0,19458.6,24,0,0,103.5,24,36,87.7,0,0.0,1,22.85,1,18,synthetic
4,2026-06-14,dense_tight,clustered,60,24,191.2,134.0,optimizer,OPTIMAL,4.624,2193491,3030260,742812,93957,17391.4,12084.1,24,0,0,101.8,24,36,89.4,0,0.0,0,0.0,0,16,synthetic
4,2026-06-14,dense_tight,clustered,60,24,191.2,134.0,optimizer+returns,OPTIMAL+OPTIMAL,4.809,2574011,3428870,759617,95242,17897.1,12424.3,24,0,6,120.5,30,30,70.7,0,0.0,0,0.0,0,16,synthetic
4,2026-06-14,dense_tight,clustered,60,24,191.2,134.0,optimizer_shared,FEASIBLE,35.737,2391894,3266540,764365,110282,18089.2,11543.3,24,5,0,111.7,30,30,79.5,0,0.0,0,0.0,0,16,synthetic
4,2026-06-14,dense_tight,clustered,60,24,191.2,134.0,optimizer_shared+returns,FEASIBLE+OPTIMAL,35.922,2721616,3616140,782990,111533,18639.4,11910.9,24,5,6,128.6,36,24,62.6,0,0.0,0,0.0,0,16,synthetic
4,2026-08-03,sparse,spread,6,8,17.5,46.5,rule,ok,0.001,366374,495250,119616,9260,2597.5,1517.0,6,0,0,17.5,6,0,0.0,0,0.0,0,0.0,0,2,synthetic
4,2026-08-03,sparse,spread,6,8,17.5,46.5,optimizer,OPTIMAL,0.018,416828,504970,80278,7865,2035.2,1237.9,6,0,0,17.5,6,0,0.0,0,0.0,0,0.0,0,2,synthetic
4,2026-08-03,sparse,spread,6,8,17.5,46.5,optimizer+returns,OPTIMAL+OPTIMAL,0.019,416828,504970,80278,7865,2035.2,1237.9,6,0,0,17.5,6,0,0.0,0,0.0,0,0.0,0,2,synthetic
4,2026-08-03,sparse,spread,6,8,17.5,46.5,optimizer_shared,OPTIMAL,0.018,416828,504970,80278,7865,2035.2,1237.9,6,0,0,17.5,6,0,0.0,0,0.0,0,0.0,0,2,synthetic
4,2026-08-03,sparse,spread,6,8,17.5,46.5,optimizer_shared+returns,OPTIMAL+OPTIMAL,0.019,416828,504970,80278,7865,2035.2,1237.9,6,0,0,17.5,6,0,0.0,0,0.0,0,0.0,0,2,synthetic
4,2026-08-03,sparse,clustered,6,8,22.3,39.0,rule,ok,0.001,455738,631090,156110,19242,4009.1,2286.9,6,0,0,22.3,6,0,0.0,0,0.0,0,0.0,0,5,synthetic
4,2026-08-03,sparse,clustered,6,8,22.3,39.0,optimizer,OPTIMAL,0.021,461851,631090,149997,19242,3790.8,2068.6,6,0,0,22.3,6,0,0.0,0,0.0,0,0.0,0,5,synthetic
4,2026-08-03,sparse,clustered,6,8,22.3,39.0,optimizer+returns,OPTIMAL+OPTIMAL,0.022,461851,631090,149997,19242,3790.8,2068.6,6,0,0,22.3,6,0,0.0,0,0.0,0,0.0,0,5,synthetic
4,2026-08-03,sparse,clustered,6,8,22.3,39.0,optimizer_shared,OPTIMAL,0.026,476289,631090,135386,19415,3257.6,1723.3,5,1,0,22.3,6,0,0.0,0,0.0,0,0.0,0,4,synthetic
4,2026-08-03,sparse,clustered,6,8,22.3,39.0,optimizer_shared+returns,OPTIMAL+OPTIMAL,0.027,476289,631090,135386,19415,3257.6,1723.3,5,1,0,22.3,6,0,0.0,0,0.0,0,0.0,0,4,synthetic
4,2026-08-03,medium,spread,20,18,81.8,106.0,rule,ok,0.003,1752400,2207400,411630,43370,9921.0,6151.6,18,0,0,78.0,18,2,3.8,0,0.0,1,41.64,1,7,synthetic
4,2026-08-03,medium,spread,20,18,81.8,106.0,optimizer,OPTIMAL,0.612,2070100,2316410,226723,19586,5593.6,4053.5,18,0,0,78.0,18,2,3.8,0,0.0,0,0.0,0,2,synthetic
4,2026-08-03,medium,spread,20,18,81.8,106.0,optimizer+returns,OPTIMAL+OPTIMAL,0.632,2149572,2418250,247920,20758,6040.4,4276.2,18,0,2,81.8,20,0,0.0,0,0.0,0,0.0,0,2,synthetic
4,2026-08-03,medium,spread,20,18,81.8,106.0,optimizer_shared,OPTIMAL,0.722,2143355,2429650,264598,21698,6470.6,5007.6,18,2,0,81.8,20,0,0.0,0,0.0,0,0.0,0,3,synthetic
4,2026-08-03,medium,spread,20,18,81.8,106.0,optimizer_shared+returns,OPTIMAL+OPTIMAL,0.723,2143355,2429650,264598,21698,6470.6,5007.6,18,2,0,81.8,20,0,0.0,0,0.0,0,0.0,0,3,synthetic
4,2026-08-03,medium,clustered,20,18,68.5,93.0,rule,ok,0.003,1357076,1879120,467970,54074,12121.5,7166.9,18,0,0,66.4,18,2,2.1,0,0.0,1,30.04,1,14,synthetic
4,2026-08-03,medium,clustered,20,18,68.5,93.0,optimizer,OPTIMAL,0.577,1719451,2043280,292584,31245,7402.4,4984.0,18,0,0,66.4,18,2,2.1,0,0.0,0,0.0,0,5,synthetic
4,2026-08-03,medium,clustered,20,18,68.5,93.0,optimizer+returns,OPTIMAL+OPTIMAL,0.589,1728324,2057210,297531,31355,7579.1,5085.0,18,0,1,67.1,19,1,1.4,0,0.0,0,0.0,0,5,synthetic
4,2026-08-03,medium,clustered,20,18,68.5,93.0,optimizer_shared,OPTIMAL,0.916,1865384,2129710,234188,30137,5583.5,3836.2,14,5,0,68.5,20,0,0.0,0,0.0,0,0.0,0,3,synthetic
4,2026-08-03,medium,clustered,20,18,68.5,93.0,optimizer_shared+returns,OPTIMAL+OPTIMAL,0.917,1865384,2129710,234188,30137,5583.5,3836.2,14,5,0,68.5,20,0,0.0,0,0.0,0,0.0,0,3,synthetic
4,2026-08-03,dense_tight,spread,60,23,186.5,135.0,rule,ok,0.006,2367563,2951690,520153,63973,12676.3,7939.6,23,0,0,104.3,23,37,82.2,0,0.0,1,67.94,1,10,synthetic
4,2026-08-03,dense_tight,spread,60,23,186.5,135.0,optimizer,OPTIMAL,6.619,2776721,3095130,288836,29573,7142.8,5078.2,23,0,0,104.1,23,37,82.4,0,0.0,0,0.0,0,3,synthetic
4,2026-08-03,dense_tight,spread,60,23,186.5,135.0,optimizer+returns,OPTIMAL+OPTIMAL,6.869,3798550,4243630,405756,39324,9796.7,6531.2,23,0,17,148.4,40,20,38.1,0,0.0,0,0.0,0,3,synthetic
4,2026-08-03,dense_tight,spread,60,23,186.5,135.0,optimizer_shared,FEASIBLE,23.602,3449910,3801420,312923,38586,7509.1,5453.7,23,11,0,127.6,40,20,58.9,0,0.0,0,0.0,0,2,synthetic
4,2026-08-03,dense_tight,spread,60,23,186.5,135.0,optimizer_shared+returns,FEASIBLE+OPTIMAL,23.703,4393452,4824330,384084,46793,9203.1,6225.2,23,11,14,171.3,54,6,15.2,0,0.0,0,0.0,0,2,synthetic
4,2026-08-03,dense_tight,clustered,60,26,180.1,130.5,rule,ok,0.005,2350576,2923390,501013,71801,13311.8,6965.8,26,0,0,103.3,26,34,76.8,0,0.0,1,66.94,1,9,synthetic
4,2026-08-03,dense_tight,clustered,60,26,180.1,130.5,optimizer,OPTIMAL,20.856,2699846,3098470,346773,51851,9024.9,5300.9,26,0,0,102.4,26,34,77.7,0,0.0,0,0.0,0,7,synthetic
4,2026-08-03,dense_tight,clustered,60,26,180.1,130.5,optimizer+returns,OPTIMAL+OPTIMAL,21.079,3296498,3773160,420135,56527,11145.0,6572.1,26,0,14,130.5,40,20,49.6,0,0.0,0,0.0,0,7,synthetic
4,2026-08-03,dense_tight,clustered,60,26,180.1,130.5,optimizer_shared,FEASIBLE,30.186,3117180,3601750,421365,63205,11465.2,7259.8,26,10,0,119.5,40,20,60.6,0,0.0,0,0.0,0,9,synthetic
4,2026-08-03,dense_tight,clustered,60,26,180.1,130.5,optimizer_shared+returns,FEASIBLE+OPTIMAL,30.277,3344315,3837930,429257,64359,11624.9,7331.7,26,10,2,129.3,42,18,50.8,0,0.0,0,0.0,0,9,synthetic
5,2026-01-16,sparse,spread,6,8,15.7,44.0,rule,ok,0.0,115919,206740,88819,2002,2289.3,1553.3,6,0,0,15.7,6,0,0.0,0,0.0,0,0.0,0,2,synthetic
5,2026-01-16,sparse,spread,6,8,15.7,44.0,optimizer,OPTIMAL,0.012,132855,204290,69317,2117,1781.1,1022.8,6,0,0,15.7,6,0,0.0,0,0.0,0,0.0,0,1,synthetic
5,2026-01-16,sparse,spread,6,8,15.7,44.0,optimizer+returns,OPTIMAL+OPTIMAL,0.013,132855,204290,69317,2117,1781.1,1022.8,6,0,0,15.7,6,0,0.0,0,0.0,0,0.0,0,1,synthetic
5,2026-01-16,sparse,spread,6,8,15.7,44.0,optimizer_shared,OPTIMAL,0.013,142917,208490,63387,2186,1625.0,918.5,5,1,0,15.7,6,0,0.0,0,0.0,0,0.0,0,1,synthetic
5,2026-01-16,sparse,spread,6,8,15.7,44.0,optimizer_shared+returns,OPTIMAL+OPTIMAL,0.014,142917,208490,63387,2186,1625.0,918.5,5,1,0,15.7,6,0,0.0,0,0.0,0,0.0,0,1,synthetic
5,2026-01-16,sparse,clustered,6,8,23.4,31.5,rule,ok,0.001,141093,241190,96865,3232,2557.5,1829.5,5,0,0,17.1,5,1,6.3,0,0.0,0,0.0,0,3,synthetic
5,2026-01-16,sparse,clustered,6,8,23.4,31.5,optimizer,OPTIMAL,0.008,158696,245650,83802,3152,2329.0,1495.0,5,0,0,17.0,5,1,6.4,0,0.0,0,0.0,0,2,synthetic
5,2026-01-16,sparse,clustered,6,8,23.4,31.5,optimizer+returns,OPTIMAL+OPTIMAL,0.009,158696,245650,83802,3152,2329.0,1495.0,5,0,0,17.0,5,1,6.4,0,0.0,0,0.0,0,2,synthetic
5,2026-01-16,sparse,clustered,6,8,23.4,31.5,optimizer_shared,OPTIMAL,0.009,158696,245650,83802,3152,2329.0,1495.0,5,0,0,17.0,5,1,6.4,0,0.0,0,0.0,0,2,synthetic
5,2026-01-16,sparse,clustered,6,8,23.4,31.5,optimizer_shared+returns,OPTIMAL+OPTIMAL,0.01,158696,245650,83802,3152,2329.0,1495.0,5,0,0,17.0,5,1,6.4,0,0.0,0,0.0,0,2,synthetic
5,2026-01-16,medium,spread,20,18,65.9,94.5,rule,ok,0.002,635951,870340,226803,7586,6003.6,3916.9,18,0,0,60.5,18,2,5.4,0,0.0,1,0.25,1,3,synthetic
5,2026-01-16,medium,spread,20,18,65.9,94.5,optimizer,OPTIMAL,0.225,610981,823660,205809,6870,5538.3,3445.2,18,0,0,60.5,18,2,5.4,0,0.0,0,0.0,0,2,synthetic
5,2026-01-16,medium,spread,20,18,65.9,94.5,optimizer+returns,OPTIMAL+OPTIMAL,0.232,616923,851100,227033,7144,5904.2,3675.7,18,0,1,63.3,19,1,2.6,0,0.0,0,0.0,0,2,synthetic
5,2026-01-16,medium,spread,20,18,65.9,94.5,optimizer_shared,OPTIMAL,0.333,653225,878530,216938,8368,5730.7,3478.3,17,1,0,63.1,19,1,2.8,0,0.0,0,0.0,0,4,synthetic
5,2026-01-16,medium,spread,20,18,65.9,94.5,optimizer_shared+returns,OPTIMAL+OPTIMAL,0.337,659166,905970,238162,8642,6096.6,3708.8,17,1,1,65.9,20,0,0.0,0,0.0,0,0.0,0,4,synthetic
5,2026-01-16,medium,clustered,20,18,64.9,122.0,rule,ok,0.002,570589,930920,352982,7349,7700.4,5927.4,18,0,0,62.9,18,2,2.0,0,0.0,1,13.25,1,7,synthetic
5,2026-01-16,medium,clustered,20,18,64.9,122.0,optimizer,OPTIMAL,0.204,610910,843040,225758,6372,5376.7,3859.5,16,0,0,59.8,16,4,5.1,0,0.0,0,0.0,0,3,synthetic
5,2026-01-16,medium,clustered,20,18,64.9,122.0,optimizer+returns,OPTIMAL+OPTIMAL,0.228,658374,896830,231956,6500,5565.6,3953.1,16,0,4,64.9,20,0,0.0,0,0.0,0,0.0,0,3,synthetic
5,2026-01-16,medium,clustered,20,18,64.9,122.0,optimizer_shared,OPTIMAL,1.292,764581,900670,128888,7201,2715.2,1674.2,12,5,0,64.9,20,0,0.0,0,0.0,0,0.0,0,1,synthetic
5,2026-01-16,medium,clustered,20,18,64.9,122.0,optimizer_shared+returns,OPTIMAL+OPTIMAL,1.293,764581,900670,128888,7201,2715.2,1674.2,12,5,0,64.9,20,0,0.0,0,0.0,0,0.0,0,1,synthetic
5,2026-01-16,dense_tight,spread,60,31,228.1,168.5,rule,ok,0.005,1438059,2002810,549955,14796,13125.7,10312.1,31,0,0,148.2,31,29,79.9,0,0.0,1,30.05,1,7,synthetic
5,2026-01-16,dense_tight,spread,60,31,228.1,168.5,optimizer,OPTIMAL,4.201,1524530,1859580,319509,15540,7825.9,4796.9,31,0,0,142.6,31,29,85.5,0,0.0,0,0.0,0,1,synthetic
5,2026-01-16,dense_tight,spread,60,31,228.1,168.5,optimizer+returns,OPTIMAL+OPTIMAL,4.427,2063004,2557440,474314,20122,11793.3,6806.1,31,0,21,202.2,52,8,25.9,0,0.0,0,0.0,0,1,synthetic
5,2026-01-16,dense_tight,spread,60,31,228.1,168.5,optimizer_shared,OPTIMAL,5.378,1642146,1975290,315634,17510,7945.5,4471.9,31,8,0,152.1,39,21,76.0,0,0.0,0,0.0,0,0,synthetic
5,2026-01-16,dense_tight,spread,60,31,228.1,168.5,optimizer_shared+returns,OPTIMAL+OPTIMAL,5.503,2171453,2589040,397007,20580,10223.9,5598.7,31,8,14,203.2,53,7,24.9,0,0.0,0,0.0,0,0,synthetic
5,2026-01-16,dense_tight,clustered,60,29,216.7,153.0,rule,ok,0.006,1320687,1704980,374653,9639,9011.9,7061.1,29,0,0,128.1,29,31,88.6,0,0.0,2,15.48,2,4,synthetic
5,2026-01-16,dense_tight,clustered,60,29,216.7,153.0,optimizer,OPTIMAL,3.795,1398589,1649650,241532,9530,6418.5,4389.8,29,0,0,125.4,29,31,91.3,0,0.0,0,0.0,0,0,synthetic
5,2026-01-16,dense_tight,clustered,60,29,216.7,153.0,optimizer+returns,OPTIMAL+OPTIMAL,4.077,1937021,2255530,306500,12009,8149.4,5276.8,29,0,19,179.4,48,12,37.3,0,0.0,0,0.0,0,0,synthetic
5,2026-01-16,dense_tight,clustered,60,29,216.7,153.0,optimizer_shared,OPTIMAL,7.791,1622346,1869110,235572,11192,6222.2,4115.4,29,10,0,144.6,40,20,72.1,0,0.0,0,0.0,0,0,synthetic
5,2026-01-16,dense_tight,clustered,60,29,216.7,153.0,optimizer_shared+returns,OPTIMAL+OPTIMAL,7.93,2046545,2348170,288279,13346,7644.1,4853.1,29,10,13,186.7,53,7,30.0,0,0.0,0,0.0,0,0,synthetic
5,2026-03-08,sparse,spread,6,8,16.2,44.0,rule,ok,0.001,87109,217990,129861,1020,2837.4,2435.9,6,0,0,16.2,6,0,0.0,0,0.0,0,0.0,0,2,synthetic
5,2026-03-08,sparse,spread,6,8,16.2,44.0,optimizer,OPTIMAL,0.012,107725,227470,116065,3680,2697.1,1890.1,6,0,0,16.2,6,0,0.0,0,0.0,0,0.0,0,2,synthetic
5,2026-03-08,sparse,spread,6,8,16.2,44.0,optimizer+returns,OPTIMAL+OPTIMAL,0.013,107725,227470,116065,3680,2697.1,1890.1,6,0,0,16.2,6,0,0.0,0,0.0,0,0.0,0,2,synthetic
5,2026-03-08,sparse,spread,6,8,16.2,44.0,optimizer_shared,OPTIMAL,0.013,128587,233920,101625,3708,2238.8,1630.2,5,1,0,16.2,6,0,0.0,0,0.0,0,0.0,0,2,synthetic
5,2026-03-08,sparse,spread,6,8,16.2,44.0,optimizer_shared+returns,OPTIMAL+OPTIMAL,0.014,128587,233920,101625,3708,2238.8,1630.2,5,1,0,16.2,6,0,0.0,0,0.0,0,0.0,0,2,synthetic
5,2026-03-08,sparse,clustered,6,8,18.7,40.5,rule,ok,0.0,124509,218880,93433,938,2316.3,1999.0,6,0,0,18.7,6,0,0.0,0,0.0,0,0.0,0,2,synthetic
5,2026-03-08,sparse,clustered,6,8,18.7,40.5,optimizer,OPTIMAL,0.014,151528,234810,79920,3362,2262.3,1427.1,6,0,0,18.7,6,0,0.0,0,0.0,0,0.0,0,2,synthetic
5,2026-03-08,sparse,clustered,6,8,18.7,40.5,optimizer+returns,OPTIMAL+OPTIMAL,0.014,151528,234810,79920,3362,2262.3,1427.1,6,0,0,18.7,6,0,0.0,0,0.0,0,0.0,0,2,synthetic
5,2026-03-08,sparse,clustered,6,8,18.7,40.5,optimizer_shared,OPTIMAL,0.014,151528,234810,79920,3362,2262.3,1427.1,6,0,0,18.7,6,0,0.0,0,0.0,0,0.0,0,2,synthetic
5,2026-03-08,sparse,clustered,6,8,18.7,40.5,optimizer_shared+returns,OPTIMAL+OPTIMAL,0.014,151528,234810,79920,3362,2262.3,1427.1,6,0,0,18.7,6,0,0.0,0,0.0,0,0.0,0,2,synthetic
5,2026-03-08,medium,spread,20,18,73.6,79.0,rule,ok,0.002,475115,689000,205731,8155,5119.0,3868.0,13,0,0,52.4,13,7,21.2,0,0.0,0,0.0,0,4,synthetic
5,2026-03-08,medium,spread,20,18,73.6,79.0,optimizer,OPTIMAL,0.11,491258,688510,186937,10314,4555.2,3001.2,13,0,0,51.9,13,7,21.7,0,0.0,0,0.0,0,3,synthetic
5,2026-03-08,medium,spread,20,18,73.6,79.0,optimizer+returns,OPTIMAL+OPTIMAL,0.124,521096,724350,192720,10534,4707.4,3077.3,13,0,1,55.1,14,6,18.5,0,0.0,0,0.0,0,3,synthetic
5,2026-03-08,medium,spread,20,18,73.6,79.0,optimizer_shared,OPTIMAL,0.12,516594,732600,203345,12662,4857.0,3100.9,12,2,0,54.8,14,6,18.8,0,0.0,0,0.0,0,5,synthetic
5,2026-03-08,medium,spread,20,18,73.6,79.0,optimizer_shared+returns,OPTIMAL+OPTIMAL,0.134,574183,803160,215848,13129,5186.0,3265.4,12,2,2,61.1,16,4,12.5,0,0.0,0,0.0,0,5,synthetic
5,2026-03-08,medium,clustered,20,18,63.0,108.5,rule,ok,0.002,483632,845160,353334,8193,8153.8,6183.0,18,0,0,60.8,18,2,2.2,0,0.0,0,0.0,0,8,synthetic
5,2026-03-08,medium,clustered,20,18,63.0,108.5,optimizer,OPTIMAL,0.107,537317,808570,262693,8560,6413.4,4394.0,17,0,0,59.4,17,3,3.6,0,0.0,0,0.0,0,5,synthetic
5,2026-03-08,medium,clustered,20,18,63.0,108.5,optimizer+returns,OPTIMAL+OPTIMAL,0.121,562169,842670,271704,8798,6689.2,4531.9,17,0,2,61.6,19,1,1.4,0,0.0,0,0.0,0,5,synthetic
5,2026-03-08,medium,clustered,20,18,63.0,108.5,optimizer_shared,OPTIMAL,0.659,664488,848150,173451,10211,3576.9,2316.2,10,7,0,63.0,20,0,0.0,0,0.0,0,0.0,0,1,synthetic
5,2026-03-08,medium,clustered,20,18,63.0,108.5,optimizer_shared+returns,OPTIMAL+OPTIMAL,0.66,664488,848150,173451,10211,3576.9,2316.2,10,7,0,63.0,20,0,0.0,0,0.0,0,0.0,0,1,synthetic
5,2026-03-08,dense_tight,spread,60,26,204.0,143.5,rule,ok,0.005,1057695,1385520,319145,8680,8361.6,6346.9,26,0,0,114.7,26,34,89.3,0,0.0,1,12.22,1,6,synthetic
5,2026-03-08,dense_tight,spread,60,26,204.0,143.5,optimizer,OPTIMAL,4.285,1146019,1454850,293482,15349,7236.4,4637.7,26,0,0,113.3,26,34,90.7,0,0.0,0,0.0,0,4,synthetic
5,2026-03-08,dense_tight,spread,60,26,204.0,143.5,optimizer+returns,OPTIMAL+OPTIMAL,4.552,1733849,2202520,446312,22359,11114.3,6583.5,26,0,20,171.5,46,14,32.5,0,0.0,0,0.0,0,4,synthetic
5,2026-03-08,dense_tight,spread,60,26,204.0,143.5,optimizer_shared,OPTIMAL,9.691,1336912,1650120,295867,17341,7073.5,4425.0,26,11,0,129.9,39,21,74.1,0,0.0,0,0.0,0,2,synthetic
5,2026-03-08,dense_tight,spread,60,26,204.0,143.5,optimizer_shared+returns,OPTIMAL+OPTIMAL,9.82,1787181,2211870,402652,22037,9647.7,5916.9,26,11,13,178.9,52,8,25.1,0,0.0,0,0.0,0,2,synthetic
5,2026-03-08,dense_tight,clustered,60,27,217.1,156.0,rule,ok,0.005,991993,1473920,474695,7232,10861.0,9296.8,27,0,0,131.6,27,33,85.5,0,0.0,1,67.22,1,10,synthetic
5,2026-03-08,dense_tight,clustered,60,27,217.1,156.0,optimizer,OPTIMAL,6.115,1096342,1596490,486225,13923,10974.2,8783.8,27,0,0,131.4,27,33,85.7,0,0.0,0,0.0,0,8,synthetic
5,2026-03-08,dense_tight,clustered,60,27,217.1,156.0,optimizer+returns,OPTIMAL+OPTIMAL,6.549,1762335,2389080,607949,18796,14077.3,10532.6,27,0,19,192.5,46,14,24.6,0,0.0,0,0.0,0,8,synthetic
5,2026-03-08,dense_tight,clustered,60,27,217.1,156.0,optimizer_shared,FEASIBLE,26.088,1311213,1825540,498122,16205,11233.2,8921.8,27,12,0,148.7,41,19,68.4,0,0.0,0,0.0,0,7,synthetic
5,2026-03-08,dense_tight,clustered,60,27,217.1,156.0,optimizer_shared+returns,FEASIBLE+OPTIMAL,26.26,1901431,2532740,610170,21139,14131.2,10390.9,27,12,18,210.8,59,1,6.3,0,0.0,0,0.0,0,7,synthetic
5,2026-04-27,sparse,spread,6,8,24.3,38.0,rule,ok,0.001,558683,690120,121068,10369,3067.9,2318.6,6,0,0,24.3,6,0,0.0,0,0.0,0,0.0,0,3,synthetic
5,2026-04-27,sparse,spread,6,8,24.3,38.0,optimizer,OPTIMAL,0.019,570611,661720,81047,10062,2014.7,1353.8,5,0,0,23.3,5,1,1.0,0,0.0,0,0.0,0,2,synthetic
5,2026-04-27,sparse,spread,6,8,24.3,38.0,optimizer+returns,OPTIMAL+OPTIMAL,0.023,593756,690120,85995,10369,2191.4,1442.2,5,0,1,24.3,6,0,0.0,0,0.0,0,0.0,0,2,synthetic
5,2026-04-27,sparse,spread,6,8,24.3,38.0,optimizer_shared,OPTIMAL,0.017,570611,661720,81047,10062,2014.7,1353.8,5,0,0,23.3,5,1,1.0,0,0.0,0,0.0,0,2,synthetic
5,2026-04-27,sparse,spread,6,8,24.3,38.0,optimizer_shared+returns,OPTIMAL+OPTIMAL,0.02,593756,690120,85995,10369,2191.4,1442.2,5,0,1,24.3,6,0,0.0,0,0.0,0,0.0,0,2,synthetic
5,2026-04-27,sparse,clustered,6,8,26.0,46.5,rule,ok,0.001,458346,590720,128072,4303,2501.5,2193.7,5,0,0,20.8,5,1,5.2,0,0.0,0,0.0,0,2,synthetic
5,2026-04-27,sparse,clustered,6,8,26.0,46.5,optimizer,OPTIMAL,0.018,460146,590720,126272,4303,2455.0,2147.2,5,0,0,20.8,5,1,5.2,0,0.0,0,0.0,0,2,synthetic
5,2026-04-27,sparse,clustered,6,8,26.0,46.5,optimizer+returns,OPTIMAL+OPTIMAL,0.019,460146,590720,126272,4303,2455.0,2147.2,5,0,0,20.8,5,1,5.2,0,0.0,0,0.0,0,2,synthetic
5,2026-04-27,sparse,clustered,6,8,26.0,46.5,optimizer_shared,OPTIMAL,0.017,460146,590720,126272,4303,2455.0,2147.2,5,0,0,20.8,5,1,5.2,0,0.0,0,0.0,0,2,synthetic
5,2026-04-27,sparse,clustered,6,8,26.0,46.5,optimizer_shared+returns,OPTIMAL+OPTIMAL,0.018,460146,590720,126272,4303,2455.0,2147.2,5,0,0,20.8,5,1,5.2,0,0.0,0,0.0,0,2,synthetic
5,2026-04-27,medium,spread,20,18,68.5,94.5,rule,ok,0.002,1412555,1671450,241115,17780,5796.7,4267.5,18,0,0,65.6,18,2,2.9,0,0.0,0,0.0,0,2,synthetic
5,2026-04-27,medium,spread,20,18,68.5,94.5,optimizer,OPTIMAL,0.224,1408120,1657940,225809,24011,5441.9,3538.6,18,0,0,65.6,18,2,2.9,0,0.0,0,0.0,0,2,synthetic
5,2026-04-27,medium,spread,20,18,68.5,94.5,optimizer+returns,OPTIMAL+OPTIMAL,0.236,1467830,1727700,235281,24590,5730.3,3682.8,18,0,2,68.5,20,0,0.0,0,0.0,0,0.0,0,2,synthetic
5,2026-04-27,medium,spread,20,18,68.5,94.5,optimizer_shared,OPTIMAL,0.261,1472738,1727700,229928,25034,5409.1,3555.0,17,3,0,68.5,20,0,0.0,0,0.0,0,0.0,0,3,synthetic
5,2026-04-27,medium,spread,20,18,68.5,94.5,optimizer_shared+returns,OPTIMAL+OPTIMAL,0.262,1472738,1727700,229928,25034,5409.1,3555.0,17,3,0,68.5,20,0,0.0,0,0.0,0,0.0,0,3,synthetic
5,2026-04-27,medium,clustered,20,18,73.8,98.5,rule,ok,0.002,1347506,1708690,347683,13501,8548.5,7415.4,18,0,0,68.4,18,2,5.4,0,0.0,0,0.0,0,8,synthetic
5,2026-04-27,medium,clustered,20,18,73.8,98.5,optimizer,OPTIMAL,0.235,1408899,1761040,315441,36699,7432.7,5009.9,17,0,0,67.5,17,3,6.3,0,0.0,0,0.0,0,7,synthetic
5,2026-04-27,medium,clustered,20,18,73.8,98.5,optimizer+returns,OPTIMAL+OPTIMAL,0.25,1498918,1863280,326577,37785,7765.8,5176.4,17,0,2,71.1,19,1,2.7,0,0.0,0,0.0,0,7,synthetic
5,2026-04-27,medium,clustered,20,18,73.8,98.5,optimizer_shared,OPTIMAL,0.65,1498582,1749960,223671,27707,5013.7,2995.0,15,2,0,68.5,19,1,5.3,0,0.0,0,0.0,0,4,synthetic
5,2026-04-27,medium,clustered,20,18,73.8,98.5,optimizer_shared+returns,OPTIMAL+OPTIMAL,0.652,1498582,1749960,223671,27707,5013.7,2995.0,15,2,0,68.5,19,1,5.3,0,0.0,0,0.0,0,4,synthetic
5,2026-04-27,dense_tight,spread,60,23,204.6,145.5,rule,ok,0.011,2545211,2941220,361148,34861,7948.9,5755.5,23,0,0,115.4,23,37,89.2,0,0.0,1,23.3,1,4,synthetic
5,2026-04-27,dense_tight,spread,60,23,204.6,145.5,optimizer,OPTIMAL,13.569,2461196,2727180,238701,27284,5253.0,3403.9,23,0,0,114.5,23,37,90.1,0,0.0,0,0.0,0,0,synthetic
5,2026-04-27,dense_tight,spread,60,23,204.6,145.5,optimizer+returns,OPTIMAL+OPTIMAL,13.843,3353984,3785220,394172,37064,9078.9,5463.8,23,0,22,172.0,45,15,32.6,0,0.0,0,0.0,0,0,synthetic
5,2026-04-27,dense_tight,spread,60,23,204.6,145.5,optimizer_shared,OPTIMAL,21.593,2896027,3177000,247590,33382,5516.0,3492.9,23,10,0,137.2,38,22,67.4,0,0.0,0,0.0,0,0,synthetic
5,2026-04-27,dense_tight,spread,60,23,204.6,145.5,optimizer_shared+returns,OPTIMAL+OPTIMAL,21.755,3374383,3709770,297620,37767,6872.1,4116.0,23,10,10,167.2,48,12,37.4,0,0.0,0,0.0,0,0,synthetic
5,2026-04-27,dense_tight,clustered,60,26,213.6,155.5,rule,ok,0.005,2981232,3612480,583968,47280,13311.0,10500.6,26,0,0,127.2,26,34,86.4,0,0.0,1,74.3,1,13,synthetic
5,2026-04-27,dense_tight,clustered,60,26,213.6,155.5,optimizer,FEASIBLE,32.207,2314179,2960300,603781,42339,13672.2,10523.7,26,0,0,127.1,26,34,86.5,0,0.0,0,0.0,0,13,synthetic
5,2026-04-27,dense_tight,clustered,60,26,213.6,155.5,optimizer+returns,FEASIBLE+OPTIMAL,32.49,2970021,3710010,692516,47473,15845.6,11988.9,26,0,13,171.0,39,21,42.6,0,0.0,0,0.0,0,13,synthetic
5,2026-04-27,dense_tight,clustered,60,26,213.6,155.5,optimizer_shared,OPTIMAL,12.085,2621476,3259630,593119,45036,13412.5,10327.1,26,8,0,143.6,37,23,70.0,0,0.0,0,0.0,0,13,synthetic
5,2026-04-27,dense_tight,clustered,60,26,213.6,155.5,optimizer_shared+returns,OPTIMAL+OPTIMAL,12.24,3207287,3940290,683616,49387,15685.7,11904.8,26,8,13,184.9,50,10,28.7,0,0.0,0,0.0,0,13,synthetic
5,2026-06-13,sparse,spread,6,8,21.2,49.0,rule,ok,0.001,524184,644480,109396,10900,2378.1,1485.3,6,0,0,21.2,6,0,0.0,0,0.0,0,0.0,0,1,synthetic
5,2026-06-13,sparse,spread,6,8,21.2,49.0,optimizer,OPTIMAL,0.026,532443,637640,94832,10366,2208.1,1402.3,6,0,0,21.2,6,0,0.0,0,0.0,0,0.0,0,1,synthetic
5,2026-06-13,sparse,spread,6,8,21.2,49.0,optimizer+returns,OPTIMAL+OPTIMAL,0.027,532443,637640,94832,10366,2208.1,1402.3,6,0,0,21.2,6,0,0.0,0,0.0,0,0.0,0,1,synthetic
5,2026-06-13,sparse,spread,6,8,21.2,49.0,optimizer_shared,OPTIMAL,0.026,553546,637640,73282,10812,1860.3,1144.1,5,1,0,21.2,6,0,0.0,0,0.0,0,0.0,0,1,synthetic
5,2026-06-13,sparse,spread,6,8,21.2,49.0,optimizer_shared+returns,OPTIMAL+OPTIMAL,0.026,553546,637640,73282,10812,1860.3,1144.1,5,1,0,21.2,6,0,0.0,0,0.0,0,0.0,0,1,synthetic
5,2026-06-13,sparse,clustered,6,8,10.6,61.0,rule,ok,0.001,92938,322240,216982,12320,4464.8,2508.2,6,0,0,10.6,6,0,0.0,0,0.0,0,0.0,0,4,synthetic
5,2026-06-13,sparse,clustered,6,8,10.6,61.0,optimizer,OPTIMAL,0.021,165548,284280,110890,7843,2580.2,1578.4,5,0,0,9.8,5,1,0.8,0,0.0,0,0.0,0,2,synthetic
5,2026-06-13,sparse,clustered,6,8,10.6,61.0,optimizer+returns,OPTIMAL+OPTIMAL,0.024,165548,284280,110890,7843,2580.2,1578.4,5,0,0,9.8,5,1,0.8,0,0.0,0,0.0,0,2,synthetic
5,2026-06-13,sparse,clustered,6,8,10.6,61.0,optimizer_shared,OPTIMAL,0.031,193170,272400,74216,5014,1804.8,1175.2,4,1,0,9.8,5,1,0.8,0,0.0,0,0.0,0,2,synthetic
5,2026-06-13,sparse,clustered,6,8,10.6,61.0,optimizer_shared+returns,OPTIMAL+OPTIMAL,0.033,193170,272400,74216,5014,1804.8,1175.2,4,1,0,9.8,5,1,0.8,0,0.0,0,0.0,0,2,synthetic
5,2026-06-13,medium,spread,20,18,67.0,107.5,rule,ok,0.003,1567686,1994240,394462,32091,9798.0,7685.1,18,0,0,65.6,18,2,1.4,0,0.0,1,28.15,1,7,synthetic
5,2026-06-13,medium,spread,20,18,67.0,107.5,optimizer,OPTIMAL,0.906,1509972,1803440,272852,20616,6808.3,5340.4,17,0,0,64.1,17,3,2.9,0,0.0,0,0.0,0,3,synthetic
5,2026-06-13,medium,spread,20,18,67.0,107.5,optimizer+returns,OPTIMAL+OPTIMAL,0.934,1552908,1872670,298711,21051,7353.5,5714.7,17,0,3,67.0,20,0,0.0,0,0.0,0,0.0,0,3,synthetic
5,2026-06-13,medium,spread,20,18,67.0,107.5,optimizer_shared,OPTIMAL,1.062,1673067,1872360,174774,24518,3998.6,2527.6,13,5,0,67.0,20,0,0.0,0,0.0,0,0.0,0,1,synthetic
5,2026-06-13,medium,spread,20,18,67.0,107.5,optimizer_shared+returns,OPTIMAL+OPTIMAL,1.063,1673067,1872360,174774,24518,3998.6,2527.6,13,5,0,67.0,20,0,0.0,0,0.0,0,0.0,0,1,synthetic
5,2026-06-13,medium,clustered,20,18,74.4,99.5,rule,ok,0.002,1458644,1982080,458643,64794,11712.6,7087.6,17,0,0,65.2,17,3,9.2,0,0.0,1,27.75,1,15,synthetic
5,2026-06-13,medium,clustered,20,18,74.4,99.5,optimizer,OPTIMAL,0.586,1409815,1826300,370242,46243,9077.0,6033.7,17,0,0,64.9,17,3,9.5,0,0.0,0,0.0,0,11,synthetic
5,2026-06-13,medium,clustered,20,18,74.4,99.5,optimizer+returns,OPTIMAL+OPTIMAL,0.595,1494696,1917300,375560,47044,9216.9,6103.7,17,0,1,68.4,18,2,6.0,0,0.0,0,0.0,0,11,synthetic
5,2026-06-13,medium,clustered,20,18,74.4,99.5,optimizer_shared,OPTIMAL,0.697,1678558,2066000,336701,50741,8096.8,4911.0,15,3,0,74.4,20,0,0.0,0,0.0,0,0.0,0,9,synthetic
5,2026-06-13,medium,clustered,20,18,74.4,99.5,optimizer_shared+returns,OPTIMAL+OPTIMAL,0.698,1678558,2066000,336701,50741,8096.8,4911.0,15,3,0,74.4,20,0,0.0,0,0.0,0,0.0,0,9,synthetic
5,2026-06-13,dense_tight,spread,60,27,199.4,141.0,rule,ok,0.007,3121314,3535280,361239,52727,9792.6,6273.1,27,0,0,120.5,27,33,78.9,0,0.0,1,70.75,1,6,synthetic
5,2026-06-13,dense_tight,spread,60,27,199.4,141.0,optimizer,FEASIBLE,35.924,2812355,3124610,281706,30548,7386.8,5171.2,27,0,0,120.5,27,33,78.9,0,0.0,0,0.0,0,4,synthetic
5,2026-06-13,dense_tight,spread,60,27,199.4,141.0,optimizer+returns,FEASIBLE+OPTIMAL,36.401,3986468,4429100,399646,42986,10271.8,6658.8,27,0,19,175.1,46,14,24.3,0,0.0,0,0.0,0,4,synthetic
5,2026-06-13,dense_tight,spread,60,27,199.4,141.0,optimizer_shared,FEASIBLE,24.342,3062449,3358790,260652,35689,6770.8,4527.6,27,8,0,129.9,38,22,69.5,0,0.0,0,0.0,0,2,synthetic
5,2026-06-13,dense_tight,spread,60,27,199.4,141.0,optimizer_shared+returns,FEASIBLE+OPTIMAL,24.688,4459214,4879670,370941,49515,9677.1,6137.2,27,8,19,192.1,57,3,7.3,0,0.0,0,0.0,0,2,synthetic
5,2026-06-13,dense_tight,clustered,60,24,192.6,136.0,rule,ok,0.009,2546702,3295360,646711,101947,15855.5,9330.4,24,0,0,108.4,24,36,84.2,0,0.0,1,70.95,1,15,synthetic
5,2026-06-13,dense_tight,clustered,60,24,192.6,136.0,optimizer,FEASIBLE,43.801,2411140,2900240,436446,52654,10403.9,6887.0,24,0,0,107.8,24,36,84.8,0,0.0,0,0.0,0,6,synthetic
5,2026-06-13,dense_tight,clustered,60,24,192.6,136.0,optimizer+returns,FEASIBLE+OPTIMAL,44.016,2721360,3254090,477222,55508,11475.8,7428.4,24,0,8,126.7,32,28,65.9,0,0.0,0,0.0,0,6,synthetic
5,2026-06-13,dense_tight,clustered,60,24,192.6,136.0,optimizer_shared,FEASIBLE,23.975,2890590,3372350,416320,65440,10221.9,6458.9,24,12,0,130.3,45,15,62.3,0,0.0,0,0.0,0,6,synthetic
5,2026-06-13,dense_tight,clustered,60,24,192.6,136.0,optimizer_shared+returns,FEASIBLE+OPTIMAL,24.049,2890590,3372350,416320,65440,10221.9,6458.9,24,12,0,130.3,45,15,62.3,0,0.0,0,0.0,0,6,synthetic
5,2026-08-02,sparse,spread,6,8,28.6,50.5,rule,ok,0.001,518957,702610,164444,19208,3672.5,2197.9,6,0,0,28.6,6,0,0.0,0,0.0,0,0.0,0,5,synthetic
5,2026-08-02,sparse,spread,6,8,28.6,50.5,optimizer,OPTIMAL,0.034,560062,693580,119796,13722,2632.9,1659.8,6,0,0,28.6,6,0,0.0,0,0.0,0,0.0,0,2,synthetic
5,2026-08-02,sparse,spread,6,8,28.6,50.5,optimizer+returns,OPTIMAL+OPTIMAL,0.036,560062,693580,119796,13722,2632.9,1659.8,6,0,0,28.6,6,0,0.0,0,0.0,0,0.0,0,2,synthetic
5,2026-08-02,sparse,spread,6,8,28.6,50.5,optimizer_shared,OPTIMAL,0.039,560062,693580,119796,13722,2632.9,1659.8,6,0,0,28.6,6,0,0.0,0,0.0,0,0.0,0,2,synthetic
5,2026-08-02,sparse,spread,6,8,28.6,50.5,optimizer_shared+returns,OPTIMAL+OPTIMAL,0.04,560062,693580,119796,13722,2632.9,1659.8,6,0,0,28.6,6,0,0.0,0,0.0,0,0.0,0,2,synthetic
5,2026-08-02,sparse,clustered,6,8,13.2,53.0,rule,ok,0.001,97213,308880,208222,3445,4599.8,3915.3,6,0,0,13.2,6,0,0.0,0,0.0,0,0.0,0,5,synthetic
5,2026-08-02,sparse,clustered,6,8,13.2,53.0,optimizer,OPTIMAL,0.016,151166,281630,125586,4878,3111.2,2443.1,5,0,0,11.9,5,1,1.3,0,0.0,0,0.0,0,2,synthetic
5,2026-08-02,sparse,clustered,6,8,13.2,53.0,optimizer+returns,OPTIMAL+OPTIMAL,0.02,179222,311400,127231,4947,3154.5,2464.7,5,0,1,13.2,6,0,0.0,0,0.0,0,0.0,0,2,synthetic
5,2026-08-02,sparse,clustered,6,8,13.2,53.0,optimizer_shared,OPTIMAL,0.023,190714,278870,84347,3809,2026.0,1564.8,4,1,0,11.9,5,1,1.3,0,0.0,0,0.0,0,1,synthetic
5,2026-08-02,sparse,clustered,6,8,13.2,53.0,optimizer_shared+returns,OPTIMAL+OPTIMAL,0.025,218771,308640,85991,3878,2069.3,1586.4,4,1,1,13.2,6,0,0.0,0,0.0,0,0.0,0,1,synthetic
5,2026-08-02,medium,spread,20,18,55.9,116.5,rule,ok,0.003,912165,1318890,383391,23334,8740.7,5554.9,18,0,0,53.9,18,2,2.0,0,0.0,1,8.15,1,10,synthetic
5,2026-08-02,medium,spread,20,18,55.9,116.5,optimizer,OPTIMAL,0.459,1061476,1298520,226046,10997,5194.2,3808.4,18,0,0,53.9,18,2,2.0,0,0.0,0,0.0,0,2,synthetic
5,2026-08-02,medium,spread,20,18,55.9,116.5,optimizer+returns,OPTIMAL+OPTIMAL,0.481,1101918,1344800,231661,11221,5373.4,3908.7,18,0,2,55.9,20,0,0.0,0,0.0,0,0.0,0,2,synthetic
5,2026-08-02,medium,spread,20,18,55.9,116.5,optimizer_shared,OPTIMAL,0.794,1163453,1346320,170280,12587,4135.2,3011.7,14,4,0,55.9,20,0,0.0,0,0.0,0,0.0,0,3,synthetic
5,2026-08-02,medium,spread,20,18,55.9,116.5,optimizer_shared+returns,OPTIMAL+OPTIMAL,0.795,1163453,1346320,170280,12587,4135.2,3011.7,14,4,0,55.9,20,0,0.0,0,0.0,0,0.0,0,3,synthetic
5,2026-08-02,medium,clustered,20,18,67.9,84.0,rule,ok,0.003,996574,1449790,418112,35104,11209.4,7213.3,17,0,0,59.8,17,3,8.1,0,0.0,1,4.05,1,16,synthetic
5,2026-08-02,medium,clustered,20,18,67.9,84.0,optimizer,OPTIMAL,0.344,1132658,1430200,276187,21355,7505.8,5129.5,17,0,0,59.8,17,3,8.1,0,0.0,0,0.0,0,6,synthetic
5,2026-08-02,medium,clustered,20,18,67.9,84.0,optimizer+returns,OPTIMAL+OPTIMAL,0.364,1253726,1556460,280948,21787,7631.1,5192.2,17,0,2,65.2,19,1,2.7,0,0.0,0,0.0,0,6,synthetic
5,2026-08-02,medium,clustered,20,18,67.9,84.0,optimizer_shared,OPTIMAL,0.619,1216749,1480540,243086,20705,6284.1,4210.4,15,3,0,62.0,18,2,5.9,0,0.0,0,0.0,0,5,synthetic
5,2026-08-02,medium,clustered,20,18,67.9,84.0,optimizer_shared+returns,OPTIMAL+OPTIMAL,0.631,1288999,1553820,244020,20800,6308.6,4222.7,15,3,1,65.2,19,1,2.7,0,0.0,0,0.0,0,5,synthetic
5,2026-08-02,dense_tight,spread,60,25,195.6,139.0,rule,ok,0.006,2108709,2665480,506463,50308,12716.1,8513.1,25,0,0,109.3,25,35,86.3,0,0.0,1,31.05,1,14,synthetic
5,2026-08-02,dense_tight,spread,60,25,195.6,139.0,optimizer,OPTIMAL,3.208,2249472,2635140,355045,30624,8989.9,6487.4,25,0,0,109.2,25,35,86.4,0,0.0,0,0.0,0,7,synthetic
5,2026-08-02,dense_tight,spread,60,25,195.6,139.0,optimizer+returns,OPTIMAL+OPTIMAL,3.436,3079532,3572350,454925,37893,11375.2,7734.0,25,0,17,157.8,42,18,37.8,0,0.0,0,0.0,0,7,synthetic
5,2026-08-02,dense_tight,spread,60,25,195.6,139.0,optimizer_shared,OPTIMAL,7.304,2787318,3117160,297691,32151,7755.8,5471.5,25,13,0,130.5,42,18,65.1,0,0.0,0,0.0,0,3,synthetic
5,2026-08-02,dense_tight,spread,60,25,195.6,139.0,optimizer_shared+returns,OPTIMAL+OPTIMAL,7.4,3677783,4134270,416397,40090,10438.5,6917.2,25,13,15,181.3,57,3,14.3,0,0.0,0,0.0,0,3,synthetic
5,2026-08-02,dense_tight,clustered,60,28,202.7,146.5,rule,ok,0.007,2344358,2963860,577935,41567,14911.7,11260.0,28,0,0,121.0,28,32,81.7,0,0.0,1,84.45,1,18,synthetic
5,2026-08-02,dense_tight,clustered,60,28,202.7,146.5,optimizer,OPTIMAL,26.201,2566530,2921690,345973,9187,9094.7,8212.9,28,0,0,121.0,28,32,81.7,0,0.0,0,0.0,0,6,synthetic
5,2026-08-02,dense_tight,clustered,60,28,202.7,146.5,optimizer+returns,OPTIMAL+OPTIMAL,26.646,3569515,4038560,452604,16441,11854.1,9388.6,28,0,22,176.8,50,10,25.9,0,0.0,0,0.0,0,6,synthetic
5,2026-08-02,dense_tight,clustered,60,28,202.7,146.5,optimizer_shared,OPTIMAL,8.652,3003263,3366960,350662,13035,9364.8,8347.4,28,12,0,140.7,42,18,62.0,0,0.0,0,0.0,0,6,synthetic
5,2026-08-02,dense_tight,clustered,60,28,202.7,146.5,optimizer_shared+returns,OPTIMAL+OPTIMAL,8.762,3738595,4184580,426514,19471,11213.2,9194.0,28,12,12,183.4,54,6,19.3,0,0.0,0,0.0,0,6,synthetic
6,2026-01-16,sparse,spread,6,8,14.9,50.5,rule,ok,0.001,124165,256280,128755,3360,3225.3,2108.9,6,0,0,14.9,6,0,0.0,0,0.0,0,0.0,0,2,synthetic
6,2026-01-16,sparse,spread,6,8,14.9,50.5,optimizer,OPTIMAL,0.016,157709,247760,87391,2660,2219.5,1391.4,6,0,0,14.9,6,0,0.0,0,0.0,0,0.0,0,1,synthetic
6,2026-01-16,sparse,spread,6,8,14.9,50.5,optimizer+returns,OPTIMAL+OPTIMAL,0.017,157709,247760,87391,2660,2219.5,1391.4,6,0,0,14.9,6,0,0.0,0,0.0,0,0.0,0,1,synthetic
6,2026-01-16,sparse,spread,6,8,14.9,50.5,optimizer_shared,OPTIMAL,0.017,157709,247760,87391,2660,2219.5,1391.4,6,0,0,14.9,6,0,0.0,0,0.0,0,0.0,0,1,synthetic
6,2026-01-16,sparse,spread,6,8,14.9,50.5,optimizer_shared+returns,OPTIMAL+OPTIMAL,0.018,157709,247760,87391,2660,2219.5,1391.4,6,0,0,14.9,6,0,0.0,0,0.0,0,0.0,0,1,synthetic
6,2026-01-16,sparse,clustered,6,8,21.5,45.5,rule,ok,0.001,232960,369800,131692,5149,2931.0,1877.3,6,0,0,21.5,6,0,0.0,0,0.0,0,0.0,0,3,synthetic
6,2026-01-16,sparse,clustered,6,8,21.5,45.5,optimizer,OPTIMAL,0.016,241024,369800,123627,5149,2938.0,1884.3,6,0,0,21.5,6,0,0.0,0,0.0,0,0.0,0,3,synthetic
6,2026-01-16,sparse,clustered,6,8,21.5,45.5,optimizer+returns,OPTIMAL+OPTIMAL,0.017,241024,369800,123627,5149,2938.0,1884.3,6,0,0,21.5,6,0,0.0,0,0.0,0,0.0,0,3,synthetic
6,2026-01-16,sparse,clustered,6,8,21.5,45.5,optimizer_shared,OPTIMAL,0.021,268451,369800,95924,5425,2081.3,1252.5,4,1,0,21.5,6,0,0.0,0,0.0,0,0.0,0,1,synthetic
6,2026-01-16,sparse,clustered,6,8,21.5,45.5,optimizer_shared+returns,OPTIMAL+OPTIMAL,0.021,268451,369800,95924,5425,2081.3,1252.5,4,1,0,21.5,6,0,0.0,0,0.0,0,0.0,0,1,synthetic
6,2026-01-16,medium,spread,20,18,64.6,85.5,rule,ok,0.002,534276,902760,359158,9326,9737.0,6958.1,18,0,0,54.3,18,2,10.3,0,0.0,0,0.0,0,10,synthetic
6,2026-01-16,medium,spread,20,18,64.6,85.5,optimizer,OPTIMAL,0.099,608239,844280,229767,6274,5845.6,4330.5,16,0,0,52.4,16,4,12.2,0,0.0,0,0.0,0,4,synthetic
6,2026-01-16,medium,spread,20,18,64.6,85.5,optimizer+returns,OPTIMAL+OPTIMAL,0.108,621180,876750,249062,6507,6258.5,4537.0,16,0,2,54.3,18,2,10.3,0,0.0,0,0.0,0,4,synthetic
6,2026-01-16,medium,spread,20,18,64.6,85.5,optimizer_shared,OPTIMAL,0.13,619519,862890,235994,7377,5951.1,4256.1,15,3,0,54.3,18,2,10.3,0,0.0,0,0.0,0,4,synthetic
6,2026-01-16,medium,spread,20,18,64.6,85.5,optimizer_shared+returns,OPTIMAL+OPTIMAL,0.131,619519,862890,235994,7377,5951.1,4256.1,15,3,0,54.3,18,2,10.3,0,0.0,0,0.0,0,4,synthetic
6,2026-01-16,medium,clustered,20,18,67.4,75.0,rule,ok,0.002,486444,954600,445974,22182,12453.8,7005.9,17,0,0,55.5,17,3,11.9,0,0.0,0,0.0,0,17,synthetic
6,2026-01-16,medium,clustered,20,18,67.4,75.0,optimizer,OPTIMAL,0.11,560843,900490,323440,16207,8783.8,5081.6,16,0,0,54.0,16,4,13.4,0,0.0,0,0.0,0,10,synthetic
6,2026-01-16,medium,clustered,20,18,67.4,75.0,optimizer+returns,OPTIMAL+OPTIMAL,0.119,648858,1000200,334642,16700,9078.6,5229.0,16,0,2,59.9,18,2,7.5,0,0.0,0,0.0,0,10,synthetic
6,2026-01-16,medium,clustered,20,18,67.4,75.0,optimizer_shared,OPTIMAL,0.153,560843,900490,323440,16207,8783.8,5081.6,16,0,0,54.0,16,4,13.4,0,0.0,0,0.0,0,10,synthetic
6,2026-01-16,medium,clustered,20,18,67.4,75.0,optimizer_shared+returns,OPTIMAL+OPTIMAL,0.161,648858,1000200,334642,16700,9078.6,5229.0,16,0,2,59.9,18,2,7.5,0,0.0,0,0.0,0,10,synthetic
6,2026-01-16,dense_tight,spread,60,25,207.4,145.5,rule,ok,0.006,1354423,1938520,561802,22295,14257.1,10562.2,25,0,0,120.1,25,35,87.3,0,0.0,1,30.5,1,11,synthetic
6,2026-01-16,dense_tight,spread,60,25,207.4,145.5,optimizer,OPTIMAL,3.48,1519620,1837450,301427,16404,6859.9,4111.6,25,0,0,117.7,25,35,89.7,0,0.0,0,0.0,0,2,synthetic
6,2026-01-16,dense_tight,spread,60,25,207.4,145.5,optimizer+returns,OPTIMAL+OPTIMAL,3.733,2108041,2572770,443157,21573,10636.0,6108.5,25,0,20,173.4,45,15,34.0,0,0.0,0,0.0,0,2,synthetic
6,2026-01-16,dense_tight,spread,60,25,207.4,145.5,optimizer_shared,OPTIMAL,4.708,1782597,2118350,317320,18433,7358.9,4573.6,25,10,0,137.0,38,22,70.4,0,0.0,0,0.0,0,2,synthetic
6,2026-01-16,dense_tight,spread,60,25,207.4,145.5,optimizer_shared+returns,OPTIMAL+OPTIMAL,4.843,2284121,2679030,374168,20741,8805.6,5287.4,25,10,13,184.1,51,9,23.3,0,0.0,0,0.0,0,2,synthetic
6,2026-01-16,dense_tight,clustered,60,23,195.7,141.0,rule,ok,0.006,1366383,1917800,534890,16527,12726.9,9822.8,23,0,0,111.5,23,37,84.2,0,0.0,1,48.4,1,9,synthetic
6,2026-01-16,dense_tight,clustered,60,23,195.7,141.0,optimizer,OPTIMAL,5.983,1262265,1733320,457636,13419,10874.3,8524.6,23,0,0,110.8,23,37,84.9,0,0.0,0,0.0,0,9,synthetic
6,2026-01-16,dense_tight,clustered,60,23,195.7,141.0,optimizer+returns,OPTIMAL+OPTIMAL,6.241,1536928,2067220,515531,14761,12372.7,9396.7,23,0,13,139.5,36,24,56.2,0,0.0,0,0.0,0,9,synthetic
6,2026-01-16,dense_tight,clustered,60,23,195.7,141.0,optimizer_shared,FEASIBLE,29.346,1508893,1987720,462255,16572,11094.3,8533.1,23,11,0,131.8,39,21,63.9,0,0.0,0,0.0,0,9,synthetic
6,2026-01-16,dense_tight,clustered,60,23,195.7,141.0,optimizer_shared+returns,FEASIBLE+OPTIMAL,29.468,1647975,2149870,484324,17571,11568.1,8754.7,23,11,4,145.9,43,17,49.8,0,0.0,0,0.0,0,9,synthetic
6,2026-03-06,sparse,spread,6,8,31.3,56.5,rule,ok,0.0,419372,529310,105510,4427,2103.6,1594.0,6,0,0,31.3,6,0,0.0,0,0.0,0,0.0,0,1,synthetic
6,2026-03-06,sparse,spread,6,8,31.3,56.5,optimizer,OPTIMAL,0.018,408517,511070,96939,5614,2037.5,1350.9,6,0,0,31.3,6,0,0.0,0,0.0,0,0.0,0,1,synthetic
6,2026-03-06,sparse,spread,6,8,31.3,56.5,optimizer+returns,OPTIMAL+OPTIMAL,0.019,408517,511070,96939,5614,2037.5,1350.9,6,0,0,31.3,6,0,0.0,0,0.0,0,0.0,0,1,synthetic
6,2026-03-06,sparse,spread,6,8,31.3,56.5,optimizer_shared,OPTIMAL,0.019,408517,511070,96939,5614,2037.5,1350.9,6,0,0,31.3,6,0,0.0,0,0.0,0,0.0,0,1,synthetic
6,2026-03-06,sparse,spread,6,8,31.3,56.5,optimizer_shared+returns,OPTIMAL+OPTIMAL,0.02,408517,511070,96939,5614,2037.5,1350.9,6,0,0,31.3,6,0,0.0,0,0.0,0,0.0,0,1,synthetic
6,2026-03-06,sparse,clustered,6,8,22.8,44.0,rule,ok,0.001,248680,378480,125644,4156,2911.4,2118.2,6,0,0,22.8,6,0,0.0,0,0.0,0,0.0,0,3,synthetic
6,2026-03-06,sparse,clustered,6,8,22.8,44.0,optimizer,OPTIMAL,0.016,250474,378480,123850,4156,2903.3,2110.2,6,0,0,22.8,6,0,0.0,0,0.0,0,0.0,0,3,synthetic
6,2026-03-06,sparse,clustered,6,8,22.8,44.0,optimizer+returns,OPTIMAL+OPTIMAL,0.017,250474,378480,123850,4156,2903.3,2110.2,6,0,0,22.8,6,0,0.0,0,0.0,0,0.0,0,3,synthetic
6,2026-03-06,sparse,clustered,6,8,22.8,44.0,optimizer_shared,OPTIMAL,0.019,283422,378480,90694,4365,1880.6,1369.2,4,1,0,22.8,6,0,0.0,0,0.0,0,0.0,0,2,synthetic
6,2026-03-06,sparse,clustered,6,8,22.8,44.0,optimizer_shared+returns,OPTIMAL+OPTIMAL,0.02,283422,378480,90694,4365,1880.6,1369.2,4,1,0,22.8,6,0,0.0,0,0.0,0,0.0,0,2,synthetic
6,2026-03-06,medium,spread,20,18,85.2,96.0,rule,ok,0.002,983500,1260860,267455,9905,6849.0,4994.5,18,0,0,74.8,18,2,10.4,0,0.0,0,0.0,0,6,synthetic
6,2026-03-06,medium,spread,20,18,85.2,96.0,optimizer,OPTIMAL,0.151,1012712,1259280,236998,9570,5871.4,4260.3,17,0,0,74.3,17,3,10.9,0,0.0,0,0.0,0,3,synthetic
6,2026-03-06,medium,spread,20,18,85.2,96.0,optimizer+returns,OPTIMAL+OPTIMAL,0.16,1094209,1351150,246883,10058,6081.3,4382.5,17,0,2,80.0,19,1,5.2,0,0.0,0,0.0,0,3,synthetic
6,2026-03-06,medium,spread,20,18,85.2,96.0,optimizer_shared,OPTIMAL,0.17,1012712,1259280,236998,9570,5871.4,4260.3,17,0,0,74.3,17,3,10.9,0,0.0,0,0.0,0,3,synthetic
6,2026-03-06,medium,spread,20,18,85.2,96.0,optimizer_shared+returns,OPTIMAL+OPTIMAL,0.178,1094209,1351150,246883,10058,6081.3,4382.5,17,0,2,80.0,19,1,5.2,0,0.0,0,0.0,0,3,synthetic
6,2026-03-06,medium,clustered,20,18,60.2,106.0,rule,ok,0.002,467468,899210,422803,8938,10172.3,7825.2,18,0,0,58.7,18,2,1.5,0,0.0,0,0.0,0,10,synthetic
6,2026-03-06,medium,clustered,20,18,60.2,106.0,optimizer,OPTIMAL,0.106,529411,864900,321445,14044,7948.1,5488.4,15,0,0,55.4,15,5,4.8,0,0.0,0,0.0,0,6,synthetic
6,2026-03-06,medium,clustered,20,18,60.2,106.0,optimizer+returns,OPTIMAL+OPTIMAL,0.124,560437,897790,323270,14083,7996.2,5512.4,15,0,2,57.7,17,3,2.5,0,0.0,0,0.0,0,6,synthetic
6,2026-03-06,medium,clustered,20,18,60.2,106.0,optimizer_shared,OPTIMAL,0.7,624303,927850,288330,15217,6926.5,4877.2,13,5,0,59.4,19,1,0.8,0,0.0,0,0.0,0,4,synthetic
6,2026-03-06,medium,clustered,20,18,60.2,106.0,optimizer_shared+returns,OPTIMAL+OPTIMAL,0.706,635053,939290,289011,15226,6944.4,4886.2,13,5,1,60.2,20,0,0.0,0,0.0,0,0.0,0,4,synthetic
6,2026-03-06,dense_tight,spread,60,26,182.3,128.0,rule,ok,0.006,1513886,1866770,338355,14529,9835.1,7520.2,26,0,0,109.2,26,34,73.1,0,0.0,1,21.69,1,6,synthetic
6,2026-03-06,dense_tight,spread,60,26,182.3,128.0,optimizer,OPTIMAL,7.015,1500069,1711070,201620,9381,5329.7,3957.0,26,0,0,107.2,26,34,75.1,0,0.0,0,0.0,0,1,synthetic
6,2026-03-06,dense_tight,spread,60,26,182.3,128.0,optimizer+returns,OPTIMAL+OPTIMAL,7.273,2167294,2488500,306647,14559,8215.3,5466.1,26,0,23,158.8,49,11,23.5,0,0.0,0,0.0,0,1,synthetic
6,2026-03-06,dense_tight,spread,60,26,182.3,128.0,optimizer_shared,OPTIMAL,7.107,1660407,1886650,214861,11382,5741.2,4270.6,26,8,0,117.7,38,22,64.6,0,0.0,0,0.0,0,2,synthetic
6,2026-03-06,dense_tight,spread,60,26,182.3,128.0,optimizer_shared+returns,OPTIMAL+OPTIMAL,7.23,2249808,2542120,276544,15768,7282.7,5051.8,26,8,13,161.2,51,9,21.1,0,0.0,0,0.0,0,2,synthetic
6,2026-03-06,dense_tight,clustered,60,26,209.7,149.5,rule,ok,0.006,1487371,1936380,435567,13442,10821.1,8740.2,26,0,0,123.3,26,34,86.4,0,0.0,1,19.29,1,6,synthetic
6,2026-03-06,dense_tight,clustered,60,26,209.7,149.5,optimizer,OPTIMAL,19.236,1492205,1851000,345725,13071,8200.8,6205.6,26,0,0,122.8,26,34,86.9,0,0.0,0,0.0,0,4,synthetic
6,2026-03-06,dense_tight,clustered,60,26,209.7,149.5,optimizer+returns,OPTIMAL+OPTIMAL,19.591,2163548,2645430,463507,18375,11090.5,7627.0,26,0,19,180.8,45,15,28.9,0,0.0,0,0.0,0,4,synthetic
6,2026-03-06,dense_tight,clustered,60,26,209.7,149.5,optimizer_shared,OPTIMAL,12.982,1777376,2113010,315848,19786,7737.6,5258.0,26,12,0,138.8,42,18,70.9,0,0.0,0,0.0,0,3,synthetic
6,2026-03-06,dense_tight,clustered,60,26,209.7,149.5,optimizer_shared+returns,OPTIMAL+OPTIMAL,13.082,2231968,2591230,338529,20733,8171.6,5585.1,26,12,6,172.5,48,12,37.2,0,0.0,0,0.0,0,3,synthetic
6,2026-04-27,sparse,spread,6,8,16.6,55.5,rule,ok,0.001,427921,533020,96912,8187,2110.4,1209.3,6,0,0,16.6,6,0,0.0,0,0.0,0,0.0,0,1,synthetic
6,2026-04-27,sparse,spread,6,8,16.6,55.5,optimizer,OPTIMAL,0.027,435951,510130,67453,6726,1609.2,949.9,6,0,0,16.6,6,0,0.0,0,0.0,0,0.0,0,0,synthetic
6,2026-04-27,sparse,spread,6,8,16.6,55.5,optimizer+returns,OPTIMAL+OPTIMAL,0.029,435951,510130,67453,6726,1609.2,949.9,6,0,0,16.6,6,0,0.0,0,0.0,0,0.0,0,0,synthetic
6,2026-04-27,sparse,spread,6,8,16.6,55.5,optimizer_shared,OPTIMAL,0.028,435951,510130,67453,6726,1609.2,949.9,6,0,0,16.6,6,0,0.0,0,0.0,0,0.0,0,0,synthetic
6,2026-04-27,sparse,spread,6,8,16.6,55.5,optimizer_shared+returns,OPTIMAL+OPTIMAL,0.028,435951,510130,67453,6726,1609.2,949.9,6,0,0,16.6,6,0,0.0,0,0.0,0,0.0,0,0,synthetic
6,2026-04-27,sparse,clustered,6,8,25.3,45.5,rule,ok,0.001,647795,822250,161977,12479,3398.1,2365.1,6,0,0,25.3,6,0,0.0,0,0.0,0,0.0,0,3,synthetic
6,2026-04-27,sparse,clustered,6,8,25.3,45.5,optimizer,OPTIMAL,0.014,677320,812410,125096,9994,2538.7,1873.8,6,0,0,25.3,6,0,0.0,0,0.0,0,0.0,0,2,synthetic
6,2026-04-27,sparse,clustered,6,8,25.3,45.5,optimizer+returns,OPTIMAL+OPTIMAL,0.015,677320,812410,125096,9994,2538.7,1873.8,6,0,0,25.3,6,0,0.0,0,0.0,0,0.0,0,2,synthetic
6,2026-04-27,sparse,clustered,6,8,25.3,45.5,optimizer_shared,OPTIMAL,0.016,677320,812410,125096,9994,2538.7,1873.8,6,0,0,25.3,6,0,0.0,0,0.0,0,0.0,0,2,synthetic
6,2026-04-27,sparse,clustered,6,8,25.3,45.5,optimizer_shared+returns,OPTIMAL+OPTIMAL,0.016,677320,812410,125096,9994,2538.7,1873.8,6,0,0,25.3,6,0,0.0,0,0.0,0,0.0,0,2,synthetic
6,2026-04-27,medium,spread,20,18,75.6,89.0,rule,ok,0.002,1735285,2069490,303040,31165,7384.6,5095.5,17,0,0,64.6,17,3,11.0,0,0.0,1,3.85,1,4,synthetic
6,2026-04-27,medium,spread,20,18,75.6,89.0,optimizer,OPTIMAL,0.279,1747620,1980500,210026,22854,5145.8,3456.6,17,0,0,64.3,17,3,11.3,0,0.0,0,0.0,0,2,synthetic
6,2026-04-27,medium,spread,20,18,75.6,89.0,optimizer+returns,OPTIMAL+OPTIMAL,0.287,1824030,2064780,217028,23722,5330.1,3548.7,17,0,1,67.1,18,2,8.5,0,0.0,0,0.0,0,2,synthetic
6,2026-04-27,medium,spread,20,18,75.6,89.0,optimizer_shared,OPTIMAL,0.299,1814536,2058760,220326,23898,5329.2,3617.3,17,1,0,66.9,18,2,8.7,0,0.0,0,0.0,0,1,synthetic
6,2026-04-27,medium,spread,20,18,75.6,89.0,optimizer_shared+returns,OPTIMAL+OPTIMAL,0.305,1972916,2227320,229084,25320,5480.2,3692.8,17,1,1,72.5,19,1,3.1,0,0.0,0,0.0,0,1,synthetic
6,2026-04-27,medium,clustered,20,18,79.9,104.5,rule,ok,0.002,2096395,2499250,370584,32271,9536.7,7318.8,18,0,0,76.9,18,2,3.0,0,0.0,1,26.65,1,9,synthetic
6,2026-04-27,medium,clustered,20,18,79.9,104.5,optimizer,OPTIMAL,0.681,1899027,2250010,325191,25792,8338.5,6410.0,18,0,0,76.9,18,2,3.0,0,0.0,0,0.0,0,6,synthetic
6,2026-04-27,medium,clustered,20,18,79.9,104.5,optimizer+returns,OPTIMAL+OPTIMAL,0.691,1927776,2282490,328712,26002,8464.2,6472.8,18,0,1,78.3,19,1,1.6,0,0.0,0,0.0,0,6,synthetic
6,2026-04-27,medium,clustered,20,18,79.9,104.5,optimizer_shared,OPTIMAL,0.962,2032628,2320540,260779,27134,5848.9,4211.9,15,5,0,79.9,20,0,0.0,0,0.0,0,0.0,0,4,synthetic
6,2026-04-27,medium,clustered,20,18,79.9,104.5,optimizer_shared+returns,OPTIMAL+OPTIMAL,0.963,2032628,2320540,260779,27134,5848.9,4211.9,15,5,0,79.9,20,0,0.0,0,0.0,0,0.0,0,4,synthetic
6,2026-04-27,dense_tight,spread,60,27,210.1,156.5,rule,ok,0.006,3370738,3889800,468087,50975,11764.3,8320.1,27,0,0,121.5,27,33,88.6,0,0.0,1,53.35,1,7,synthetic
6,2026-04-27,dense_tight,spread,60,27,210.1,156.5,optimizer,OPTIMAL,7.528,3117743,3476310,323856,34711,8109.4,5541.7,27,0,0,120.9,27,33,89.2,0,0.0,0,0.0,0,3,synthetic
6,2026-04-27,dense_tight,spread,60,27,210.1,156.5,optimizer+returns,OPTIMAL+OPTIMAL,7.833,4563173,5088320,479576,45571,11695.8,7778.6,27,0,23,191.0,50,10,19.1,0,0.0,0,0.0,0,3,synthetic
6,2026-04-27,dense_tight,spread,60,27,210.1,156.5,optimizer_shared,OPTIMAL,26.508,3761914,4132880,326986,43980,8032.1,5487.4,27,11,0,147.2,41,19,62.9,0,0.0,0,0.0,0,3,synthetic
6,2026-04-27,dense_tight,spread,60,27,210.1,156.5,optimizer_shared+returns,OPTIMAL+OPTIMAL,26.658,4914901,5361450,396323,50226,9836.9,6509.8,27,11,15,198.3,56,4,11.8,0,0.0,0,0.0,0,3,synthetic
6,2026-04-27,dense_tight,clustered,60,31,225.5,160.5,rule,ok,0.008,3882321,4368870,433695,52854,11171.0,7631.8,31,0,0,139.5,31,29,86.0,0,0.0,2,46.23,2,3,synthetic
6,2026-04-27,dense_tight,clustered,60,31,225.5,160.5,optimizer,FEASIBLE,20.603,3601751,4017540,361971,53817,9137.8,5592.0,31,0,0,138.5,31,29,87.0,0,0.0,0,0.0,0,2,synthetic
6,2026-04-27,dense_tight,clustered,60,31,225.5,160.5,optimizer+returns,FEASIBLE+OPTIMAL,20.795,4332920,4850100,457013,60166,11727.7,7148.4,31,0,17,181.5,48,12,44.0,0,0.0,0,0.0,0,2,synthetic
6,2026-04-27,dense_tight,clustered,60,31,225.5,160.5,optimizer_shared,FEASIBLE,28.186,3923136,4365940,381846,60957,9513.0,5833.9,31,10,0,151.5,42,18,74.0,0,0.0,0,0.0,0,2,synthetic
6,2026-04-27,dense_tight,clustered,60,31,225.5,160.5,optimizer_shared+returns,FEASIBLE+OPTIMAL,28.33,4331586,4812520,416988,63946,10425.0,6377.9,31,10,7,173.4,49,11,52.1,0,0.0,0,0.0,0,2,synthetic
6,2026-06-12,sparse,spread,6,8,25.7,44.0,rule,ok,0.001,503425,626910,113950,9535,2604.8,1977.9,5,0,0,20.4,5,1,5.3,0,0.0,0,0.0,0,3,synthetic
6,2026-06-12,sparse,spread,6,8,25.7,44.0,optimizer,OPTIMAL,0.025,470675,585330,106049,8606,2552.5,1941.0,5,0,0,20.4,5,1,5.3,0,0.0,0,0.0,0,3,synthetic
6,2026-06-12,sparse,spread,6,8,25.7,44.0,optimizer+returns,OPTIMAL+OPTIMAL,0.028,470675,585330,106049,8606,2552.5,1941.0,5,0,0,20.4,5,1,5.3,0,0.0,0,0.0,0,3,synthetic
6,2026-06-12,sparse,spread,6,8,25.7,44.0,optimizer_shared,OPTIMAL,0.025,470675,585330,106049,8606,2552.5,1941.0,5,0,0,20.4,5,1,5.3,0,0.0,0,0.0,0,3,synthetic
6,2026-06-12,sparse,spread,6,8,25.7,44.0,optimizer_shared+returns,OPTIMAL+OPTIMAL,0.027,470675,585330,106049,8606,2552.5,1941.0,5,0,0,20.4,5,1,5.3,0,0.0,0,0.0,0,3,synthetic
6,2026-06-12,sparse,clustered,6,8,19.6,52.0,rule,ok,0.001,448552,546220,89294,8374,1880.9,1182.8,6,0,0,19.6,6,0,0.0,0,0.0,0,0.0,0,1,synthetic
6,2026-06-12,sparse,clustered,6,8,19.6,52.0,optimizer,OPTIMAL,0.049,453148,546220,84698,8374,2015.1,1317.0,6,0,0,19.6,6,0,0.0,0,0.0,0,0.0,0,1,synthetic
6,2026-06-12,sparse,clustered,6,8,19.6,52.0,optimizer+returns,OPTIMAL+OPTIMAL,0.05,453148,546220,84698,8374,2015.1,1317.0,6,0,0,19.6,6,0,0.0,0,0.0,0,0.0,0,1,synthetic
6,2026-06-12,sparse,clustered,6,8,19.6,52.0,optimizer_shared,OPTIMAL,0.084,479573,546220,57410,9237,1274.5,799.3,3,2,0,19.6,6,0,0.0,0,0.0,0,0.0,0,1,synthetic
6,2026-06-12,sparse,clustered,6,8,19.6,52.0,optimizer_shared+returns,OPTIMAL+OPTIMAL,0.085,479573,546220,57410,9237,1274.5,799.3,3,2,0,19.6,6,0,0.0,0,0.0,0,0.0,0,1,synthetic
6,2026-06-12,medium,spread,20,18,72.5,87.0,rule,ok,0.003,1681111,1923600,220897,21592,5969.3,4036.8,17,0,0,64.0,17,3,8.5,0,0.0,0,0.0,0,3,synthetic
6,2026-06-12,medium,spread,20,18,72.5,87.0,optimizer,OPTIMAL,0.365,1704100,1911720,188924,18696,4860.2,3422.0,17,0,0,64.0,17,3,8.5,0,0.0,0,0.0,0,1,synthetic
6,2026-06-12,medium,spread,20,18,72.5,87.0,optimizer+returns,OPTIMAL+OPTIMAL,0.379,1770218,1990020,199800,20002,5146.4,3565.1,17,0,1,66.9,18,2,5.6,0,0.0,0,0.0,0,1,synthetic
6,2026-06-12,medium,spread,20,18,72.5,87.0,optimizer_shared,OPTIMAL,0.43,1702729,1899180,177934,18516,4424.6,3147.4,15,2,0,64.0,17,3,8.5,0,0.0,0,0.0,0,1,synthetic
6,2026-06-12,medium,spread,20,18,72.5,87.0,optimizer_shared+returns,OPTIMAL+OPTIMAL,0.446,1768848,1977480,188811,19822,4710.8,3290.5,15,2,1,66.9,18,2,5.6,0,0.0,0,0.0,0,1,synthetic
6,2026-06-12,medium,clustered,20,18,64.5,76.5,rule,ok,0.002,1367221,1817970,411844,38905,11657.7,8162.4,18,0,0,56.1,18,2,8.4,0,0.0,0,0.0,0,16,synthetic
6,2026-06-12,medium,clustered,20,18,64.5,76.5,optimizer,OPTIMAL,0.309,1395147,1802960,371993,35820,10526.8,7443.4,18,0,0,55.7,18,2,8.8,0,0.0,0,0.0,0,15,synthetic
6,2026-06-12,medium,clustered,20,18,64.5,76.5,optimizer+returns,OPTIMAL+OPTIMAL,0.313,1395147,1802960,371993,35820,10526.8,7443.4,18,0,0,55.7,18,2,8.8,0,0.0,0,0.0,0,15,synthetic
6,2026-06-12,medium,clustered,20,18,64.5,76.5,optimizer_shared,OPTIMAL,0.311,1414027,1802960,352961,35972,9845.3,6889.9,17,1,0,55.7,18,2,8.8,0,0.0,0,0.0,0,14,synthetic
6,2026-06-12,medium,clustered,20,18,64.5,76.5,optimizer_shared+returns,OPTIMAL+OPTIMAL,0.315,1414027,1802960,352961,35972,9845.3,6889.9,17,1,0,55.7,18,2,8.8,0,0.0,0,0.0,0,14,synthetic
6,2026-06-12,dense_tight,spread,60,27,210.1,151.5,rule,ok,0.006,3140762,3645890,463850,41279,12334.3,9762.0,27,0,0,120.2,27,33,89.9,0,0.0,2,13.55,2,10,synthetic
6,2026-06-12,dense_tight,spread,60,27,210.1,151.5,optimizer,OPTIMAL,14.196,3227776,3638600,372604,38220,9508.0,7225.1,27,0,0,119.4,27,33,90.7,0,0.0,0,0.0,0,7,synthetic
6,2026-06-12,dense_tight,spread,60,27,210.1,151.5,optimizer+returns,OPTIMAL+OPTIMAL,14.421,4526676,5054530,476014,51840,11983.3,8672.7,27,0,15,168.9,42,18,41.2,0,0.0,0,0.0,0,7,synthetic
6,2026-06-12,dense_tight,spread,60,27,210.1,151.5,optimizer_shared,FEASIBLE,26.977,3886517,4273510,339632,47361,8362.3,6008.0,27,10,0,140.7,40,20,69.4,0,0.0,0,0.0,0,4,synthetic
6,2026-06-12,dense_tight,spread,60,27,210.1,151.5,optimizer_shared+returns,FEASIBLE+OPTIMAL,27.097,4953439,5407520,398931,55150,9750.4,6744.3,27,10,11,182.0,51,9,28.1,0,0.0,0,0.0,0,4,synthetic
6,2026-06-12,dense_tight,clustered,60,27,219.1,156.5,rule,ok,0.01,3270349,3930540,581227,78964,13712.6,9134.8,27,0,0,128.1,27,33,91.0,0,0.0,3,18.54,3,11,synthetic
6,2026-06-12,dense_tight,clustered,60,27,219.1,156.5,optimizer,OPTIMAL,31.08,3534368,3951460,351220,65872,8320.0,4677.2,27,0,0,125.9,27,33,93.2,0,0.0,0,0.0,0,6,synthetic
6,2026-06-12,dense_tight,clustered,60,27,219.1,156.5,optimizer+returns,OPTIMAL+OPTIMAL,31.499,4686508,5205310,444849,73953,10850.9,6488.1,27,0,17,171.4,44,16,47.7,0,0.0,0,0.0,0,6,synthetic
6,2026-06-12,dense_tight,clustered,60,27,219.1,156.5,optimizer_shared,OPTIMAL,13.765,4193538,4564360,310859,59962,7632.5,4506.9,27,12,0,148.7,41,19,70.4,0,0.0,0,0.0,0,3,synthetic
6,2026-06-12,dense_tight,clustered,60,27,219.1,156.5,optimizer_shared+returns,OPTIMAL+OPTIMAL,13.889,4959728,5391620,368274,63618,8968.7,5471.0,27,12,10,183.7,51,9,35.4,0,0.0,0,0.0,0,3,synthetic
6,2026-07-31,sparse,spread,6,8,19.8,43.0,rule,ok,0.001,437239,564000,119705,7056,2690.1,1895.2,6,0,0,19.8,6,0,0.0,0,0.0,0,0.0,0,2,synthetic
6,2026-07-31,sparse,spread,6,8,19.8,43.0,optimizer,OPTIMAL,0.017,437351,564000,119593,7056,2686.0,1891.2,6,0,0,19.8,6,0,0.0,0,0.0,0,0.0,0,2,synthetic
6,2026-07-31,sparse,spread,6,8,19.8,43.0,optimizer+returns,OPTIMAL+OPTIMAL,0.02,437351,564000,119593,7056,2686.0,1891.2,6,0,0,19.8,6,0,0.0,0,0.0,0,0.0,0,2,synthetic
6,2026-07-31,sparse,spread,6,8,19.8,43.0,optimizer_shared,OPTIMAL,0.023,443912,564000,112923,7165,2366.9,1746.5,5,1,0,19.8,6,0,0.0,0,0.0,0,0.0,0,2,synthetic
6,2026-07-31,sparse,spread,6,8,19.8,43.0,optimizer_shared+returns,OPTIMAL+OPTIMAL,0.024,443912,564000,112923,7165,2366.9,1746.5,5,1,0,19.8,6,0,0.0,0,0.0,0,0.0,0,2,synthetic
6,2026-07-31,sparse,clustered,6,8,25.1,40.5,rule,ok,0.001,620223,712840,81821,10796,2103.6,1105.2,6,0,0,25.1,6,0,0.0,0,0.0,0,0.0,0,0,synthetic
6,2026-07-31,sparse,clustered,6,8,25.1,40.5,optimizer,OPTIMAL,0.021,622124,712840,79920,10796,2054.8,1056.4,6,0,0,25.1,6,0,0.0,0,0.0,0,0.0,0,0,synthetic
6,2026-07-31,sparse,clustered,6,8,25.1,40.5,optimizer+returns,OPTIMAL+OPTIMAL,0.022,622124,712840,79920,10796,2054.8,1056.4,6,0,0,25.1,6,0,0.0,0,0.0,0,0.0,0,0,synthetic
6,2026-07-31,sparse,clustered,6,8,25.1,40.5,optimizer_shared,OPTIMAL,0.023,622124,712840,79920,10796,2054.8,1056.4,6,0,0,25.1,6,0,0.0,0,0.0,0,0.0,0,0,synthetic
6,2026-07-31,sparse,clustered,6,8,25.1,40.5,optimizer_shared+returns,OPTIMAL+OPTIMAL,0.023,622124,712840,79920,10796,2054.8,1056.4,6,0,0,25.1,6,0,0.0,0,0.0,0,0.0,0,0,synthetic
6,2026-07-31,medium,spread,20,18,75.8,99.5,rule,ok,0.002,1647827,2060640,383980,28832,10203.0,7415.0,18,0,0,72.2,18,2,3.6,0,0.0,1,2.9,1,9,synthetic
6,2026-07-31,medium,spread,20,18,75.8,99.5,optimizer,OPTIMAL,0.594,1649391,2032680,356440,26848,9568.0,7103.8,18,0,0,72.2,18,2,3.6,0,0.0,0,0.0,0,8,synthetic
6,2026-07-31,medium,spread,20,18,75.8,99.5,optimizer+returns,OPTIMAL+OPTIMAL,0.607,1731320,2125920,367176,27425,9850.5,7252.4,18,0,2,75.8,20,0,0.0,0,0.0,0,0.0,0,8,synthetic
6,2026-07-31,medium,spread,20,18,75.8,99.5,optimizer_shared,OPTIMAL,0.565,1804526,2123920,291328,28066,7473.8,5328.1,16,4,0,75.8,20,0,0.0,0,0.0,0,0.0,0,5,synthetic
6,2026-07-31,medium,spread,20,18,75.8,99.5,optimizer_shared+returns,OPTIMAL+OPTIMAL,0.566,1804526,2123920,291328,28066,7473.8,5328.1,16,4,0,75.8,20,0,0.0,0,0.0,0,0.0,0,5,synthetic
6,2026-07-31,medium,clustered,20,18,79.6,98.0,rule,ok,0.002,1728617,2149880,389619,31644,9424.5,6742.6,18,0,0,75.7,18,2,3.9,0,0.0,1,31.8,1,7,synthetic
6,2026-07-31,medium,clustered,20,18,79.6,98.0,optimizer,OPTIMAL,0.753,1706945,2069880,337621,25315,8011.1,6063.0,18,0,0,75.7,18,2,3.9,0,0.0,0,0.0,0,7,synthetic
6,2026-07-31,medium,clustered,20,18,79.6,98.0,optimizer+returns,OPTIMAL+OPTIMAL,0.764,1809626,2187530,351429,26474,8439.9,6285.3,18,0,2,79.6,20,0,0.0,0,0.0,0,0.0,0,7,synthetic
6,2026-07-31,medium,clustered,20,18,79.6,98.0,optimizer_shared,OPTIMAL,1.247,1891997,2192900,274062,26841,6054.1,4230.6,16,3,0,79.6,20,0,0.0,0,0.0,0,0.0,0,5,synthetic
6,2026-07-31,medium,clustered,20,18,79.6,98.0,optimizer_shared+returns,OPTIMAL+OPTIMAL,1.247,1891997,2192900,274062,26841,6054.1,4230.6,16,3,0,79.6,20,0,0.0,0,0.0,0,0.0,0,5,synthetic
6,2026-07-31,dense_tight,spread,60,30,193.3,139.5,rule,ok,0.006,2733680,3378880,592343,52857,15403.4,10665.5,30,0,0,118.5,30,30,74.8,0,0.0,1,40.9,1,12,synthetic
6,2026-07-31,dense_tight,spread,60,30,193.3,139.5,optimizer,OPTIMAL,30.025,2826535,3235550,372840,36174,9351.0,6229.0,30,0,0,116.6,30,30,76.7,0,0.0,0,0.0,0,5,synthetic
6,2026-07-31,dense_tight,spread,60,30,193.3,139.5,optimizer+returns,OPTIMAL+OPTIMAL,30.228,3984604,4510470,477814,48053,12436.6,7763.3,30,0,18,154.2,48,12,39.1,0,0.0,0,0.0,0,5,synthetic
6,2026-07-31,dense_tight,spread,60,30,193.3,139.5,optimizer_shared,FEASIBLE,30.338,3075480,3449610,334880,39250,8767.6,5561.2,30,7,0,124.0,40,20,69.3,0,0.0,0,0.0,0,3,synthetic
6,2026-07-31,dense_tight,spread,60,30,193.3,139.5,optimizer_shared+returns,FEASIBLE+OPTIMAL,30.449,3829583,4263600,388095,45922,10202.4,6290.9,30,7,9,145.8,49,11,47.5,0,0.0,0,0.0,0,3,synthetic
6,2026-07-31,dense_tight,clustered,60,28,209.8,154.5,rule,ok,0.006,3119904,3804560,623386,61270,15762.0,10824.3,28,0,0,133.0,28,32,76.8,0,0.0,2,48.58,2,20,synthetic
6,2026-07-31,dense_tight,clustered,60,28,209.8,154.5,optimizer,FEASIBLE,26.814,3087261,3748380,580923,80196,14085.6,8585.5,28,0,0,132.6,28,32,77.2,0,0.0,0,0.0,0,13,synthetic
6,2026-07-31,dense_tight,clustered,60,28,209.8,154.5,optimizer+returns,FEASIBLE+OPTIMAL,27.082,3699544,4399840,617204,83092,15041.5,9151.9,28,0,9,161.9,37,23,47.9,0,0.0,0,0.0,0,13,synthetic
6,2026-07-31,dense_tight,clustered,60,28,209.8,154.5,optimizer_shared,FEASIBLE,20.807,3619147,4314900,602486,93267,14933.8,8942.8,28,10,0,147.3,41,19,62.5,0,0.0,0,0.0,0,11,synthetic
6,2026-07-31,dense_tight,clustered,60,28,209.8,154.5,optimizer_shared+returns,FEASIBLE+OPTIMAL,20.996,4182288,4898290,620944,95058,15418.9,9192.1,28,10,7,173.0,48,12,36.8,0,0.0,0,0.0,0,11,synthetic
7,2026-01-16,sparse,spread,6,8,20.4,41.5,rule,ok,0.001,263555,326440,61340,1545,1603.1,1365.5,5,0,0,15.2,5,1,5.2,0,0.0,0,0.0,0,1,synthetic
7,2026-01-16,sparse,spread,6,8,20.4,41.5,optimizer,OPTIMAL,0.015,283621,326440,41274,1545,1075.0,837.4,5,0,0,15.2,5,1,5.2,0,0.0,0,0.0,0,0,synthetic
7,2026-01-16,sparse,spread,6,8,20.4,41.5,optimizer+returns,OPTIMAL+OPTIMAL,0.016,283621,326440,41274,1545,1075.0,837.4,5,0,0,15.2,5,1,5.2,0,0.0,0,0.0,0,0,synthetic
7,2026-01-16,sparse,spread,6,8,20.4,41.5,optimizer_shared,OPTIMAL,0.014,283621,326440,41274,1545,1075.0,837.4,5,0,0,15.2,5,1,5.2,0,0.0,0,0.0,0,0,synthetic
7,2026-01-16,sparse,spread,6,8,20.4,41.5,optimizer_shared+returns,OPTIMAL+OPTIMAL,0.015,283621,326440,41274,1545,1075.0,837.4,5,0,0,15.2,5,1,5.2,0,0.0,0,0.0,0,0,synthetic
7,2026-01-16,sparse,clustered,6,8,24.9,37.5,rule,ok,0.001,488760,533100,41137,3203,1079.9,636.5,6,0,0,24.9,6,0,0.0,0,0.0,0,0.0,0,0,synthetic
7,2026-01-16,sparse,clustered,6,8,24.9,37.5,optimizer,OPTIMAL,0.017,488889,533100,41008,3203,1075.3,631.8,6,0,0,24.9,6,0,0.0,0,0.0,0,0.0,0,0,synthetic
7,2026-01-16,sparse,clustered,6,8,24.9,37.5,optimizer+returns,OPTIMAL+OPTIMAL,0.019,488889,533100,41008,3203,1075.3,631.8,6,0,0,24.9,6,0,0.0,0,0.0,0,0.0,0,0,synthetic
7,2026-01-16,sparse,clustered,6,8,24.9,37.5,optimizer_shared,OPTIMAL,0.02,488889,533100,41008,3203,1075.3,631.8,6,0,0,24.9,6,0,0.0,0,0.0,0,0.0,0,0,synthetic
7,2026-01-16,sparse,clustered,6,8,24.9,37.5,optimizer_shared+returns,OPTIMAL+OPTIMAL,0.02,488889,533100,41008,3203,1075.3,631.8,6,0,0,24.9,6,0,0.0,0,0.0,0,0.0,0,0,synthetic
7,2026-01-16,medium,spread,20,18,88.7,91.5,rule,ok,0.002,944318,1166640,213476,8846,5333.5,4142.6,14,0,0,54.0,14,6,34.7,0,0.0,0,0.0,0,5,synthetic
7,2026-01-16,medium,spread,20,18,88.7,91.5,optimizer,OPTIMAL,0.132,952611,1159840,196177,11052,5128.6,3556.5,14,0,0,54.0,14,6,34.7,0,0.0,0,0.0,0,4,synthetic
7,2026-01-16,medium,spread,20,18,88.7,91.5,optimizer+returns,OPTIMAL+OPTIMAL,0.139,1258899,1490920,218030,13991,5518.3,3746.5,14,0,2,66.4,16,4,22.3,0,0.0,0,0.0,0,4,synthetic
7,2026-01-16,medium,spread,20,18,88.7,91.5,optimizer_shared,OPTIMAL,0.157,957371,1159840,191371,11098,4886.6,3402.0,13,1,0,54.0,14,6,34.7,0,0.0,0,0.0,0,4,synthetic
7,2026-01-16,medium,spread,20,18,88.7,91.5,optimizer_shared+returns,OPTIMAL+OPTIMAL,0.164,1263659,1490920,213224,14037,5276.2,3592.0,13,1,2,66.4,16,4,22.3,0,0.0,0,0.0,0,4,synthetic
7,2026-01-16,medium,clustered,20,18,64.5,98.5,rule,ok,0.002,1043142,1279260,230677,5441,5936.8,4992.3,18,0,0,62.1,18,2,2.4,0,0.0,1,24.15,1,5,synthetic
7,2026-01-16,medium,clustered,20,18,64.5,98.5,optimizer,OPTIMAL,1.744,1196610,1366130,163800,5720,4547.2,3688.2,17,0,0,60.4,17,3,4.1,0,0.0,0,0.0,0,3,synthetic
7,2026-01-16,medium,clustered,20,18,64.5,98.5,optimizer+returns,OPTIMAL+OPTIMAL,1.77,1298719,1475600,170819,6061,4775.1,3812.2,17,0,3,64.5,20,0,0.0,0,0.0,0,0.0,0,3,synthetic
7,2026-01-16,medium,clustered,20,18,64.5,98.5,optimizer_shared,OPTIMAL,1.948,1374016,1475600,94252,7332,2424.6,1736.4,13,6,0,64.5,20,0,0.0,0,0.0,0,0.0,0,1,synthetic
7,2026-01-16,medium,clustered,20,18,64.5,98.5,optimizer_shared+returns,OPTIMAL+OPTIMAL,1.949,1374016,1475600,94252,7332,2424.6,1736.4,13,6,0,64.5,20,0,0.0,0,0.0,0,0.0,0,1,synthetic
7,2026-01-16,dense_tight,spread,60,29,240.3,170.5,rule,ok,0.007,2732628,3099780,348977,18175,8322.7,6233.8,29,0,0,144.9,29,31,95.4,0,0.0,1,52.95,1,3,synthetic
7,2026-01-16,dense_tight,spread,60,29,240.3,170.5,optimizer,OPTIMAL,6.166,3024534,3340450,293209,22707,6963.0,4764.0,29,0,0,144.0,29,31,96.3,0,0.0,0,0.0,0,1,synthetic
7,2026-01-16,dense_tight,spread,60,29,240.3,170.5,optimizer+returns,OPTIMAL+OPTIMAL,6.476,4468757,4913350,412568,32026,9767.4,6157.0,29,0,23,216.9,52,8,23.4,0,0.0,0,0.0,0,1,synthetic
7,2026-01-16,dense_tight,spread,60,29,240.3,170.5,optimizer_shared,OPTIMAL,13.807,3278495,3586350,286203,21652,7104.8,4857.3,29,10,0,154.8,41,19,85.5,0,0.0,0,0.0,0,1,synthetic
7,2026-01-16,dense_tight,spread,60,29,240.3,170.5,optimizer_shared+returns,OPTIMAL+OPTIMAL,13.95,4580255,5012330,399984,32091,9402.9,6023.2,29,10,15,221.3,56,4,19.0,0,0.0,0,0.0,0,1,synthetic
7,2026-01-16,dense_tight,clustered,60,29,210.3,148.5,rule,ok,0.007,1997722,2618260,598456,22082,15677.2,12726.1,29,0,0,127.1,29,31,83.2,0,0.0,1,89.15,1,15,synthetic
7,2026-01-16,dense_tight,clustered,60,29,210.3,148.5,optimizer,FEASIBLE,44.549,2277187,2884810,571730,35893,13982.9,10627.7,27,0,0,123.8,27,33,86.5,0,0.0,0,0.0,0,13,synthetic
7,2026-01-16,dense_tight,clustered,60,29,210.3,148.5,optimizer+returns,FEASIBLE+OPTIMAL,44.853,2944996,3611830,627101,39733,15414.9,11383.2,27,0,9,157.1,36,24,53.2,0,0.0,0,0.0,0,13,synthetic
7,2026-01-16,dense_tight,clustered,60,29,210.3,148.5,optimizer_shared,FEASIBLE,35.978,2443259,3105460,621294,40907,15435.5,11744.1,28,7,0,134.2,37,23,76.1,0,0.0,0,0.0,0,15,synthetic
7,2026-01-16,dense_tight,clustered,60,29,210.3,148.5,optimizer_shared+returns,FEASIBLE+OPTIMAL,36.122,3054301,3771400,672779,44320,16838.8,12473.9,28,7,9,166.6,46,14,43.7,0,0.0,0,0.0,0,15,synthetic
7,2026-03-09,sparse,spread,6,8,23.6,43.0,rule,ok,0.0,397242,486200,85616,3341,1729.3,1310.4,5,0,0,21.0,5,1,2.6,0,0.0,0,0.0,0,1,synthetic
7,2026-03-09,sparse,spread,6,8,23.6,43.0,optimizer,OPTIMAL,0.013,405263,464340,55818,3259,1186.9,743.2,5,0,0,20.8,5,1,2.8,0,0.0,0,0.0,0,0,synthetic
7,2026-03-09,sparse,spread,6,8,23.6,43.0,optimizer+returns,OPTIMAL+OPTIMAL,0.016,405263,464340,55818,3259,1186.9,743.2,5,0,0,20.8,5,1,2.8,0,0.0,0,0.0,0,0,synthetic
7,2026-03-09,sparse,spread,6,8,23.6,43.0,optimizer_shared,OPTIMAL,0.025,448094,527340,73892,5354,1590.7,967.8,4,1,0,23.6,6,0,0.0,0,0.0,0,0.0,0,1,synthetic
7,2026-03-09,sparse,spread,6,8,23.6,43.0,optimizer_shared+returns,OPTIMAL+OPTIMAL,0.026,448094,527340,73892,5354,1590.7,967.8,4,1,0,23.6,6,0,0.0,0,0.0,0,0.0,0,1,synthetic
7,2026-03-09,sparse,clustered,6,8,19.1,42.5,rule,ok,0.001,325485,429750,101234,3030,2126.0,1686.4,6,0,0,19.1,6,0,0.0,0,0.0,0,0.0,0,1,synthetic
7,2026-03-09,sparse,clustered,6,8,19.1,42.5,optimizer,OPTIMAL,0.022,328178,429750,98542,3030,2055.2,1615.6,6,0,0,19.1,6,0,0.0,0,0.0,0,0.0,0,1,synthetic
7,2026-03-09,sparse,clustered,6,8,19.1,42.5,optimizer+returns,OPTIMAL+OPTIMAL,0.022,328178,429750,98542,3030,2055.2,1615.6,6,0,0,19.1,6,0,0.0,0,0.0,0,0.0,0,1,synthetic
7,2026-03-09,sparse,clustered,6,8,19.1,42.5,optimizer_shared,OPTIMAL,0.022,332079,429750,94598,3073,1908.1,1488.2,5,1,0,19.1,6,0,0.0,0,0.0,0,0.0,0,1,synthetic
7,2026-03-09,sparse,clustered,6,8,19.1,42.5,optimizer_shared+returns,OPTIMAL+OPTIMAL,0.022,332079,429750,94598,3073,1908.1,1488.2,5,1,0,19.1,6,0,0.0,0,0.0,0,0.0,0,1,synthetic
7,2026-03-09,medium,spread,20,18,54.1,100.5,rule,ok,0.002,1020054,1248870,221749,7067,5515.3,4343.8,18,0,0,51.7,18,2,2.4,0,0.0,0,0.0,0,3,synthetic
7,2026-03-09,medium,spread,20,18,54.1,100.5,optimizer,OPTIMAL,0.308,1025402,1230040,194140,10499,5111.4,3378.5,18,0,0,51.6,18,2,2.5,0,0.0,0,0.0,0,2,synthetic
7,2026-03-09,medium,spread,20,18,54.1,100.5,optimizer+returns,OPTIMAL+OPTIMAL,0.327,1071800,1293110,210238,11072,5535.1,3590.3,18,0,2,54.1,20,0,0.0,0,0.0,0,0.0,0,2,synthetic
7,2026-03-09,medium,spread,20,18,54.1,100.5,optimizer_shared,OPTIMAL,0.326,1119722,1279790,148300,11768,3874.6,2316.3,14,4,0,54.1,20,0,0.0,0,0.0,0,0.0,0,2,synthetic
7,2026-03-09,medium,spread,20,18,54.1,100.5,optimizer_shared+returns,OPTIMAL+OPTIMAL,0.327,1119722,1279790,148300,11768,3874.6,2316.3,14,4,0,54.1,20,0,0.0,0,0.0,0,0.0,0,2,synthetic
7,2026-03-09,medium,clustered,20,18,73.0,86.0,rule,ok,0.002,1132532,1338750,196592,9626,4884.6,3580.8,16,0,0,59.5,16,4,13.5,0,0.0,1,18.36,1,3,synthetic
7,2026-03-09,medium,clustered,20,18,73.0,86.0,optimizer,OPTIMAL,0.636,1271025,1475650,191093,13532,4725.6,3348.5,16,0,0,59.5,16,4,13.5,0,0.0,0,0.0,0,2,synthetic
7,2026-03-09,medium,clustered,20,18,73.0,86.0,optimizer+returns,OPTIMAL+OPTIMAL,0.65,1595583,1839400,226077,17740,5571.7,3674.5,16,0,4,73.0,20,0,0.0,0,0.0,0,0.0,0,2,synthetic
7,2026-03-09,medium,clustered,20,18,73.0,86.0,optimizer_shared,OPTIMAL,1.012,1354227,1545130,175880,15023,4148.1,2987.1,13,4,0,61.7,18,2,11.3,0,0.0,0,0.0,0,2,synthetic
7,2026-03-09,medium,clustered,20,18,73.0,86.0,optimizer_shared+returns,OPTIMAL+OPTIMAL,1.016,1515832,1726860,194893,16135,4500.2,3207.8,13,4,2,73.0,20,0,0.0,0,0.0,0,0.0,0,2,synthetic
7,2026-03-09,dense_tight,spread,60,25,196.4,138.5,rule,ok,0.007,2292814,2710460,399872,17775,10085.0,8153.5,25,0,0,113.0,25,35,83.4,0,0.0,1,11.26,1,8,synthetic
7,2026-03-09,dense_tight,spread,60,25,196.4,138.5,optimizer,OPTIMAL,6.327,2472727,2787730,295287,19716,7320.1,5440.0,25,0,0,111.3,25,35,85.1,0,0.0,0,0.0,0,3,synthetic
7,2026-03-09,dense_tight,spread,60,25,196.4,138.5,optimizer+returns,OPTIMAL+OPTIMAL,6.559,3324415,3745020,393863,26742,9843.3,6660.9,25,0,18,153.2,43,17,43.2,0,0.0,0,0.0,0,3,synthetic
7,2026-03-09,dense_tight,spread,60,25,196.4,138.5,optimizer_shared,OPTIMAL,7.838,2946285,3284700,312738,25677,7697.6,5575.7,25,12,0,128.2,40,20,68.2,0,0.0,0,0.0,0,3,synthetic
7,2026-03-09,dense_tight,spread,60,25,196.4,138.5,optimizer_shared+returns,OPTIMAL+OPTIMAL,7.946,3596711,4008200,381309,30180,9406.5,6525.6,25,12,12,163.9,52,8,32.5,0,0.0,0,0.0,0,3,synthetic
7,2026-03-09,dense_tight,clustered,60,22,180.1,127.0,rule,ok,0.006,1765274,2180250,396637,18339,8790.9,6621.4,22,0,0,96.9,22,38,83.2,0,0.0,1,55.76,1,6,synthetic
7,2026-03-09,dense_tight,clustered,60,22,180.1,127.0,optimizer,FEASIBLE,27.78,2119764,2561250,410072,31414,9152.5,6431.8,22,0,0,96.9,22,38,83.2,0,0.0,0,0.0,0,6,synthetic
7,2026-03-09,dense_tight,clustered,60,22,180.1,127.0,optimizer+returns,FEASIBLE+OPTIMAL,28.1,2676472,3219280,507460,35349,11784.0,8126.5,22,0,14,133.4,36,24,46.7,0,0.0,0,0.0,0,6,synthetic
7,2026-03-09,dense_tight,clustered,60,22,180.1,127.0,optimizer_shared,FEASIBLE,26.429,2476070,2914730,403580,35080,8973.4,6380.5,22,7,0,117.9,34,26,62.2,0,0.0,0,0.0,0,6,synthetic
7,2026-03-09,dense_tight,clustered,60,22,180.1,127.0,optimizer_shared+returns,FEASIBLE+OPTIMAL,27.134,3072156,3599640,488889,38595,11361.5,7898.1,22,7,14,157.8,48,12,22.3,0,0.0,0,0.0,0,6,synthetic
7,2026-04-27,sparse,spread,6,8,22.5,45.5,rule,ok,0.0,444565,527620,78129,4926,2005.9,1543.8,6,0,0,22.5,6,0,0.0,0,0.0,0,0.0,0,1,synthetic
7,2026-04-27,sparse,spread,6,8,22.5,45.5,optimizer,OPTIMAL,0.015,444700,527620,77995,4926,2002.4,1540.2,6,0,0,22.5,6,0,0.0,0,0.0,0,0.0,0,1,synthetic
7,2026-04-27,sparse,spread,6,8,22.5,45.5,optimizer+returns,OPTIMAL+OPTIMAL,0.016,444700,527620,77995,4926,2002.4,1540.2,6,0,0,22.5,6,0,0.0,0,0.0,0,0.0,0,1,synthetic
7,2026-04-27,sparse,spread,6,8,22.5,45.5,optimizer_shared,OPTIMAL,0.017,444700,527620,77995,4926,2002.4,1540.2,6,0,0,22.5,6,0,0.0,0,0.0,0,0.0,0,1,synthetic
7,2026-04-27,sparse,spread,6,8,22.5,45.5,optimizer_shared+returns,OPTIMAL+OPTIMAL,0.017,444700,527620,77995,4926,2002.4,1540.2,6,0,0,22.5,6,0,0.0,0,0.0,0,0.0,0,1,synthetic
7,2026-04-27,sparse,clustered,6,8,18.8,47.5,rule,ok,0.001,226982,432400,198214,7205,4297.6,3322.1,6,0,0,18.8,6,0,0.0,0,0.0,0,0.0,0,4,synthetic
7,2026-04-27,sparse,clustered,6,8,18.8,47.5,optimizer,OPTIMAL,0.019,329657,457730,122013,6060,2775.4,2086.6,6,0,0,18.8,6,0,0.0,0,0.0,0,0.0,0,2,synthetic
7,2026-04-27,sparse,clustered,6,8,18.8,47.5,optimizer+returns,OPTIMAL+OPTIMAL,0.02,329657,457730,122013,6060,2775.4,2086.6,6,0,0,18.8,6,0,0.0,0,0.0,0,0.0,0,2,synthetic
7,2026-04-27,sparse,clustered,6,8,18.8,47.5,optimizer_shared,OPTIMAL,0.022,354311,457730,96933,6485,2199.2,1711.3,4,2,0,18.8,6,0,0.0,0,0.0,0,0.0,0,1,synthetic
7,2026-04-27,sparse,clustered,6,8,18.8,47.5,optimizer_shared+returns,OPTIMAL+OPTIMAL,0.023,354311,457730,96933,6485,2199.2,1711.3,4,2,0,18.8,6,0,0.0,0,0.0,0,0.0,0,1,synthetic
7,2026-04-27,medium,spread,20,18,76.3,102.0,rule,ok,0.002,1383390,1723760,319746,20624,8664.5,6840.3,18,0,0,72.6,18,2,3.7,0,0.0,1,14.3,1,6,synthetic
7,2026-04-27,medium,spread,20,18,76.3,102.0,optimizer,OPTIMAL,0.358,1481217,1752920,250123,21579,6395.9,4719.5,18,0,0,72.0,18,2,4.3,0,0.0,0,0.0,0,3,synthetic
7,2026-04-27,medium,spread,20,18,76.3,102.0,optimizer+returns,OPTIMAL+OPTIMAL,0.369,1521849,1806470,262224,22396,6714.3,4896.6,18,0,1,74.1,19,1,2.2,0,0.0,0,0.0,0,3,synthetic
7,2026-04-27,medium,spread,20,18,76.3,102.0,optimizer_shared,OPTIMAL,0.409,1628477,1869380,213896,27007,4882.1,2988.8,14,5,0,76.3,20,0,0.0,0,0.0,0,0.0,0,2,synthetic
7,2026-04-27,medium,spread,20,18,76.3,102.0,optimizer_shared+returns,OPTIMAL+OPTIMAL,0.41,1628477,1869380,213896,27007,4882.1,2988.8,14,5,0,76.3,20,0,0.0,0,0.0,0,0.0,0,2,synthetic
7,2026-04-27,medium,clustered,20,18,52.7,89.0,rule,ok,0.003,806412,1197600,372702,18486,9208.3,6539.8,18,0,0,51.2,18,2,1.5,0,0.0,1,8.5,1,6,synthetic
7,2026-04-27,medium,clustered,20,18,52.7,89.0,optimizer,OPTIMAL,0.268,892313,1229010,318583,18114,7795.8,5421.8,18,0,0,51.2,18,2,1.5,0,0.0,0,0.0,0,6,synthetic
7,2026-04-27,medium,clustered,20,18,52.7,89.0,optimizer+returns,OPTIMAL+OPTIMAL,0.282,917016,1266930,331421,18493,8187.9,5617.8,18,0,2,52.7,20,0,0.0,0,0.0,0,0.0,0,6,synthetic
7,2026-04-27,medium,clustered,20,18,52.7,89.0,optimizer_shared,OPTIMAL,0.702,963073,1251320,267922,20325,6227.5,4111.7,15,4,0,52.7,20,0,0.0,0,0.0,0,0.0,0,3,synthetic
7,2026-04-27,medium,clustered,20,18,52.7,89.0,optimizer_shared+returns,OPTIMAL+OPTIMAL,0.703,963073,1251320,267922,20325,6227.5,4111.7,15,4,0,52.7,20,0,0.0,0,0.0,0,0.0,0,3,synthetic
7,2026-04-27,dense_tight,spread,60,31,234.7,172.5,rule,ok,0.005,2836832,3446610,564973,44805,14524.0,10310.9,31,0,0,143.8,31,29,90.9,0,0.0,1,50.5,1,12,synthetic
7,2026-04-27,dense_tight,spread,60,31,234.7,172.5,optimizer,OPTIMAL,29.842,3130733,3565780,399464,35582,9998.6,7137.0,31,0,0,142.8,31,29,91.9,0,0.0,0,0.0,0,3,synthetic
7,2026-04-27,dense_tight,spread,60,31,234.7,172.5,optimizer+returns,OPTIMAL+OPTIMAL,30.136,4075234,4624910,506177,43500,12628.8,8517.2,31,0,17,193.8,48,12,40.9,0,0.0,0,0.0,0,3,synthetic
7,2026-04-27,dense_tight,spread,60,31,234.7,172.5,optimizer_shared,OPTIMAL,18.628,3419202,3917800,453768,44831,11719.1,8577.1,31,9,0,159.6,42,18,75.1,0,0.0,0,0.0,0,7,synthetic
7,2026-04-27,dense_tight,spread,60,31,234.7,172.5,optimizer_shared+returns,OPTIMAL+OPTIMAL,18.729,4285748,4872330,535425,51157,13630.7,9653.5,31,9,12,204.5,54,6,30.2,0,0.0,0,0.0,0,7,synthetic
7,2026-04-27,dense_tight,clustered,60,28,215.6,151.0,rule,ok,0.006,2545533,3012800,441698,25569,11079.0,8876.2,28,0,0,130.1,28,32,85.5,0,0.0,1,87.2,1,10,synthetic
7,2026-04-27,dense_tight,clustered,60,28,215.6,151.0,optimizer,FEASIBLE,33.408,2497762,3047950,495726,54462,12314.5,8203.3,28,0,0,130.1,28,32,85.5,0,0.0,0,0.0,0,10,synthetic
7,2026-04-27,dense_tight,clustered,60,28,215.6,151.0,optimizer+returns,FEASIBLE+OPTIMAL,33.879,3308611,3940640,572060,59970,14158.0,9280.3,28,0,16,177.3,44,16,38.3,0,0.0,0,0.0,0,10,synthetic
7,2026-04-27,dense_tight,clustered,60,28,215.6,151.0,optimizer_shared,FEASIBLE,21.841,2796949,3378780,520061,61770,13060.8,8392.8,28,9,0,145.8,39,21,69.8,0,0.0,0,0.0,0,13,synthetic
7,2026-04-27,dense_tight,clustered,60,28,215.6,151.0,optimizer_shared+returns,FEASIBLE+OPTIMAL,22.08,3713218,4367860,587500,67141,14537.9,9230.3,28,9,15,197.6,54,6,18.0,0,0.0,0,0.0,0,13,synthetic
7,2026-06-15,sparse,spread,6,8,20.3,51.0,rule,ok,0.001,540157,730800,171158,19486,3515.0,1942.8,6,0,0,20.3,6,0,0.0,0,0.0,0,0.0,0,2,synthetic
7,2026-06-15,sparse,spread,6,8,20.3,51.0,optimizer,OPTIMAL,0.02,573784,713250,123147,16319,2619.1,1581.8,6,0,0,20.3,6,0,0.0,0,0.0,0,0.0,0,1,synthetic
7,2026-06-15,sparse,spread,6,8,20.3,51.0,optimizer+returns,OPTIMAL+OPTIMAL,0.021,573784,713250,123147,16319,2619.1,1581.8,6,0,0,20.3,6,0,0.0,0,0.0,0,0.0,0,1,synthetic
7,2026-06-15,sparse,spread,6,8,20.3,51.0,optimizer_shared,OPTIMAL,0.02,573784,713250,123147,16319,2619.1,1581.8,6,0,0,20.3,6,0,0.0,0,0.0,0,0.0,0,1,synthetic
7,2026-06-15,sparse,spread,6,8,20.3,51.0,optimizer_shared+returns,OPTIMAL+OPTIMAL,0.02,573784,713250,123147,16319,2619.1,1581.8,6,0,0,20.3,6,0,0.0,0,0.0,0,0.0,0,1,synthetic
7,2026-06-15,sparse,clustered,6,8,13.8,39.0,rule,ok,0.001,378749,496800,107038,11013,3033.0,1818.2,6,0,0,13.8,6,0,0.0,0,0.0,0,0.0,0,1,synthetic
7,2026-06-15,sparse,clustered,6,8,13.8,39.0,optimizer,OPTIMAL,0.028,395280,496800,90507,11013,2636.0,1421.3,6,0,0,13.8,6,0,0.0,0,0.0,0,0.0,0,1,synthetic
7,2026-06-15,sparse,clustered,6,8,13.8,39.0,optimizer+returns,OPTIMAL+OPTIMAL,0.029,395280,496800,90507,11013,2636.0,1421.3,6,0,0,13.8,6,0,0.0,0,0.0,0,0.0,0,1,synthetic
7,2026-06-15,sparse,clustered,6,8,13.8,39.0,optimizer_shared,OPTIMAL,0.034,412532,496800,73106,11162,2152.4,1138.3,5,1,0,13.8,6,0,0.0,0,0.0,0,0.0,0,0,synthetic
7,2026-06-15,sparse,clustered,6,8,13.8,39.0,optimizer_shared+returns,OPTIMAL+OPTIMAL,0.035,412532,496800,73106,11162,2152.4,1138.3,5,1,0,13.8,6,0,0.0,0,0.0,0,0.0,0,0,synthetic
7,2026-06-15,medium,spread,20,18,59.0,104.5,rule,ok,0.002,1661056,2066400,358648,46696,9323.3,5054.3,18,0,0,57.4,18,2,1.6,0,0.0,1,17.92,1,6,synthetic
7,2026-06-15,medium,spread,20,18,59.0,104.5,optimizer,OPTIMAL,0.743,1625497,1833820,187447,20876,4619.4,3034.6,18,0,0,57.4,18,2,1.6,0,0.0,0,0.0,0,0,synthetic
7,2026-06-15,medium,spread,20,18,59.0,104.5,optimizer+returns,OPTIMAL+OPTIMAL,0.756,1653072,1869100,194958,21070,4817.1,3141.6,18,0,2,59.0,20,0,0.0,0,0.0,0,0.0,0,0,synthetic
7,2026-06-15,medium,spread,20,18,59.0,104.5,optimizer_shared,OPTIMAL,0.389,1719276,1905860,164161,22423,3849.7,2371.4,15,4,0,59.0,20,0,0.0,0,0.0,0,0.0,0,0,synthetic
7,2026-06-15,medium,spread,20,18,59.0,104.5,optimizer_shared+returns,OPTIMAL+OPTIMAL,0.39,1719276,1905860,164161,22423,3849.7,2371.4,15,4,0,59.0,20,0,0.0,0,0.0,0,0.0,0,0,synthetic
7,2026-06-15,medium,clustered,20,18,76.3,116.0,rule,ok,0.003,2274923,2682000,377532,29545,9159.8,6960.3,18,0,0,74.5,18,2,1.8,0,0.0,1,35.03,1,9,synthetic
7,2026-06-15,medium,clustered,20,18,76.3,116.0,optimizer,OPTIMAL,2.143,2104383,2397040,270297,22360,6914.9,5094.7,17,0,0,72.9,17,3,3.4,0,0.0,0,0.0,0,4,synthetic
7,2026-06-15,medium,clustered,20,18,76.3,116.0,optimizer+returns,OPTIMAL+OPTIMAL,2.166,2175766,2498440,298890,23784,7468.0,5384.1,17,0,3,76.3,20,0,0.0,0,0.0,0,0.0,0,4,synthetic
7,2026-06-15,medium,clustered,20,18,76.3,116.0,optimizer_shared,OPTIMAL,2.518,2336035,2585730,224659,25036,5100.4,3798.0,15,4,0,76.3,20,0,0.0,0,0.0,0,0.0,0,2,synthetic
7,2026-06-15,medium,clustered,20,18,76.3,116.0,optimizer_shared+returns,OPTIMAL+OPTIMAL,2.519,2336035,2585730,224659,25036,5100.4,3798.0,15,4,0,76.3,20,0,0.0,0,0.0,0,0.0,0,2,synthetic
7,2026-06-15,dense_tight,spread,60,26,226.9,160.0,rule,ok,0.006,4405109,4996800,493326,98365,11297.8,6629.3,26,0,0,138.8,26,34,88.1,0,0.0,1,99.33,1,7,synthetic
7,2026-06-15,dense_tight,spread,60,26,226.9,160.0,optimizer,OPTIMAL,13.897,3768947,4101160,282359,49854,6380.8,3905.9,26,0,0,138.7,26,34,88.2,0,0.0,0,0.0,0,1,synthetic
7,2026-06-15,dense_tight,spread,60,26,226.9,160.0,optimizer+returns,OPTIMAL+OPTIMAL,14.244,5134306,5640620,441147,65168,10235.7,6025.8,26,0,23,205.9,49,11,21.0,0,0.0,0,0.0,0,1,synthetic
7,2026-06-15,dense_tight,spread,60,26,226.9,160.0,optimizer_shared,FEASIBLE,32.184,4209384,4548980,281173,58423,6399.0,3841.9,26,8,0,153.8,37,23,73.1,0,0.0,0,0.0,0,0,synthetic
7,2026-06-15,dense_tight,spread,60,26,226.9,160.0,optimizer_shared+returns,FEASIBLE+OPTIMAL,32.375,5573346,6038610,395535,69730,9246.9,5325.2,26,8,21,221.3,58,2,5.6,0,0.0,0,0.0,0,0,synthetic
7,2026-06-15,dense_tight,clustered,60,24,199.4,141.5,rule,ok,0.005,3419146,4204800,658129,127526,16054.0,9197.7,24,0,0,116.8,24,36,82.6,0,0.0,1,77.33,1,19,synthetic
7,2026-06-15,dense_tight,clustered,60,24,199.4,141.5,optimizer,OPTIMAL,5.566,3030372,3512870,424291,58207,10315.5,6908.8,24,0,0,116.4,24,36,83.0,0,0.0,0,0.0,0,7,synthetic
7,2026-06-15,dense_tight,clustered,60,24,199.4,141.5,optimizer+returns,OPTIMAL+OPTIMAL,5.739,3541804,4059130,456755,60571,11042.8,7323.8,24,0,8,143.0,32,28,56.4,0,0.0,0,0.0,0,7,synthetic
7,2026-06-15,dense_tight,clustered,60,24,199.4,141.5,optimizer_shared,OPTIMAL,6.961,3594103,4101460,435645,71711,10591.9,6965.3,24,13,0,136.6,41,19,62.8,0,0.0,0,0.0,0,8,synthetic
7,2026-06-15,dense_tight,clustered,60,24,199.4,141.5,optimizer_shared+returns,OPTIMAL+OPTIMAL,7.057,3972494,4496590,450869,73227,10967.5,7158.8,24,13,5,156.0,46,14,43.4,0,0.0,0,0.0,0,8,synthetic
7,2026-08-02,sparse,spread,6,8,21.8,44.0,rule,ok,0.001,522645,602000,74033,5323,1740.5,1274.7,6,0,0,21.8,6,0,0.0,0,0.0,0,0.0,0,1,synthetic
7,2026-08-02,sparse,spread,6,8,21.8,44.0,optimizer,OPTIMAL,0.039,524790,602000,71888,5323,1759.8,1294.0,6,0,0,21.8,6,0,0.0,0,0.0,0,0.0,0,1,synthetic
7,2026-08-02,sparse,spread,6,8,21.8,44.0,optimizer+returns,OPTIMAL+OPTIMAL,0.041,524790,602000,71888,5323,1759.8,1294.0,6,0,0,21.8,6,0,0.0,0,0.0,0,0.0,0,1,synthetic
7,2026-08-02,sparse,spread,6,8,21.8,44.0,optimizer_shared,OPTIMAL,0.042,544275,602000,52171,5554,1191.4,859.4,4,2,0,21.8,6,0,0.0,0,0.0,0,0.0,0,1,synthetic
7,2026-08-02,sparse,spread,6,8,21.8,44.0,optimizer_shared+returns,OPTIMAL+OPTIMAL,0.042,544275,602000,52171,5554,1191.4,859.4,4,2,0,21.8,6,0,0.0,0,0.0,0,0.0,0,1,synthetic
7,2026-08-02,sparse,clustered,6,8,17.0,39.0,rule,ok,0.001,382940,466140,80062,3138,2133.7,1765.2,6,0,0,17.0,6,0,0.0,0,0.0,0,0.0,0,1,synthetic
7,2026-08-02,sparse,clustered,6,8,17.0,39.0,optimizer,OPTIMAL,0.027,383225,466140,79777,3138,2123.5,1755.0,6,0,0,17.0,6,0,0.0,0,0.0,0,0.0,0,1,synthetic
7,2026-08-02,sparse,clustered,6,8,17.0,39.0,optimizer+returns,OPTIMAL+OPTIMAL,0.028,383225,466140,79777,3138,2123.5,1755.0,6,0,0,17.0,6,0,0.0,0,0.0,0,0.0,0,1,synthetic
7,2026-08-02,sparse,clustered,6,8,17.0,39.0,optimizer_shared,OPTIMAL,0.026,419399,466140,43306,3434,928.6,717.2,4,2,0,17.0,6,0,0.0,0,0.0,0,0.0,0,0,synthetic
7,2026-08-02,sparse,clustered,6,8,17.0,39.0,optimizer_shared+returns,OPTIMAL+OPTIMAL,0.027,419399,466140,43306,3434,928.6,717.2,4,2,0,17.0,6,0,0.0,0,0.0,0,0.0,0,0,synthetic
7,2026-08-02,medium,spread,20,18,79.2,84.5,rule,ok,0.003,1272291,1604570,318955,13324,7745.8,6462.4,16,0,0,62.6,16,4,16.6,0,0.0,0,0.0,0,6,synthetic
7,2026-08-02,medium,spread,20,18,79.2,84.5,optimizer,OPTIMAL,0.414,1313526,1606550,279305,13719,6691.5,5349.6,16,0,0,62.3,16,4,16.9,0,0.0,0,0.0,0,6,synthetic
7,2026-08-02,medium,spread,20,18,79.2,84.5,optimizer+returns,OPTIMAL+OPTIMAL,0.428,1373435,1675130,287277,14418,6901.3,5454.5,16,0,1,65.0,17,3,14.2,0,0.0,0,0.0,0,6,synthetic
7,2026-08-02,medium,spread,20,18,79.2,84.5,optimizer_shared,OPTIMAL,0.695,1355820,1592990,222793,14377,5006.1,3757.1,14,2,0,61.3,16,4,17.9,0,0.0,0,0.0,0,3,synthetic
7,2026-08-02,medium,spread,20,18,79.2,84.5,optimizer_shared+returns,OPTIMAL+OPTIMAL,0.708,1355820,1592990,222793,14377,5006.1,3757.1,14,2,0,61.3,16,4,17.9,0,0.0,0,0.0,0,3,synthetic
7,2026-08-02,medium,clustered,20,18,61.9,113.0,rule,ok,0.002,1302561,1646760,327929,16271,7450.4,5787.3,18,0,0,59.8,18,2,2.1,0,0.0,1,0.86,1,5,synthetic
7,2026-08-02,medium,clustered,20,18,61.9,113.0,optimizer,OPTIMAL,0.413,1260491,1575480,298511,16478,7382.2,5547.9,18,0,0,59.8,18,2,2.1,0,0.0,0,0.0,0,5,synthetic
7,2026-08-02,medium,clustered,20,18,61.9,113.0,optimizer+returns,OPTIMAL+OPTIMAL,0.422,1292589,1620450,311038,16822,7652.3,5685.0,18,0,2,61.9,20,0,0.0,0,0.0,0,0.0,0,5,synthetic
7,2026-08-02,medium,clustered,20,18,61.9,113.0,optimizer_shared,OPTIMAL,0.857,1440096,1635960,177246,18619,4171.5,2975.5,11,7,0,61.9,20,0,0.0,0,0.0,0,0.0,0,2,synthetic
7,2026-08-02,medium,clustered,20,18,61.9,113.0,optimizer_shared+returns,OPTIMAL+OPTIMAL,0.857,1440096,1635960,177246,18619,4171.5,2975.5,11,7,0,61.9,20,0,0.0,0,0.0,0,0.0,0,2,synthetic
7,2026-08-02,dense_tight,spread,60,26,207.5,150.0,rule,ok,0.006,2845458,3194490,319717,29314,7386.8,5137.1,26,0,0,124.1,26,34,83.4,0,0.0,1,34.75,1,2,synthetic
7,2026-08-02,dense_tight,spread,60,26,207.5,150.0,optimizer,OPTIMAL,15.201,2715300,3013340,269069,28971,6356.6,4094.4,26,0,0,122.1,26,34,85.4,0,0.0,0,0.0,0,0,synthetic
7,2026-08-02,dense_tight,spread,60,26,207.5,150.0,optimizer+returns,OPTIMAL+OPTIMAL,15.483,3858276,4290920,395649,36995,9420.6,5785.9,26,0,26,191.0,52,8,16.5,0,0.0,0,0.0,0,0,synthetic
7,2026-08-02,dense_tight,spread,60,26,207.5,150.0,optimizer_shared,OPTIMAL,9.505,3178778,3487490,274650,34062,6723.4,4299.8,26,10,0,143.7,41,19,63.8,0,0.0,0,0.0,0,1,synthetic
7,2026-08-02,dense_tight,spread,60,26,207.5,150.0,optimizer_shared+returns,OPTIMAL+OPTIMAL,9.628,3912817,4313810,360752,40240,8711.5,5302.9,26,10,15,191.4,56,4,16.1,0,0.0,0,0.0,0,1,synthetic
7,2026-08-02,dense_tight,clustered,60,27,215.1,152.5,rule,ok,0.006,2981588,3443300,426018,35694,10337.3,7539.8,27,0,0,128.0,27,33,87.1,0,0.0,2,57.01,2,9,synthetic
7,2026-08-02,dense_tight,clustered,60,27,215.1,152.5,optimizer,FEASIBLE,31.775,2682807,3149370,422141,44422,10083.3,6409.8,27,0,0,128.0,27,33,87.1,0,0.0,0,0.0,0,7,synthetic
7,2026-08-02,dense_tight,clustered,60,27,215.1,152.5,optimizer+returns,FEASIBLE+OPTIMAL,31.976,3196996,3752080,505457,49627,12360.5,7747.7,27,0,13,161.1,40,20,54.0,0,0.0,0,0.0,0,7,synthetic
7,2026-08-02,dense_tight,clustered,60,27,215.1,152.5,optimizer_shared,FEASIBLE,24.904,3115099,3563430,396708,51623,9419.4,5664.7,27,12,0,148.0,42,18,67.1,0,0.0,0,0.0,0,6,synthetic
7,2026-08-02,dense_tight,clustered,60,27,215.1,152.5,optimizer_shared+returns,FEASIBLE+OPTIMAL,25.007,3534241,4038900,449309,55351,10602.4,6340.9,27,12,7,174.4,49,11,40.7,0,0.0,0,0.0,0,6,synthetic
8,2026-01-16,sparse,spread,6,8,22.3,42.5,rule,ok,0.0,303832,380150,73383,2936,1752.9,1144.1,6,0,0,22.3,6,0,0.0,0,0.0,0,0.0,0,0,synthetic
8,2026-01-16,sparse,spread,6,8,22.3,42.5,optimizer,OPTIMAL,0.016,332977,398210,62658,2575,1532.5,1000.8,6,0,0,22.3,6,0,0.0,0,0.0,0,0.0,0,0,synthetic
8,2026-01-16,sparse,spread,6,8,22.3,42.5,optimizer+returns,OPTIMAL+OPTIMAL,0.017,332977,398210,62658,2575,1532.5,1000.8,6,0,0,22.3,6,0,0.0,0,0.0,0,0.0,0,0,synthetic
8,2026-01-16,sparse,spread,6,8,22.3,42.5,optimizer_shared,OPTIMAL,0.017,312271,380150,64865,3014,1446.6,939.6,5,1,0,22.3,6,0,0.0,0,0.0,0,0.0,0,0,synthetic
8,2026-01-16,sparse,spread,6,8,22.3,42.5,optimizer_shared+returns,OPTIMAL+OPTIMAL,0.017,312271,380150,64865,3014,1446.6,939.6,5,1,0,22.3,6,0,0.0,0,0.0,0,0.0,0,0,synthetic
8,2026-01-16,sparse,clustered,6,8,18.4,36.5,rule,ok,0.001,270840,337760,64086,2834,1755.7,1112.6,6,0,0,18.4,6,0,0.0,0,0.0,0,0.0,0,0,synthetic
8,2026-01-16,sparse,clustered,6,8,18.4,36.5,optimizer,OPTIMAL,0.013,282128,343350,58525,2697,1653.3,1103.6,6,0,0,18.4,6,0,0.0,0,0.0,0,0.0,0,0,synthetic
8,2026-01-16,sparse,clustered,6,8,18.4,36.5,optimizer+returns,OPTIMAL+OPTIMAL,0.014,282128,343350,58525,2697,1653.3,1103.6,6,0,0,18.4,6,0,0.0,0,0.0,0,0.0,0,0,synthetic
8,2026-01-16,sparse,clustered,6,8,18.4,36.5,optimizer_shared,OPTIMAL,0.014,282128,343350,58525,2697,1653.3,1103.6,6,0,0,18.4,6,0,0.0,0,0.0,0,0.0,0,0,synthetic
8,2026-01-16,sparse,clustered,6,8,18.4,36.5,optimizer_shared+returns,OPTIMAL+OPTIMAL,0.015,282128,343350,58525,2697,1653.3,1103.6,6,0,0,18.4,6,0,0.0,0,0.0,0,0.0,0,0,synthetic
8,2026-01-16,medium,spread,20,18,85.3,91.5,rule,ok,0.002,958396,1244840,275008,11436,7079.1,5158.1,17,0,0,68.4,17,3,16.9,0,0.0,0,0.0,0,4,synthetic
8,2026-01-16,medium,spread,20,18,85.3,91.5,optimizer,OPTIMAL,0.133,1012432,1244840,221029,11379,5559.4,3680.0,17,0,0,68.4,17,3,16.9,0,0.0,0,0.0,0,2,synthetic
8,2026-01-16,medium,spread,20,18,85.3,91.5,optimizer+returns,OPTIMAL+OPTIMAL,0.137,1199090,1450750,238943,12718,5868.3,3834.1,17,0,2,80.2,19,1,5.1,0,0.0,0,0.0,0,2,synthetic
8,2026-01-16,medium,spread,20,18,85.3,91.5,optimizer_shared,OPTIMAL,0.154,1021534,1244840,211901,11405,5227.4,3427.6,16,1,0,68.4,17,3,16.9,0,0.0,0,0.0,0,2,synthetic
8,2026-01-16,medium,spread,20,18,85.3,91.5,optimizer_shared+returns,OPTIMAL+OPTIMAL,0.158,1208191,1450750,229815,12744,5536.3,3581.8,16,1,2,80.2,19,1,5.1,0,0.0,0,0.0,0,2,synthetic
8,2026-01-16,medium,clustered,20,18,61.5,110.5,rule,ok,0.002,679548,1068630,377782,11300,8751.1,6223.1,18,0,0,59.7,18,2,1.8,0,0.0,0,0.0,0,7,synthetic
8,2026-01-16,medium,clustered,20,18,61.5,110.5,optimizer,OPTIMAL,0.347,758089,1034340,265352,10899,6682.9,4474.0,16,0,0,57.4,16,4,4.1,0,0.0,0,0.0,0,5,synthetic
8,2026-01-16,medium,clustered,20,18,61.5,110.5,optimizer+returns,OPTIMAL+OPTIMAL,0.371,807493,1096330,277617,11220,7089.9,4663.9,16,0,4,61.5,20,0,0.0,0,0.0,0,0.0,0,5,synthetic
8,2026-01-16,medium,clustered,20,18,61.5,110.5,optimizer_shared,OPTIMAL,3.945,928842,1100850,159629,12379,3240.8,1865.9,9,7,0,61.5,20,0,0.0,0,0.0,0,0.0,0,1,synthetic
8,2026-01-16,medium,clustered,20,18,61.5,110.5,optimizer_shared+returns,OPTIMAL+OPTIMAL,3.946,928842,1100850,159629,12379,3240.8,1865.9,9,7,0,61.5,20,0,0.0,0,0.0,0,0.0,0,1,synthetic
8,2026-01-16,dense_tight,spread,60,22,182.5,132.5,rule,ok,0.005,1408395,1856810,423415,25000,10234.4,6537.4,22,0,0,102.2,22,38,80.3,0,0.0,0,0.0,0,6,synthetic
8,2026-01-16,dense_tight,spread,60,22,182.5,132.5,optimizer,OPTIMAL,3.891,1524837,1871140,323635,22667,7621.2,4311.0,22,0,0,101.5,22,38,81.0,0,0.0,0,0.0,0,3,synthetic
8,2026-01-16,dense_tight,spread,60,22,182.5,132.5,optimizer+returns,OPTIMAL+OPTIMAL,4.084,2025074,2466370,415509,25787,9923.2,5647.6,22,0,16,139.2,38,22,43.3,0,0.0,0,0.0,0,3,synthetic
8,2026-01-16,dense_tight,spread,60,22,182.5,132.5,optimizer_shared,OPTIMAL,7.668,1983316,2292920,285926,23677,6625.7,3752.5,22,10,0,120.5,36,24,62.0,0,0.0,0,0.0,0,1,synthetic
8,2026-01-16,dense_tight,spread,60,22,182.5,132.5,optimizer_shared+returns,OPTIMAL+OPTIMAL,7.832,2346458,2707080,335161,25461,7942.7,4468.5,22,10,11,144.1,47,13,38.4,0,0.0,0,0.0,0,1,synthetic
8,2026-01-16,dense_tight,clustered,60,33,237.1,167.0,rule,ok,0.008,1891784,2536090,610918,33389,15905.6,10248.2,33,0,0,145.6,33,27,91.5,0,0.0,1,17.07,1,14,synthetic
8,2026-01-16,dense_tight,clustered,60,33,237.1,167.0,optimizer,OPTIMAL,5.265,2177494,2686940,473745,35701,11806.6,7176.2,33,0,0,144.5,33,27,92.6,0,0.0,0,0.0,0,9,synthetic
8,2026-01-16,dense_tight,clustered,60,33,237.1,167.0,optimizer+returns,OPTIMAL+OPTIMAL,5.419,2615995,3165630,511622,38013,12629.7,7606.4,33,0,10,173.5,43,17,63.6,0,0.0,0,0.0,0,9,synthetic
8,2026-01-16,dense_tight,clustered,60,33,237.1,167.0,optimizer_shared,OPTIMAL,6.589,2238967,2751390,475894,36529,11981.6,7124.8,33,6,0,152.1,40,20,85.0,0,0.0,0,0.0,0,9,synthetic
8,2026-01-16,dense_tight,clustered,60,33,237.1,167.0,optimizer_shared+returns,OPTIMAL+OPTIMAL,6.66,2801678,3362620,521389,39552,12862.8,7661.7,33,6,7,188.2,47,13,48.9,0,0.0,0,0.0,0,9,synthetic
8,2026-03-01,sparse,spread,6,8,27.8,50.5,rule,ok,0.001,271160,412960,135706,6094,2943.4,2075.3,6,0,0,27.8,6,0,0.0,0,0.0,0,0.0,0,3,synthetic
8,2026-03-01,sparse,spread,6,8,27.8,50.5,optimizer,OPTIMAL,0.021,291850,422560,122858,7851,2532.3,1515.3,6,0,0,27.8,6,0,0.0,0,0.0,0,0.0,0,3,synthetic
8,2026-03-01,sparse,spread,6,8,27.8,50.5,optimizer+returns,OPTIMAL+OPTIMAL,0.022,291850,422560,122858,7851,2532.3,1515.3,6,0,0,27.8,6,0,0.0,0,0.0,0,0.0,0,3,synthetic
8,2026-03-01,sparse,spread,6,8,27.8,50.5,optimizer_shared,OPTIMAL,0.024,300351,422560,114304,7905,2326.9,1383.2,5,1,0,27.8,6,0,0.0,0,0.0,0,0.0,0,2,synthetic
8,2026-03-01,sparse,spread,6,8,27.8,50.5,optimizer_shared+returns,OPTIMAL+OPTIMAL,0.025,300351,422560,114304,7905,2326.9,1383.2,5,1,0,27.8,6,0,0.0,0,0.0,0,0.0,0,2,synthetic
8,2026-03-01,sparse,clustered,6,8,14.1,49.0,rule,ok,0.001,34483,203640,164846,4311,3560.4,2240.6,6,0,0,14.1,6,0,0.0,0,0.0,0,0.0,0,3,synthetic
8,2026-03-01,sparse,clustered,6,8,14.1,49.0,optimizer,OPTIMAL,0.011,109830,179580,67997,1753,1874.6,1319.8,5,0,0,13.2,5,1,0.9,0,0.0,0,0.0,0,1,synthetic
8,2026-03-01,sparse,clustered,6,8,14.1,49.0,optimizer+returns,OPTIMAL+OPTIMAL,0.013,118423,191640,71395,1822,1996.0,1380.5,5,0,1,14.1,6,0,0.0,0,0.0,0,0.0,0,1,synthetic
8,2026-03-01,sparse,clustered,6,8,14.1,49.0,optimizer_shared,OPTIMAL,0.013,125261,191640,64504,1875,1737.6,1194.8,5,1,0,14.1,6,0,0.0,0,0.0,0,0.0,0,1,synthetic
8,2026-03-01,sparse,clustered,6,8,14.1,49.0,optimizer_shared+returns,OPTIMAL+OPTIMAL,0.014,125261,191640,64504,1875,1737.6,1194.8,5,1,0,14.1,6,0,0.0,0,0.0,0,0.0,0,1,synthetic
8,2026-03-01,medium,spread,20,18,71.5,108.0,rule,ok,0.002,763517,1043730,271209,9004,6232.3,4449.2,18,0,0,68.6,18,2,2.9,0,0.0,0,0.0,0,3,synthetic
8,2026-03-01,medium,spread,20,18,71.5,108.0,optimizer,OPTIMAL,0.215,763630,1023040,246489,12921,5520.9,3629.6,18,0,0,68.6,18,2,2.9,0,0.0,0,0.0,0,2,synthetic
8,2026-03-01,medium,spread,20,18,71.5,108.0,optimizer+returns,OPTIMAL+OPTIMAL,0.233,795252,1072340,263491,13598,5968.3,3779.1,18,0,2,71.5,20,0,0.0,0,0.0,0,0.0,0,2,synthetic
8,2026-03-01,medium,spread,20,18,71.5,108.0,optimizer_shared,OPTIMAL,0.29,811014,1066420,242034,13372,5388.8,3480.5,18,2,0,71.5,20,0,0.0,0,0.0,0,0.0,0,2,synthetic
8,2026-03-01,medium,spread,20,18,71.5,108.0,optimizer_shared+returns,OPTIMAL+OPTIMAL,0.291,811014,1066420,242034,13372,5388.8,3480.5,18,2,0,71.5,20,0,0.0,0,0.0,0,0.0,0,2,synthetic
8,2026-03-01,medium,clustered,20,18,79.1,98.0,rule,ok,0.002,707458,1026000,311951,6591,8035.3,6584.2,18,0,0,67.5,18,2,11.6,0,0.0,1,20.08,1,5,synthetic
8,2026-03-01,medium,clustered,20,18,79.1,98.0,optimizer,OPTIMAL,0.414,800712,1006620,198917,6991,4804.4,3650.5,15,0,0,64.2,15,5,14.9,0,0.0,0,0.0,0,3,synthetic
8,2026-03-01,medium,clustered,20,18,79.1,98.0,optimizer+returns,OPTIMAL+OPTIMAL,0.435,999549,1249340,240221,9570,5635.0,4088.0,15,0,5,79.1,20,0,0.0,0,0.0,0,0.0,0,3,synthetic
8,2026-03-01,medium,clustered,20,18,79.1,98.0,optimizer_shared,OPTIMAL,0.666,867584,1044380,169191,7605,4009.6,2890.2,13,4,0,66.4,17,3,12.7,0,0.0,0,0.0,0,2,synthetic
8,2026-03-01,medium,clustered,20,18,79.1,98.0,optimizer_shared+returns,OPTIMAL+OPTIMAL,0.677,1041807,1256210,204391,10012,4628.8,3224.0,13,4,3,79.1,20,0,0.0,0,0.0,0,0.0,0,2,synthetic
8,2026-03-01,dense_tight,spread,60,20,178.8,126.0,rule,ok,0.006,1060868,1403590,329646,13076,7726.8,5655.2,20,0,0,93.1,20,40,85.7,0,0.0,1,25.08,1,5,synthetic
8,2026-03-01,dense_tight,spread,60,20,178.8,126.0,optimizer,OPTIMAL,3.138,1196860,1440410,230923,12627,5205.1,3425.9,20,0,0,92.9,20,40,85.9,0,0.0,0,0.0,0,1,synthetic
8,2026-03-01,dense_tight,spread,60,20,178.8,126.0,optimizer+returns,OPTIMAL+OPTIMAL,3.402,1733123,2108820,358162,17535,8448.9,5103.2,20,0,19,137.2,39,21,41.6,0,0.0,0,0.0,0,1,synthetic
8,2026-03-01,dense_tight,spread,60,20,178.8,126.0,optimizer_shared,OPTIMAL,4.594,1648112,1886170,221513,16544,5165.6,3279.3,20,14,0,119.2,38,22,59.6,0,0.0,0,0.0,0,1,synthetic
8,2026-03-01,dense_tight,spread,60,20,178.8,126.0,optimizer_shared+returns,OPTIMAL+OPTIMAL,4.726,2209819,2572480,340312,22349,8083.2,4750.3,20,14,16,165.7,54,6,13.1,0,0.0,0,0.0,0,1,synthetic
8,2026-03-01,dense_tight,clustered,60,24,196.9,139.0,rule,ok,0.006,1188765,1785860,589443,7652,14628.8,13459.4,24,0,0,111.6,24,36,85.3,0,0.0,1,18.34,1,12,synthetic
8,2026-03-01,dense_tight,clustered,60,24,196.9,139.0,optimizer,OPTIMAL,2.709,1224434,1636040,388554,23053,9284.7,5813.9,24,0,0,106.8,24,36,90.1,0,0.0,0,0.0,0,6,synthetic
8,2026-03-01,dense_tight,clustered,60,24,196.9,139.0,optimizer+returns,OPTIMAL+OPTIMAL,2.9,1735781,2188090,427679,24630,10368.1,6393.2,24,0,12,142.5,36,24,54.4,0,0.0,0,0.0,0,6,synthetic
8,2026-03-01,dense_tight,clustered,60,24,196.9,139.0,optimizer_shared,OPTIMAL,4.851,1563105,2010870,419182,28583,10193.2,6303.9,24,8,0,128.7,37,23,68.2,0,0.0,0,0.0,0,7,synthetic
8,2026-03-01,dense_tight,clustered,60,24,196.9,139.0,optimizer_shared+returns,OPTIMAL+OPTIMAL,4.981,1961229,2421120,430709,29182,10497.3,6464.0,24,8,7,154.2,44,16,42.7,0,0.0,0,0.0,0,7,synthetic
8,2026-04-16,sparse,spread,6,8,13.4,35.0,rule,ok,0.001,389986,466480,71684,4810,2231.2,1577.8,6,0,0,13.4,6,0,0.0,0,0.0,0,0.0,0,2,synthetic
8,2026-04-16,sparse,spread,6,8,13.4,35.0,optimizer,OPTIMAL,0.02,400343,456080,52437,3300,1748.7,1369.8,6,0,0,13.4,6,0,0.0,0,0.0,0,0.0,0,1,synthetic
8,2026-04-16,sparse,spread,6,8,13.4,35.0,optimizer+returns,OPTIMAL+OPTIMAL,0.022,400343,456080,52437,3300,1748.7,1369.8,6,0,0,13.4,6,0,0.0,0,0.0,0,0.0,0,1,synthetic
8,2026-04-16,sparse,spread,6,8,13.4,35.0,optimizer_shared,OPTIMAL,0.017,400343,456080,52437,3300,1748.7,1369.8,6,0,0,13.4,6,0,0.0,0,0.0,0,0.0,0,1,synthetic
8,2026-04-16,sparse,spread,6,8,13.4,35.0,optimizer_shared+returns,OPTIMAL+OPTIMAL,0.018,400343,456080,52437,3300,1748.7,1369.8,6,0,0,13.4,6,0,0.0,0,0.0,0,0.0,0,1,synthetic
8,2026-04-16,sparse,clustered,6,8,29.7,44.0,rule,ok,0.001,497716,592800,91164,3920,2162.1,1903.1,4,0,0,15.2,4,2,14.5,0,0.0,0,0.0,0,3,synthetic
8,2026-04-16,sparse,clustered,6,8,29.7,44.0,optimizer,OPTIMAL,0.017,467243,530040,56119,6678,1410.4,835.1,4,0,0,15.0,4,2,14.7,0,0.0,0,0.0,0,0,synthetic
8,2026-04-16,sparse,clustered,6,8,29.7,44.0,optimizer+returns,OPTIMAL+OPTIMAL,0.018,467243,530040,56119,6678,1410.4,835.1,4,0,0,15.0,4,2,14.7,0,0.0,0,0.0,0,0,synthetic
8,2026-04-16,sparse,clustered,6,8,29.7,44.0,optimizer_shared,OPTIMAL,0.021,484026,530040,39162,6852,964.1,571.4,3,1,0,15.0,4,2,14.7,0,0.0,0,0.0,0,0,synthetic
8,2026-04-16,sparse,clustered,6,8,29.7,44.0,optimizer_shared+returns,OPTIMAL+OPTIMAL,0.022,484026,530040,39162,6852,964.1,571.4,3,1,0,15.0,4,2,14.7,0,0.0,0,0.0,0,0,synthetic
8,2026-04-16,medium,spread,20,18,75.2,109.5,rule,ok,0.002,2138768,2466080,294630,32682,6788.6,4676.4,18,0,0,72.8,18,2,2.4,0,0.0,0,0.0,0,5,synthetic
8,2026-04-16,medium,spread,20,18,75.2,109.5,optimizer,OPTIMAL,0.242,2133103,2444080,277725,33252,6699.1,4486.3,18,0,0,72.8,18,2,2.4,0,0.0,0,0.0,0,5,synthetic
8,2026-04-16,medium,spread,20,18,75.2,109.5,optimizer+returns,OPTIMAL+OPTIMAL,0.252,2188166,2518720,296485,34069,7080.7,4677.1,18,0,2,75.2,20,0,0.0,0,0.0,0,0.0,0,5,synthetic
8,2026-04-16,medium,spread,20,18,75.2,109.5,optimizer_shared,OPTIMAL,0.357,2183255,2518720,300582,34883,7070.7,4927.2,16,3,0,75.2,20,0,0.0,0,0.0,0,0.0,0,6,synthetic
8,2026-04-16,medium,spread,20,18,75.2,109.5,optimizer_shared+returns,OPTIMAL+OPTIMAL,0.358,2183255,2518720,300582,34883,7070.7,4927.2,16,3,0,75.2,20,0,0.0,0,0.0,0,0.0,0,6,synthetic
8,2026-04-16,medium,clustered,20,18,69.0,79.0,rule,ok,0.002,1453244,1666960,192388,21328,5010.6,3595.1,13,0,0,48.5,13,7,20.5,0,0.0,0,0.0,0,2,synthetic
8,2026-04-16,medium,clustered,20,18,69.0,79.0,optimizer,OPTIMAL,0.236,1459722,1616730,137984,19024,3631.4,2357.3,13,0,0,48.0,13,7,21.0,0,0.0,0,0.0,0,0,synthetic
8,2026-04-16,medium,clustered,20,18,69.0,79.0,optimizer+returns,OPTIMAL+OPTIMAL,0.252,1765203,1955100,167806,22091,4263.3,2672.5,13,0,4,59.7,17,3,9.3,0,0.0,0,0.0,0,0,synthetic
8,2026-04-16,medium,clustered,20,18,69.0,79.0,optimizer_shared,OPTIMAL,0.507,1770513,1934470,139705,24252,3661.1,2361.3,13,2,0,57.2,16,4,11.8,0,0.0,0,0.0,0,0,synthetic
8,2026-04-16,medium,clustered,20,18,69.0,79.0,optimizer_shared+returns,OPTIMAL+OPTIMAL,0.516,1951614,2136640,159665,25361,4060.3,2616.9,13,2,3,65.9,19,1,3.1,0,0.0,0,0.0,0,0,synthetic
8,2026-04-16,dense_tight,spread,60,26,218.1,157.0,rule,ok,0.009,3932987,4380650,407763,39901,9656.4,7488.2,26,0,0,126.4,26,34,91.7,0,0.0,2,20.05,2,6,synthetic
8,2026-04-16,dense_tight,spread,60,26,218.1,157.0,optimizer,OPTIMAL,8.084,3735250,4107120,331182,40688,7853.6,5492.7,26,0,0,126.1,26,34,92.0,0,0.0,0,0.0,0,6,synthetic
8,2026-04-16,dense_tight,spread,60,26,218.1,157.0,optimizer+returns,OPTIMAL+OPTIMAL,8.644,5101107,5635200,477396,56696,11453.1,7427.7,26,0,18,182.3,44,16,35.8,0,0.0,0,0.0,0,6,synthetic
8,2026-04-16,dense_tight,spread,60,26,218.1,157.0,optimizer_shared,OPTIMAL,16.564,4463414,4834130,322256,48460,7734.8,5392.8,26,10,0,149.5,41,19,68.6,0,0.0,0,0.0,0,4,synthetic
8,2026-04-16,dense_tight,spread,60,26,218.1,157.0,optimizer_shared+returns,OPTIMAL+OPTIMAL,16.69,5318335,5766630,392233,56062,9327.5,6313.6,26,10,10,183.1,51,9,35.0,0,0.0,0,0.0,0,4,synthetic
8,2026-04-16,dense_tight,clustered,60,26,209.6,151.0,rule,ok,0.006,4003231,4557580,500063,54286,12697.1,10006.3,26,0,0,125.9,26,34,83.7,0,0.0,1,80.36,1,9,synthetic
8,2026-04-16,dense_tight,clustered,60,26,209.6,151.0,optimizer,OPTIMAL,8.897,3468951,4023360,504704,49705,12748.9,9888.5,26,0,0,125.9,26,34,83.7,0,0.0,0,0.0,0,8,synthetic
8,2026-04-16,dense_tight,clustered,60,26,209.6,151.0,optimizer+returns,OPTIMAL+OPTIMAL,9.285,4899302,5590140,628837,62001,15676.3,11703.5,26,0,17,187.2,43,17,22.4,0,0.0,0,0.0,0,8,synthetic
8,2026-04-16,dense_tight,clustered,60,26,209.6,151.0,optimizer_shared,FEASIBLE,23.625,3929827,4485440,500637,54975,12635.7,9753.3,26,9,0,140.9,40,20,68.7,0,0.0,0,0.0,0,9,synthetic
8,2026-04-16,dense_tight,clustered,60,26,209.6,151.0,optimizer_shared+returns,FEASIBLE+OPTIMAL,23.878,5340559,6027850,618101,69190,15462.9,11543.5,26,9,15,200.4,55,5,9.2,0,0.0,0,0.0,0,9,synthetic
8,2026-06-03,sparse,spread,6,8,23.3,47.0,rule,ok,0.0,1055632,1248880,158964,34284,3402.9,1990.1,6,0,0,23.3,6,0,0.0,0,0.0,0,0.0,0,5,synthetic
8,2026-06-03,sparse,spread,6,8,23.3,47.0,optimizer,OPTIMAL,0.023,995161,1124680,108125,21394,2787.0,1716.9,6,0,0,23.3,6,0,0.0,0,0.0,0,0.0,0,3,synthetic
8,2026-06-03,sparse,spread,6,8,23.3,47.0,optimizer+returns,OPTIMAL+OPTIMAL,0.024,995161,1124680,108125,21394,2787.0,1716.9,6,0,0,23.3,6,0,0.0,0,0.0,0,0.0,0,3,synthetic
8,2026-06-03,sparse,spread,6,8,23.3,47.0,optimizer_shared,OPTIMAL,0.027,995161,1124680,108125,21394,2787.0,1716.9,6,0,0,23.3,6,0,0.0,0,0.0,0,0.0,0,3,synthetic
8,2026-06-03,sparse,spread,6,8,23.3,47.0,optimizer_shared+returns,OPTIMAL+OPTIMAL,0.028,995161,1124680,108125,21394,2787.0,1716.9,6,0,0,23.3,6,0,0.0,0,0.0,0,0.0,0,3,synthetic
8,2026-06-03,sparse,clustered,6,8,23.3,53.5,rule,ok,0.001,988603,1248880,217769,42509,5263.2,3347.1,6,0,0,23.3,6,0,0.0,0,0.0,0,0.0,0,6,synthetic
8,2026-06-03,sparse,clustered,6,8,23.3,53.5,optimizer,OPTIMAL,0.023,961599,1177580,181562,34418,4470.1,2922.4,6,0,0,23.3,6,0,0.0,0,0.0,0,0.0,0,4,synthetic
8,2026-06-03,sparse,clustered,6,8,23.3,53.5,optimizer+returns,OPTIMAL+OPTIMAL,0.024,961599,1177580,181562,34418,4470.1,2922.4,6,0,0,23.3,6,0,0.0,0,0.0,0,0.0,0,4,synthetic
8,2026-06-03,sparse,clustered,6,8,23.3,53.5,optimizer_shared,OPTIMAL,0.031,974361,1177580,168735,34483,4129.7,2745.4,5,1,0,23.3,6,0,0.0,0,0.0,0,0.0,0,4,synthetic
8,2026-06-03,sparse,clustered,6,8,23.3,53.5,optimizer_shared+returns,OPTIMAL+OPTIMAL,0.032,974361,1177580,168735,34483,4129.7,2745.4,5,1,0,23.3,6,0,0.0,0,0.0,0,0.0,0,4,synthetic
8,2026-06-03,medium,spread,20,18,64.9,88.0,rule,ok,0.002,2697911,3274960,493420,83629,12835.8,8488.9,18,0,0,61.1,18,2,3.8,0,0.0,1,29.33,1,15,synthetic
8,2026-06-03,medium,spread,20,18,64.9,88.0,optimizer,OPTIMAL,0.37,2462339,2877080,380421,34320,9601.8,7519.7,18,0,0,60.8,18,2,4.1,0,0.0,0,0.0,0,9,synthetic
8,2026-06-03,medium,spread,20,18,64.9,88.0,optimizer+returns,OPTIMAL+OPTIMAL,0.379,2582586,3008280,390686,35008,9916.7,7717.4,18,0,2,64.9,20,0,0.0,0,0.0,0,0.0,0,9,synthetic
8,2026-06-03,medium,spread,20,18,64.9,88.0,optimizer_shared,OPTIMAL,0.44,2612213,3029490,380944,36333,9532.4,7497.6,18,2,0,64.9,20,0,0.0,0,0.0,0,0.0,0,9,synthetic
8,2026-06-03,medium,spread,20,18,64.9,88.0,optimizer_shared+returns,OPTIMAL+OPTIMAL,0.441,2612213,3029490,380944,36333,9532.4,7497.6,18,2,0,64.9,20,0,0.0,0,0.0,0,0.0,0,9,synthetic
8,2026-06-03,medium,clustered,20,18,75.7,71.5,rule,ok,0.002,2027333,2492400,363433,101635,9811.2,5304.0,12,0,0,46.5,12,8,29.2,0,0.0,1,14.73,1,12,synthetic
8,2026-06-03,medium,clustered,20,18,75.7,71.5,optimizer,OPTIMAL,0.455,1557987,1844530,258018,28525,6660.8,5002.8,12,0,0,46.5,12,8,29.2,0,0.0,0,0.0,0,6,synthetic
8,2026-06-03,medium,clustered,20,18,75.7,71.5,optimizer+returns,OPTIMAL+OPTIMAL,0.482,1850578,2152030,270972,30480,7001.7,5188.0,12,0,3,55.8,15,5,19.9,0,0.0,0,0.0,0,6,synthetic
8,2026-06-03,medium,clustered,20,18,75.7,71.5,optimizer_shared,OPTIMAL,0.613,1557987,1844530,258018,28525,6660.8,5002.8,12,0,0,46.5,12,8,29.2,0,0.0,0,0.0,0,6,synthetic
8,2026-06-03,medium,clustered,20,18,75.7,71.5,optimizer_shared+returns,OPTIMAL+OPTIMAL,0.632,1850578,2152030,270972,30480,7001.7,5188.0,12,0,3,55.8,15,5,19.9,0,0.0,0,0.0,0,6,synthetic
8,2026-06-03,dense_tight,spread,60,26,195.4,140.0,rule,ok,0.005,5131200,5992480,670306,190974,16688.0,9381.9,26,0,0,111.8,26,34,83.6,0,0.0,1,80.03,1,20,synthetic
8,2026-06-03,dense_tight,spread,60,26,195.4,140.0,optimizer,OPTIMAL,27.002,4343474,4740620,327271,69875,8048.2,5055.9,26,0,0,111.4,26,34,84.0,0,0.0,0,0.0,0,4,synthetic
8,2026-06-03,dense_tight,spread,60,26,195.4,140.0,optimizer+returns,OPTIMAL+OPTIMAL,27.439,6228927,6758070,444880,84263,11078.6,6880.8,26,0,21,164.4,47,13,31.0,0,0.0,0,0.0,0,4,synthetic
8,2026-06-03,dense_tight,spread,60,26,195.4,140.0,optimizer_shared,OPTIMAL,14.848,5202874,5596010,324008,69127,8214.7,5616.6,26,12,0,132.3,38,22,63.1,0,0.0,0,0.0,0,4,synthetic
8,2026-06-03,dense_tight,spread,60,26,195.4,140.0,optimizer_shared+returns,OPTIMAL+OPTIMAL,15.081,6674759,7171780,413461,83559,10523.0,6742.7,26,12,16,174.3,54,6,21.1,0,0.0,0,0.0,0,4,synthetic
8,2026-06-03,dense_tight,clustered,60,21,184.9,134.0,rule,ok,0.006,4574321,5467200,697987,194892,16398.7,9470.5,21,0,0,102.0,21,39,82.9,0,0.0,1,70.22,1,21,synthetic
8,2026-06-03,dense_tight,clustered,60,21,184.9,134.0,optimizer,OPTIMAL,6.74,3870157,4437290,483116,84018,10853.8,7630.0,21,0,0,101.6,21,39,83.3,0,0.0,0,0.0,0,10,synthetic
8,2026-06-03,dense_tight,clustered,60,21,184.9,134.0,optimizer+returns,OPTIMAL+OPTIMAL,6.936,4528821,5146370,527100,90449,12141.3,8209.0,21,0,8,122.5,29,31,62.4,0,0.0,0,0.0,0,10,synthetic
8,2026-06-03,dense_tight,clustered,60,21,184.9,134.0,optimizer_shared,OPTIMAL,25.418,4474597,5005800,432416,98786,9602.0,5774.1,21,9,0,117.1,35,25,67.8,0,0.0,0,0.0,0,9,synthetic
8,2026-06-03,dense_tight,clustered,60,21,184.9,134.0,optimizer_shared+returns,OPTIMAL+OPTIMAL,25.557,5149766,5712340,460108,102466,10380.1,6218.9,21,9,7,138.2,42,18,46.7,0,0.0,0,0.0,0,9,synthetic
8,2026-07-31,sparse,spread,6,8,16.1,48.0,rule,ok,0.001,852356,954440,93509,8575,2169.4,1659.2,6,0,0,16.1,6,0,0.0,0,0.0,0,0.0,0,1,synthetic
8,2026-07-31,sparse,spread,6,8,16.1,48.0,optimizer,OPTIMAL,0.031,863229,954440,82635,8575,2180.4,1670.2,6,0,0,16.1,6,0,0.0,0,0.0,0,0.0,0,1,synthetic
8,2026-07-31,sparse,spread,6,8,16.1,48.0,optimizer+returns,OPTIMAL+OPTIMAL,0.032,863229,954440,82635,8575,2180.4,1670.2,6,0,0,16.1,6,0,0.0,0,0.0,0,0.0,0,1,synthetic
8,2026-07-31,sparse,spread,6,8,16.1,48.0,optimizer_shared,OPTIMAL,0.034,881245,954440,63721,9474,1483.1,984.6,4,1,0,16.1,6,0,0.0,0,0.0,0,0.0,0,1,synthetic
8,2026-07-31,sparse,spread,6,8,16.1,48.0,optimizer_shared+returns,OPTIMAL+OPTIMAL,0.035,881245,954440,63721,9474,1483.1,984.6,4,1,0,16.1,6,0,0.0,0,0.0,0,0.0,0,1,synthetic
8,2026-07-31,sparse,clustered,6,8,25.8,45.5,rule,ok,0.0,1213870,1382720,158814,10036,3073.1,2714.6,5,0,0,23.2,5,1,2.6,0,0.0,0,0.0,0,3,synthetic
8,2026-07-31,sparse,clustered,6,8,25.8,45.5,optimizer,OPTIMAL,0.027,1215645,1382720,157039,10036,3044.0,2685.5,5,0,0,23.2,5,1,2.6,0,0.0,0,0.0,0,3,synthetic
8,2026-07-31,sparse,clustered,6,8,25.8,45.5,optimizer+returns,OPTIMAL+OPTIMAL,0.03,1364711,1537680,161929,11040,3172.7,2749.8,5,0,1,25.8,6,0,0.0,0,0.0,0,0.0,0,3,synthetic
8,2026-07-31,sparse,clustered,6,8,25.8,45.5,optimizer_shared,OPTIMAL,0.032,1215645,1382720,157039,10036,3044.0,2685.5,5,0,0,23.2,5,1,2.6,0,0.0,0,0.0,0,3,synthetic
8,2026-07-31,sparse,clustered,6,8,25.8,45.5,optimizer_shared+returns,OPTIMAL+OPTIMAL,0.034,1364711,1537680,161929,11040,3172.7,2749.8,5,0,1,25.8,6,0,0.0,0,0.0,0,0.0,0,3,synthetic
8,2026-07-31,medium,spread,20,18,79.2,94.5,rule,ok,0.002,3815087,4310040,431398,63555,10776.3,7820.0,18,0,0,72.5,18,2,6.7,0,0.0,1,20.55,1,10,synthetic
8,2026-07-31,medium,spread,20,18,79.2,94.5,optimizer,OPTIMAL,0.828,3884159,4362120,398285,79676,9704.8,6981.6,18,0,0,72.5,18,2,6.7,0,0.0,0,0.0,0,9,synthetic
8,2026-07-31,medium,spread,20,18,79.2,94.5,optimizer+returns,OPTIMAL+OPTIMAL,0.835,3941531,4423020,401435,80054,9817.3,7037.9,18,0,1,73.5,19,1,5.7,0,0.0,0,0.0,0,9,synthetic
8,2026-07-31,medium,spread,20,18,79.2,94.5,optimizer_shared,OPTIMAL,0.81,3961790,4423860,385521,76548,9237.1,6764.9,18,1,0,73.5,19,1,5.7,0,0.0,0,0.0,0,8,synthetic
8,2026-07-31,medium,spread,20,18,79.2,94.5,optimizer_shared+returns,OPTIMAL+OPTIMAL,0.812,3961790,4423860,385521,76548,9237.1,6764.9,18,1,0,73.5,19,1,5.7,0,0.0,0,0.0,0,8,synthetic
8,2026-07-31,medium,clustered,20,18,62.2,109.0,rule,ok,0.003,3324044,3667740,287325,56371,6854.8,4396.0,18,0,0,59.4,18,2,2.8,0,0.0,1,17.78,1,4,synthetic
8,2026-07-31,medium,clustered,20,18,62.2,109.0,optimizer,OPTIMAL,0.727,3339231,3632830,243354,50245,5757.2,3619.0,18,0,0,59.3,18,2,2.9,0,0.0,0,0.0,0,2,synthetic
8,2026-07-31,medium,clustered,20,18,62.2,109.0,optimizer+returns,OPTIMAL+OPTIMAL,0.744,3498539,3807490,256744,52207,6181.3,3831.0,18,0,2,62.2,20,0,0.0,0,0.0,0,0.0,0,2,synthetic
8,2026-07-31,medium,clustered,20,18,62.2,109.0,optimizer_shared,OPTIMAL,1.759,3530606,3775130,181432,63092,4150.8,2589.7,12,6,0,62.2,20,0,0.0,0,0.0,0,0.0,0,2,synthetic
8,2026-07-31,medium,clustered,20,18,62.2,109.0,optimizer_shared+returns,OPTIMAL+OPTIMAL,1.76,3530606,3775130,181432,63092,4150.8,2589.7,12,6,0,62.2,20,0,0.0,0,0.0,0,0.0,0,2,synthetic
8,2026-07-31,dense_tight,spread,60,30,231.5,163.0,rule,ok,0.006,7790166,8444770,534524,120080,13240.6,9442.6,30,0,0,139.8,30,30,91.7,0,0.0,2,65.03,2,13,synthetic
8,2026-07-31,dense_tight,spread,60,30,231.5,163.0,optimizer,FEASIBLE,23.839,7659551,8076350,355962,60838,8737.9,6566.9,30,0,0,139.7,30,30,91.8,0,0.0,0,0.0,0,5,synthetic
8,2026-07-31,dense_tight,spread,60,30,231.5,163.0,optimizer+returns,FEASIBLE+OPTIMAL,24.213,9806547,10404670,510518,87605,12667.7,8485.0,30,0,18,194.7,48,12,36.8,0,0.0,0,0.0,0,5,synthetic
8,2026-07-31,dense_tight,spread,60,30,231.5,163.0,optimizer_shared,FEASIBLE,20.556,8172010,8618450,362495,83944,8939.7,6393.4,30,11,0,154.4,43,17,77.1,0,0.0,0,0.0,0,4,synthetic
8,2026-07-31,dense_tight,spread,60,30,231.5,163.0,optimizer_shared+returns,FEASIBLE+OPTIMAL,20.652,9793127,10333940,441213,99601,10968.5,7363.7,30,11,11,195.3,54,6,36.2,0,0.0,0,0.0,0,4,synthetic
8,2026-07-31,dense_tight,clustered,60,26,193.8,136.5,rule,ok,0.006,6416864,7011200,486290,108046,13048.1,9276.6,26,0,0,112.0,26,34,81.8,0,0.0,1,87.28,1,8,synthetic
8,2026-07-31,dense_tight,clustered,60,26,193.8,136.5,optimizer,FEASIBLE,25.388,5460588,5931970,397084,74298,10313.1,8020.5,26,0,0,111.8,26,34,82.0,0,0.0,0,0.0,0,8,synthetic
8,2026-07-31,dense_tight,clustered,60,26,193.8,136.5,optimizer+returns,FEASIBLE+OPTIMAL,26.127,7363285,7950810,496263,91262,13069.2,9461.0,26,0,17,158.6,43,17,35.2,0,0.0,0,0.0,0,8,synthetic
8,2026-07-31,dense_tight,clustered,60,26,193.8,136.5,optimizer_shared,FEASIBLE,17.083,6358845,6870680,422732,89103,11063.0,8425.1,26,10,0,130.6,38,22,63.2,0,0.0,0,0.0,0,7,synthetic
8,2026-07-31,dense_tight,clustered,60,26,193.8,136.5,optimizer_shared+returns,FEASIBLE+OPTIMAL,17.452,8104687,8694450,491318,98445,12860.7,9409.6,26,10,16,178.9,54,6,14.9,0,0.0,0,0.0,0,7,synthetic
