seed,day,density,n_lots,n_vehicles,tons_offered,vehicle_capacity,method,status,solve_seconds,net_value,gross,transport_cost,spoilage_loss,vehicle_km,tons_shipped,lots_shipped,lots_unserved,tons_unserved,violations_spoilage_lots,violations_spoilage_tons,violations_mandi_over,violations_mandi_over_tons,violations_total,planned_net_value,data_provenance
1,2026-01-16,sparse,6,8,24.2,41.5,rule,ok,0.001,289786,333280,41494,2001,1037.7,24.2,6,0,0.0,0,0.0,0,0.0,0,300959,synthetic
1,2026-01-16,sparse,6,8,24.2,41.5,rule_mandis_opt_trucks,OPTIMAL,0.011,289786,333280,41494,2001,1037.7,24.2,6,0,0.0,0,0.0,0,0.0,0,300959,synthetic
1,2026-01-16,sparse,6,8,24.2,41.5,optimizer,OPTIMAL,0.019,289786,333280,41494,2001,1037.7,24.2,6,0,0.0,0,0.0,0,0.0,0,300959,synthetic
1,2026-01-16,sparse,6,8,24.2,41.5,optimizer_p10,OPTIMAL,0.017,281587,318850,35686,1578,884.8,24.2,6,0,0.0,0,0.0,0,0.0,0,298893,synthetic
1,2026-01-16,medium,20,18,62.3,94.5,rule,ok,0.003,498005,808720,303342,7373,7681.8,60.6,18,2,1.7,0,0.0,0,0.0,0,561308,synthetic
1,2026-01-16,medium,20,18,62.3,94.5,rule_mandis_opt_trucks,OPTIMAL,0.021,562882,732200,163194,6123,4373.5,54.1,16,4,8.2,0,0.0,0,0.0,0,612313,synthetic
1,2026-01-16,medium,20,18,62.3,94.5,optimizer,OPTIMAL,0.179,571384,783740,205730,6626,5492.9,57.4,17,3,4.9,0,0.0,0,0.0,0,612682,synthetic
1,2026-01-16,medium,20,18,62.3,94.5,optimizer_p10,OPTIMAL,0.108,568396,716270,142164,5710,3642.8,53.1,15,5,9.2,0,0.0,0,0.0,0,611084,synthetic
1,2026-01-16,dense_tight,60,29,234.1,169.5,rule,ok,0.011,1608609,2067480,443961,14910,10302.9,150.6,29,31,83.5,0,0.0,1,1.1,1,1722731,synthetic
1,2026-01-16,dense_tight,60,29,234.1,169.5,rule_mandis_opt_trucks,OPTIMAL,0.091,1774730,2083960,295536,13694,6976.7,146.6,29,31,87.5,0,0.0,1,6.5,1,1822260,synthetic
1,2026-01-16,dense_tight,60,29,234.1,169.5,optimizer,OPTIMAL,2.895,1750797,2060350,295439,14114,6904.4,146.6,29,31,87.5,0,0.0,0,0.0,0,1822486,synthetic
1,2026-01-16,dense_tight,60,29,234.1,169.5,optimizer_p10,OPTIMAL,2.118,1750797,2060350,295439,14114,6904.4,146.6,29,31,87.5,0,0.0,0,0.0,0,1822486,synthetic
1,2026-02-09,sparse,6,8,23.5,47.0,rule,ok,0.001,259550,380700,115743,5407,2576.4,23.5,6,0,0.0,0,0.0,0,0.0,0,320130,synthetic
1,2026-02-09,sparse,6,8,23.5,47.0,rule_mandis_opt_trucks,OPTIMAL,0.005,260965,380700,114328,5407,2572.4,23.5,6,0,0.0,0,0.0,0,0.0,0,321546,synthetic
1,2026-02-09,sparse,6,8,23.5,47.0,optimizer,OPTIMAL,0.02,256651,364170,102832,4688,2353.7,23.5,6,0,0.0,0,0.0,0,0.0,0,322313,synthetic
1,2026-02-09,sparse,6,8,23.5,47.0,optimizer_p10,OPTIMAL,0.018,256651,364170,102832,4688,2353.7,23.5,6,0,0.0,0,0.0,0,0.0,0,322313,synthetic
1,2026-02-09,medium,20,18,67.4,92.0,rule,ok,0.003,761139,1006830,234935,10756,6057.4,65.4,18,2,2.0,0,0.0,0,0.0,0,914987,synthetic
1,2026-02-09,medium,20,18,67.4,92.0,rule_mandis_opt_trucks,OPTIMAL,0.019,763960,1006830,232113,10756,6023.6,65.4,18,2,2.0,0,0.0,0,0.0,0,917809,synthetic
1,2026-02-09,medium,20,18,67.4,92.0,optimizer,OPTIMAL,0.162,758980,1022540,249640,13920,6344.2,65.4,18,2,2.0,0,0.0,0,0.0,0,922358,synthetic
1,2026-02-09,medium,20,18,67.4,92.0,optimizer_p10,OPTIMAL,0.128,760990,990300,219256,10054,5709.3,65.4,18,2,2.0,0,0.0,0,0.0,0,919895,synthetic
1,2026-02-09,dense_tight,60,27,210.1,150.0,rule,ok,0.009,1399418,1878110,453300,25392,10979.4,118.9,27,33,91.2,0,0.0,1,20.11,1,1692014,synthetic
1,2026-02-09,dense_tight,60,27,210.1,150.0,rule_mandis_opt_trucks,OPTIMAL,0.086,1455060,1860160,380059,25041,9346.8,118.5,27,33,91.6,0,0.0,1,16.01,1,1743033,synthetic
1,2026-02-09,dense_tight,60,27,210.1,150.0,optimizer,OPTIMAL,4.889,1440246,1807740,344684,22809,8328.6,118.5,27,33,91.6,0,0.0,0,0.0,0,1744152,synthetic
1,2026-02-09,dense_tight,60,27,210.1,150.0,optimizer_p10,OPTIMAL,3.193,1441640,1783300,320010,21649,7551.6,118.1,27,33,92.0,0,0.0,0,0.0,0,1739937,synthetic
1,2026-03-07,sparse,6,8,18.1,34.0,rule,ok,0.001,233361,304560,68633,2566,1959.2,18.1,6,0,0.0,0,0.0,0,0.0,0,246522,synthetic
1,2026-03-07,sparse,6,8,18.1,34.0,rule_mandis_opt_trucks,OPTIMAL,0.005,236490,304560,65504,2566,1939.6,18.1,6,0,0.0,0,0.0,0,0.0,0,249651,synthetic
1,2026-03-07,sparse,6,8,18.1,34.0,optimizer,OPTIMAL,0.019,228332,293360,62717,2311,1840.0,18.1,6,0,0.0,0,0.0,0,0.0,0,250680,synthetic
1,2026-03-07,sparse,6,8,18.1,34.0,optimizer_p10,OPTIMAL,0.019,218810,282160,61256,2094,1787.9,18.1,6,0,0.0,0,0.0,0,0.0,0,250336,synthetic
1,2026-03-07,medium,20,18,70.3,93.0,rule,ok,0.004,844083,1084510,231150,9277,6276.7,64.7,18,2,5.6,0,0.0,0,0.0,0,897119,synthetic
1,2026-03-07,medium,20,18,70.3,93.0,rule_mandis_opt_trucks,OPTIMAL,0.015,856764,1066550,201182,8604,5512.7,64.5,18,2,5.8,0,0.0,0,0.0,0,920378,synthetic
1,2026-03-07,medium,20,18,70.3,93.0,optimizer,OPTIMAL,0.272,833169,1033990,193049,7772,5325.0,64.5,18,2,5.8,0,0.0,0,0.0,0,923264,synthetic
1,2026-03-07,medium,20,18,70.3,93.0,optimizer_p10,OPTIMAL,0.177,794154,985310,184047,7109,5087.7,64.5,18,2,5.8,0,0.0,0,0.0,0,921127,synthetic
1,2026-03-07,dense_tight,60,27,195.6,139.5,rule,ok,0.01,1202420,1752370,537197,12752,13527.4,109.5,27,33,86.1,0,0.0,0,0.0,0,1383238,synthetic
1,2026-03-07,dense_tight,60,27,195.6,139.5,rule_mandis_opt_trucks,OPTIMAL,0.089,1337271,1730810,380399,13140,9316.3,106.3,27,33,89.3,0,0.0,0,0.0,0,1506963,synthetic
1,2026-03-07,dense_tight,60,27,195.6,139.5,optimizer,OPTIMAL,6.541,1326175,1714680,371925,16580,9084.3,106.3,27,33,89.3,0,0.0,0,0.0,0,1525322,synthetic
1,2026-03-07,dense_tight,60,27,195.6,139.5,optimizer_p10,OPTIMAL,4.13,1285816,1655420,353791,15814,8695.3,106.5,27,33,89.1,0,0.0,0,0.0,0,1521993,synthetic
1,2026-04-01,sparse,6,8,25.8,49.0,rule,ok,0.001,614743,717120,92769,9608,1868.5,25.8,6,0,0.0,0,0.0,0,0.0,0,549764,synthetic
1,2026-04-01,sparse,6,8,25.8,49.0,rule_mandis_opt_trucks,OPTIMAL,0.005,615816,717120,91696,9608,1890.5,25.8,6,0,0.0,0,0.0,0,0.0,0,550837,synthetic
1,2026-04-01,sparse,6,8,25.8,49.0,optimizer,OPTIMAL,0.019,615816,717120,91696,9608,1890.5,25.8,6,0,0.0,0,0.0,0,0.0,0,550837,synthetic
1,2026-04-01,sparse,6,8,25.8,49.0,optimizer_p10,OPTIMAL,0.016,566674,666420,87794,11951,1823.2,25.8,6,0,0.0,0,0.0,0,0.0,0,550762,synthetic
1,2026-04-01,medium,20,18,95.3,90.5,rule,ok,0.003,1172754,1397080,211011,13315,5349.8,54.5,14,6,40.8,0,0.0,0,0.0,0,1132814,synthetic
1,2026-04-01,medium,20,18,95.3,90.5,rule_mandis_opt_trucks,OPTIMAL,0.011,1273924,1461080,174100,13056,4581.1,54.3,14,6,41.0,0,0.0,0,0.0,0,1166975,synthetic
1,2026-04-01,medium,20,18,95.3,90.5,optimizer,OPTIMAL,0.13,1264875,1457880,177471,15534,4697.6,54.3,14,6,41.0,0,0.0,0,0.0,0,1176769,synthetic
1,2026-04-01,medium,20,18,95.3,90.5,optimizer_p10,OPTIMAL,0.143,1277827,1444720,155417,11476,4025.8,54.3,14,6,41.0,0,0.0,0,0.0,0,1172743,synthetic
1,2026-04-01,dense_tight,60,24,213.7,155.5,rule,ok,0.009,3030098,3572440,501419,40923,11586.0,129.5,24,36,84.2,0,0.0,1,16.6,1,2708328,synthetic
1,2026-04-01,dense_tight,60,24,213.7,155.5,rule_mandis_opt_trucks,OPTIMAL,0.11,3138649,3519940,346312,34979,7914.4,126.8,24,36,86.9,0,0.0,1,17.9,1,2801001,synthetic
1,2026-04-01,dense_tight,60,24,213.7,155.5,optimizer,FEASIBLE,10.275,3002118,3357130,321285,33727,7340.1,126.8,24,36,86.9,0,0.0,0,0.0,0,2742487,synthetic
1,2026-04-01,dense_tight,60,24,213.7,155.5,optimizer_p10,FEASIBLE,10.229,3060550,3405400,313407,31443,7072.9,126.7,24,36,87.0,0,0.0,0,0.0,0,2747534,synthetic
1,2026-04-25,sparse,6,8,22.9,50.5,rule,ok,0.002,495130,659520,146880,17509,3231.5,22.9,6,0,0.0,0,0.0,0,0.0,0,502841,synthetic
1,2026-04-25,sparse,6,8,22.9,50.5,rule_mandis_opt_trucks,OPTIMAL,0.01,495682,659520,146328,17509,3212.6,22.9,6,0,0.0,0,0.0,0,0.0,0,503393,synthetic
1,2026-04-25,sparse,6,8,22.9,50.5,optimizer,OPTIMAL,0.025,553181,649020,90946,4893,2088.5,22.9,6,0,0.0,0,0.0,0,0.0,0,490339,synthetic
1,2026-04-25,sparse,6,8,22.9,50.5,optimizer_p10,OPTIMAL,0.021,553181,649020,90946,4893,2088.5,22.9,6,0,0.0,0,0.0,0,0.0,0,490339,synthetic
1,2026-04-25,medium,20,18,73.8,97.0,rule,ok,0.006,1323765,1823040,444848,54428,11206.3,63.3,16,4,10.5,0,0.0,1,26.98,1,1345006,synthetic
1,2026-04-25,medium,20,18,73.8,97.0,rule_mandis_opt_trucks,OPTIMAL,0.032,1340197,1820160,427543,52420,10748.6,63.2,16,4,10.6,0,0.0,1,26.88,1,1361427,synthetic
1,2026-04-25,medium,20,18,73.8,97.0,optimizer,OPTIMAL,0.46,1557133,1775400,194974,23293,4893.6,62.8,16,4,11.0,0,0.0,0,0.0,0,1440047,synthetic
1,2026-04-25,medium,20,18,73.8,97.0,optimizer_p10,OPTIMAL,0.68,1577911,1792200,191774,22515,4809.4,62.8,16,4,11.0,0,0.0,0,0.0,0,1439474,synthetic
1,2026-04-25,dense_tight,60,23,204.1,143.0,rule,ok,0.009,2522443,3251520,638377,90701,14803.1,112.9,23,37,91.2,0,0.0,1,76.57,1,2560404,synthetic
1,2026-04-25,dense_tight,60,23,204.1,143.0,rule_mandis_opt_trucks,OPTIMAL,0.128,2557467,3242880,599632,85781,13937.7,112.6,23,37,91.5,0,0.0,1,76.27,1,2595384,synthetic
1,2026-04-25,dense_tight,60,23,204.1,143.0,optimizer,OPTIMAL,8.484,2913999,3277900,333782,30119,7795.1,112.6,23,37,91.5,0,0.0,0,0.0,0,2532965,synthetic
1,2026-04-25,dense_tight,60,23,204.1,143.0,optimizer_p10,OPTIMAL,4.251,2889693,3230130,310103,30334,7324.8,111.1,23,37,93.0,0,0.0,0,0.0,0,2531416,synthetic
1,2026-05-19,sparse,6,8,21.3,35.0,rule,ok,0.001,230369,287600,54308,2923,1429.2,10.0,4,2,11.3,0,0.0,0,0.0,0,246655,synthetic
1,2026-05-19,sparse,6,8,21.3,35.0,rule_mandis_opt_trucks,OPTIMAL,0.005,236191,287600,48487,2923,1429.9,10.0,4,2,11.3,0,0.0,0,0.0,0,252476,synthetic
1,2026-05-19,sparse,6,8,21.3,35.0,optimizer,OPTIMAL,0.016,250814,286450,34398,1238,926.7,10.0,4,2,11.3,0,0.0,0,0.0,0,257599,synthetic
1,2026-05-19,sparse,6,8,21.3,35.0,optimizer_p10,OPTIMAL,0.014,250814,286450,34398,1238,926.7,10.0,4,2,11.3,0,0.0,0,0.0,0,257599,synthetic
1,2026-05-19,medium,20,18,85.6,98.5,rule,ok,0.004,1503012,2019430,449280,67138,11002.0,73.6,16,4,12.0,0,0.0,1,34.15,1,1769764,synthetic
1,2026-05-19,medium,20,18,85.6,98.5,rule_mandis_opt_trucks,OPTIMAL,0.015,1523358,2011240,423472,64411,10283.3,73.3,16,4,12.3,0,0.0,1,33.85,1,1789302,synthetic
1,2026-05-19,medium,20,18,85.6,98.5,optimizer,OPTIMAL,0.696,1681905,1897970,198830,17235,5106.0,73.3,16,4,12.3,0,0.0,0,0.0,0,1782792,synthetic
1,2026-05-19,medium,20,18,85.6,98.5,optimizer_p10,OPTIMAL,1.054,1722729,1954070,209654,21687,5295.4,73.3,16,4,12.3,0,0.0,0,0.0,0,1776708,synthetic
1,2026-05-19,dense_tight,60,27,224.3,160.5,rule,ok,0.009,2894401,3678510,694753,89356,16733.9,132.8,27,33,91.5,0,0.0,1,78.55,1,3311151,synthetic
1,2026-05-19,dense_tight,60,27,224.3,160.5,rule_mandis_opt_trucks,OPTIMAL,0.11,2934209,3623330,608398,80723,14467.2,130.9,27,33,93.4,0,0.0,1,77.55,1,3359183,synthetic
1,2026-05-19,dense_tight,60,27,224.3,160.5,optimizer,FEASIBLE,10.383,3147835,3530230,342273,40122,7889.2,130.6,27,33,93.7,0,0.0,0,0.0,0,3331497,synthetic
1,2026-05-19,dense_tight,60,27,224.3,160.5,optimizer_p10,FEASIBLE,10.337,3195605,3609500,372192,41703,8377.4,130.4,27,33,93.9,0,0.0,0,0.0,0,3339520,synthetic
1,2026-06-13,sparse,6,8,25.9,31.5,rule,ok,0.001,668007,736290,61058,7225,1397.8,15.0,4,2,10.9,0,0.0,0,0.0,0,425707,synthetic
1,2026-06-13,sparse,6,8,25.9,31.5,rule_mandis_opt_trucks,OPTIMAL,0.014,550024,581670,26858,4788,764.4,13.8,4,2,12.1,0,0.0,0,0.0,0,442439,synthetic
1,2026-06-13,sparse,6,8,25.9,31.5,optimizer,OPTIMAL,0.017,550024,581670,26858,4788,764.4,13.8,4,2,12.1,0,0.0,0,0.0,0,442439,synthetic
1,2026-06-13,sparse,6,8,25.9,31.5,optimizer_p10,OPTIMAL,0.016,550024,581670,26858,4788,764.4,13.8,4,2,12.1,0,0.0,0,0.0,0,442439,synthetic
1,2026-06-13,medium,20,18,67.5,94.5,rule,ok,0.004,2726108,3027040,268290,32641,7086.7,65.8,18,2,1.7,0,0.0,0,0.0,0,1924193,synthetic
1,2026-06-13,medium,20,18,67.5,94.5,rule_mandis_opt_trucks,OPTIMAL,0.018,2737690,3027040,256709,32641,6833.6,65.8,18,2,1.7,0,0.0,0,0.0,0,1935775,synthetic
1,2026-06-13,medium,20,18,67.5,94.5,optimizer,OPTIMAL,0.535,2739077,3016330,242307,34946,6568.0,65.8,18,2,1.7,0,0.0,0,0.0,0,1949913,synthetic
1,2026-06-13,medium,20,18,67.5,94.5,optimizer_p10,OPTIMAL,0.393,2797875,3082930,245584,39472,6625.7,65.8,18,2,1.7,0,0.0,0,0.0,0,1948826,synthetic
1,2026-06-13,dense_tight,60,30,213.6,159.5,rule,ok,0.014,5898204,6334430,366464,69762,9554.2,136.3,30,30,77.3,0,0.0,1,7.0,1,4240032,synthetic
1,2026-06-13,dense_tight,60,30,213.6,159.5,rule_mandis_opt_trucks,OPTIMAL,0.107,5827589,6228980,333489,67902,8552.6,135.8,30,30,77.8,0,0.0,1,7.0,1,4254769,synthetic
1,2026-06-13,dense_tight,60,30,213.6,159.5,optimizer,OPTIMAL,9.678,5767644,6176480,337117,71719,8594.8,136.0,30,30,77.6,0,0.0,0,0.0,0,4259289,synthetic
1,2026-06-13,dense_tight,60,30,213.6,159.5,optimizer_p10,OPTIMAL,8.051,5767644,6176480,337117,71719,8594.8,136.0,30,30,77.6,0,0.0,0,0.0,0,4259289,synthetic
1,2026-07-08,sparse,6,8,34.9,36.5,rule,ok,0.001,1116728,1357160,189767,50664,4405.2,25.9,5,1,9.0,0,0.0,0,0.0,0,1134959,synthetic
1,2026-07-08,sparse,6,8,34.9,36.5,rule_mandis_opt_trucks,OPTIMAL,0.006,1195382,1357160,132898,28880,3344.9,25.9,5,1,9.0,0,0.0,0,0.0,0,1213917,synthetic
1,2026-07-08,sparse,6,8,34.9,36.5,optimizer,OPTIMAL,0.017,1195382,1357160,132898,28880,3344.9,25.9,5,1,9.0,0,0.0,0,0.0,0,1213917,synthetic
1,2026-07-08,sparse,6,8,34.9,36.5,optimizer_p10,OPTIMAL,0.016,1195382,1357160,132898,28880,3344.9,25.9,5,1,9.0,0,0.0,0,0.0,0,1213917,synthetic
1,2026-07-08,medium,20,18,77.0,84.0,rule,ok,0.003,2831875,3201640,287301,82464,7687.4,61.1,15,5,15.9,0,0.0,1,33.58,1,2875400,synthetic
1,2026-07-08,medium,20,18,77.0,84.0,rule_mandis_opt_trucks,OPTIMAL,0.019,2833838,3201640,285338,82464,7629.3,61.1,15,5,15.9,0,0.0,1,33.57,1,2877363,synthetic
1,2026-07-08,medium,20,18,77.0,84.0,optimizer,OPTIMAL,0.797,2428540,2617070,151506,37024,3768.2,61.1,15,5,15.9,0,0.0,0,0.0,0,2618106,synthetic
1,2026-07-08,medium,20,18,77.0,84.0,optimizer_p10,OPTIMAL,0.739,2428540,2617070,151506,37024,3768.2,61.1,15,5,15.9,0,0.0,0,0.0,0,2618106,synthetic
1,2026-07-08,dense_tight,60,24,197.3,139.0,rule,ok,0.009,4783169,5591080,677261,130650,16684.8,106.7,24,36,90.6,0,0.0,1,79.18,1,4859364,synthetic
1,2026-07-08,dense_tight,60,24,197.3,139.0,rule_mandis_opt_trucks,OPTIMAL,0.088,4820646,5570120,629426,120048,15592.2,106.3,24,36,91.0,0,0.0,1,78.77,1,4896696,synthetic
1,2026-07-08,dense_tight,60,24,197.3,139.0,optimizer,FEASIBLE,10.383,3801660,4160260,321879,36721,7956.2,105.4,24,36,91.9,0,0.0,0,0.0,0,4168985,synthetic
1,2026-07-08,dense_tight,60,24,197.3,139.0,optimizer_p10,FEASIBLE,10.326,3917870,4304800,350125,36804,8423.5,105.5,24,36,91.8,0,0.0,0,0.0,0,4180576,synthetic
1,2026-08-02,sparse,6,8,21.9,39.0,rule,ok,0.001,349014,473040,114406,9620,2798.2,14.6,5,1,7.3,0,0.0,0,0.0,0,450193,synthetic
1,2026-08-02,sparse,6,8,21.9,39.0,rule_mandis_opt_trucks,OPTIMAL,0.007,358077,473040,105343,9620,2897.8,14.6,5,1,7.3,0,0.0,0,0.0,0,459256,synthetic
1,2026-08-02,sparse,6,8,21.9,39.0,optimizer,OPTIMAL,0.019,367994,471780,94609,9177,2516.9,14.6,5,1,7.3,0,0.0,0,0.0,0,464628,synthetic
1,2026-08-02,sparse,6,8,21.9,39.0,optimizer_p10,OPTIMAL,0.018,375690,468980,86654,6636,2406.0,14.6,5,1,7.3,0,0.0,0,0.0,0,462580,synthetic
1,2026-08-02,medium,20,18,73.4,102.5,rule,ok,0.003,1794194,2306880,453933,58753,10862.4,71.2,18,2,2.2,0,0.0,1,40.41,1,2285033,synthetic
1,2026-08-02,medium,20,18,73.4,102.5,rule_mandis_opt_trucks,OPTIMAL,0.015,1811544,2306880,436583,58753,10388.8,71.2,18,2,2.2,0,0.0,1,40.41,1,2302382,synthetic
1,2026-08-02,medium,20,18,73.4,102.5,optimizer,OPTIMAL,1.145,1935998,2265570,295467,34105,7174.7,71.2,18,2,2.2,0,0.0,0,0.0,0,2176976,synthetic
1,2026-08-02,medium,20,18,73.4,102.5,optimizer_p10,OPTIMAL,0.707,1907878,2195720,260739,27103,6248.6,71.1,18,2,2.3,0,0.0,0,0.0,0,2172886,synthetic
1,2026-08-02,dense_tight,60,28,204.3,145.0,rule,ok,0.01,3157435,3888000,627022,103543,15690.0,120.0,28,32,84.3,0,0.0,1,89.21,1,3983704,synthetic
1,2026-08-02,dense_tight,60,28,204.3,145.0,rule_mandis_opt_trucks,OPTIMAL,0.112,3188127,3858840,578089,92624,14707.9,119.1,28,32,85.2,0,0.0,1,88.31,1,4010414,synthetic
1,2026-08-02,dense_tight,60,28,204.3,145.0,optimizer,FEASIBLE,10.545,3177551,3558100,347896,32652,8711.2,119.0,28,32,85.3,0,0.0,0,0.0,0,3529938,synthetic
1,2026-08-02,dense_tight,60,28,204.3,145.0,optimizer_p10,FEASIBLE,10.416,3122583,3459390,300949,35858,7414.5,118.7,28,32,85.6,0,0.0,0,0.0,0,3544446,synthetic
1,2026-08-27,sparse,6,8,15.6,25.0,rule,ok,0.003,353252,444640,84506,6882,2568.2,12.8,5,1,2.8,0,0.0,0,0.0,0,344269,synthetic
1,2026-08-27,sparse,6,8,15.6,25.0,rule_mandis_opt_trucks,OPTIMAL,0.006,356584,426240,65658,3998,2072.0,12.3,5,1,3.3,0,0.0,0,0.0,0,347688,synthetic
1,2026-08-27,sparse,6,8,15.6,25.0,optimizer,OPTIMAL,0.015,354798,442080,79119,8163,2552.8,12.3,5,1,3.3,0,0.0,0,0.0,0,349750,synthetic
1,2026-08-27,sparse,6,8,15.6,25.0,optimizer_p10,OPTIMAL,0.016,356584,426240,65658,3998,2072.0,12.3,5,1,3.3,0,0.0,0,0.0,0,347688,synthetic
1,2026-08-27,medium,20,18,64.6,113.5,rule,ok,0.004,1775084,2205320,395292,34943,9492.8,61.9,18,2,2.7,0,0.0,1,11.72,1,1744936,synthetic
1,2026-08-27,medium,20,18,64.6,113.5,rule_mandis_opt_trucks,OPTIMAL,0.032,1837429,2190600,319613,33558,7835.3,61.5,18,2,3.1,0,0.0,1,11.32,1,1807355,synthetic
1,2026-08-27,medium,20,18,64.6,113.5,optimizer,OPTIMAL,0.487,1805825,2098050,263902,28324,6372.9,61.5,18,2,3.1,0,0.0,0,0.0,0,1769496,synthetic
1,2026-08-27,medium,20,18,64.6,113.5,optimizer_p10,OPTIMAL,0.472,1805825,2098050,263902,28324,6372.9,61.5,18,2,3.1,0,0.0,0,0.0,0,1769496,synthetic
1,2026-08-27,dense_tight,60,27,194.7,145.0,rule,ok,0.017,3507620,4171720,602467,61633,15156.5,117.2,27,33,77.5,0,0.0,1,56.63,1,3449654,synthetic
1,2026-08-27,dense_tight,60,27,194.7,145.0,rule_mandis_opt_trucks,OPTIMAL,0.131,3607971,4182920,512758,62191,12683.5,116.5,27,33,78.2,0,0.0,1,61.53,1,3559098,synthetic
1,2026-08-27,dense_tight,60,27,194.7,145.0,optimizer,FEASIBLE,10.424,3270933,3682060,375420,35707,9470.5,116.6,27,33,78.1,0,0.0,0,0.0,0,3194473,synthetic
1,2026-08-27,dense_tight,60,27,194.7,145.0,optimizer_p10,FEASIBLE,10.393,3273499,3668170,358676,35995,9079.9,116.1,27,33,78.6,0,0.0,0,0.0,0,3191963,synthetic
2,2026-01-16,sparse,6,8,23.1,46.5,rule,ok,0.001,280631,378730,93925,4174,2082.5,23.1,6,0,0.0,0,0.0,0,0.0,0,367467,synthetic
2,2026-01-16,sparse,6,8,23.1,46.5,rule_mandis_opt_trucks,OPTIMAL,0.006,289396,378730,85160,4174,2099.1,23.1,6,0,0.0,0,0.0,0,0.0,0,376233,synthetic
2,2026-01-16,sparse,6,8,23.1,46.5,optimizer,OPTIMAL,0.029,296254,382370,82025,4090,2016.6,23.1,6,0,0.0,0,0.0,0,0.0,0,376435,synthetic
2,2026-01-16,sparse,6,8,23.1,46.5,optimizer_p10,OPTIMAL,0.021,309623,390300,76788,3889,1878.8,23.1,6,0,0.0,0,0.0,0,0.0,0,375237,synthetic
2,2026-01-16,medium,20,18,53.6,103.5,rule,ok,0.003,417845,854370,427299,9226,10217.9,51.9,18,2,1.7,0,0.0,1,0.58,1,616113,synthetic
2,2026-01-16,medium,20,18,53.6,103.5,rule_mandis_opt_trucks,OPTIMAL,0.022,531318,802340,262420,8602,6733.3,48.8,16,4,4.8,0,0.0,0,0.0,0,716856,synthetic
2,2026-01-16,medium,20,18,53.6,103.5,optimizer,OPTIMAL,0.192,569392,790240,213931,6917,5623.3,48.8,16,4,4.8,0,0.0,0,0.0,0,729955,synthetic
2,2026-01-16,medium,20,18,53.6,103.5,optimizer_p10,OPTIMAL,0.118,581722,781030,192880,6428,4983.0,47.7,15,5,5.9,0,0.0,0,0.0,0,723959,synthetic
2,2026-01-16,dense_tight,60,25,227.5,159.5,rule,ok,0.009,1698279,2157760,441422,18059,10210.2,132.2,25,35,95.3,0,0.0,1,61.28,1,2167561,synthetic
2,2026-01-16,dense_tight,60,25,227.5,159.5,rule_mandis_opt_trucks,OPTIMAL,0.094,1820467,2143900,305194,18238,7221.5,130.4,25,35,97.1,0,0.0,1,73.88,1,2312221,synthetic
2,2026-01-16,dense_tight,60,25,227.5,159.5,optimizer,FEASIBLE,10.305,1926688,2181410,239012,15710,5598.3,130.4,25,35,97.1,0,0.0,0,0.0,0,2248699,synthetic
2,2026-01-16,dense_tight,60,25,227.5,159.5,optimizer_p10,FEASIBLE,10.257,1924499,2179740,239813,15428,5588.1,130.4,25,35,97.1,0,0.0,0,0.0,0,2249162,synthetic
2,2026-02-09,sparse,6,8,28.2,43.0,rule,ok,0.002,309546,425490,112030,3914,2454.6,28.2,6,0,0.0,0,0.0,0,0.0,0,354199,synthetic
2,2026-02-09,sparse,6,8,28.2,43.0,rule_mandis_opt_trucks,OPTIMAL,0.007,310008,425490,111568,3914,2453.0,28.2,6,0,0.0,0,0.0,0,0.0,0,354660,synthetic
2,2026-02-09,sparse,6,8,28.2,43.0,optimizer,OPTIMAL,0.025,325718,438910,106704,6488,2344.3,28.2,6,0,0.0,0,0.0,0,0.0,0,381466,synthetic
2,2026-02-09,sparse,6,8,28.2,43.0,optimizer_p10,OPTIMAL,0.02,325564,433060,101133,6364,2145.3,28.2,6,0,0.0,0,0.0,0,0.0,0,380867,synthetic
2,2026-02-09,medium,20,18,56.6,88.0,rule,ok,0.006,642521,905890,254523,8846,6903.2,54.3,18,2,2.3,0,0.0,0,0.0,0,696463,synthetic
2,2026-02-09,medium,20,18,56.6,88.0,rule_mandis_opt_trucks,OPTIMAL,0.03,666519,881890,206749,8622,5785.8,52.7,17,3,3.9,0,0.0,0,0.0,0,716465,synthetic
2,2026-02-09,medium,20,18,56.6,88.0,optimizer,OPTIMAL,0.146,663225,863740,193324,7191,5432.5,52.7,17,3,3.9,0,0.0,0,0.0,0,716721,synthetic
2,2026-02-09,medium,20,18,56.6,88.0,optimizer_p10,OPTIMAL,0.085,654999,819540,159104,5438,4461.3,51.0,16,4,5.6,0,0.0,0,0.0,0,707909,synthetic
2,2026-02-09,dense_tight,60,26,198.5,140.0,rule,ok,0.009,1430477,1891340,443957,16905,11824.4,114.2,26,34,84.3,0,0.0,1,20.45,1,1556221,synthetic
2,2026-02-09,dense_tight,60,26,198.5,140.0,rule_mandis_opt_trucks,OPTIMAL,0.095,1501972,1818880,301882,15026,7580.0,110.8,26,34,87.7,0,0.0,1,22.85,1,1638348,synthetic
2,2026-02-09,dense_tight,60,26,198.5,140.0,optimizer,OPTIMAL,5.123,1484518,1835320,336055,14747,8379.2,112.2,26,34,86.3,0,0.0,0,0.0,0,1577415,synthetic
2,2026-02-09,dense_tight,60,26,198.5,140.0,optimizer_p10,OPTIMAL,5.116,1439674,1714350,261136,13539,6392.0,109.6,26,34,88.9,0,0.0,0,0.0,0,1557597,synthetic
2,2026-03-05,sparse,6,8,20.3,47.0,rule,ok,0.001,355735,455780,96024,4021,2638.9,20.3,6,0,0.0,0,0.0,0,0.0,0,318687,synthetic
2,2026-03-05,sparse,6,8,20.3,47.0,rule_mandis_opt_trucks,OPTIMAL,0.008,358870,428300,66174,3256,1862.8,19.1,5,1,1.2,0,0.0,0,0.0,0,323562,synthetic
2,2026-03-05,sparse,6,8,20.3,47.0,optimizer,OPTIMAL,0.022,371074,446580,71635,3871,1964.1,20.3,6,0,0.0,0,0.0,0,0.0,0,336208,synthetic
2,2026-03-05,sparse,6,8,20.3,47.0,optimizer_p10,OPTIMAL,0.02,371074,446580,71635,3871,1964.1,20.3,6,0,0.0,0,0.0,0,0.0,0,336208,synthetic
2,2026-03-05,medium,20,18,82.6,99.0,rule,ok,0.004,1294463,1601110,291501,15146,7277.6,73.4,17,3,9.2,0,0.0,0,0.0,0,1125710,synthetic
2,2026-03-05,medium,20,18,82.6,99.0,rule_mandis_opt_trucks,OPTIMAL,0.026,1325777,1585240,246106,13357,6214.4,72.6,17,3,10.0,0,0.0,0,0.0,0,1161019,synthetic
2,2026-03-05,medium,20,18,82.6,99.0,optimizer,OPTIMAL,0.292,1322546,1607150,262105,22499,6151.9,72.6,17,3,10.0,0,0.0,0,0.0,0,1196871,synthetic
2,2026-03-05,medium,20,18,82.6,99.0,optimizer_p10,OPTIMAL,0.183,1324105,1526660,190556,11999,4755.1,72.6,17,3,10.0,0,0.0,0,0.0,0,1171803,synthetic
2,2026-03-05,dense_tight,60,28,201.3,145.0,rule,ok,0.015,1945543,2585890,612042,28304,14921.0,113.3,28,32,88.0,0,0.0,1,37.97,1,1767955,synthetic
2,2026-03-05,dense_tight,60,28,201.3,145.0,rule_mandis_opt_trucks,OPTIMAL,0.106,2021273,2568290,519963,27054,12600.9,112.4,28,32,88.9,0,0.0,1,41.38,1,1848526,synthetic
2,2026-03-05,dense_tight,60,28,201.3,145.0,optimizer,OPTIMAL,9.75,1993034,2367680,359923,14723,8716.1,110.8,28,32,90.5,0,0.0,0,0.0,0,1814153,synthetic
2,2026-03-05,dense_tight,60,28,201.3,145.0,optimizer_p10,OPTIMAL,4.172,1967923,2269130,287328,13879,6958.6,107.6,28,32,93.7,0,0.0,0,0.0,0,1799555,synthetic
2,2026-03-30,sparse,6,8,25.8,41.5,rule,ok,0.001,639860,887520,215081,32579,4750.9,25.8,6,0,0.0,0,0.0,0,0.0,0,800535,synthetic
2,2026-03-30,sparse,6,8,25.8,41.5,rule_mandis_opt_trucks,OPTIMAL,0.006,641267,887520,213673,32579,4724.8,25.8,6,0,0.0,0,0.0,0,0.0,0,801943,synthetic
2,2026-03-30,sparse,6,8,25.8,41.5,optimizer,OPTIMAL,0.021,688650,850240,141710,19880,3212.9,25.8,6,0,0.0,0,0.0,0,0.0,0,780072,synthetic
2,2026-03-30,sparse,6,8,25.8,41.5,optimizer_p10,OPTIMAL,0.027,688651,850240,141709,19880,3212.9,25.8,6,0,0.0,0,0.0,0,0.0,0,780072,synthetic
2,2026-03-30,medium,20,18,72.4,85.5,rule,ok,0.006,1533799,2098400,499634,64967,13913.0,61.0,17,3,11.4,0,0.0,1,27.17,1,1915957,synthetic
2,2026-03-30,medium,20,18,72.4,85.5,rule_mandis_opt_trucks,OPTIMAL,0.015,1555632,2091520,478050,57838,13220.7,60.8,17,3,11.6,0,0.0,1,26.97,1,1937838,synthetic
2,2026-03-30,medium,20,18,72.4,85.5,optimizer,OPTIMAL,0.48,1668692,1966890,267491,30707,6974.0,61.0,17,3,11.4,0,0.0,0,0.0,0,1933938,synthetic
2,2026-03-30,medium,20,18,72.4,85.5,optimizer_p10,OPTIMAL,0.495,1678319,1964160,256676,29165,6587.7,61.0,17,3,11.4,0,0.0,0,0.0,0,1932325,synthetic
2,2026-03-30,dense_tight,60,26,196.2,142.0,rule,ok,0.016,2994925,4004160,860085,149150,21258.0,116.4,26,34,79.8,0,0.0,1,82.58,1,3719427,synthetic
2,2026-03-30,dense_tight,60,26,196.2,142.0,rule_mandis_opt_trucks,OPTIMAL,0.136,3066437,3980080,776210,137433,19090.7,115.7,26,34,80.5,0,0.0,1,81.88,1,3788616,synthetic
2,2026-03-30,dense_tight,60,26,196.2,142.0,optimizer,OPTIMAL,8.392,3314271,3708980,347705,47005,8294.2,115.3,26,34,80.9,0,0.0,0,0.0,0,3673665,synthetic
2,2026-03-30,dense_tight,60,26,196.2,142.0,optimizer_p10,OPTIMAL,6.943,3314271,3708980,347704,47005,8294.2,115.3,26,34,80.9,0,0.0,0,0.0,0,3673666,synthetic
2,2026-04-26,sparse,6,8,17.7,45.5,rule,ok,0.001,570997,705410,128254,6160,3195.4,17.7,6,0,0.0,0,0.0,0,0.0,0,531324,synthetic
2,2026-04-26,sparse,6,8,17.7,45.5,rule_mandis_opt_trucks,OPTIMAL,0.007,584024,705410,115226,6160,3153.1,17.7,6,0,0.0,0,0.0,0,0.0,0,544351,synthetic
2,2026-04-26,sparse,6,8,17.7,45.5,optimizer,OPTIMAL,0.025,623666,741490,110252,7572,2975.4,17.7,6,0,0.0,0,0.0,0,0.0,0,549273,synthetic
2,2026-04-26,sparse,6,8,17.7,45.5,optimizer_p10,OPTIMAL,0.023,623666,741490,110252,7572,2975.4,17.7,6,0,0.0,0,0.0,0,0.0,0,549273,synthetic
2,2026-04-26,medium,20,18,78.6,109.0,rule,ok,0.003,2203301,2651940,411246,37393,9256.8,73.0,18,2,5.6,0,0.0,1,15.02,1,2285675,synthetic
2,2026-04-26,medium,20,18,78.6,109.0,rule_mandis_opt_trucks,OPTIMAL,0.025,2224547,2651940,390000,37393,9256.8,73.0,18,2,5.6,0,0.0,1,15.02,1,2306921,synthetic
2,2026-04-26,medium,20,18,78.6,109.0,optimizer,OPTIMAL,1.306,2453574,2878470,374845,50052,8911.9,73.0,18,2,5.6,0,0.0,0,0.0,0,2313183,synthetic
2,2026-04-26,medium,20,18,78.6,109.0,optimizer_p10,OPTIMAL,1.066,2460143,2852520,353520,38857,8534.7,73.0,18,2,5.6,0,0.0,0,0.0,0,2312079,synthetic
2,2026-04-26,dense_tight,60,27,222.1,163.0,rule,ok,0.016,5173128,5752100,517708,61264,11931.5,136.6,27,33,85.5,0,0.0,2,56.1,2,4581122,synthetic
2,2026-04-26,dense_tight,60,27,222.1,163.0,rule_mandis_opt_trucks,OPTIMAL,0.135,5165617,5624400,398663,60120,9481.8,136.4,27,33,85.7,0,0.0,2,59.7,2,4683246,synthetic
2,2026-04-26,dense_tight,60,27,222.1,163.0,optimizer,FEASIBLE,10.572,4847225,5320350,408325,64799,9683.7,136.4,27,33,85.7,0,0.0,0,0.0,0,4581060,synthetic
2,2026-04-26,dense_tight,60,27,222.1,163.0,optimizer_p10,FEASIBLE,10.367,4849227,5238870,341490,48153,8153.0,135.4,27,33,86.7,0,0.0,0,0.0,0,4526497,synthetic
2,2026-05-20,sparse,6,8,14.7,51.5,rule,ok,0.001,534186,665250,122636,8429,2963.3,14.7,6,0,0.0,0,0.0,0,0.0,0,449205,synthetic
2,2026-05-20,sparse,6,8,14.7,51.5,rule_mandis_opt_trucks,OPTIMAL,0.007,552435,665250,104387,8429,2741.8,14.7,6,0,0.0,0,0.0,0,0.0,0,467454,synthetic
2,2026-05-20,sparse,6,8,14.7,51.5,optimizer,OPTIMAL,0.025,603881,689320,79259,6180,2058.9,14.7,6,0,0.0,0,0.0,0,0.0,0,475486,synthetic
2,2026-05-20,sparse,6,8,14.7,51.5,optimizer_p10,OPTIMAL,0.024,530043,611570,77904,3623,1988.9,14.7,6,0,0.0,0,0.0,0,0.0,0,456584,synthetic
2,2026-05-20,medium,20,18,63.8,116.0,rule,ok,0.003,2440952,2861760,362924,57885,8145.2,61.8,18,2,2.0,0,0.0,2,2.27,2,2023288,synthetic
2,2026-05-20,medium,20,18,63.8,116.0,rule_mandis_opt_trucks,OPTIMAL,0.024,2476975,2861760,326900,57885,7424.7,61.8,18,2,2.0,0,0.0,2,2.28,2,2059311,synthetic
2,2026-05-20,medium,20,18,63.8,116.0,optimizer,OPTIMAL,0.433,2532412,2848980,274929,41638,6324.1,61.8,18,2,2.0,0,0.0,0,0.0,0,2058838,synthetic
2,2026-05-20,medium,20,18,63.8,116.0,optimizer_p10,OPTIMAL,0.376,2320520,2588600,236413,31667,5436.8,61.8,18,2,2.0,0,0.0,0,0.0,0,1973076,synthetic
2,2026-05-20,dense_tight,60,37,242.2,171.0,rule,ok,0.01,5863512,6599070,617469,118090,16736.5,142.7,37,23,99.5,0,0.0,2,76.08,2,4828481,synthetic
2,2026-05-20,dense_tight,60,37,242.2,171.0,rule_mandis_opt_trucks,OPTIMAL,0.123,5930844,6587550,541850,114856,14680.2,142.5,37,23,99.7,0,0.0,2,75.88,2,4891444,synthetic
2,2026-05-20,dense_tight,60,37,242.2,171.0,optimizer,FEASIBLE,10.365,5438397,5952870,440512,73962,11824.9,142.2,37,23,100.0,0,0.0,0,0.0,0,4725860,synthetic
2,2026-05-20,dense_tight,60,37,242.2,171.0,optimizer_p10,FEASIBLE,10.353,5424682,5895620,401283,69655,10753.9,141.9,37,23,100.3,0,0.0,0,0.0,0,4719605,synthetic
2,2026-06-13,sparse,6,8,23.9,45.5,rule,ok,0.001,1122262,1319460,163662,33536,3692.6,23.9,6,0,0.0,0,0.0,0,0.0,0,836226,synthetic
2,2026-06-13,sparse,6,8,23.9,45.5,rule_mandis_opt_trucks,OPTIMAL,0.005,1148984,1319460,136939,33536,3521.7,23.9,6,0,0.0,0,0.0,0,0.0,0,862949,synthetic
2,2026-06-13,sparse,6,8,23.9,45.5,optimizer,OPTIMAL,0.03,973051,1076610,87732,15827,2242.3,23.9,6,0,0.0,0,0.0,0,0.0,0,865052,synthetic
2,2026-06-13,sparse,6,8,23.9,45.5,optimizer_p10,OPTIMAL,0.027,976461,1079460,88078,14920,2254.7,23.9,6,0,0.0,0,0.0,0,0.0,0,863861,synthetic
2,2026-06-13,medium,20,18,71.8,115.0,rule,ok,0.004,3109404,3546900,360982,76514,8783.2,68.9,18,2,2.9,0,0.0,1,22.25,1,2474677,synthetic
2,2026-06-13,medium,20,18,71.8,115.0,rule_mandis_opt_trucks,OPTIMAL,0.029,3133247,3546900,337139,76514,8336.5,68.9,18,2,2.9,0,0.0,1,22.25,1,2498520,synthetic
2,2026-06-13,medium,20,18,71.8,115.0,optimizer,OPTIMAL,1.278,2806553,3117710,262556,48602,6394.0,68.9,18,2,2.9,0,0.0,0,0.0,0,2487927,synthetic
2,2026-06-13,medium,20,18,71.8,115.0,optimizer_p10,OPTIMAL,0.86,2806082,3104730,252243,46405,6235.5,68.9,18,2,2.9,0,0.0,0,0.0,0,2485067,synthetic
2,2026-06-13,dense_tight,60,37,236.3,169.5,rule,ok,0.01,6604547,7594800,811401,178853,21938.5,144.1,37,23,92.2,0,0.0,1,85.65,1,5171901,synthetic
2,2026-06-13,dense_tight,60,37,236.3,169.5,rule_mandis_opt_trucks,OPTIMAL,0.131,6652363,7561020,732225,176432,19510.0,143.9,37,23,92.4,0,0.0,1,83.95,1,5238471,synthetic
2,2026-06-13,dense_tight,60,37,236.3,169.5,optimizer,FEASIBLE,10.506,5206244,5772030,490726,75060,12956.0,144.0,37,23,92.3,0,0.0,0,0.0,0,4923164,synthetic
2,2026-06-13,dense_tight,60,37,236.3,169.5,optimizer_p10,FEASIBLE,10.345,3324755,4286930,852720,109455,23914.0,119.4,37,23,116.9,0,0.0,0,0.0,0,3070900,synthetic
2,2026-07-09,sparse,6,8,19.2,34.0,rule,ok,0.001,397799,552720,140558,14363,3919.4,19.2,6,0,0.0,0,0.0,0,0.0,0,602301,synthetic
2,2026-07-09,sparse,6,8,19.2,34.0,rule_mandis_opt_trucks,OPTIMAL,0.006,400332,552720,138025,14363,3829.3,19.2,6,0,0.0,0,0.0,0,0.0,0,604834,synthetic
2,2026-07-09,sparse,6,8,19.2,34.0,optimizer,OPTIMAL,0.018,451253,536980,78491,7236,2105.7,19.2,6,0,0.0,0,0.0,0,0.0,0,626908,synthetic
2,2026-07-09,sparse,6,8,19.2,34.0,optimizer_p10,OPTIMAL,0.03,451253,536980,78491,7236,2105.7,19.2,6,0,0.0,0,0.0,0,0.0,0,626908,synthetic
2,2026-07-09,medium,20,18,61.1,92.0,rule,ok,0.005,1252495,1658180,372393,33293,9536.5,58.6,18,2,2.5,0,0.0,0,0.0,0,1792924,synthetic
2,2026-07-09,medium,20,18,61.1,92.0,rule_mandis_opt_trucks,OPTIMAL,0.025,1316284,1655310,306462,32564,7952.4,58.5,18,2,2.6,0,0.0,0,0.0,0,1855892,synthetic
2,2026-07-09,medium,20,18,61.1,92.0,optimizer,OPTIMAL,0.814,1358506,1623200,240830,23864,6271.0,58.5,18,2,2.6,0,0.0,0,0.0,0,1866438,synthetic
2,2026-07-09,medium,20,18,61.1,92.0,optimizer_p10,OPTIMAL,0.837,1355524,1623650,241290,26836,6288.8,58.4,18,2,2.7,0,0.0,0,0.0,0,1864905,synthetic
2,2026-07-09,dense_tight,60,26,208.3,154.5,rule,ok,0.009,2944034,3577190,558092,75064,13178.0,124.5,26,34,83.8,0,0.0,2,56.68,2,4193968,synthetic
2,2026-07-09,dense_tight,60,26,208.3,154.5,rule_mandis_opt_trucks,OPTIMAL,0.103,3008886,3570650,487629,74136,11699.8,124.1,26,34,84.2,0,0.0,2,58.17,2,4263170,synthetic
2,2026-07-09,dense_tight,60,26,208.3,154.5,optimizer,FEASIBLE,10.437,3092662,3473580,341373,39545,8169.7,124.1,26,34,84.2,0,0.0,0,0.0,0,4073544,synthetic
2,2026-07-09,dense_tight,60,26,208.3,154.5,optimizer_p10,FEASIBLE,10.51,3026029,3400820,334625,40166,7875.0,124.1,26,34,84.2,0,0.0,0,0.0,0,4071847,synthetic
2,2026-08-02,sparse,6,8,21.9,51.0,rule,ok,0.001,528039,637360,102233,7088,2053.2,21.9,6,0,0.0,0,0.0,0,0.0,0,591721,synthetic
2,2026-08-02,sparse,6,8,21.9,51.0,rule_mandis_opt_trucks,OPTIMAL,0.009,528635,637360,101637,7088,2047.7,21.9,6,0,0.0,0,0.0,0,0.0,0,592317,synthetic
2,2026-08-02,sparse,6,8,21.9,51.0,optimizer,OPTIMAL,0.039,539554,628470,77939,10977,1516.5,21.9,6,0,0.0,0,0.0,0,0.0,0,618454,synthetic
2,2026-08-02,sparse,6,8,21.9,51.0,optimizer_p10,OPTIMAL,0.04,539554,628470,77939,10977,1516.5,21.9,6,0,0.0,0,0.0,0,0.0,0,618454,synthetic
2,2026-08-02,medium,20,18,82.3,81.5,rule,ok,0.006,1366305,1691210,301205,23700,8087.2,58.4,16,4,23.9,0,0.0,0,0.0,0,1525134,synthetic
2,2026-08-02,medium,20,18,82.3,81.5,rule_mandis_opt_trucks,OPTIMAL,0.029,1375016,1691210,292494,23700,7873.3,58.4,16,4,23.9,0,0.0,0,0.0,0,1533846,synthetic
2,2026-08-02,medium,20,18,82.3,81.5,optimizer,OPTIMAL,0.341,1402169,1709180,274165,32846,7409.8,58.4,16,4,23.9,0,0.0,0,0.0,0,1556837,synthetic
2,2026-08-02,medium,20,18,82.3,81.5,optimizer_p10,OPTIMAL,0.388,1404485,1713680,275681,33513,7464.0,58.4,16,4,23.9,0,0.0,0,0.0,0,1556313,synthetic
2,2026-08-02,dense_tight,60,23,171.8,124.5,rule,ok,0.02,2332983,2743360,379419,30957,9632.1,96.1,23,37,75.7,0,0.0,2,16.75,2,2682791,synthetic
2,2026-08-02,dense_tight,60,23,171.8,124.5,rule_mandis_opt_trucks,OPTIMAL,0.125,2372302,2746730,342679,31749,8435.0,95.9,23,37,75.9,0,0.0,2,10.85,2,2706850,synthetic
2,2026-08-02,dense_tight,60,23,171.8,124.5,optimizer,OPTIMAL,6.458,2368345,2715550,317271,29935,7868.2,95.9,23,37,75.9,0,0.0,0,0.0,0,2708362,synthetic
2,2026-08-02,dense_tight,60,23,171.8,124.5,optimizer_p10,FEASIBLE,10.331,2368220,2715360,316725,30415,7848.7,95.9,23,37,75.9,0,0.0,0,0.0,0,2706850,synthetic
2,2026-08-27,sparse,6,8,26.9,49.0,rule,ok,0.002,1240749,1409560,140359,28452,2909.6,26.9,6,0,0.0,0,0.0,0,0.0,0,909406,synthetic
2,2026-08-27,sparse,6,8,26.9,49.0,rule_mandis_opt_trucks,OPTIMAL,0.007,1268614,1409560,112494,28452,2913.2,26.9,6,0,0.0,0,0.0,0,0.0,0,937271,synthetic
2,2026-08-27,sparse,6,8,26.9,49.0,optimizer,OPTIMAL,0.036,1268614,1409560,112494,28452,2913.2,26.9,6,0,0.0,0,0.0,0,0.0,0,937271,synthetic
2,2026-08-27,sparse,6,8,26.9,49.0,optimizer_p10,OPTIMAL,0.036,1268614,1409560,112494,28452,2913.2,26.9,6,0,0.0,0,0.0,0,0.0,0,937271,synthetic
2,2026-08-27,medium,20,18,66.8,93.0,rule,ok,0.006,2774142,3364080,485311,104627,12527.6,64.2,18,2,2.6,0,0.0,1,25.4,1,1992162,synthetic
2,2026-08-27,medium,20,18,66.8,93.0,rule_mandis_opt_trucks,OPTIMAL,0.031,2776349,3327400,451269,99782,11475.8,63.5,18,2,3.3,0,0.0,1,24.7,1,2002007,synthetic
2,2026-08-27,medium,20,18,66.8,93.0,optimizer,OPTIMAL,0.433,2911647,3356160,361634,82879,9417.9,63.5,18,2,3.3,0,0.0,0,0.0,0,1967397,synthetic
2,2026-08-27,medium,20,18,66.8,93.0,optimizer_p10,OPTIMAL,0.446,2911647,3356160,361634,82879,9417.9,63.5,18,2,3.3,0,0.0,0,0.0,0,1967397,synthetic
2,2026-08-27,dense_tight,60,30,206.9,145.0,rule,ok,0.01,5470570,6209400,595886,142943,15725.5,118.5,30,30,88.4,0,0.0,1,79.7,1,4015158,synthetic
2,2026-08-27,dense_tight,60,30,206.9,145.0,rule_mandis_opt_trucks,OPTIMAL,0.09,5487379,6204160,582536,134245,15383.0,118.4,30,30,88.5,0,0.0,1,79.6,1,4031137,synthetic
2,2026-08-27,dense_tight,60,30,206.9,145.0,optimizer,FEASIBLE,10.318,5589238,6049760,379022,81500,9588.8,118.5,30,30,88.4,0,0.0,0,0.0,0,3715241,synthetic
2,2026-08-27,dense_tight,60,30,206.9,145.0,optimizer_p10,FEASIBLE,10.341,5625901,6051100,350824,74375,8955.2,118.3,30,30,88.6,0,0.0,0,0.0,0,3743696,synthetic
3,2026-01-16,sparse,6,8,14.8,52.0,rule,ok,0.001,338903,536200,182189,15108,3847.9,14.8,6,0,0.0,0,0.0,0,0.0,0,241979,synthetic
3,2026-01-16,sparse,6,8,14.8,52.0,rule_mandis_opt_trucks,OPTIMAL,0.007,350432,536200,170661,15108,3803.0,14.8,6,0,0.0,0,0.0,0,0.0,0,253508,synthetic
3,2026-01-16,sparse,6,8,14.8,52.0,optimizer,OPTIMAL,0.021,278322,379120,94258,6540,2192.1,14.8,6,0,0.0,0,0.0,0,0.0,0,265434,synthetic
3,2026-01-16,sparse,6,8,14.8,52.0,optimizer_p10,OPTIMAL,0.02,278322,379120,94258,6540,2192.1,14.8,6,0,0.0,0,0.0,0,0.0,0,265434,synthetic
3,2026-01-16,medium,20,18,84.1,94.5,rule,ok,0.004,2104373,2710820,535648,70800,13552.0,75.2,18,2,8.9,0,0.0,1,20.17,1,1595223,synthetic
3,2026-01-16,medium,20,18,84.1,94.5,rule_mandis_opt_trucks,OPTIMAL,0.026,2117725,2678060,496263,64072,12857.7,74.3,18,2,9.8,0,0.0,1,19.27,1,1613250,synthetic
3,2026-01-16,medium,20,18,84.1,94.5,optimizer,OPTIMAL,0.27,2015313,2345090,298514,31263,7765.6,74.3,18,2,9.8,0,0.0,0,0.0,0,1571895,synthetic
3,2026-01-16,medium,20,18,84.1,94.5,optimizer_p10,OPTIMAL,0.193,1943385,2289650,313709,32557,8027.6,74.3,18,2,9.8,0,0.0,0,0.0,0,1569737,synthetic
3,2026-01-16,dense_tight,60,29,235.4,169.5,rule,ok,0.01,4289945,5108040,728690,89405,17884.4,142.2,29,31,93.2,0,0.0,1,77.28,1,3298548,synthetic
3,2026-01-16,dense_tight,60,29,235.4,169.5,rule_mandis_opt_trucks,OPTIMAL,0.095,4302232,5100760,713721,84807,17531.5,142.0,29,31,93.4,0,0.0,1,77.07,1,3311317,synthetic
3,2026-01-16,dense_tight,60,29,235.4,169.5,optimizer,OPTIMAL,9.085,4004953,4408490,377549,25988,9227.9,141.9,29,31,93.5,0,0.0,0,0.0,0,3160356,synthetic
3,2026-01-16,dense_tight,60,29,235.4,169.5,optimizer_p10,FEASIBLE,10.192,3979078,4415330,406375,29877,9843.2,141.9,29,31,93.5,0,0.0,0,0.0,0,3150091,synthetic
3,2026-02-08,sparse,6,8,20.3,39.0,rule,ok,0.001,359299,484880,116466,9115,2683.8,20.3,6,0,0.0,0,0.0,0,0.0,0,531300,synthetic
3,2026-02-08,sparse,6,8,20.3,39.0,rule_mandis_opt_trucks,OPTIMAL,0.005,364473,484880,111292,9115,2698.2,20.3,6,0,0.0,0,0.0,0,0.0,0,536474,synthetic
3,2026-02-08,sparse,6,8,20.3,39.0,optimizer,OPTIMAL,0.018,364473,484880,111292,9115,2698.2,20.3,6,0,0.0,0,0.0,0,0.0,0,536474,synthetic
3,2026-02-08,sparse,6,8,20.3,39.0,optimizer_p10,OPTIMAL,0.018,364473,484880,111292,9115,2698.2,20.3,6,0,0.0,0,0.0,0,0.0,0,536474,synthetic
3,2026-02-08,medium,20,18,63.8,76.5,rule,ok,0.003,1062698,1452880,356086,34095,9933.3,57.2,18,2,6.6,0,0.0,1,27.95,1,1523197,synthetic
3,2026-02-08,medium,20,18,63.8,76.5,rule_mandis_opt_trucks,OPTIMAL,0.028,1080158,1452880,338626,34095,9512.2,57.2,18,2,6.6,0,0.0,1,27.95,1,1540657,synthetic
3,2026-02-08,medium,20,18,63.8,76.5,optimizer,OPTIMAL,0.352,1084299,1325160,224663,16198,6087.3,57.2,18,2,6.6,0,0.0,0,0.0,0,1513310,synthetic
3,2026-02-08,medium,20,18,63.8,76.5,optimizer_p10,OPTIMAL,0.45,1065236,1321820,241736,14848,6650.3,57.2,18,2,6.6,0,0.0,0,0.0,0,1499687,synthetic
3,2026-02-08,dense_tight,60,25,170.0,119.5,rule,ok,0.009,1879816,2379240,464029,35394,12551.4,96.3,25,35,73.7,0,0.0,1,60.75,1,2678765,synthetic
3,2026-02-08,dense_tight,60,25,170.0,119.5,rule_mandis_opt_trucks,OPTIMAL,0.101,1921841,2369080,417960,29279,11071.5,95.9,25,35,74.1,0,0.0,1,60.35,1,2719477,synthetic
3,2026-02-08,dense_tight,60,25,170.0,119.5,optimizer,FEASIBLE,10.373,1786607,2083240,281349,15284,7474.4,96.1,25,35,73.9,0,0.0,0,0.0,0,2578395,synthetic
3,2026-02-08,dense_tight,60,25,170.0,119.5,optimizer_p10,FEASIBLE,10.339,1787003,2081420,279266,15151,7399.7,96.0,25,35,74.0,0,0.0,0,0.0,0,2578258,synthetic
3,2026-03-03,sparse,6,8,19.6,53.5,rule,ok,0.001,255940,456680,189151,11589,3820.2,19.6,6,0,0.0,0,0.0,0,0.0,0,285694,synthetic
3,2026-03-03,sparse,6,8,19.6,53.5,rule_mandis_opt_trucks,OPTIMAL,0.006,285824,428720,131943,10953,3045.4,18.4,5,1,1.2,0,0.0,0,0.0,0,313752,synthetic
3,2026-03-03,sparse,6,8,19.6,53.5,optimizer,OPTIMAL,0.022,338767,417080,73513,4800,1678.0,19.6,6,0,0.0,0,0.0,0,0.0,0,344252,synthetic
3,2026-03-03,sparse,6,8,19.6,53.5,optimizer_p10,OPTIMAL,0.016,338767,417080,73513,4800,1678.0,19.6,6,0,0.0,0,0.0,0,0.0,0,344252,synthetic
3,2026-03-03,medium,20,18,78.7,118.0,rule,ok,0.004,1279618,1789440,476311,33511,10883.0,76.8,18,2,1.9,0,0.0,1,26.64,1,1397002,synthetic
3,2026-03-03,medium,20,18,78.7,118.0,rule_mandis_opt_trucks,OPTIMAL,0.018,1301566,1759150,424307,33277,9920.0,75.5,17,3,3.2,0,0.0,1,25.34,1,1416941,synthetic
3,2026-03-03,medium,20,18,78.7,118.0,optimizer,OPTIMAL,0.353,1414682,1701980,265841,21458,5962.5,76.6,18,2,2.1,0,0.0,0,0.0,0,1475136,synthetic
3,2026-03-03,medium,20,18,78.7,118.0,optimizer_p10,OPTIMAL,0.277,1410322,1689980,258444,21213,5835.8,76.6,18,2,2.1,0,0.0,0,0.0,0,1473073,synthetic
3,2026-03-03,dense_tight,60,29,184.6,131.0,rule,ok,0.01,1675587,2486110,757917,52606,20544.1,106.7,29,31,77.9,0,0.0,1,56.54,1,1838267,synthetic
3,2026-03-03,dense_tight,60,29,184.6,131.0,rule_mandis_opt_trucks,OPTIMAL,0.106,1724082,2469800,694923,50795,19034.1,106.0,29,31,78.6,0,0.0,1,55.84,1,1885792,synthetic
3,2026-03-03,dense_tight,60,29,184.6,131.0,optimizer,OPTIMAL,5.866,1868682,2288010,395759,23569,10550.7,105.9,29,31,78.7,0,0.0,0,0.0,0,1920739,synthetic
3,2026-03-03,dense_tight,60,29,184.6,131.0,optimizer_p10,OPTIMAL,4.898,1859885,2187180,306490,20805,8204.6,103.8,29,31,80.8,0,0.0,0,0.0,0,1906315,synthetic
3,2026-03-27,sparse,6,8,17.1,57.5,rule,ok,0.001,294443,499320,188072,16805,3780.4,17.1,6,0,0.0,0,0.0,0,0.0,0,393639,synthetic
3,2026-03-27,sparse,6,8,17.1,57.5,rule_mandis_opt_trucks,OPTIMAL,0.008,326760,499320,155755,16805,3847.4,17.1,6,0,0.0,0,0.0,0,0.0,0,425956,synthetic
3,2026-03-27,sparse,6,8,17.1,57.5,optimizer,OPTIMAL,0.025,388018,467640,74287,5335,1847.4,17.1,6,0,0.0,0,0.0,0,0.0,0,400612,synthetic
3,2026-03-27,sparse,6,8,17.1,57.5,optimizer_p10,OPTIMAL,0.025,388018,467640,74287,5335,1847.4,17.1,6,0,0.0,0,0.0,0,0.0,0,400612,synthetic
3,2026-03-27,medium,20,18,70.1,86.5,rule,ok,0.004,1015746,1524240,468682,39812,12394.7,52.2,17,3,17.9,0,0.0,1,5.77,1,1320916,synthetic
3,2026-03-27,medium,20,18,70.1,86.5,rule_mandis_opt_trucks,OPTIMAL,0.025,1065378,1486280,384620,36282,10453.0,50.9,16,4,19.2,0,0.0,1,4.48,1,1363471,synthetic
3,2026-03-27,medium,20,18,70.1,86.5,optimizer,OPTIMAL,0.162,1163073,1444140,264084,16982,7356.1,51.9,17,3,18.2,0,0.0,0,0.0,0,1322197,synthetic
3,2026-03-27,medium,20,18,70.1,86.5,optimizer_p10,OPTIMAL,0.154,1167370,1414940,231499,16071,6318.5,50.9,16,4,19.2,0,0.0,0,0.0,0,1320677,synthetic
3,2026-03-27,dense_tight,60,29,220.9,158.0,rule,ok,0.01,3118929,3901120,688245,93946,16769.8,133.6,29,31,87.3,0,0.0,1,87.17,1,3901614,synthetic
3,2026-03-27,dense_tight,60,29,220.9,158.0,rule_mandis_opt_trucks,OPTIMAL,0.122,3173700,3892360,627588,91071,15175.8,133.3,29,31,87.6,0,0.0,1,86.87,1,3955175,synthetic
3,2026-03-27,dense_tight,60,29,220.9,158.0,optimizer,OPTIMAL,9.222,3117532,3443440,300994,24914,7514.4,133.6,29,31,87.3,0,0.0,0,0.0,0,3500408,synthetic
3,2026-03-27,dense_tight,60,29,220.9,158.0,optimizer_p10,FEASIBLE,10.383,3137741,3451710,288476,25493,7045.8,133.3,29,31,87.6,0,0.0,0,0.0,0,3493191,synthetic
3,2026-04-19,sparse,6,8,30.6,58.0,rule,ok,0.001,818354,997880,162237,17288,3280.7,30.6,6,0,0.0,0,0.0,0,0.0,0,898995,synthetic
3,2026-04-19,sparse,6,8,30.6,58.0,rule_mandis_opt_trucks,OPTIMAL,0.006,833867,997880,146725,17288,3259.5,30.6,6,0,0.0,0,0.0,0,0.0,0,914507,synthetic
3,2026-04-19,sparse,6,8,30.6,58.0,optimizer,OPTIMAL,0.022,833867,997880,146725,17288,3259.5,30.6,6,0,0.0,0,0.0,0,0.0,0,914507,synthetic
3,2026-04-19,sparse,6,8,30.6,58.0,optimizer_p10,OPTIMAL,0.019,809363,973880,146592,17925,3257.2,30.6,6,0,0.0,0,0.0,0,0.0,0,904801,synthetic
3,2026-04-19,medium,20,18,71.8,95.0,rule,ok,0.003,1686892,1985340,273939,24509,7340.7,70.2,18,2,1.6,0,0.0,1,9.6,1,2212090,synthetic
3,2026-04-19,medium,20,18,71.8,95.0,rule_mandis_opt_trucks,OPTIMAL,0.015,1701766,1989980,263689,24526,6990.8,70.2,18,2,1.6,0,0.0,1,8.8,1,2221558,synthetic
3,2026-04-19,medium,20,18,71.8,95.0,optimizer,OPTIMAL,0.279,1827709,2117380,262570,27101,6967.7,70.2,18,2,1.6,0,0.0,0,0.0,0,2205704,synthetic
3,2026-04-19,medium,20,18,71.8,95.0,optimizer_p10,OPTIMAL,0.232,1774863,2045470,247156,23451,6477.5,70.2,18,2,1.6,0,0.0,0,0.0,0,2183970,synthetic
3,2026-04-19,dense_tight,60,27,215.9,152.0,rule,ok,0.009,3088264,3508360,376554,43542,9325.6,117.2,27,33,98.7,0,0.0,2,38.08,2,3747665,synthetic
3,2026-04-19,dense_tight,60,27,215.9,152.0,rule_mandis_opt_trucks,OPTIMAL,0.101,3025003,3410610,345242,40365,8556.0,117.1,27,33,98.8,0,0.0,2,44.77,2,3789458,synthetic
3,2026-04-19,dense_tight,60,27,215.9,152.0,optimizer,FEASIBLE,10.337,3430274,3837750,351482,55994,8716.4,116.6,27,33,99.3,0,0.0,0,0.0,0,3666033,synthetic
3,2026-04-19,dense_tight,60,27,215.9,152.0,optimizer_p10,OPTIMAL,9.785,3199814,3558150,315369,42968,7755.5,116.9,27,33,99.0,0,0.0,0,0.0,0,3595560,synthetic
3,2026-05-16,sparse,6,8,17.4,55.5,rule,ok,0.001,332017,501120,162720,6383,3547.0,17.4,6,0,0.0,0,0.0,0,0.0,0,328295,synthetic
3,2026-05-16,sparse,6,8,17.4,55.5,rule_mandis_opt_trucks,OPTIMAL,0.007,342714,501120,152023,6383,3326.6,17.4,6,0,0.0,0,0.0,0,0.0,0,338992,synthetic
3,2026-05-16,sparse,6,8,17.4,55.5,optimizer,OPTIMAL,0.025,318996,466080,141467,5617,3188.0,17.4,6,0,0.0,0,0.0,0,0.0,0,345138,synthetic
3,2026-05-16,sparse,6,8,17.4,55.5,optimizer_p10,OPTIMAL,0.023,335515,487250,145770,5965,3262.2,17.4,6,0,0.0,0,0.0,0,0.0,0,343625,synthetic
3,2026-05-16,medium,20,18,85.8,116.5,rule,ok,0.004,1908630,2268860,338265,21965,8206.4,83.6,18,2,2.2,0,0.0,1,3.67,1,1954455,synthetic
3,2026-05-16,medium,20,18,85.8,116.5,rule_mandis_opt_trucks,OPTIMAL,0.017,1918198,2268860,328697,21965,8021.9,83.6,18,2,2.2,0,0.0,1,3.67,1,1964023,synthetic
3,2026-05-16,medium,20,18,85.8,116.5,optimizer,OPTIMAL,1.344,1864803,2187970,297065,26101,7286.4,83.5,18,2,2.3,0,0.0,0,0.0,0,1987584,synthetic
3,2026-05-16,medium,20,18,85.8,116.5,optimizer_p10,OPTIMAL,1.208,1900521,2227960,303422,24017,7410.4,83.5,18,2,2.3,0,0.0,0,0.0,0,1980336,synthetic
3,2026-05-16,dense_tight,60,29,251.3,178.5,rule,ok,0.016,3407122,4088790,633463,48205,13908.5,151.4,29,31,99.9,0,0.0,2,60.29,2,3553456,synthetic
3,2026-05-16,dense_tight,60,29,251.3,178.5,rule_mandis_opt_trucks,OPTIMAL,0.124,3463440,4102930,590364,49127,12911.8,151.1,29,31,100.2,0,0.0,2,64.99,2,3604166,synthetic
3,2026-05-16,dense_tight,60,29,251.3,178.5,optimizer,FEASIBLE,10.495,3023640,3509800,455932,30228,10309.1,147.7,29,31,103.6,0,0.0,0,0.0,0,3374522,synthetic
3,2026-05-16,dense_tight,60,29,251.3,178.5,optimizer_p10,FEASIBLE,10.294,3022215,3468600,417840,28545,9645.1,145.5,29,31,105.8,0,0.0,0,0.0,0,3369360,synthetic
3,2026-06-14,sparse,6,8,31.6,38.0,rule,ok,0.001,534224,663060,104585,24251,2136.0,25.8,4,2,5.8,1,8.0,0,0.0,1,602454,synthetic
3,2026-06-14,sparse,6,8,31.6,38.0,rule_mandis_opt_trucks,OPTIMAL,0.006,534224,663060,104585,24251,2136.0,25.8,4,2,5.8,1,8.0,0,0.0,1,602454,synthetic
3,2026-06-14,sparse,6,8,31.6,38.0,optimizer,OPTIMAL,0.013,578932,663860,70634,14294,1507.2,25.8,4,2,5.8,0,0.0,0,0.0,0,602493,synthetic
3,2026-06-14,sparse,6,8,31.6,38.0,optimizer_p10,OPTIMAL,0.011,540556,601460,53118,7787,1182.9,25.8,4,2,5.8,0,0.0,0,0.0,0,597718,synthetic
3,2026-06-14,medium,20,18,82.9,90.0,rule,ok,0.003,1264037,1677500,349457,64006,8380.6,67.1,15,5,15.8,1,9.0,1,16.47,2,1431603,synthetic
3,2026-06-14,medium,20,18,82.9,90.0,rule_mandis_opt_trucks,OPTIMAL,0.012,1304571,1669790,307602,57617,7231.0,66.8,15,5,16.1,1,9.0,1,16.18,2,1471996,synthetic
3,2026-06-14,medium,20,18,82.9,90.0,optimizer,OPTIMAL,0.235,1399932,1702660,262132,40596,6234.2,66.8,15,5,16.1,0,0.0,0,0.0,0,1456047,synthetic
3,2026-06-14,medium,20,18,82.9,90.0,optimizer_p10,OPTIMAL,0.246,1382779,1671460,251120,37562,5944.4,66.8,15,5,16.1,0,0.0,0,0.0,0,1455722,synthetic
3,2026-06-14,dense_tight,60,20,199.2,141.5,rule,ok,0.01,1898501,2565280,590379,76399,12911.0,104.7,20,40,94.5,1,5.3,1,43.87,2,2151604,synthetic
3,2026-06-14,dense_tight,60,20,199.2,141.5,rule_mandis_opt_trucks,OPTIMAL,0.069,2033843,2504280,406194,64242,9102.1,99.6,20,40,99.6,0,0.0,1,47.88,1,2288832,synthetic
3,2026-06-14,dense_tight,60,20,199.2,141.5,optimizer,OPTIMAL,5.818,2121399,2515230,354096,39735,7452.8,102.3,20,40,96.9,0,0.0,0,0.0,0,2139601,synthetic
3,2026-06-14,dense_tight,60,20,199.2,141.5,optimizer_p10,OPTIMAL,9.017,2036066,2324630,256435,32129,5716.4,97.8,20,40,101.4,0,0.0,0,0.0,0,2114546,synthetic
3,2026-07-07,sparse,6,8,16.9,35.0,rule,ok,0.001,264749,436120,163352,8019,4414.9,16.9,6,0,0.0,0,0.0,0,0.0,0,286297,synthetic
3,2026-07-07,sparse,6,8,16.9,35.0,rule_mandis_opt_trucks,OPTIMAL,0.006,264822,436120,163280,8019,4412.8,16.9,6,0,0.0,0,0.0,0,0.0,0,286370,synthetic
3,2026-07-07,sparse,6,8,16.9,35.0,optimizer,OPTIMAL,0.015,275898,437220,154788,6533,4109.6,16.9,6,0,0.0,0,0.0,0,0.0,0,286948,synthetic
3,2026-07-07,sparse,6,8,16.9,35.0,optimizer_p10,OPTIMAL,0.015,275898,437220,154788,6533,4109.6,16.9,6,0,0.0,0,0.0,0,0.0,0,286948,synthetic
3,2026-07-07,medium,20,18,86.8,110.0,rule,ok,0.004,1679412,1980320,265870,35037,5952.9,74.0,16,4,12.8,0,0.0,0,0.0,0,1704972,synthetic
3,2026-07-07,medium,20,18,86.8,110.0,rule_mandis_opt_trucks,OPTIMAL,0.014,1688471,1980320,257733,34116,5802.2,74.0,16,4,12.8,0,0.0,0,0.0,0,1713977,synthetic
3,2026-07-07,medium,20,18,86.8,110.0,optimizer,OPTIMAL,0.41,1753313,1981920,203768,24839,4530.5,74.0,16,4,12.8,0,0.0,0,0.0,0,1724209,synthetic
3,2026-07-07,medium,20,18,86.8,110.0,optimizer_p10,OPTIMAL,0.281,1753313,1981920,203768,24839,4530.5,74.0,16,4,12.8,0,0.0,0,0.0,0,1724209,synthetic
3,2026-07-07,dense_tight,60,26,216.6,158.0,rule,ok,0.014,2679393,3311300,577574,54333,13072.5,126.3,26,34,90.3,0,0.0,2,40.83,2,2789715,synthetic
3,2026-07-07,dense_tight,60,26,216.6,158.0,rule_mandis_opt_trucks,OPTIMAL,0.112,2799508,3283180,435056,48616,9880.4,125.1,26,34,91.5,0,0.0,2,39.62,2,2906281,synthetic
3,2026-07-07,dense_tight,60,26,216.6,158.0,optimizer,FEASIBLE,10.333,2642305,3083050,403432,37314,8970.5,124.9,26,34,91.7,0,0.0,0,0.0,0,2808370,synthetic
3,2026-07-07,dense_tight,60,26,216.6,158.0,optimizer_p10,OPTIMAL,7.26,2697327,3086530,353554,35650,7872.5,124.7,26,34,91.9,0,0.0,0,0.0,0,2802268,synthetic
3,2026-07-31,sparse,6,8,23.6,41.5,rule,ok,0.001,341849,483280,131293,10139,3096.7,23.6,6,0,0.0,0,0.0,0,0.0,0,603998,synthetic
3,2026-07-31,sparse,6,8,23.6,41.5,rule_mandis_opt_trucks,OPTIMAL,0.008,352847,483280,120294,10139,2807.3,23.6,6,0,0.0,0,0.0,0,0.0,0,614996,synthetic
3,2026-07-31,sparse,6,8,23.6,41.5,optimizer,OPTIMAL,0.023,343001,471580,124142,4437,2878.6,23.6,6,0,0.0,0,0.0,0,0.0,0,558344,synthetic
3,2026-07-31,sparse,6,8,23.6,41.5,optimizer_p10,OPTIMAL,0.024,351456,449040,93448,4136,2070.8,22.2,5,1,1.4,0,0.0,0,0.0,0,547714,synthetic
3,2026-07-31,medium,20,18,91.4,84.0,rule,ok,0.004,986926,1389500,376887,25687,9335.9,64.6,15,5,26.8,0,0.0,1,0.15,1,1668639,synthetic
3,2026-07-31,medium,20,18,91.4,84.0,rule_mandis_opt_trucks,OPTIMAL,0.013,988804,1361010,346631,25575,8526.1,64.5,15,5,26.9,0,0.0,0,0.0,0,1684303,synthetic
3,2026-07-31,medium,20,18,91.4,84.0,optimizer,OPTIMAL,0.181,1007048,1339820,317050,15722,7613.9,64.5,15,5,26.9,0,0.0,0,0.0,0,1617736,synthetic
3,2026-07-31,medium,20,18,91.4,84.0,optimizer_p10,OPTIMAL,0.201,1007048,1339820,317050,15722,7613.9,64.5,15,5,26.9,0,0.0,0,0.0,0,1617736,synthetic
3,2026-07-31,dense_tight,60,24,204.1,143.0,rule,ok,0.01,1826715,2312800,446240,39845,10877.9,112.4,24,36,91.7,0,0.0,2,36.54,2,3072420,synthetic
3,2026-07-31,dense_tight,60,24,204.1,143.0,rule_mandis_opt_trucks,OPTIMAL,0.102,1914778,2325960,372198,38984,8915.6,111.6,24,36,92.5,0,0.0,2,35.74,2,3135307,synthetic
3,2026-07-31,dense_tight,60,24,204.1,143.0,optimizer,OPTIMAL,9.32,2049062,2368140,290818,28260,6939.2,111.5,24,36,92.6,0,0.0,0,0.0,0,3014091,synthetic
3,2026-07-31,dense_tight,60,24,204.1,143.0,optimizer_p10,OPTIMAL,4.296,2056581,2372020,286965,28474,6730.5,111.1,24,36,93.0,0,0.0,0,0.0,0,3012485,synthetic
3,2026-08-27,sparse,6,8,13.3,32.5,rule,ok,0.001,185245,279960,91535,3181,2824.8,13.3,6,0,0.0,0,0.0,0,0.0,0,248948,synthetic
3,2026-08-27,sparse,6,8,13.3,32.5,rule_mandis_opt_trucks,OPTIMAL,0.006,202149,264980,59779,3052,1769.9,12.6,5,1,0.7,0,0.0,0,0.0,0,262541,synthetic
3,2026-08-27,sparse,6,8,13.3,32.5,optimizer,OPTIMAL,0.015,213322,252350,37642,1386,1183.7,12.6,5,1,0.7,0,0.0,0,0.0,0,273739,synthetic
3,2026-08-27,sparse,6,8,13.3,32.5,optimizer_p10,OPTIMAL,0.013,209122,234240,24082,1037,699.4,12.2,5,1,1.1,0,0.0,0,0.0,0,271867,synthetic
3,2026-08-27,medium,20,18,81.3,102.0,rule,ok,0.005,1203361,1518400,300139,14899,7207.2,75.1,18,2,6.2,0,0.0,1,4.08,1,1619777,synthetic
3,2026-08-27,medium,20,18,81.3,102.0,rule_mandis_opt_trucks,OPTIMAL,0.019,1234636,1525240,274957,15646,6608.5,74.8,18,2,6.5,0,0.0,1,7.68,1,1638518,synthetic
3,2026-08-27,medium,20,18,81.3,102.0,optimizer,OPTIMAL,0.585,1267854,1548130,266047,14228,6501.3,75.1,18,2,6.2,0,0.0,0,0.0,0,1640933,synthetic
3,2026-08-27,medium,20,18,81.3,102.0,optimizer_p10,OPTIMAL,0.41,1352195,1632130,262730,17206,6475.7,75.1,18,2,6.2,0,0.0,0,0.0,0,1628371,synthetic
3,2026-08-27,dense_tight,60,30,221.4,158.0,rule,ok,0.017,2280472,2784920,479543,24905,12607.1,135.3,30,30,86.1,0,0.0,1,43.67,1,2960029,synthetic
3,2026-08-27,dense_tight,60,30,221.4,158.0,rule_mandis_opt_trucks,OPTIMAL,0.148,2357161,2749960,369505,23295,9324.5,133.5,30,30,87.9,0,0.0,1,34.28,1,3013153,synthetic
3,2026-08-27,dense_tight,60,30,221.4,158.0,optimizer,FEASIBLE,10.372,2458569,2856240,369944,27728,9326.8,133.8,30,30,87.6,0,0.0,0,0.0,0,3005476,synthetic
3,2026-08-27,dense_tight,60,30,221.4,158.0,optimizer_p10,OPTIMAL,5.456,2472246,2829590,329906,27439,8412.1,132.4,30,30,89.0,0,0.0,0,0.0,0,2993519,synthetic
4,2026-01-16,sparse,6,8,24.1,37.5,rule,ok,0.002,70907,164080,92618,555,2268.0,16.4,5,1,7.7,0,0.0,0,0.0,0,96112,synthetic
4,2026-01-16,sparse,6,8,24.1,37.5,rule_mandis_opt_trucks,OPTIMAL,0.006,109657,159900,48490,1753,1250.2,12.9,3,3,11.2,0,0.0,0,0.0,0,107253,synthetic
4,2026-01-16,sparse,6,8,24.1,37.5,optimizer,OPTIMAL,0.013,127051,187300,58080,2169,1251.8,14.2,3,3,9.9,0,0.0,0,0.0,0,116425,synthetic
4,2026-01-16,sparse,6,8,24.1,37.5,optimizer_p10,OPTIMAL,0.01,127051,187300,58080,2169,1251.8,14.2,3,3,9.9,0,0.0,0,0.0,0,116425,synthetic
4,2026-01-16,medium,20,18,53.3,98.5,rule,ok,0.003,322434,643420,315357,5628,8366.3,51.3,18,2,2.0,0,0.0,0,0.0,0,280792,synthetic
4,2026-01-16,medium,20,18,53.3,98.5,rule_mandis_opt_trucks,OPTIMAL,0.022,369517,611020,235925,5579,6289.2,48.3,17,3,5.0,0,0.0,0,0.0,0,331145,synthetic
4,2026-01-16,medium,20,18,53.3,98.5,optimizer,OPTIMAL,0.117,400483,617620,210179,6958,5474.5,49.3,18,2,4.0,0,0.0,0,0.0,0,355183,synthetic
4,2026-01-16,medium,20,18,53.3,98.5,optimizer_p10,OPTIMAL,0.124,391917,580720,183031,5772,4604.6,48.3,17,3,5.0,0,0.0,0,0.0,0,351187,synthetic
4,2026-01-16,dense_tight,60,27,191.9,136.0,rule,ok,0.011,1016900,1366720,337310,12510,8947.4,107.8,27,33,84.1,0,0.0,0,0.0,0,939052,synthetic
4,2026-01-16,dense_tight,60,27,191.9,136.0,rule_mandis_opt_trucks,OPTIMAL,0.061,1083906,1388520,291035,13579,7559.6,105.3,27,33,86.6,0,0.0,0,0.0,0,970734,synthetic
4,2026-01-16,dense_tight,60,27,191.9,136.0,optimizer,OPTIMAL,1.637,1095865,1386170,277310,12995,7110.3,106.1,27,33,85.8,0,0.0,0,0.0,0,982191,synthetic
4,2026-01-16,dense_tight,60,27,191.9,136.0,optimizer_p10,OPTIMAL,0.889,1102053,1375140,261175,11911,6614.5,106.6,27,33,85.3,0,0.0,0,0.0,0,980114,synthetic
4,2026-02-08,sparse,6,8,21.6,40.0,rule,ok,0.002,236459,304420,65687,2274,1605.3,21.6,6,0,0.0,0,0.0,0,0.0,0,209488,synthetic
4,2026-02-08,sparse,6,8,21.6,40.0,rule_mandis_opt_trucks,OPTIMAL,0.009,237580,304420,64566,2274,1624.7,21.6,6,0,0.0,0,0.0,0,0.0,0,210609,synthetic
4,2026-02-08,sparse,6,8,21.6,40.0,optimizer,OPTIMAL,0.02,237580,304420,64566,2274,1624.7,21.6,6,0,0.0,0,0.0,0,0.0,0,210609,synthetic
4,2026-02-08,sparse,6,8,21.6,40.0,optimizer_p10,OPTIMAL,0.012,237580,304420,64566,2274,1624.7,21.6,6,0,0.0,0,0.0,0,0.0,0,210609,synthetic
4,2026-02-08,medium,20,18,71.9,109.5,rule,ok,0.003,686554,963480,267860,9066,6282.1,65.8,18,2,6.1,0,0.0,0,0.0,0,589465,synthetic
4,2026-02-08,medium,20,18,71.9,109.5,rule_mandis_opt_trucks,OPTIMAL,0.015,731946,939900,199946,8009,4697.9,64.0,17,3,7.9,0,0.0,0,0.0,0,637583,synthetic
4,2026-02-08,medium,20,18,71.9,109.5,optimizer,OPTIMAL,0.131,723329,912670,181457,7884,4257.1,64.0,17,3,7.9,0,0.0,0,0.0,0,642781,synthetic
4,2026-02-08,medium,20,18,71.9,109.5,optimizer_p10,OPTIMAL,0.083,721405,901170,171975,7790,3918.4,63.0,16,4,8.9,0,0.0,0,0.0,0,640641,synthetic
4,2026-02-08,dense_tight,60,26,210.9,149.0,rule,ok,0.01,1310842,1726570,401505,14222,9677.2,121.9,26,34,89.0,0,0.0,1,14.83,1,1149089,synthetic
4,2026-02-08,dense_tight,60,26,210.9,149.0,rule_mandis_opt_trucks,OPTIMAL,0.073,1414258,1695600,269248,12094,6183.8,117.5,26,34,93.4,0,0.0,1,8.72,1,1249976,synthetic
4,2026-02-08,dense_tight,60,26,210.9,149.0,optimizer,OPTIMAL,3.583,1417457,1692320,260725,14138,5974.4,117.5,26,34,93.4,0,0.0,0,0.0,0,1262816,synthetic
4,2026-02-08,dense_tight,60,26,210.9,149.0,optimizer_p10,OPTIMAL,1.943,1414805,1686100,257504,13791,5889.6,117.8,26,34,93.1,0,0.0,0,0.0,0,1261719,synthetic
4,2026-03-10,sparse,6,8,29.1,49.0,rule,ok,0.001,299450,483060,177334,6276,3622.2,29.1,6,0,0.0,0,0.0,0,0.0,0,483082,synthetic
4,2026-03-10,sparse,6,8,29.1,49.0,rule_mandis_opt_trucks,OPTIMAL,0.007,335677,483060,141107,6276,3297.7,29.1,6,0,0.0,0,0.0,0,0.0,0,519310,synthetic
4,2026-03-10,sparse,6,8,29.1,49.0,optimizer,OPTIMAL,0.017,353006,477600,120039,4555,2743.3,29.1,6,0,0.0,0,0.0,0,0.0,0,522408,synthetic
4,2026-03-10,sparse,6,8,29.1,49.0,optimizer_p10,OPTIMAL,0.025,353006,477600,120039,4555,2743.3,29.1,6,0,0.0,0,0.0,0,0.0,0,522408,synthetic
4,2026-03-10,medium,20,18,65.5,111.0,rule,ok,0.004,750065,1035540,275326,10149,6355.6,62.4,18,2,3.1,0,0.0,0,0.0,0,1061447,synthetic
4,2026-03-10,medium,20,18,65.5,111.0,rule_mandis_opt_trucks,OPTIMAL,0.026,787497,1033880,236421,9962,5640.3,62.3,18,2,3.2,0,0.0,0,0.0,0,1098312,synthetic
4,2026-03-10,medium,20,18,65.5,111.0,optimizer,OPTIMAL,0.227,806090,1028420,213778,8552,5152.7,62.3,18,2,3.2,0,0.0,0,0.0,0,1102561,synthetic
4,2026-03-10,medium,20,18,65.5,111.0,optimizer_p10,OPTIMAL,0.247,806090,1028420,213778,8552,5152.7,62.3,18,2,3.2,0,0.0,0,0.0,0,1102561,synthetic
4,2026-03-10,dense_tight,60,25,186.6,131.0,rule,ok,0.011,1446961,1748110,287928,13221,7871.4,105.7,25,35,80.9,0,0.0,1,14.29,1,2025169,synthetic
4,2026-03-10,dense_tight,60,25,186.6,131.0,rule_mandis_opt_trucks,OPTIMAL,0.109,1503313,1737860,222743,11804,5700.0,105.1,25,35,81.5,0,0.0,1,17.99,1,2092114,synthetic
4,2026-03-10,dense_tight,60,25,186.6,131.0,optimizer,FEASIBLE,10.418,1512142,1713640,192343,9155,4824.7,105.1,25,35,81.5,0,0.0,0,0.0,0,2057830,synthetic
4,2026-03-10,dense_tight,60,25,186.6,131.0,optimizer_p10,FEASIBLE,10.332,1512142,1713640,192343,9155,4824.7,105.1,25,35,81.5,0,0.0,0,0.0,0,2057830,synthetic
4,2026-04-03,sparse,6,8,23.7,45.0,rule,ok,0.002,384996,525530,136428,4106,2671.3,23.7,6,0,0.0,0,0.0,0,0.0,0,416176,synthetic
4,2026-04-03,sparse,6,8,23.7,45.0,rule_mandis_opt_trucks,OPTIMAL,0.007,389444,525530,131980,4106,2585.0,23.7,6,0,0.0,0,0.0,0,0.0,0,420625,synthetic
4,2026-04-03,sparse,6,8,23.7,45.0,optimizer,OPTIMAL,0.016,395103,516040,112591,8346,2250.7,23.7,6,0,0.0,0,0.0,0,0.0,0,441892,synthetic
4,2026-04-03,sparse,6,8,23.7,45.0,optimizer_p10,OPTIMAL,0.013,395103,516040,112591,8346,2250.7,23.7,6,0,0.0,0,0.0,0,0.0,0,441892,synthetic
4,2026-04-03,medium,20,18,59.8,97.0,rule,ok,0.005,1041078,1246510,196277,9155,4916.1,58.0,18,2,1.8,0,0.0,0,0.0,0,1152445,synthetic
4,2026-04-03,medium,20,18,59.8,97.0,rule_mandis_opt_trucks,OPTIMAL,0.024,1048083,1246510,189272,9155,4915.6,58.0,18,2,1.8,0,0.0,0,0.0,0,1159450,synthetic
4,2026-04-03,medium,20,18,59.8,97.0,optimizer,OPTIMAL,0.233,1074089,1251440,168882,8469,4319.6,58.0,18,2,1.8,0,0.0,0,0.0,0,1173773,synthetic
4,2026-04-03,medium,20,18,59.8,97.0,optimizer_p10,OPTIMAL,0.184,1074089,1251440,168882,8469,4319.6,58.0,18,2,1.8,0,0.0,0,0.0,0,1173773,synthetic
4,2026-04-03,dense_tight,60,25,197.5,140.0,rule,ok,0.01,1936975,2343250,389631,16643,9217.8,106.7,25,35,90.8,0,0.0,0,0.0,0,2114288,synthetic
4,2026-04-03,dense_tight,60,25,197.5,140.0,rule_mandis_opt_trucks,OPTIMAL,0.089,1998049,2292980,277078,17853,6961.2,105.1,25,35,92.4,0,0.0,1,6.72,1,2205086,synthetic
4,2026-04-03,dense_tight,60,25,197.5,140.0,optimizer,OPTIMAL,6.347,1997951,2308810,289817,21041,7252.3,105.1,25,35,92.4,0,0.0,0,0.0,0,2197813,synthetic
4,2026-04-03,dense_tight,60,25,197.5,140.0,optimizer_p10,OPTIMAL,5.218,2002580,2296240,275188,18472,6867.3,105.1,25,35,92.4,0,0.0,0,0.0,0,2195446,synthetic
4,2026-04-27,sparse,6,8,22.3,58.5,rule,ok,0.001,371341,499940,122656,5943,2874.3,22.3,6,0,0.0,0,0.0,0,0.0,0,495219,synthetic
4,2026-04-27,sparse,6,8,22.3,58.5,rule_mandis_opt_trucks,OPTIMAL,0.006,386740,472540,79924,5876,1710.5,21.3,5,1,1.0,0,0.0,0,0.0,0,509209,synthetic
4,2026-04-27,sparse,6,8,22.3,58.5,optimizer,OPTIMAL,0.024,395485,472990,71833,5672,1497.6,21.3,5,1,1.0,0,0.0,0,0.0,0,509352,synthetic
4,2026-04-27,sparse,6,8,22.3,58.5,optimizer_p10,OPTIMAL,0.022,395485,472990,71833,5672,1497.6,21.3,5,1,1.0,0,0.0,0,0.0,0,509352,synthetic
4,2026-04-27,medium,20,18,69.5,93.5,rule,ok,0.003,1409014,1755940,330928,15998,8197.9,65.7,18,2,3.8,0,0.0,0,0.0,0,1538100,synthetic
4,2026-04-27,medium,20,18,69.5,93.5,rule_mandis_opt_trucks,OPTIMAL,0.016,1431186,1755940,308756,15998,7621.7,65.7,18,2,3.8,0,0.0,0,0.0,0,1560272,synthetic
4,2026-04-27,medium,20,18,69.5,93.5,optimizer,OPTIMAL,0.356,1442687,1762460,298607,21166,7275.3,65.7,18,2,3.8,0,0.0,0,0.0,0,1566240,synthetic
4,2026-04-27,medium,20,18,69.5,93.5,optimizer_p10,OPTIMAL,0.345,1347912,1649700,286927,14861,6960.6,65.7,18,2,3.8,0,0.0,0,0.0,0,1565300,synthetic
4,2026-04-27,dense_tight,60,28,199.2,139.5,rule,ok,0.013,2263783,2680810,392611,24417,10458.8,115.7,28,32,83.5,0,0.0,1,23.04,1,2777467,synthetic
4,2026-04-27,dense_tight,60,28,199.2,139.5,rule_mandis_opt_trucks,OPTIMAL,0.114,2282248,2602010,298665,21097,7768.8,114.9,28,32,84.3,0,0.0,1,29.94,1,2848651,synthetic
4,2026-04-27,dense_tight,60,28,199.2,139.5,optimizer,OPTIMAL,9.448,2494133,2808780,289715,24933,7525.2,114.9,28,32,84.3,0,0.0,0,0.0,0,2766747,synthetic
4,2026-04-27,dense_tight,60,28,199.2,139.5,optimizer_p10,OPTIMAL,6.702,2522689,2833890,286733,24469,7466.0,114.9,28,32,84.3,0,0.0,0,0.0,0,2766098,synthetic
4,2026-05-21,sparse,6,8,18.7,36.5,rule,ok,0.001,385526,466340,74089,6725,1927.0,18.7,6,0,0.0,0,0.0,0,0.0,0,527771,synthetic
4,2026-05-21,sparse,6,8,18.7,36.5,rule_mandis_opt_trucks,OPTIMAL,0.008,386686,466340,72929,6725,1885.5,18.7,6,0,0.0,0,0.0,0,0.0,0,528931,synthetic
4,2026-05-21,sparse,6,8,18.7,36.5,optimizer,OPTIMAL,0.022,386686,466340,72929,6725,1885.5,18.7,6,0,0.0,0,0.0,0,0.0,0,528931,synthetic
4,2026-05-21,sparse,6,8,18.7,36.5,optimizer_p10,OPTIMAL,0.027,386686,466340,72929,6725,1885.5,18.7,6,0,0.0,0,0.0,0,0.0,0,528931,synthetic
4,2026-05-21,medium,20,18,76.6,111.0,rule,ok,0.006,1502352,1830840,302315,26173,7605.4,74.3,18,2,2.3,0,0.0,1,1.45,1,2084285,synthetic
4,2026-05-21,medium,20,18,76.6,111.0,rule_mandis_opt_trucks,OPTIMAL,0.023,1509391,1830840,295276,26173,7359.0,74.3,18,2,2.3,0,0.0,1,1.45,1,2091324,synthetic
4,2026-05-21,medium,20,18,76.6,111.0,optimizer,OPTIMAL,0.656,1537903,1832500,270512,24085,6772.3,74.3,18,2,2.3,0,0.0,0,0.0,0,2098678,synthetic
4,2026-05-21,medium,20,18,76.6,111.0,optimizer_p10,OPTIMAL,0.456,1537903,1832500,270512,24085,6772.3,74.3,18,2,2.3,0,0.0,0,0.0,0,2098678,synthetic
4,2026-05-21,dense_tight,60,32,230.8,165.0,rule,ok,0.009,3007588,3519640,470378,41674,12278.8,141.0,32,28,89.8,0,0.0,1,42.75,1,4094223,synthetic
4,2026-05-21,dense_tight,60,32,230.8,165.0,rule_mandis_opt_trucks,OPTIMAL,0.113,3042435,3509530,426180,40915,10942.5,140.4,32,28,90.4,0,0.0,1,44.05,1,4122206,synthetic
4,2026-05-21,dense_tight,60,32,230.8,165.0,optimizer,FEASIBLE,10.436,2935181,3443940,461984,46775,12075.8,140.1,32,28,90.7,0,0.0,0,0.0,0,3960747,synthetic
4,2026-05-21,dense_tight,60,32,230.8,165.0,optimizer_p10,FEASIBLE,10.358,2929571,3418050,438135,50344,11236.9,139.1,32,28,91.7,0,0.0,0,0.0,0,3933931,synthetic
4,2026-06-14,sparse,6,8,20.2,46.5,rule,ok,0.002,508267,643700,128453,6980,2902.2,20.2,6,0,0.0,0,0.0,0,0.0,0,421896,synthetic
4,2026-06-14,sparse,6,8,20.2,46.5,rule_mandis_opt_trucks,OPTIMAL,0.009,515554,643700,121166,6980,2872.6,20.2,6,0,0.0,0,0.0,0,0.0,0,429183,synthetic
4,2026-06-14,sparse,6,8,20.2,46.5,optimizer,OPTIMAL,0.03,516323,646400,121575,8501,2887.3,20.2,6,0,0.0,0,0.0,0,0.0,0,431818,synthetic
4,2026-06-14,sparse,6,8,20.2,46.5,optimizer_p10,OPTIMAL,0.027,516323,646400,121575,8501,2887.3,20.2,6,0,0.0,0,0.0,0,0.0,0,431818,synthetic
4,2026-06-14,medium,20,18,83.1,84.0,rule,ok,0.008,1448486,1704820,238922,17412,5772.7,59.6,16,4,23.5,0,0.0,0,0.0,0,1269607,synthetic
4,2026-06-14,medium,20,18,83.1,84.0,rule_mandis_opt_trucks,OPTIMAL,0.019,1525929,1723180,178123,19128,4765.9,58.0,16,4,25.1,0,0.0,0,0.0,0,1328413,synthetic
4,2026-06-14,medium,20,18,83.1,84.0,optimizer,OPTIMAL,0.299,1564896,1774060,182279,26885,4763.0,59.6,16,4,23.5,0,0.0,0,0.0,0,1353208,synthetic
4,2026-06-14,medium,20,18,83.1,84.0,optimizer_p10,OPTIMAL,0.261,1564896,1774060,182279,26885,4763.0,59.6,16,4,23.5,0,0.0,0,0.0,0,1353208,synthetic
4,2026-06-14,dense_tight,60,26,222.9,157.0,rule,ok,0.012,3824258,4293840,416051,53531,10310.0,139.8,26,34,83.1,0,0.0,1,65.66,1,3280747,synthetic
4,2026-06-14,dense_tight,60,26,222.9,157.0,rule_mandis_opt_trucks,OPTIMAL,0.112,3930172,4335500,347634,57694,8071.2,137.6,26,34,85.3,0,0.0,1,77.16,1,3359104,synthetic
4,2026-06-14,dense_tight,60,26,222.9,157.0,optimizer,FEASIBLE,10.392,3516848,3882240,314778,50614,7420.6,138.3,26,34,84.6,0,0.0,0,0.0,0,3198402,synthetic
4,2026-06-14,dense_tight,60,26,222.9,157.0,optimizer_p10,OPTIMAL,9.696,3516848,3882240,314778,50614,7420.6,138.3,26,34,84.6,0,0.0,0,0.0,0,3198402,synthetic
4,2026-07-08,sparse,6,8,16.9,36.5,rule,ok,0.001,255727,410180,151049,3404,3769.9,16.9,6,0,0.0,0,0.0,0,0.0,0,265978,synthetic
4,2026-07-08,sparse,6,8,16.9,36.5,rule_mandis_opt_trucks,OPTIMAL,0.005,255727,410180,151049,3404,3769.9,16.9,6,0,0.0,0,0.0,0,0.0,0,265978,synthetic
4,2026-07-08,sparse,6,8,16.9,36.5,optimizer,OPTIMAL,0.018,307262,469000,144817,16921,3475.9,16.9,6,0,0.0,0,0.0,0,0.0,0,324073,synthetic
4,2026-07-08,sparse,6,8,16.9,36.5,optimizer_p10,OPTIMAL,0.014,307262,469000,144817,16921,3475.9,16.9,6,0,0.0,0,0.0,0,0.0,0,324073,synthetic
4,2026-07-08,medium,20,18,63.8,84.0,rule,ok,0.004,1363193,1826020,418472,44355,11792.1,61.4,18,2,2.4,0,0.0,1,15.62,1,1375593,synthetic
4,2026-07-08,medium,20,18,63.8,84.0,rule_mandis_opt_trucks,OPTIMAL,0.033,1409389,1839000,384576,45035,10665.2,61.3,18,2,2.5,0,0.0,1,17.22,1,1420594,synthetic
4,2026-07-08,medium,20,18,63.8,84.0,optimizer,OPTIMAL,0.659,1357776,1656620,271789,27055,7438.2,61.3,18,2,2.5,0,0.0,0,0.0,0,1428027,synthetic
4,2026-07-08,medium,20,18,63.8,84.0,optimizer_p10,OPTIMAL,0.271,1353261,1647620,268467,25891,7350.8,61.3,18,2,2.5,0,0.0,0,0.0,0,1426885,synthetic
4,2026-07-08,dense_tight,60,24,184.2,130.0,rule,ok,0.009,2513324,3098180,523699,61158,13159.9,106.5,24,36,77.7,0,0.0,1,52.12,1,2540008,synthetic
4,2026-07-08,dense_tight,60,24,184.2,130.0,rule_mandis_opt_trucks,OPTIMAL,0.076,2542104,3077180,478930,56146,11955.5,105.8,24,36,78.4,0,0.0,1,51.42,1,2568689,synthetic
4,2026-07-08,dense_tight,60,24,184.2,130.0,optimizer,FEASIBLE,10.377,2334315,2708050,339266,34469,8322.8,105.6,24,36,78.6,0,0.0,0,0.0,0,2439451,synthetic
4,2026-07-08,dense_tight,60,24,184.2,130.0,optimizer_p10,FEASIBLE,10.287,2334886,2689840,322889,32064,7848.7,104.9,24,36,79.3,0,0.0,0,0.0,0,2433900,synthetic
4,2026-08-03,sparse,6,8,12.4,35.0,rule,ok,0.002,247269,350920,97987,5665,3121.2,12.4,6,0,0.0,0,0.0,0,0.0,0,403769,synthetic
4,2026-08-03,sparse,6,8,12.4,35.0,rule_mandis_opt_trucks,OPTIMAL,0.009,252429,350920,92827,5665,2937.7,12.4,6,0,0.0,0,0.0,0,0.0,0,408929,synthetic
4,2026-08-03,sparse,6,8,12.4,35.0,optimizer,OPTIMAL,0.023,294798,354250,56318,3135,1633.8,12.4,6,0,0.0,0,0.0,0,0.0,0,429118,synthetic
4,2026-08-03,sparse,6,8,12.4,35.0,optimizer_p10,OPTIMAL,0.018,299318,356050,53881,2851,1546.8,12.4,6,0,0.0,0,0.0,0,0.0,0,424706,synthetic
4,2026-08-03,medium,20,18,70.9,78.0,rule,ok,0.003,1150222,1514050,327285,36543,9172.0,53.5,15,5,17.4,0,0.0,1,17.14,1,1819960,synthetic
4,2026-08-03,medium,20,18,70.9,78.0,rule_mandis_opt_trucks,OPTIMAL,0.015,1155853,1514050,321654,36543,8977.3,53.5,15,5,17.4,0,0.0,1,17.14,1,1825591,synthetic
4,2026-08-03,medium,20,18,70.9,78.0,optimizer,OPTIMAL,0.236,1329872,1566810,215420,21518,5767.9,53.5,15,5,17.4,0,0.0,0,0.0,0,1820796,synthetic
4,2026-08-03,medium,20,18,70.9,78.0,optimizer_p10,OPTIMAL,0.187,1272842,1456050,170003,13205,4629.3,51.4,15,5,19.5,0,0.0,0,0.0,0,1795684,synthetic
4,2026-08-03,dense_tight,60,26,225.0,167.0,rule,ok,0.01,3243658,3981810,634055,104097,14086.3,140.7,26,34,84.3,0,0.0,1,104.34,1,5001384,synthetic
4,2026-08-03,dense_tight,60,26,225.0,167.0,rule_mandis_opt_trucks,OPTIMAL,0.097,3328171,3950680,534264,88244,11941.3,139.6,26,34,85.4,0,0.0,1,103.24,1,5078972,synthetic
4,2026-08-03,dense_tight,60,26,225.0,167.0,optimizer,FEASIBLE,10.409,3770833,4218300,396793,50674,9035.8,139.6,26,34,85.4,0,0.0,0,0.0,0,4472280,synthetic
4,2026-08-03,dense_tight,60,26,225.0,167.0,optimizer_p10,FEASIBLE,10.426,3863984,4294740,378533,52223,8740.4,139.6,26,34,85.4,0,0.0,0,0.0,0,4532746,synthetic
4,2026-08-27,sparse,6,8,17.8,44.0,rule,ok,0.001,318707,528660,195878,14075,4551.1,17.8,6,0,0.0,0,0.0,0,0.0,0,352669,synthetic
4,2026-08-27,sparse,6,8,17.8,44.0,rule_mandis_opt_trucks,OPTIMAL,0.007,327198,528660,187387,14075,4562.1,17.8,6,0,0.0,0,0.0,0,0.0,0,361159,synthetic
4,2026-08-27,sparse,6,8,17.8,44.0,optimizer,OPTIMAL,0.019,296381,484260,181137,6742,4455.0,17.8,6,0,0.0,0,0.0,0,0.0,0,330087,synthetic
4,2026-08-27,sparse,6,8,17.8,44.0,optimizer_p10,OPTIMAL,0.015,294603,440960,141089,5268,3401.1,16.8,5,1,1.0,0,0.0,0,0.0,0,324921,synthetic
4,2026-08-27,medium,20,18,68.3,100.0,rule,ok,0.004,1371736,1942380,517219,53425,12869.9,65.4,18,2,2.9,0,0.0,1,28.47,1,1496403,synthetic
4,2026-08-27,medium,20,18,68.3,100.0,rule_mandis_opt_trucks,OPTIMAL,0.031,1398986,1939410,488336,52089,12318.5,65.3,18,2,3.0,0,0.0,1,28.38,1,1523546,synthetic
4,2026-08-27,medium,20,18,68.3,100.0,optimizer,OPTIMAL,0.723,1431494,1695400,248032,15875,6454.9,65.3,18,2,3.0,0,0.0,0,0.0,0,1557062,synthetic
4,2026-08-27,medium,20,18,68.3,100.0,optimizer_p10,OPTIMAL,0.675,1442351,1667960,210161,15448,5279.6,64.2,18,2,4.1,0,0.0,0,0.0,0,1540605,synthetic
4,2026-08-27,dense_tight,60,32,221.4,155.0,rule,ok,0.015,3008693,3776950,682388,85869,18131.8,129.5,32,28,91.9,0,0.0,1,75.28,1,3255710,synthetic
4,2026-08-27,dense_tight,60,32,221.4,155.0,rule_mandis_opt_trucks,OPTIMAL,0.127,3055432,3763010,624488,83090,16253.0,129.3,32,28,92.1,0,0.0,1,73.08,1,3302110,synthetic
4,2026-08-27,dense_tight,60,32,221.4,155.0,optimizer,FEASIBLE,10.59,2989997,3342340,322909,29434,8462.2,129.3,32,28,92.1,0,0.0,0,0.0,0,3228216,synthetic
4,2026-08-27,dense_tight,60,32,221.4,155.0,optimizer_p10,FEASIBLE,10.393,3038763,3403990,335075,30153,8738.0,129.3,32,28,92.1,0,0.0,0,0.0,0,3216331,synthetic
5,2026-01-16,sparse,6,8,16.6,49.5,rule,ok,0.001,157314,226240,67967,959,1556.9,16.6,6,0,0.0,0,0.0,0,0.0,0,186368,synthetic
5,2026-01-16,sparse,6,8,16.6,49.5,rule_mandis_opt_trucks,OPTIMAL,0.007,157314,226240,67967,959,1556.9,16.6,6,0,0.0,0,0.0,0,0.0,0,186368,synthetic
5,2026-01-16,sparse,6,8,16.6,49.5,optimizer,OPTIMAL,0.013,149465,215600,65108,1027,1491.7,16.6,6,0,0.0,0,0.0,0,0.0,0,189260,synthetic
5,2026-01-16,sparse,6,8,16.6,49.5,optimizer_p10,OPTIMAL,0.011,149544,195020,44656,820,1113.0,14.5,5,1,2.1,0,0.0,0,0.0,0,180511,synthetic
5,2026-01-16,medium,20,18,70.9,95.5,rule,ok,0.003,550433,932880,373649,8798,9247.1,64.7,18,2,6.2,0,0.0,1,4.25,1,648508,synthetic
5,2026-01-16,medium,20,18,70.9,95.5,rule_mandis_opt_trucks,OPTIMAL,0.015,613576,897560,276322,7661,7080.6,62.7,17,3,8.2,0,0.0,0,0.0,0,711083,synthetic
5,2026-01-16,medium,20,18,70.9,95.5,optimizer,OPTIMAL,0.207,610697,893910,275146,8067,7021.5,62.7,17,3,8.2,0,0.0,0,0.0,0,713911,synthetic
5,2026-01-16,medium,20,18,70.9,95.5,optimizer_p10,OPTIMAL,0.105,600977,804940,197295,6669,4686.2,57.8,15,5,13.1,0,0.0,0,0.0,0,710874,synthetic
5,2026-01-16,dense_tight,60,31,228.6,160.5,rule,ok,0.01,1371534,1839530,453186,14811,11711.4,131.0,31,29,97.6,0,0.0,1,44.65,1,1584975,synthetic
5,2026-01-16,dense_tight,60,31,228.6,160.5,rule_mandis_opt_trucks,OPTIMAL,0.096,1464161,1816690,337797,14732,8523.5,129.1,31,29,99.5,0,0.0,1,44.55,1,1680544,synthetic
5,2026-01-16,dense_tight,60,31,228.6,160.5,optimizer,OPTIMAL,4.872,1353138,1670740,304786,12816,7812.5,129.4,31,29,99.2,0,0.0,0,0.0,0,1682704,synthetic
5,2026-01-16,dense_tight,60,31,228.6,160.5,optimizer_p10,OPTIMAL,2.502,1345091,1646870,289439,12340,7454.5,127.1,31,29,101.5,0,0.0,0,0.0,0,1674732,synthetic
5,2026-02-10,sparse,6,8,18.5,49.5,rule,ok,0.001,220476,317450,92847,4127,2372.9,18.5,6,0,0.0,0,0.0,0,0.0,0,238638,synthetic
5,2026-02-10,sparse,6,8,18.5,49.5,rule_mandis_opt_trucks,OPTIMAL,0.006,227392,317450,85931,4127,2334.4,18.5,6,0,0.0,0,0.0,0,0.0,0,245554,synthetic
5,2026-02-10,sparse,6,8,18.5,49.5,optimizer,OPTIMAL,0.015,227392,317450,85931,4127,2334.4,18.5,6,0,0.0,0,0.0,0,0.0,0,245554,synthetic
5,2026-02-10,sparse,6,8,18.5,49.5,optimizer_p10,OPTIMAL,0.014,211823,254870,39602,3445,916.1,15.4,4,2,3.1,0,0.0,0,0.0,0,231433,synthetic
5,2026-02-10,medium,20,18,80.1,83.0,rule,ok,0.003,812877,1027070,202606,11587,5160.8,60.3,15,5,19.8,0,0.0,0,0.0,0,854148,synthetic
5,2026-02-10,medium,20,18,80.1,83.0,rule_mandis_opt_trucks,OPTIMAL,0.011,815267,1027070,200216,11587,5097.9,60.3,15,5,19.8,0,0.0,0,0.0,0,856538,synthetic
5,2026-02-10,medium,20,18,80.1,83.0,optimizer,OPTIMAL,0.088,819309,1026830,196007,11514,4947.5,60.3,15,5,19.8,0,0.0,0,0.0,0,858942,synthetic
5,2026-02-10,medium,20,18,80.1,83.0,optimizer_p10,OPTIMAL,0.07,819309,1026830,196007,11514,4947.5,60.3,15,5,19.8,0,0.0,0,0.0,0,858942,synthetic
5,2026-02-10,dense_tight,60,34,215.8,156.0,rule,ok,0.011,1609096,2237100,592875,35130,16350.2,130.8,34,26,85.0,0,0.0,1,30.0,1,1719630,synthetic
5,2026-02-10,dense_tight,60,34,215.8,156.0,rule_mandis_opt_trucks,OPTIMAL,0.119,1693942,2201230,475121,32167,13326.3,129.2,34,26,86.6,0,0.0,1,22.1,1,1783225,synthetic
5,2026-02-10,dense_tight,60,34,215.8,156.0,optimizer,OPTIMAL,4.323,1788485,2187450,375952,23013,10291.1,129.6,34,26,86.2,0,0.0,0,0.0,0,1802701,synthetic
5,2026-02-10,dense_tight,60,34,215.8,156.0,optimizer_p10,OPTIMAL,2.034,1801837,2166540,343169,21534,9287.6,128.7,34,26,87.1,0,0.0,0,0.0,0,1791168,synthetic
5,2026-03-08,sparse,6,8,16.4,49.5,rule,ok,0.002,98569,198440,98613,1258,2247.5,16.4,6,0,0.0,0,0.0,0,0.0,0,154408,synthetic
5,2026-03-08,sparse,6,8,16.4,49.5,rule_mandis_opt_trucks,OPTIMAL,0.008,123905,189480,64372,1203,1748.6,15.6,5,1,0.8,0,0.0,0,0.0,0,175647,synthetic
5,2026-03-08,sparse,6,8,16.4,49.5,optimizer,OPTIMAL,0.022,129397,195690,64091,2203,1738.5,15.6,5,1,0.8,0,0.0,0,0.0,0,182058,synthetic
5,2026-03-08,sparse,6,8,16.4,49.5,optimizer_p10,OPTIMAL,0.011,129397,195690,64091,2203,1738.5,15.6,5,1,0.8,0,0.0,0,0.0,0,182058,synthetic
5,2026-03-08,medium,20,18,78.1,101.0,rule,ok,0.005,682123,971210,282070,7016,6735.5,72.3,18,2,5.8,0,0.0,0,0.0,0,870256,synthetic
5,2026-03-08,medium,20,18,78.1,101.0,rule_mandis_opt_trucks,OPTIMAL,0.027,714345,943080,222544,6190,5449.5,71.9,18,2,6.2,0,0.0,0,0.0,0,918720,synthetic
5,2026-03-08,medium,20,18,78.1,101.0,optimizer,OPTIMAL,0.139,737054,967380,220616,9710,5413.8,71.9,18,2,6.2,0,0.0,0,0.0,0,945073,synthetic
5,2026-03-08,medium,20,18,78.1,101.0,optimizer_p10,OPTIMAL,0.085,737054,967380,220616,9710,5413.8,71.9,18,2,6.2,0,0.0,0,0.0,0,945073,synthetic
5,2026-03-08,dense_tight,60,22,186.6,135.5,rule,ok,0.009,878434,1316670,428835,9401,10520.8,107.0,22,38,79.6,0,0.0,1,0.42,1,1292692,synthetic
5,2026-03-08,dense_tight,60,22,186.6,135.5,rule_mandis_opt_trucks,OPTIMAL,0.085,984343,1263320,269908,9069,6362.6,103.7,22,38,82.9,0,0.0,1,3.62,1,1408702,synthetic
5,2026-03-08,dense_tight,60,22,186.6,135.5,optimizer,OPTIMAL,3.298,991859,1273180,271904,9417,6399.6,103.7,22,38,82.9,0,0.0,0,0.0,0,1403591,synthetic
5,2026-03-08,dense_tight,60,22,186.6,135.5,optimizer_p10,OPTIMAL,1.58,986187,1216870,221924,8759,5237.5,100.4,22,38,86.2,0,0.0,0,0.0,0,1395984,synthetic
5,2026-04-03,sparse,6,8,16.0,43.0,rule,ok,0.001,117496,275960,151834,6630,3446.6,16.0,6,0,0.0,0,0.0,0,0.0,0,191476,synthetic
5,2026-04-03,sparse,6,8,16.0,43.0,rule_mandis_opt_trucks,OPTIMAL,0.006,123181,275960,146149,6630,3610.3,16.0,6,0,0.0,0,0.0,0,0.0,0,197161,synthetic
5,2026-04-03,sparse,6,8,16.0,43.0,optimizer,OPTIMAL,0.016,163877,293960,123000,7083,3038.9,16.0,6,0,0.0,0,0.0,0,0.0,0,211296,synthetic
5,2026-04-03,sparse,6,8,16.0,43.0,optimizer_p10,OPTIMAL,0.012,163877,293960,123000,7083,3038.9,16.0,6,0,0.0,0,0.0,0,0.0,0,211296,synthetic
5,2026-04-03,medium,20,18,77.0,101.5,rule,ok,0.004,915662,1295200,358046,21493,8660.9,73.2,18,2,3.8,0,0.0,1,1.84,1,1292516,synthetic
5,2026-04-03,medium,20,18,77.0,101.5,rule_mandis_opt_trucks,OPTIMAL,0.014,945841,1295200,327866,21493,8237.3,73.2,18,2,3.8,0,0.0,1,1.84,1,1322695,synthetic
5,2026-04-03,medium,20,18,77.0,101.5,optimizer,OPTIMAL,0.192,1004426,1312350,288775,19148,7161.2,73.2,18,2,3.8,0,0.0,0,0.0,0,1329841,synthetic
5,2026-04-03,medium,20,18,77.0,101.5,optimizer_p10,OPTIMAL,0.142,1078406,1306690,216065,12219,5578.6,72.4,18,2,4.6,0,0.0,0,0.0,0,1312010,synthetic
5,2026-04-03,dense_tight,60,29,224.2,163.5,rule,ok,0.009,1892314,2480680,548069,40297,13020.2,140.4,29,31,83.8,0,0.0,1,63.04,1,2611487,synthetic
5,2026-04-03,dense_tight,60,29,224.2,163.5,rule_mandis_opt_trucks,OPTIMAL,0.087,1956878,2481880,485816,39186,11277.6,139.9,29,31,84.3,0,0.0,1,66.04,1,2684788,synthetic
5,2026-04-03,dense_tight,60,29,224.2,163.5,optimizer,OPTIMAL,5.973,2179441,2501980,304105,18433,7287.3,138.6,29,31,85.6,0,0.0,0,0.0,0,2524873,synthetic
5,2026-04-03,dense_tight,60,29,224.2,163.5,optimizer_p10,OPTIMAL,2.808,2139753,2460160,304222,16184,7288.6,138.6,29,31,85.6,0,0.0,0,0.0,0,2519612,synthetic
5,2026-04-27,sparse,6,8,15.5,46.5,rule,ok,0.001,275022,371320,92354,3944,2094.5,15.5,6,0,0.0,0,0.0,0,0.0,0,268676,synthetic
5,2026-04-27,sparse,6,8,15.5,46.5,rule_mandis_opt_trucks,OPTIMAL,0.006,309273,371320,58103,3944,1491.3,15.5,6,0,0.0,0,0.0,0,0.0,0,302927,synthetic
5,2026-04-27,sparse,6,8,15.5,46.5,optimizer,OPTIMAL,0.021,309273,371320,58103,3944,1491.3,15.5,6,0,0.0,0,0.0,0,0.0,0,302927,synthetic
5,2026-04-27,sparse,6,8,15.5,46.5,optimizer_p10,OPTIMAL,0.015,309273,371320,58103,3944,1491.3,15.5,6,0,0.0,0,0.0,0,0.0,0,302927,synthetic
5,2026-04-27,medium,20,18,74.8,129.0,rule,ok,0.004,1598247,1944610,311246,35117,6403.1,72.3,18,2,2.5,0,0.0,1,6.6,1,1464728,synthetic
5,2026-04-27,medium,20,18,74.8,129.0,rule_mandis_opt_trucks,OPTIMAL,0.02,1667876,1943040,239990,35174,5235.2,71.7,18,2,3.1,0,0.0,1,7.7,1,1531335,synthetic
5,2026-04-27,medium,20,18,74.8,129.0,optimizer,OPTIMAL,0.301,1617119,1857360,211496,28744,4650.0,71.7,18,2,3.1,0,0.0,0,0.0,0,1533666,synthetic
5,2026-04-27,medium,20,18,74.8,129.0,optimizer_p10,OPTIMAL,0.226,1617119,1857360,211496,28744,4650.0,71.7,18,2,3.1,0,0.0,0,0.0,0,1533666,synthetic
5,2026-04-27,dense_tight,60,24,202.4,150.0,rule,ok,0.009,2793183,3213890,382107,38600,9096.8,119.3,24,36,83.1,0,0.0,1,46.1,1,2560714,synthetic
5,2026-04-27,dense_tight,60,24,202.4,150.0,rule_mandis_opt_trucks,OPTIMAL,0.108,2856955,3217040,319962,40123,7222.2,118.6,24,36,83.8,0,0.0,1,47.7,1,2627639,synthetic
5,2026-04-27,dense_tight,60,24,202.4,150.0,optimizer,FEASIBLE,10.34,2514998,2776770,234639,27133,5396.3,117.1,24,36,85.3,0,0.0,0,0.0,0,2511067,synthetic
5,2026-04-27,dense_tight,60,24,202.4,150.0,optimizer_p10,OPTIMAL,5.884,2493533,2724580,207545,23503,4775.5,117.4,24,36,85.0,0,0.0,0,0.0,0,2496185,synthetic
5,2026-05-20,sparse,6,8,20.9,47.0,rule,ok,0.001,519674,664620,128029,16917,2851.8,20.9,6,0,0.0,0,0.0,0,0.0,0,518534,synthetic
5,2026-05-20,sparse,6,8,20.9,47.0,rule_mandis_opt_trucks,OPTIMAL,0.006,523864,664620,123839,16917,2899.0,20.9,6,0,0.0,0,0.0,0,0.0,0,522723,synthetic
5,2026-05-20,sparse,6,8,20.9,47.0,optimizer,OPTIMAL,0.018,546199,667900,106169,15532,2329.3,20.9,6,0,0.0,0,0.0,0,0.0,0,529172,synthetic
5,2026-05-20,sparse,6,8,20.9,47.0,optimizer_p10,OPTIMAL,0.017,530454,631840,87977,13409,1788.1,20.9,6,0,0.0,0,0.0,0,0.0,0,526628,synthetic
5,2026-05-20,medium,20,18,66.5,80.5,rule,ok,0.003,1325927,1671580,310765,34888,8310.2,54.1,16,4,12.4,0,0.0,0,0.0,0,1318147,synthetic
5,2026-05-20,medium,20,18,66.5,80.5,rule_mandis_opt_trucks,OPTIMAL,0.02,1330414,1671580,306278,34888,8181.5,54.1,16,4,12.4,0,0.0,0,0.0,0,1322634,synthetic
5,2026-05-20,medium,20,18,66.5,80.5,optimizer,OPTIMAL,0.219,1353147,1606500,228998,24355,5951.1,54.1,16,4,12.4,0,0.0,0,0.0,0,1358025,synthetic
5,2026-05-20,medium,20,18,66.5,80.5,optimizer_p10,OPTIMAL,0.198,1365096,1564310,182292,16922,4814.7,54.1,16,4,12.4,0,0.0,0,0.0,0,1346109,synthetic
5,2026-05-20,dense_tight,60,25,212.5,150.5,rule,ok,0.009,3139621,3811680,578092,93967,13618.0,121.6,25,35,90.9,0,0.0,1,65.4,1,3127537,synthetic
5,2026-05-20,dense_tight,60,25,212.5,150.5,rule_mandis_opt_trucks,OPTIMAL,0.101,3198143,3798960,516553,84264,12345.9,121.2,25,35,91.3,0,0.0,1,65.0,1,3186064,synthetic
5,2026-05-20,dense_tight,60,25,212.5,150.5,optimizer,OPTIMAL,9.019,3344774,3763760,363653,55333,8589.7,121.6,25,35,90.9,0,0.0,0,0.0,0,3178302,synthetic
5,2026-05-20,dense_tight,60,25,212.5,150.5,optimizer_p10,OPTIMAL,8.505,3355252,3714520,315008,44260,7399.0,121.0,25,35,91.5,0,0.0,0,0.0,0,3169854,synthetic
5,2026-06-13,sparse,6,8,23.1,52.0,rule,ok,0.001,511816,608640,91146,5678,1825.2,23.1,6,0,0.0,0,0.0,0,0.0,0,660624,synthetic
5,2026-06-13,sparse,6,8,23.1,52.0,rule_mandis_opt_trucks,OPTIMAL,0.006,515157,608640,87805,5678,1823.4,23.1,6,0,0.0,0,0.0,0,0.0,0,663965,synthetic
5,2026-06-13,sparse,6,8,23.1,52.0,optimizer,OPTIMAL,0.027,571046,702240,108130,23064,2199.8,23.1,6,0,0.0,0,0.0,0,0.0,0,687166,synthetic
5,2026-06-13,sparse,6,8,23.1,52.0,optimizer_p10,OPTIMAL,0.033,571046,702240,108130,23064,2199.8,23.1,6,0,0.0,0,0.0,0,0.0,0,687166,synthetic
5,2026-06-13,medium,20,18,66.9,97.0,rule,ok,0.005,1264767,1616240,315598,35875,7306.7,55.8,16,4,11.1,0,0.0,1,10.65,1,1574077,synthetic
5,2026-06-13,medium,20,18,66.9,97.0,rule_mandis_opt_trucks,OPTIMAL,0.021,1344080,1647440,267457,35903,6405.6,55.8,16,4,11.1,0,0.0,1,13.65,1,1643499,synthetic
5,2026-06-13,medium,20,18,66.9,97.0,optimizer,OPTIMAL,0.627,1272627,1569350,264820,31903,6311.7,55.8,16,4,11.1,0,0.0,0,0.0,0,1624983,synthetic
5,2026-06-13,medium,20,18,66.9,97.0,optimizer_p10,OPTIMAL,0.417,1364705,1609910,219082,26123,5543.4,55.8,16,4,11.1,0,0.0,0,0.0,0,1602094,synthetic
5,2026-06-13,dense_tight,60,33,240.7,170.5,rule,ok,0.009,3825547,4430400,524337,80516,13685.2,149.5,33,27,91.2,0,0.0,1,101.05,1,4625112,synthetic
5,2026-06-13,dense_tight,60,33,240.7,170.5,rule_mandis_opt_trucks,OPTIMAL,0.109,3903632,4424320,442387,78301,11096.4,149.3,33,27,91.4,0,0.0,1,100.85,1,4702536,synthetic
5,2026-06-13,dense_tight,60,33,240.7,170.5,optimizer,FEASIBLE,10.421,3490160,3835030,307601,37269,7835.6,149.1,33,27,91.6,0,0.0,0,0.0,0,4326153,synthetic
5,2026-06-13,dense_tight,60,33,240.7,170.5,optimizer_p10,FEASIBLE,10.4,3483957,3794040,275551,34531,7098.2,148.7,33,27,92.0,0,0.0,0,0.0,0,4321087,synthetic
5,2026-07-09,sparse,6,8,27.3,54.5,rule,ok,0.001,433049,511210,70100,8061,1455.7,27.3,6,0,0.0,0,0.0,0,0.0,0,573406,synthetic
5,2026-07-09,sparse,6,8,27.3,54.5,rule_mandis_opt_trucks,OPTIMAL,0.005,433837,511210,69312,8061,1435.0,27.3,6,0,0.0,0,0.0,0,0.0,0,574193,synthetic
5,2026-07-09,sparse,6,8,27.3,54.5,optimizer,OPTIMAL,0.022,433837,511210,69312,8061,1435.0,27.3,6,0,0.0,0,0.0,0,0.0,0,574193,synthetic
5,2026-07-09,sparse,6,8,27.3,54.5,optimizer_p10,OPTIMAL,0.023,420106,475830,51444,4280,1126.9,27.3,6,0,0.0,0,0.0,0,0.0,0,570452,synthetic
5,2026-07-09,medium,20,18,59.1,99.0,rule,ok,0.003,794139,1125150,322352,8659,8182.2,56.5,18,2,2.6,0,0.0,1,2.91,1,1041897,synthetic
5,2026-07-09,medium,20,18,59.1,99.0,rule_mandis_opt_trucks,OPTIMAL,0.023,827151,1117620,281589,8881,7080.5,56.4,18,2,2.7,0,0.0,1,2.91,1,1078086,synthetic
5,2026-07-09,medium,20,18,59.1,99.0,optimizer,OPTIMAL,0.704,830930,1095740,256530,8280,6295.5,55.8,18,2,3.3,0,0.0,0,0.0,0,1080185,synthetic
5,2026-07-09,medium,20,18,59.1,99.0,optimizer_p10,OPTIMAL,0.965,830930,1095740,256530,8280,6295.5,55.8,18,2,3.3,0,0.0,0,0.0,0,1080185,synthetic
5,2026-07-09,dense_tight,60,26,191.7,141.5,rule,ok,0.009,1707669,2172780,437175,27937,10768.5,115.8,26,34,75.9,0,0.0,1,46.11,1,2301532,synthetic
5,2026-07-09,dense_tight,60,26,191.7,141.5,rule_mandis_opt_trucks,OPTIMAL,0.078,1773565,2163790,362694,27531,8566.2,115.5,26,34,76.2,0,0.0,1,50.11,1,2368289,synthetic
5,2026-07-09,dense_tight,60,26,191.7,141.5,optimizer,OPTIMAL,7.243,1813071,2282220,425917,43232,9864.8,115.5,26,34,76.2,0,0.0,0,0.0,0,2309689,synthetic
5,2026-07-09,dense_tight,60,26,191.7,141.5,optimizer_p10,OPTIMAL,6.978,1794994,2214270,385834,33442,8895.2,114.7,26,34,77.0,0,0.0,0,0.0,0,2296528,synthetic
5,2026-08-02,sparse,6,8,19.4,40.5,rule,ok,0.002,324841,474040,141793,7405,3453.2,19.4,6,0,0.0,0,0.0,0,0.0,0,378980,synthetic
5,2026-08-02,sparse,6,8,19.4,40.5,rule_mandis_opt_trucks,OPTIMAL,0.008,324841,474040,141793,7405,3453.2,19.4,6,0,0.0,0,0.0,0,0.0,0,378980,synthetic
5,2026-08-02,sparse,6,8,19.4,40.5,optimizer,OPTIMAL,0.02,342332,472570,123766,6472,2809.4,19.4,6,0,0.0,0,0.0,0,0.0,0,391374,synthetic
5,2026-08-02,sparse,6,8,19.4,40.5,optimizer_p10,OPTIMAL,0.019,342332,472570,123766,6472,2809.4,19.4,6,0,0.0,0,0.0,0,0.0,0,391374,synthetic
5,2026-08-02,medium,20,18,74.1,102.0,rule,ok,0.006,1402273,1768070,337127,28670,8349.0,72.2,18,2,1.9,0,0.0,1,24.45,1,1606414,synthetic
5,2026-08-02,medium,20,18,74.1,102.0,rule_mandis_opt_trucks,OPTIMAL,0.017,1428050,1765060,308890,28120,7797.7,72.1,18,2,2.0,0,0.0,1,23.25,1,1631567,synthetic
5,2026-08-02,medium,20,18,74.1,102.0,optimizer,OPTIMAL,0.452,1521348,1743000,205506,16147,5000.4,72.1,18,2,2.0,0,0.0,0,0.0,0,1668382,synthetic
5,2026-08-02,medium,20,18,74.1,102.0,optimizer_p10,OPTIMAL,0.435,1521348,1743000,205506,16147,5000.4,72.1,18,2,2.0,0,0.0,0,0.0,0,1668382,synthetic
5,2026-08-02,dense_tight,60,29,241.0,177.0,rule,ok,0.016,2845727,3602720,685069,71924,16194.4,147.7,29,31,93.3,0,0.0,1,64.25,1,3243544,synthetic
5,2026-08-02,dense_tight,60,29,241.0,177.0,rule_mandis_opt_trucks,OPTIMAL,0.145,2947478,3559420,549933,62010,13244.5,146.2,29,31,94.8,0,0.0,2,59.2,2,3337413,synthetic
5,2026-08-02,dense_tight,60,29,241.0,177.0,optimizer,FEASIBLE,10.316,3088307,3491550,369892,33351,8960.6,146.2,29,31,94.8,0,0.0,0,0.0,0,3331472,synthetic
5,2026-08-02,dense_tight,60,29,241.0,177.0,optimizer_p10,OPTIMAL,7.677,3089548,3491550,368651,33351,8937.6,146.2,29,31,94.8,0,0.0,0,0.0,0,3332713,synthetic
5,2026-08-27,sparse,6,8,27.3,55.5,rule,ok,0.001,2064933,2304120,184945,54242,3856.4,27.3,6,0,0.0,0,0.0,0,0.0,0,1874758,synthetic
5,2026-08-27,sparse,6,8,27.3,55.5,rule_mandis_opt_trucks,OPTIMAL,0.007,2072171,2304120,177707,54242,3995.7,27.3,6,0,0.0,0,0.0,0,0.0,0,1881996,synthetic
5,2026-08-27,sparse,6,8,27.3,55.5,optimizer,OPTIMAL,0.028,1802907,1998420,158104,37409,3426.6,27.3,6,0,0.0,0,0.0,0,0.0,0,1611659,synthetic
5,2026-08-27,sparse,6,8,27.3,55.5,optimizer_p10,OPTIMAL,0.025,1826729,2045500,173378,45393,3828.5,27.3,6,0,0.0,0,0.0,0,0.0,0,1611569,synthetic
5,2026-08-27,medium,20,18,63.9,115.0,rule,ok,0.003,4350835,5156840,652120,153885,15332.1,61.1,18,2,2.8,0,0.0,1,33.55,1,3927951,synthetic
5,2026-08-27,medium,20,18,63.9,115.0,rule_mandis_opt_trucks,OPTIMAL,0.021,4369750,5156840,633205,153885,15096.9,61.1,18,2,2.8,0,0.0,1,33.55,1,3946866,synthetic
5,2026-08-27,medium,20,18,63.9,115.0,optimizer,OPTIMAL,1.207,4069907,4618790,455744,93140,11004.6,61.1,18,2,2.8,0,0.0,0,0.0,0,3571818,synthetic
5,2026-08-27,medium,20,18,63.9,115.0,optimizer_p10,OPTIMAL,0.786,4058117,4614900,456661,100122,11140.0,61.1,18,2,2.8,0,0.0,0,0.0,0,3566292,synthetic
5,2026-08-27,dense_tight,60,25,188.9,140.0,rule,ok,0.009,8135876,9132080,727397,268807,18550.9,108.2,25,35,80.7,0,0.0,1,80.65,1,7386692,synthetic
5,2026-08-27,dense_tight,60,25,188.9,140.0,rule_mandis_opt_trucks,OPTIMAL,0.099,8174437,9106760,673831,258492,16992.0,107.9,25,35,81.0,0,0.0,1,80.35,1,7426521,synthetic
5,2026-08-27,dense_tight,60,25,188.9,140.0,optimizer,FEASIBLE,10.349,6877946,7584510,538218,168346,13398.1,107.9,25,35,81.0,0,0.0,0,0.0,0,6045932,synthetic
5,2026-08-27,dense_tight,60,25,188.9,140.0,optimizer_p10,FEASIBLE,10.313,6944315,7707940,580804,182821,14307.7,107.9,25,35,81.0,0,0.0,0,0.0,0,6015528,synthetic
6,2026-01-16,sparse,6,8,28.8,64.0,rule,ok,0.001,389474,495360,100641,5245,2043.8,28.8,6,0,0.0,0,0.0,0,0.0,0,411265,synthetic
6,2026-01-16,sparse,6,8,28.8,64.0,rule_mandis_opt_trucks,OPTIMAL,0.006,394497,495360,95617,5245,1935.1,28.8,6,0,0.0,0,0.0,0,0.0,0,416288,synthetic
6,2026-01-16,sparse,6,8,28.8,64.0,optimizer,OPTIMAL,0.029,391260,482400,86273,4867,1762.1,28.8,6,0,0.0,0,0.0,0,0.0,0,417649,synthetic
6,2026-01-16,sparse,6,8,28.8,64.0,optimizer_p10,OPTIMAL,0.02,391936,473280,76705,4638,1510.3,28.8,6,0,0.0,0,0.0,0,0.0,0,416572,synthetic
6,2026-01-16,medium,20,18,72.2,98.0,rule,ok,0.003,748379,1098800,339946,10475,8469.9,66.2,18,2,6.0,0,0.0,0,0.0,0,795640,synthetic
6,2026-01-16,medium,20,18,72.2,98.0,rule_mandis_opt_trucks,OPTIMAL,0.013,785560,1050760,254755,10444,6080.8,63.1,16,4,9.1,0,0.0,0,0.0,0,830837,synthetic
6,2026-01-16,medium,20,18,72.2,98.0,optimizer,OPTIMAL,0.175,838885,1062840,215530,8425,5166.5,64.8,17,3,7.4,0,0.0,0,0.0,0,844814,synthetic
6,2026-01-16,medium,20,18,72.2,98.0,optimizer_p10,OPTIMAL,0.135,831925,1047720,207655,8140,4885.2,64.8,17,3,7.4,0,0.0,0,0.0,0,843176,synthetic
6,2026-01-16,dense_tight,60,30,224.2,158.5,rule,ok,0.01,1561181,2201880,612462,28237,15508.5,134.1,30,30,90.1,0,0.0,1,49.2,1,1654868,synthetic
6,2026-01-16,dense_tight,60,30,224.2,158.5,rule_mandis_opt_trucks,OPTIMAL,0.077,1645093,2174640,503720,25827,12966.6,131.4,30,30,92.8,0,0.0,1,50.5,1,1738218,synthetic
6,2026-01-16,dense_tight,60,30,224.2,158.5,optimizer,OPTIMAL,5.849,1669619,2076530,387964,18947,9890.3,132.5,30,30,91.7,0,0.0,0,0.0,0,1716758,synthetic
6,2026-01-16,dense_tight,60,30,224.2,158.5,optimizer_p10,OPTIMAL,1.701,1625422,1991380,349604,16354,8799.3,132.5,30,30,91.7,0,0.0,0,0.0,0,1713457,synthetic
6,2026-02-09,sparse,6,8,24.2,45.5,rule,ok,0.001,237169,360520,120736,2615,2843.1,24.2,6,0,0.0,0,0.0,0,0.0,0,294602,synthetic
6,2026-02-09,sparse,6,8,24.2,45.5,rule_mandis_opt_trucks,OPTIMAL,0.006,237169,360520,120736,2615,2843.1,24.2,6,0,0.0,0,0.0,0,0.0,0,294602,synthetic
6,2026-02-09,sparse,6,8,24.2,45.5,optimizer,OPTIMAL,0.022,239132,364730,118864,6734,2771.8,24.2,6,0,0.0,0,0.0,0,0.0,0,308301,synthetic
6,2026-02-09,sparse,6,8,24.2,45.5,optimizer_p10,OPTIMAL,0.016,239132,364730,118864,6734,2771.8,24.2,6,0,0.0,0,0.0,0,0.0,0,308301,synthetic
6,2026-02-09,medium,20,18,56.9,107.0,rule,ok,0.004,550346,811120,254086,6689,6241.6,55.0,18,2,1.9,0,0.0,0,0.0,0,708716,synthetic
6,2026-02-09,medium,20,18,56.9,107.0,rule_mandis_opt_trucks,OPTIMAL,0.013,562786,792400,222949,6665,5771.2,53.8,17,3,3.1,0,0.0,0,0.0,0,722575,synthetic
6,2026-02-09,medium,20,18,56.9,107.0,optimizer,OPTIMAL,0.134,603963,802030,191572,6496,4984.7,54.7,18,2,2.2,0,0.0,0,0.0,0,746834,synthetic
6,2026-02-09,medium,20,18,56.9,107.0,optimizer_p10,OPTIMAL,0.083,605652,800770,188760,6358,4884.2,54.7,18,2,2.2,0,0.0,0,0.0,0,746828,synthetic
6,2026-02-09,dense_tight,60,26,203.9,145.0,rule,ok,0.011,1352043,1766800,398897,15860,10344.1,118.6,26,34,85.3,0,0.0,0,0.0,0,1687081,synthetic
6,2026-02-09,dense_tight,60,26,203.9,145.0,rule_mandis_opt_trucks,OPTIMAL,0.076,1429643,1742920,297783,15493,7346.7,117.3,26,34,86.6,0,0.0,0,0.0,0,1768345,synthetic
6,2026-02-09,dense_tight,60,26,203.9,145.0,optimizer,OPTIMAL,2.551,1437058,1739070,287123,14889,7018.6,117.3,26,34,86.6,0,0.0,0,0.0,0,1770581,synthetic
6,2026-02-09,dense_tight,60,26,203.9,145.0,optimizer_p10,OPTIMAL,1.326,1439405,1736620,282653,14563,6901.0,117.3,26,34,86.6,0,0.0,0,0.0,0,1769634,synthetic
6,2026-03-06,sparse,6,8,14.8,54.5,rule,ok,0.001,156824,253360,93363,3173,2005.9,14.8,6,0,0.0,0,0.0,0,0.0,0,182595,synthetic
6,2026-03-06,sparse,6,8,14.8,54.5,rule_mandis_opt_trucks,OPTIMAL,0.006,165788,253360,84399,3173,2002.5,14.8,6,0,0.0,0,0.0,0,0.0,0,191559,synthetic
6,2026-03-06,sparse,6,8,14.8,54.5,optimizer,OPTIMAL,0.019,165788,253360,84399,3173,2002.5,14.8,6,0,0.0,0,0.0,0,0.0,0,191559,synthetic
6,2026-03-06,sparse,6,8,14.8,54.5,optimizer_p10,OPTIMAL,0.01,160088,229600,66502,3011,1531.5,13.6,5,1,1.2,0,0.0,0,0.0,0,188688,synthetic
6,2026-03-06,medium,20,18,70.0,94.5,rule,ok,0.003,807492,1096600,280333,8774,6868.0,64.8,18,2,5.2,0,0.0,0,0.0,0,928636,synthetic
6,2026-03-06,medium,20,18,70.0,94.5,rule_mandis_opt_trucks,OPTIMAL,0.012,832772,1081660,240372,8516,6050.2,63.9,17,3,6.1,0,0.0,0,0.0,0,951642,synthetic
6,2026-03-06,medium,20,18,70.0,94.5,optimizer,OPTIMAL,0.183,847956,1078360,221802,8603,5561.5,63.2,17,3,6.8,0,0.0,0,0.0,0,952299,synthetic
6,2026-03-06,medium,20,18,70.0,94.5,optimizer_p10,OPTIMAL,0.137,847956,1078360,221802,8603,5561.5,63.2,17,3,6.8,0,0.0,0,0.0,0,952299,synthetic
6,2026-03-06,dense_tight,60,26,204.8,144.0,rule,ok,0.009,1644516,2098350,434382,19452,10761.9,123.2,26,34,81.6,0,0.0,1,19.79,1,1827641,synthetic
6,2026-03-06,dense_tight,60,26,204.8,144.0,rule_mandis_opt_trucks,OPTIMAL,0.096,1659701,2001890,323441,18748,7640.6,119.2,26,34,85.6,0,0.0,1,33.09,1,1891319,synthetic
6,2026-03-06,dense_tight,60,26,204.8,144.0,optimizer,FEASIBLE,10.26,1592183,1916510,311977,12350,7507.1,118.8,26,34,86.0,0,0.0,0,0.0,0,1803787,synthetic
6,2026-03-06,dense_tight,60,26,204.8,144.0,optimizer_p10,OPTIMAL,4.314,1648920,1949130,287243,12968,6818.8,117.7,26,34,87.1,0,0.0,0,0.0,0,1798831,synthetic
6,2026-04-01,sparse,6,8,23.3,43.0,rule,ok,0.002,379740,483980,99347,4893,2663.8,23.3,6,0,0.0,0,0.0,0,0.0,0,429622,synthetic
6,2026-04-01,sparse,6,8,23.3,43.0,rule_mandis_opt_trucks,OPTIMAL,0.008,385435,455120,65556,4130,1544.0,22.0,5,1,1.3,0,0.0,0,0.0,0,433687,synthetic
6,2026-04-01,sparse,6,8,23.3,43.0,optimizer,OPTIMAL,0.015,396620,462260,61640,4001,1404.1,22.0,5,1,1.3,0,0.0,0,0.0,0,436044,synthetic
6,2026-04-01,sparse,6,8,23.3,43.0,optimizer_p10,OPTIMAL,0.014,434069,492860,55054,3737,1282.2,22.0,5,1,1.3,0,0.0,0,0.0,0,435743,synthetic
6,2026-04-01,medium,20,18,75.3,119.5,rule,ok,0.004,1280702,1571120,276066,14352,6623.2,72.4,18,2,2.9,0,0.0,0,0.0,0,1344064,synthetic
6,2026-04-01,medium,20,18,75.3,119.5,rule_mandis_opt_trucks,OPTIMAL,0.025,1312645,1575540,248517,14378,5916.6,72.4,18,2,2.9,0,0.0,0,0.0,0,1373323,synthetic
6,2026-04-01,medium,20,18,75.3,119.5,optimizer,OPTIMAL,0.378,1290622,1549500,243895,14983,5761.5,72.4,18,2,2.9,0,0.0,0,0.0,0,1378695,synthetic
6,2026-04-01,medium,20,18,75.3,119.5,optimizer_p10,OPTIMAL,0.252,1368274,1623480,240864,14343,5702.7,72.4,18,2,2.9,0,0.0,0,0.0,0,1369938,synthetic
6,2026-04-01,dense_tight,60,27,195.5,142.0,rule,ok,0.01,1886331,2398060,484418,27311,12147.9,114.2,27,33,81.3,0,0.0,0,0.0,0,2056466,synthetic
6,2026-04-01,dense_tight,60,27,195.5,142.0,rule_mandis_opt_trucks,OPTIMAL,0.102,1970166,2325200,330367,24667,8619.4,109.3,27,33,86.2,0,0.0,0,0.0,0,2116782,synthetic
6,2026-04-01,dense_tight,60,27,195.5,142.0,optimizer,OPTIMAL,5.368,2000064,2407320,377707,29549,9402.8,112.4,27,33,83.1,0,0.0,0,0.0,0,2143661,synthetic
6,2026-04-01,dense_tight,60,27,195.5,142.0,optimizer_p10,OPTIMAL,4.919,2075523,2427900,325309,27068,8252.7,111.2,27,33,84.3,0,0.0,0,0.0,0,2133335,synthetic
6,2026-04-27,sparse,6,8,21.6,34.0,rule,ok,0.001,543582,695340,139400,12359,3412.9,21.6,6,0,0.0,0,0.0,0,0.0,0,501253,synthetic
6,2026-04-27,sparse,6,8,21.6,34.0,rule_mandis_opt_trucks,OPTIMAL,0.006,554033,695340,128948,12359,3458.5,21.6,6,0,0.0,0,0.0,0,0.0,0,511704,synthetic
6,2026-04-27,sparse,6,8,21.6,34.0,optimizer,OPTIMAL,0.022,564095,681360,105332,11934,3035.5,21.6,6,0,0.0,0,0.0,0,0.0,0,519088,synthetic
6,2026-04-27,sparse,6,8,21.6,34.0,optimizer_p10,OPTIMAL,0.017,464156,560460,88744,7560,2533.0,21.6,6,0,0.0,0,0.0,0,0.0,0,509851,synthetic
6,2026-04-27,medium,20,18,69.5,95.5,rule,ok,0.004,1806295,2138130,306578,25257,7465.1,67.4,18,2,2.1,0,0.0,1,1.45,1,1660086,synthetic
6,2026-04-27,medium,20,18,69.5,95.5,rule_mandis_opt_trucks,OPTIMAL,0.027,1816204,2138130,296669,25257,7231.9,67.4,18,2,2.1,0,0.0,1,1.45,1,1669995,synthetic
6,2026-04-27,medium,20,18,69.5,95.5,optimizer,OPTIMAL,0.819,1751360,2068130,285166,31604,6869.5,67.4,18,2,2.1,0,0.0,0,0.0,0,1681293,synthetic
6,2026-04-27,medium,20,18,69.5,95.5,optimizer_p10,OPTIMAL,0.499,1521116,1803080,259903,22062,6218.0,67.4,18,2,2.1,0,0.0,0,0.0,0,1649736,synthetic
6,2026-04-27,dense_tight,60,23,165.8,116.5,rule,ok,0.008,2334473,2747130,380096,32561,10185.2,87.6,23,37,78.2,0,0.0,1,4.35,1,2134458,synthetic
6,2026-04-27,dense_tight,60,23,165.8,116.5,rule_mandis_opt_trucks,OPTIMAL,0.079,2382728,2737900,318232,36940,8236.8,86.2,23,37,79.6,0,0.0,1,12.05,1,2204281,synthetic
6,2026-04-27,dense_tight,60,23,165.8,116.5,optimizer,OPTIMAL,4.864,2373478,2695010,285588,35944,7552.5,86.9,23,37,78.9,0,0.0,0,0.0,0,2217777,synthetic
6,2026-04-27,dense_tight,60,23,165.8,116.5,optimizer_p10,OPTIMAL,4.268,2104031,2361900,233752,24117,6181.6,86.4,23,37,79.4,0,0.0,0,0.0,0,2189643,synthetic
6,2026-05-19,sparse,6,8,22.7,44.0,rule,ok,0.001,660932,741230,70845,9453,1782.0,22.7,6,0,0.0,0,0.0,0,0.0,0,669836,synthetic
6,2026-05-19,sparse,6,8,22.7,44.0,rule_mandis_opt_trucks,OPTIMAL,0.006,660932,741230,70845,9453,1782.0,22.7,6,0,0.0,0,0.0,0,0.0,0,669836,synthetic
6,2026-05-19,sparse,6,8,22.7,44.0,optimizer,OPTIMAL,0.028,660932,741230,70845,9453,1782.0,22.7,6,0,0.0,0,0.0,0,0.0,0,669836,synthetic
6,2026-05-19,sparse,6,8,22.7,44.0,optimizer_p10,OPTIMAL,0.02,660932,741230,70845,9453,1782.0,22.7,6,0,0.0,0,0.0,0,0.0,0,669836,synthetic
6,2026-05-19,medium,20,18,83.6,95.5,rule,ok,0.003,1871762,2343300,421739,49799,10139.4,72.6,18,2,11.0,0,0.0,1,3.94,1,1847678,synthetic
6,2026-05-19,medium,20,18,83.6,95.5,rule_mandis_opt_trucks,OPTIMAL,0.013,1925035,2342140,370620,46485,9015.4,72.4,18,2,11.2,0,0.0,0,0.0,0,1911182,synthetic
6,2026-05-19,medium,20,18,83.6,95.5,optimizer,OPTIMAL,0.504,1919520,2345920,375014,51386,9131.0,72.4,18,2,11.2,0,0.0,0,0.0,0,1912915,synthetic
6,2026-05-19,medium,20,18,83.6,95.5,optimizer_p10,OPTIMAL,0.313,1925035,2342140,370620,46485,9015.4,72.4,18,2,11.2,0,0.0,0,0.0,0,1911182,synthetic
6,2026-05-19,dense_tight,60,25,206.4,148.0,rule,ok,0.009,3229687,3762070,458688,73694,10731.6,115.6,25,35,90.8,0,0.0,1,40.9,1,3251069,synthetic
6,2026-05-19,dense_tight,60,25,206.4,148.0,rule_mandis_opt_trucks,OPTIMAL,0.09,3253862,3762480,437139,71479,10277.3,115.5,25,35,90.9,0,0.0,1,44.9,1,3282256,synthetic
6,2026-05-19,dense_tight,60,25,206.4,148.0,optimizer,OPTIMAL,9.973,3075819,3499170,363280,60071,8387.7,115.2,25,35,91.2,0,0.0,0,0.0,0,3048431,synthetic
6,2026-05-19,dense_tight,60,25,206.4,148.0,optimizer_p10,FEASIBLE,10.267,3072388,3473650,344088,57174,7882.6,114.4,25,35,92.0,0,0.0,0,0.0,0,3045767,synthetic
6,2026-06-12,sparse,6,8,17.6,41.5,rule,ok,0.001,422725,506130,77420,5985,1952.7,17.6,6,0,0.0,0,0.0,0,0.0,0,418374,synthetic
6,2026-06-12,sparse,6,8,17.6,41.5,rule_mandis_opt_trucks,OPTIMAL,0.006,427787,506130,72358,5985,1970.7,17.6,6,0,0.0,0,0.0,0,0.0,0,423436,synthetic
6,2026-06-12,sparse,6,8,17.6,41.5,optimizer,OPTIMAL,0.022,427787,506130,72358,5985,1970.7,17.6,6,0,0.0,0,0.0,0,0.0,0,423436,synthetic
6,2026-06-12,sparse,6,8,17.6,41.5,optimizer_p10,OPTIMAL,0.02,469236,553650,76542,7873,2080.8,17.6,6,0,0.0,0,0.0,0,0.0,0,420404,synthetic
6,2026-06-12,medium,20,18,76.0,99.5,rule,ok,0.003,1921127,2181830,233000,27703,5630.0,73.5,18,2,2.5,0,0.0,0,0.0,0,1861799,synthetic
6,2026-06-12,medium,20,18,76.0,99.5,rule_mandis_opt_trucks,OPTIMAL,0.024,1926052,2181830,228076,27703,5499.6,73.5,18,2,2.5,0,0.0,0,0.0,0,1866723,synthetic
6,2026-06-12,medium,20,18,76.0,99.5,optimizer,OPTIMAL,0.371,1972814,2229350,227576,28960,5487.2,73.5,18,2,2.5,0,0.0,0,0.0,0,1869009,synthetic
6,2026-06-12,medium,20,18,76.0,99.5,optimizer_p10,OPTIMAL,0.343,2050920,2305250,224199,30131,5286.5,73.5,18,2,2.5,0,0.0,0,0.0,0,1865616,synthetic
6,2026-06-12,dense_tight,60,26,227.4,159.5,rule,ok,0.009,3762892,4238250,420473,54884,10297.3,140.8,26,34,86.6,0,0.0,2,34.95,2,3593860,synthetic
6,2026-06-12,dense_tight,60,26,227.4,159.5,rule_mandis_opt_trucks,OPTIMAL,0.093,3817103,4225080,354679,53298,8325.2,140.6,26,34,86.8,0,0.0,2,34.75,2,3651762,synthetic
6,2026-06-12,dense_tight,60,26,227.4,159.5,optimizer,FEASIBLE,10.335,3835469,4180450,296128,48853,6917.2,139.4,26,34,88.0,0,0.0,0,0.0,0,3558322,synthetic
6,2026-06-12,dense_tight,60,26,227.4,159.5,optimizer_p10,FEASIBLE,10.249,3835493,4180450,296162,48794,6917.9,139.4,26,34,88.0,0,0.0,0,0.0,0,3558282,synthetic
6,2026-07-06,sparse,6,8,14.3,37.5,rule,ok,0.001,297274,396980,93929,5777,2397.6,14.3,6,0,0.0,0,0.0,0,0.0,0,307596,synthetic
6,2026-07-06,sparse,6,8,14.3,37.5,rule_mandis_opt_trucks,OPTIMAL,0.005,306848,396980,84355,5777,2108.5,14.3,6,0,0.0,0,0.0,0,0.0,0,317171,synthetic
6,2026-07-06,sparse,6,8,14.3,37.5,optimizer,OPTIMAL,0.018,312062,398020,80341,5617,1998.2,14.3,6,0,0.0,0,0.0,0,0.0,0,319303,synthetic
6,2026-07-06,sparse,6,8,14.3,37.5,optimizer_p10,OPTIMAL,0.016,312062,398020,80341,5617,1998.2,14.3,6,0,0.0,0,0.0,0,0.0,0,319303,synthetic
6,2026-07-06,medium,20,18,73.5,112.0,rule,ok,0.004,1656135,1962620,273479,33006,6452.7,70.8,18,2,2.7,0,0.0,1,16.45,1,1780702,synthetic
6,2026-07-06,medium,20,18,73.5,112.0,rule_mandis_opt_trucks,OPTIMAL,0.016,1663074,1962620,266540,33006,6464.2,70.8,18,2,2.7,0,0.0,1,16.45,1,1787641,synthetic
6,2026-07-06,medium,20,18,73.5,112.0,optimizer,OPTIMAL,0.544,1724786,1977410,225211,27413,5411.0,70.8,18,2,2.7,0,0.0,0,0.0,0,1791375,synthetic
6,2026-07-06,medium,20,18,73.5,112.0,optimizer_p10,OPTIMAL,0.434,1724786,1977410,225212,27413,5411.0,70.8,18,2,2.7,0,0.0,0,0.0,0,1791374,synthetic
6,2026-07-06,dense_tight,60,30,212.6,149.5,rule,ok,0.01,3045503,3561420,464087,51830,12283.7,128.4,30,30,84.2,0,0.0,2,48.04,2,3217606,synthetic
6,2026-07-06,dense_tight,60,30,212.6,149.5,rule_mandis_opt_trucks,OPTIMAL,0.105,3089958,3550500,410647,49895,10671.2,128.0,30,30,84.6,0,0.0,2,47.64,2,3257020,synthetic
6,2026-07-06,dense_tight,60,30,212.6,149.5,optimizer,FEASIBLE,10.273,3157120,3524240,331779,35340,8364.0,128.0,30,30,84.6,0,0.0,0,0.0,0,3184922,synthetic
6,2026-07-06,dense_tight,60,30,212.6,149.5,optimizer_p10,FEASIBLE,10.279,3156044,3523980,331927,36009,8295.1,128.0,30,30,84.6,0,0.0,0,0.0,0,3184716,synthetic
6,2026-07-31,sparse,6,8,20.6,49.0,rule,ok,0.001,485639,585960,92418,7903,2065.7,20.6,6,0,0.0,0,0.0,0,0.0,0,529846,synthetic
6,2026-07-31,sparse,6,8,20.6,49.0,rule_mandis_opt_trucks,OPTIMAL,0.008,486727,585960,91331,7903,2143.9,20.6,6,0,0.0,0,0.0,0,0.0,0,530933,synthetic
6,2026-07-31,sparse,6,8,20.6,49.0,optimizer,OPTIMAL,0.024,489366,578710,82098,7247,1972.9,20.6,6,0,0.0,0,0.0,0,0.0,0,532828,synthetic
6,2026-07-31,sparse,6,8,20.6,49.0,optimizer_p10,OPTIMAL,0.021,489366,578710,82098,7247,1972.9,20.6,6,0,0.0,0,0.0,0,0.0,0,532828,synthetic
6,2026-07-31,medium,20,18,60.0,86.5,rule,ok,0.003,1283789,1646000,330553,31657,9436.9,57.7,18,2,2.3,0,0.0,0,0.0,0,1356557,synthetic
6,2026-07-31,medium,20,18,60.0,86.5,rule_mandis_opt_trucks,OPTIMAL,0.014,1310907,1624920,283471,30541,7770.7,57.0,18,2,3.0,0,0.0,0,0.0,0,1394688,synthetic
6,2026-07-31,medium,20,18,60.0,86.5,optimizer,OPTIMAL,0.32,1322412,1622600,270230,29958,7429.6,57.0,18,2,3.0,0,0.0,0,0.0,0,1398503,synthetic
6,2026-07-31,medium,20,18,60.0,86.5,optimizer_p10,OPTIMAL,0.279,1316465,1591350,248490,26395,6708.7,57.0,18,2,3.0,0,0.0,0,0.0,0,1396916,synthetic
6,2026-07-31,dense_tight,60,24,199.6,141.0,rule,ok,0.009,2849385,3308400,409437,49578,10152.1,116.1,24,36,83.5,0,0.0,1,44.3,1,3033963,synthetic
6,2026-07-31,dense_tight,60,24,199.6,141.0,rule_mandis_opt_trucks,OPTIMAL,0.115,2845869,3282360,390887,45604,9710.5,115.3,24,36,84.3,0,0.0,1,51.8,1,3063949,synthetic
6,2026-07-31,dense_tight,60,24,199.6,141.0,optimizer,OPTIMAL,8.379,2917712,3246250,293752,34786,7010.0,115.9,24,36,83.7,0,0.0,0,0.0,0,3019121,synthetic
6,2026-07-31,dense_tight,60,24,199.6,141.0,optimizer_p10,OPTIMAL,6.692,2886266,3189940,272689,30985,6564.9,114.8,24,36,84.8,0,0.0,0,0.0,0,3015911,synthetic
6,2026-08-27,sparse,6,8,28.6,48.0,rule,ok,0.001,719252,918290,167700,31337,3002.2,22.9,4,2,5.7,0,0.0,0,0.0,0,671703,synthetic
6,2026-08-27,sparse,6,8,28.6,48.0,rule_mandis_opt_trucks,OPTIMAL,0.006,719343,918290,167610,31337,3000.6,22.9,4,2,5.7,0,0.0,0,0.0,0,671793,synthetic
6,2026-08-27,sparse,6,8,28.6,48.0,optimizer,OPTIMAL,0.016,547172,617220,62151,7897,1111.4,22.9,4,2,5.7,0,0.0,0,0.0,0,698235,synthetic
6,2026-08-27,sparse,6,8,28.6,48.0,optimizer_p10,OPTIMAL,0.016,535373,618300,73905,9023,1329.0,22.9,4,2,5.7,0,0.0,0,0.0,0,693228,synthetic
6,2026-08-27,medium,20,18,86.6,85.5,rule,ok,0.003,2069052,2630560,477871,83637,12669.9,65.6,17,3,21.0,0,0.0,1,29.35,1,1932511,synthetic
6,2026-08-27,medium,20,18,86.6,85.5,rule_mandis_opt_trucks,OPTIMAL,0.015,2082210,2630560,464713,83637,12266.1,65.6,17,3,21.0,0,0.0,1,29.35,1,1945669,synthetic
6,2026-08-27,medium,20,18,86.6,85.5,optimizer,OPTIMAL,0.539,1574653,1839840,248140,17047,6854.1,65.6,17,3,21.0,0,0.0,0,0.0,0,1937888,synthetic
6,2026-08-27,medium,20,18,86.6,85.5,optimizer_p10,OPTIMAL,0.658,1580422,1848550,249749,18379,6773.9,65.6,17,3,21.0,0,0.0,0,0.0,0,1932452,synthetic
6,2026-08-27,dense_tight,60,26,189.9,133.5,rule,ok,0.014,3365088,4143100,675721,102292,17693.6,105.9,26,34,84.0,0,0.0,1,61.75,1,3214321,synthetic
6,2026-08-27,dense_tight,60,26,189.9,133.5,rule_mandis_opt_trucks,OPTIMAL,0.081,3419401,4094980,582137,93442,15343.8,104.7,26,34,85.2,0,0.0,1,60.55,1,3270739,synthetic
6,2026-08-27,dense_tight,60,26,189.9,133.5,optimizer,FEASIBLE,10.35,2902522,3277850,334489,40839,8446.5,104.0,26,34,85.9,0,0.0,0,0.0,0,3229487,synthetic
6,2026-08-27,dense_tight,60,26,189.9,133.5,optimizer_p10,OPTIMAL,5.997,2936621,3311460,333366,41474,8220.4,103.8,26,34,86.1,0,0.0,0,0.0,0,3217314,synthetic
7,2026-01-16,sparse,6,8,17.4,32.5,rule,ok,0.002,286686,370480,81501,2293,2213.5,17.4,6,0,0.0,0,0.0,0,0.0,0,309207,synthetic
7,2026-01-16,sparse,6,8,17.4,32.5,rule_mandis_opt_trucks,OPTIMAL,0.006,291624,370480,76562,2293,2164.8,17.4,6,0,0.0,0,0.0,0,0.0,0,314146,synthetic
7,2026-01-16,sparse,6,8,17.4,32.5,optimizer,OPTIMAL,0.018,291624,370480,76562,2293,2164.8,17.4,6,0,0.0,0,0.0,0,0.0,0,314146,synthetic
7,2026-01-16,sparse,6,8,17.4,32.5,optimizer_p10,OPTIMAL,0.014,291624,370480,76562,2293,2164.8,17.4,6,0,0.0,0,0.0,0,0.0,0,314146,synthetic
7,2026-01-16,medium,20,18,79.2,88.0,rule,ok,0.004,1225368,1563040,325353,12319,8339.0,73.0,18,2,6.2,0,0.0,1,4.55,1,1313964,synthetic
7,2026-01-16,medium,20,18,79.2,88.0,rule_mandis_opt_trucks,OPTIMAL,0.021,1244618,1560060,303120,12322,7548.2,72.7,18,2,6.5,0,0.0,1,3.25,1,1327712,synthetic
7,2026-01-16,medium,20,18,79.2,88.0,optimizer,OPTIMAL,0.277,1272427,1586570,301088,13055,7494.8,72.7,18,2,6.5,0,0.0,0,0.0,0,1324677,synthetic
7,2026-01-16,medium,20,18,79.2,88.0,optimizer_p10,OPTIMAL,0.18,1279467,1584960,292949,12544,7339.0,72.7,18,2,6.5,0,0.0,0,0.0,0,1324304,synthetic
7,2026-01-16,dense_tight,60,25,212.9,154.5,rule,ok,0.008,2239246,2712040,448378,24415,10281.4,126.2,25,35,86.7,0,0.0,1,38.45,1,2404042,synthetic
7,2026-01-16,dense_tight,60,25,212.9,154.5,rule_mandis_opt_trucks,OPTIMAL,0.081,2343661,2669700,302285,23754,6825.6,124.7,25,35,88.2,0,0.0,1,48.75,1,2555912,synthetic
7,2026-01-16,dense_tight,60,25,212.9,154.5,optimizer,FEASIBLE,10.333,2528553,2859760,314089,17119,7189.3,125.5,25,35,87.4,0,0.0,0,0.0,0,2394845,synthetic
7,2026-01-16,dense_tight,60,25,212.9,154.5,optimizer_p10,FEASIBLE,10.217,2570755,2900490,307189,22546,6984.8,125.7,25,35,87.2,0,0.0,0,0.0,0,2393877,synthetic
7,2026-02-13,sparse,6,8,13.5,31.5,rule,ok,0.001,180740,291120,108407,1973,3065.0,13.5,6,0,0.0,0,0.0,0,0.0,0,186942,synthetic
7,2026-02-13,sparse,6,8,13.5,31.5,rule_mandis_opt_trucks,OPTIMAL,0.006,192427,274810,80428,1955,2320.5,12.8,5,1,0.7,0,0.0,0,0.0,0,200421,synthetic
7,2026-02-13,sparse,6,8,13.5,31.5,optimizer,OPTIMAL,0.013,204082,285520,75556,5883,2166.8,12.8,5,1,0.7,0,0.0,0,0.0,0,209041,synthetic
7,2026-02-13,sparse,6,8,13.5,31.5,optimizer_p10,OPTIMAL,0.013,212783,292270,75632,3856,2168.8,12.8,5,1,0.7,0,0.0,0,0.0,0,204723,synthetic
7,2026-02-13,medium,20,18,64.3,98.0,rule,ok,0.003,1052412,1370990,309934,8644,7579.6,63.1,18,2,1.2,0,0.0,0,0.0,0,1067054,synthetic
7,2026-02-13,medium,20,18,64.3,98.0,rule_mandis_opt_trucks,OPTIMAL,0.02,1090581,1370990,271765,8644,6950.5,63.1,18,2,1.2,0,0.0,0,0.0,0,1105223,synthetic
7,2026-02-13,medium,20,18,64.3,98.0,optimizer,OPTIMAL,0.18,1116500,1393280,263173,13607,6728.8,63.1,18,2,1.2,0,0.0,0,0.0,0,1119289,synthetic
7,2026-02-13,medium,20,18,64.3,98.0,optimizer_p10,OPTIMAL,0.164,1149685,1422470,262580,10204,6709.7,63.1,18,2,1.2,0,0.0,0,0.0,0,1110252,synthetic
7,2026-02-13,dense_tight,60,28,186.3,131.5,rule,ok,0.012,1806686,2203980,379452,17842,9642.6,103.8,28,32,82.5,0,0.0,1,23.65,1,1945565,synthetic
7,2026-02-13,dense_tight,60,28,186.3,131.5,rule_mandis_opt_trucks,OPTIMAL,0.104,1862766,2191780,312404,16610,8038.9,103.4,28,32,82.9,0,0.0,1,27.45,1,2005545,synthetic
7,2026-02-13,dense_tight,60,28,186.3,131.5,optimizer,OPTIMAL,6.661,1974548,2279220,288076,16596,7364.8,103.2,28,32,83.1,0,0.0,0,0.0,0,2010179,synthetic
7,2026-02-13,dense_tight,60,28,186.3,131.5,optimizer_p10,OPTIMAL,4.828,2039489,2332980,277952,15539,7119.1,103.2,28,32,83.1,0,0.0,0,0.0,0,1998810,synthetic
7,2026-03-09,sparse,6,8,22.9,40.5,rule,ok,0.002,473032,551210,74054,4124,1817.6,22.9,6,0,0.0,0,0.0,0,0.0,0,510839,synthetic
7,2026-03-09,sparse,6,8,22.9,40.5,rule_mandis_opt_trucks,OPTIMAL,0.009,478463,551210,68622,4124,1830.6,22.9,6,0,0.0,0,0.0,0,0.0,0,516271,synthetic
7,2026-03-09,sparse,6,8,22.9,40.5,optimizer,OPTIMAL,0.034,478463,551210,68622,4124,1830.6,22.9,6,0,0.0,0,0.0,0,0.0,0,516271,synthetic
7,2026-03-09,sparse,6,8,22.9,40.5,optimizer_p10,OPTIMAL,0.031,478463,551210,68622,4124,1830.6,22.9,6,0,0.0,0,0.0,0,0.0,0,516271,synthetic
7,2026-03-09,medium,20,18,72.9,85.0,rule,ok,0.006,1106030,1295710,181611,8069,4504.9,52.1,13,7,20.8,0,0.0,0,0.0,0,1132545,synthetic
7,2026-03-09,medium,20,18,72.9,85.0,rule_mandis_opt_trucks,OPTIMAL,0.025,1111247,1295710,176394,8069,4476.4,52.1,13,7,20.8,0,0.0,0,0.0,0,1137761,synthetic
7,2026-03-09,medium,20,18,72.9,85.0,optimizer,OPTIMAL,0.187,1103051,1286090,173795,9244,4383.6,52.1,13,7,20.8,0,0.0,0,0.0,0,1146659,synthetic
7,2026-03-09,medium,20,18,72.9,85.0,optimizer_p10,OPTIMAL,0.182,1153308,1340590,173236,14046,4359.6,52.1,13,7,20.8,0,0.0,0,0.0,0,1141545,synthetic
7,2026-03-09,dense_tight,60,27,204.1,143.5,rule,ok,0.01,2500615,2874510,357369,16527,8797.3,118.1,27,33,86.0,0,0.0,1,12.86,1,2625325,synthetic
7,2026-03-09,dense_tight,60,27,204.1,143.5,rule_mandis_opt_trucks,OPTIMAL,0.093,2540248,2820640,263635,16757,6549.7,116.8,27,33,87.3,0,0.0,1,22.66,1,2694284,synthetic
7,2026-03-09,dense_tight,60,27,204.1,143.5,optimizer,FEASIBLE,10.318,2682294,3001860,296950,22615,7202.1,117.6,27,33,86.5,0,0.0,0,0.0,0,2651663,synthetic
7,2026-03-09,dense_tight,60,27,204.1,143.5,optimizer_p10,OPTIMAL,4.434,2690871,2990100,276986,22242,6832.4,116.8,27,33,87.3,0,0.0,0,0.0,0,2643442,synthetic
7,2026-04-03,sparse,6,8,17.2,40.5,rule,ok,0.001,374648,474790,94366,5775,2608.3,17.2,6,0,0.0,0,0.0,0,0.0,0,444971,synthetic
7,2026-04-03,sparse,6,8,17.2,40.5,rule_mandis_opt_trucks,OPTIMAL,0.007,376514,474790,92501,5775,2559.2,17.2,6,0,0.0,0,0.0,0,0.0,0,446836,synthetic
7,2026-04-03,sparse,6,8,17.2,40.5,optimizer,OPTIMAL,0.023,376514,474790,92501,5775,2559.2,17.2,6,0,0.0,0,0.0,0,0.0,0,446836,synthetic
7,2026-04-03,sparse,6,8,17.2,40.5,optimizer_p10,OPTIMAL,0.019,376514,474790,92501,5775,2559.2,17.2,6,0,0.0,0,0.0,0,0.0,0,446836,synthetic
7,2026-04-03,medium,20,18,81.4,91.5,rule,ok,0.004,1236826,1654030,392171,25033,9837.1,59.8,16,4,21.6,0,0.0,1,16.92,1,1515438,synthetic
7,2026-04-03,medium,20,18,81.4,91.5,rule_mandis_opt_trucks,OPTIMAL,0.014,1326519,1645220,293936,24765,8193.5,59.6,16,4,21.8,0,0.0,1,5.82,1,1569737,synthetic
7,2026-04-03,medium,20,18,81.4,91.5,optimizer,OPTIMAL,0.286,1357372,1640440,261576,21491,7161.1,59.6,16,4,21.8,0,0.0,0,0.0,0,1579643,synthetic
7,2026-04-03,medium,20,18,81.4,91.5,optimizer_p10,OPTIMAL,0.223,1357997,1615840,236438,21404,6263.4,58.6,15,5,22.8,0,0.0,0,0.0,0,1578818,synthetic
7,2026-04-03,dense_tight,60,23,188.6,141.5,rule,ok,0.009,2394775,2951620,503671,53175,12350.2,106.9,23,37,81.7,0,0.0,1,40.43,1,2837946,synthetic
7,2026-04-03,dense_tight,60,23,188.6,141.5,rule_mandis_opt_trucks,OPTIMAL,0.109,2498842,2913790,367805,47143,8548.8,105.4,23,37,83.2,0,0.0,1,51.33,1,2974169,synthetic
7,2026-04-03,dense_tight,60,23,188.6,141.5,optimizer,OPTIMAL,8.003,2448676,2777830,297748,31406,6967.2,105.4,23,37,83.2,0,0.0,0,0.0,0,2744458,synthetic
7,2026-04-03,dense_tight,60,23,188.6,141.5,optimizer_p10,OPTIMAL,8.934,2451833,2778530,294427,32270,6879.6,105.4,23,37,83.2,0,0.0,0,0.0,0,2744325,synthetic
7,2026-04-27,sparse,6,8,22.8,40.5,rule,ok,0.002,393549,524400,122845,8006,3082.3,22.8,6,0,0.0,0,0.0,0,0.0,0,586772,synthetic
7,2026-04-27,sparse,6,8,22.8,40.5,rule_mandis_opt_trucks,OPTIMAL,0.007,412777,524400,103617,8006,2879.6,22.8,6,0,0.0,0,0.0,0,0.0,0,606000,synthetic
7,2026-04-27,sparse,6,8,22.8,40.5,optimizer,OPTIMAL,0.019,434076,533900,93326,6498,2512.1,22.8,6,0,0.0,0,0.0,0,0.0,0,607452,synthetic
7,2026-04-27,sparse,6,8,22.8,40.5,optimizer_p10,OPTIMAL,0.02,440233,538600,90122,8245,2470.8,22.8,6,0,0.0,0,0.0,0,0.0,0,598044,synthetic
7,2026-04-27,medium,20,18,75.4,86.5,rule,ok,0.005,1215625,1536330,304221,16484,8013.2,64.8,17,3,10.6,0,0.0,1,10.0,1,1649393,synthetic
7,2026-04-27,medium,20,18,75.4,86.5,rule_mandis_opt_trucks,OPTIMAL,0.026,1220525,1445650,208471,16654,5872.8,61.9,17,3,13.5,0,0.0,1,18.0,1,1707648,synthetic
7,2026-04-27,medium,20,18,75.4,86.5,optimizer,OPTIMAL,0.442,1289526,1551800,236140,26135,6039.6,64.0,17,3,11.4,0,0.0,0,0.0,0,1713697,synthetic
7,2026-04-27,medium,20,18,75.4,86.5,optimizer_p10,OPTIMAL,0.497,1269589,1468020,182424,16007,5022.1,61.9,17,3,13.5,0,0.0,0,0.0,0,1698997,synthetic
7,2026-04-27,dense_tight,60,29,219.1,154.5,rule,ok,0.015,2381128,2923590,514026,28436,13215.4,122.7,29,31,96.4,0,0.0,1,44.8,1,3217027,synthetic
7,2026-04-27,dense_tight,60,29,219.1,154.5,rule_mandis_opt_trucks,OPTIMAL,0.119,2383392,2864690,450789,30509,11773.0,121.0,29,31,98.1,0,0.0,1,52.1,1,3268665,synthetic
7,2026-04-27,dense_tight,60,29,219.1,154.5,optimizer,FEASIBLE,10.319,2594839,3039840,417692,27310,10566.5,121.7,29,31,97.4,0,0.0,0,0.0,0,3172936,synthetic
7,2026-04-27,dense_tight,60,29,219.1,154.5,optimizer_p10,FEASIBLE,10.3,2433360,2864160,397604,33195,10011.9,120.9,29,31,98.2,0,0.0,0,0.0,0,3162735,synthetic
7,2026-05-21,sparse,6,8,19.4,48.0,rule,ok,0.001,237767,416450,174785,3898,3294.6,16.8,5,1,2.6,0,0.0,0,0.0,0,314453,synthetic
7,2026-05-21,sparse,6,8,19.4,48.0,rule_mandis_opt_trucks,OPTIMAL,0.008,309582,431010,116713,4714,2219.8,16.8,5,1,2.6,0,0.0,0,0.0,0,381564,synthetic
7,2026-05-21,sparse,6,8,19.4,48.0,optimizer,OPTIMAL,0.019,325700,452610,116530,10380,2216.6,16.8,5,1,2.6,0,0.0,0,0.0,0,391934,synthetic
7,2026-05-21,sparse,6,8,19.4,48.0,optimizer_p10,OPTIMAL,0.016,325700,452610,116530,10380,2216.6,16.8,5,1,2.6,0,0.0,0,0.0,0,391934,synthetic
7,2026-05-21,medium,20,18,95.6,101.0,rule,ok,0.003,1551786,1901710,327694,22230,7514.3,74.3,16,4,21.3,0,0.0,0,0.0,0,1872718,synthetic
7,2026-05-21,medium,20,18,95.6,101.0,rule_mandis_opt_trucks,OPTIMAL,0.014,1559684,1901710,319796,22230,7374.9,74.3,16,4,21.3,0,0.0,0,0.0,0,1880617,synthetic
7,2026-05-21,medium,20,18,95.6,101.0,optimizer,OPTIMAL,0.415,1599871,1952840,315010,37958,7249.1,74.3,16,4,21.3,0,0.0,0,0.0,0,1906818,synthetic
7,2026-05-21,medium,20,18,95.6,101.0,optimizer_p10,OPTIMAL,0.467,1599871,1952840,315010,37958,7249.1,74.3,16,4,21.3,0,0.0,0,0.0,0,1906818,synthetic
7,2026-05-21,dense_tight,60,27,195.6,143.0,rule,ok,0.016,2903832,3478200,518345,56023,13668.3,125.5,27,33,70.1,0,0.0,1,59.59,1,3352826,synthetic
7,2026-05-21,dense_tight,60,27,195.6,143.0,rule_mandis_opt_trucks,OPTIMAL,0.122,2951519,3466760,459876,55366,11951.8,125.4,27,33,70.2,0,0.0,1,57.49,1,3404729,synthetic
7,2026-05-21,dense_tight,60,27,195.6,143.0,optimizer,OPTIMAL,6.634,2625235,3039520,379654,34631,9471.1,123.0,27,33,72.6,0,0.0,0,0.0,0,3160634,synthetic
7,2026-05-21,dense_tight,60,27,195.6,143.0,optimizer_p10,OPTIMAL,8.962,2664959,3062180,363593,33627,9105.9,123.0,27,33,72.6,0,0.0,0,0.0,0,3153409,synthetic
7,2026-06-15,sparse,6,8,18.0,39.0,rule,ok,0.001,482622,648000,145417,19961,3400.7,18.0,6,0,0.0,0,0.0,0,0.0,0,397358,synthetic
7,2026-06-15,sparse,6,8,18.0,39.0,rule_mandis_opt_trucks,OPTIMAL,0.007,492405,648000,135634,19961,3524.1,18.0,6,0,0.0,0,0.0,0,0.0,0,407140,synthetic
7,2026-06-15,sparse,6,8,18.0,39.0,optimizer,OPTIMAL,0.024,492405,648000,135634,19961,3524.1,18.0,6,0,0.0,0,0.0,0,0.0,0,407140,synthetic
7,2026-06-15,sparse,6,8,18.0,39.0,optimizer_p10,OPTIMAL,0.021,492405,648000,135634,19961,3524.1,18.0,6,0,0.0,0,0.0,0,0.0,0,407140,synthetic
7,2026-06-15,medium,20,18,96.1,85.5,rule,ok,0.005,1895141,2250000,315486,39373,7379.9,62.5,13,7,33.6,0,0.0,1,23.03,1,1595020,synthetic
7,2026-06-15,medium,20,18,96.1,85.5,rule_mandis_opt_trucks,OPTIMAL,0.021,1926355,2250000,287973,35672,6650.6,62.5,13,7,33.6,0,0.0,1,23.02,1,1625731,synthetic
7,2026-06-15,medium,20,18,96.1,85.5,optimizer,OPTIMAL,0.402,1712501,1964110,228240,23370,5114.4,62.5,13,7,33.6,0,0.0,0,0.0,0,1512081,synthetic
7,2026-06-15,medium,20,18,96.1,85.5,optimizer_p10,OPTIMAL,0.279,1780319,2029490,226955,22216,4957.8,62.5,13,7,33.6,0,0.0,0,0.0,0,1509570,synthetic
7,2026-06-15,dense_tight,60,29,209.1,150.0,rule,ok,0.01,3689509,4496400,680119,126772,17544.7,124.9,29,31,84.2,0,0.0,1,85.43,1,3096277,synthetic
7,2026-06-15,dense_tight,60,29,209.1,150.0,rule_mandis_opt_trucks,OPTIMAL,0.105,3845979,4424400,484381,94040,12091.2,122.9,29,31,86.2,0,0.0,1,83.43,1,3258078,synthetic
7,2026-06-15,dense_tight,60,29,209.1,150.0,optimizer,FEASIBLE,10.441,3311684,3707690,349620,46385,8902.9,122.9,29,31,86.2,0,0.0,0,0.0,0,2804349,synthetic
7,2026-06-15,dense_tight,60,29,209.1,150.0,optimizer_p10,FEASIBLE,10.321,3327520,3718880,344041,47320,8665.6,122.6,29,31,86.5,0,0.0,0,0.0,0,2803441,synthetic
7,2026-07-09,sparse,6,8,22.2,42.0,rule,ok,0.001,638247,745230,99547,7436,2266.6,22.2,6,0,0.0,0,0.0,0,0.0,0,580046,synthetic
7,2026-07-09,sparse,6,8,22.2,42.0,rule_mandis_opt_trucks,OPTIMAL,0.005,638247,745230,99547,7436,2266.6,22.2,6,0,0.0,0,0.0,0,0.0,0,580046,synthetic
7,2026-07-09,sparse,6,8,22.2,42.0,optimizer,OPTIMAL,0.018,658277,742530,77930,6322,1866.2,22.2,6,0,0.0,0,0.0,0,0.0,0,587386,synthetic
7,2026-07-09,sparse,6,8,22.2,42.0,optimizer_p10,OPTIMAL,0.014,658277,742530,77930,6322,1866.2,22.2,6,0,0.0,0,0.0,0,0.0,0,587386,synthetic
7,2026-07-09,medium,20,18,61.2,82.5,rule,ok,0.004,1361087,1704170,316245,26838,8750.1,50.8,18,2,10.4,0,0.0,1,9.54,1,1230824,synthetic
7,2026-07-09,medium,20,18,61.2,82.5,rule_mandis_opt_trucks,OPTIMAL,0.026,1401237,1670510,242529,26744,6633.5,49.9,17,3,11.3,0,0.0,1,9.54,1,1281116,synthetic
7,2026-07-09,medium,20,18,61.2,82.5,optimizer,OPTIMAL,0.392,1441239,1684640,223623,19778,6127.5,50.8,18,2,10.4,0,0.0,0,0.0,0,1284082,synthetic
7,2026-07-09,medium,20,18,61.2,82.5,optimizer_p10,OPTIMAL,0.238,1426434,1642350,196268,19648,5279.5,49.9,17,3,11.3,0,0.0,0,0.0,0,1281948,synthetic
7,2026-07-09,dense_tight,60,28,221.7,156.5,rule,ok,0.01,3882231,4358920,416748,59941,10269.4,131.3,28,32,90.4,0,0.0,1,88.64,1,3648652,synthetic
7,2026-07-09,dense_tight,60,28,221.7,156.5,rule_mandis_opt_trucks,OPTIMAL,0.101,3907424,4310410,344586,58400,8382.8,130.4,28,32,91.3,0,0.0,1,91.94,1,3717445,synthetic
7,2026-07-09,dense_tight,60,28,221.7,156.5,optimizer,FEASIBLE,10.285,4097955,4443850,294363,51532,6977.7,130.6,28,32,91.1,0,0.0,0,0.0,0,3381882,synthetic
7,2026-07-09,dense_tight,60,28,221.7,156.5,optimizer_p10,FEASIBLE,10.373,3939610,4251190,267393,44187,6345.8,130.2,28,32,91.5,0,0.0,0,0.0,0,3373244,synthetic
7,2026-08-02,sparse,6,8,25.9,44.5,rule,ok,0.002,546908,662990,111051,5031,2340.7,25.9,6,0,0.0,0,0.0,0,0.0,0,581097,synthetic
7,2026-08-02,sparse,6,8,25.9,44.5,rule_mandis_opt_trucks,OPTIMAL,0.007,551063,662990,106896,5031,2352.8,25.9,6,0,0.0,0,0.0,0,0.0,0,585252,synthetic
7,2026-08-02,sparse,6,8,25.9,44.5,optimizer,OPTIMAL,0.029,527257,637910,105714,4938,2330.9,25.9,6,0,0.0,0,0.0,0,0.0,0,587880,synthetic
7,2026-08-02,sparse,6,8,25.9,44.5,optimizer_p10,OPTIMAL,0.024,485710,601010,109543,5758,2401.8,25.9,6,0,0.0,0,0.0,0,0.0,0,582597,synthetic
7,2026-08-02,medium,20,18,55.1,84.5,rule,ok,0.004,1115021,1322350,196066,11263,5492.0,52.3,18,2,2.8,0,0.0,0,0.0,0,1233820,synthetic
7,2026-08-02,medium,20,18,55.1,84.5,rule_mandis_opt_trucks,OPTIMAL,0.028,1137430,1315330,167021,10879,4612.3,52.2,18,2,2.9,0,0.0,0,0.0,0,1264937,synthetic
7,2026-08-02,medium,20,18,55.1,84.5,optimizer,OPTIMAL,0.299,1121036,1298830,166984,10810,4602.7,52.2,18,2,2.9,0,0.0,0,0.0,0,1265953,synthetic
7,2026-08-02,medium,20,18,55.1,84.5,optimizer_p10,OPTIMAL,0.266,1121036,1298830,166984,10810,4602.7,52.2,18,2,2.9,0,0.0,0,0.0,0,1265953,synthetic
7,2026-08-02,dense_tight,60,28,197.9,142.0,rule,ok,0.011,2446180,2936090,464439,25470,11414.9,118.3,28,32,79.6,0,0.0,1,14.75,1,2788670,synthetic
7,2026-08-02,dense_tight,60,28,197.9,142.0,rule_mandis_opt_trucks,OPTIMAL,0.106,2513658,2910180,370534,25989,9030.8,117.5,28,32,80.4,0,0.0,1,26.05,1,2833209,synthetic
7,2026-08-02,dense_tight,60,28,197.9,142.0,optimizer,FEASIBLE,10.403,2421893,2878280,429630,26757,10391.7,117.8,28,32,80.1,0,0.0,0,0.0,0,2805178,synthetic
7,2026-08-02,dense_tight,60,28,197.9,142.0,optimizer_p10,FEASIBLE,10.309,2385425,2805730,394895,25409,9618.7,117.7,28,32,80.2,0,0.0,0,0.0,0,2797353,synthetic
7,2026-08-27,sparse,6,8,14.0,48.0,rule,ok,0.001,351062,500110,141514,7534,3181.1,14.0,6,0,0.0,0,0.0,0,0.0,0,300343,synthetic
7,2026-08-27,sparse,6,8,14.0,48.0,rule_mandis_opt_trucks,OPTIMAL,0.006,366858,500110,125718,7534,3641.9,14.0,6,0,0.0,0,0.0,0,0.0,0,316139,synthetic
7,2026-08-27,sparse,6,8,14.0,48.0,optimizer,OPTIMAL,0.022,358051,459520,96164,5305,2498.7,14.0,6,0,0.0,0,0.0,0,0.0,0,332434,synthetic
7,2026-08-27,sparse,6,8,14.0,48.0,optimizer_p10,OPTIMAL,0.021,358310,451270,88299,4661,2310.2,14.0,6,0,0.0,0,0.0,0,0.0,0,331509,synthetic
7,2026-08-27,medium,20,18,72.8,97.0,rule,ok,0.004,1669638,2081470,376845,34987,9507.5,70.1,18,2,2.7,0,0.0,1,4.67,1,1713372,synthetic
7,2026-08-27,medium,20,18,72.8,97.0,rule_mandis_opt_trucks,OPTIMAL,0.02,1679570,2081470,366913,34987,9245.3,70.1,18,2,2.7,0,0.0,1,4.67,1,1723305,synthetic
7,2026-08-27,medium,20,18,72.8,97.0,optimizer,OPTIMAL,0.66,1599242,1917060,293451,24366,7042.8,70.1,18,2,2.7,0,0.0,0,0.0,0,1706192,synthetic
7,2026-08-27,medium,20,18,72.8,97.0,optimizer_p10,OPTIMAL,0.49,1600581,1886280,263466,22233,6205.4,69.1,18,2,3.7,0,0.0,0,0.0,0,1696696,synthetic
7,2026-08-27,dense_tight,60,30,222.0,159.0,rule,ok,0.01,3863096,4570280,636989,70195,16558.5,137.5,30,30,84.5,0,0.0,2,59.35,2,3605807,synthetic
7,2026-08-27,dense_tight,60,30,222.0,159.0,rule_mandis_opt_trucks,OPTIMAL,0.12,3863994,4503210,570459,68757,14538.6,137.1,30,30,84.9,0,0.0,2,58.95,2,3645420,synthetic
7,2026-08-27,dense_tight,60,30,222.0,159.0,optimizer,FEASIBLE,10.337,3476811,3848890,342954,29126,8429.5,134.7,30,30,87.3,0,0.0,0,0.0,0,3489492,synthetic
7,2026-08-27,dense_tight,60,30,222.0,159.0,optimizer_p10,FEASIBLE,10.363,3467069,3865640,366131,32440,9074.9,135.4,30,30,86.6,0,0.0,0,0.0,0,3484658,synthetic
8,2026-01-16,sparse,6,8,16.3,34.0,rule,ok,0.001,165145,294870,126240,3486,3118.9,16.3,6,0,0.0,0,0.0,0,0.0,0,168189,synthetic
8,2026-01-16,sparse,6,8,16.3,34.0,rule_mandis_opt_trucks,OPTIMAL,0.008,165145,294870,126240,3486,3118.9,16.3,6,0,0.0,0,0.0,0,0.0,0,168189,synthetic
8,2026-01-16,sparse,6,8,16.3,34.0,optimizer,OPTIMAL,0.011,168515,290670,118797,3358,2853.2,16.3,6,0,0.0,0,0.0,0,0.0,0,171809,synthetic
8,2026-01-16,sparse,6,8,16.3,34.0,optimizer_p10,OPTIMAL,0.009,201215,313460,109519,2727,2681.3,16.3,6,0,0.0,0,0.0,0,0.0,0,170383,synthetic
8,2026-01-16,medium,20,18,77.1,115.5,rule,ok,0.003,914006,1233410,305984,13420,7034.2,68.9,17,3,8.2,0,0.0,0,0.0,0,932503,synthetic
8,2026-01-16,medium,20,18,77.1,115.5,rule_mandis_opt_trucks,OPTIMAL,0.019,949519,1242950,279617,13813,6556.7,68.5,17,3,8.6,0,0.0,0,0.0,0,962095,synthetic
8,2026-01-16,medium,20,18,77.1,115.5,optimizer,OPTIMAL,0.273,965703,1253270,274122,13445,6360.4,68.5,17,3,8.6,0,0.0,0,0.0,0,962800,synthetic
8,2026-01-16,medium,20,18,77.1,115.5,optimizer_p10,OPTIMAL,0.186,1047421,1254860,199424,8014,4785.9,68.1,17,3,9.0,0,0.0,0,0.0,0,941218,synthetic
8,2026-01-16,dense_tight,60,27,236.2,167.5,rule,ok,0.009,2016486,2532830,490755,25589,11141.4,139.9,27,33,96.3,0,0.0,1,21.48,1,2049633,synthetic
8,2026-01-16,dense_tight,60,27,236.2,167.5,rule_mandis_opt_trucks,OPTIMAL,0.085,2130104,2506810,352338,24369,8211.3,136.9,27,33,99.3,0,0.0,1,15.88,1,2153897,synthetic
8,2026-01-16,dense_tight,60,27,236.2,167.5,optimizer,OPTIMAL,4.853,2224966,2580050,332018,23065,7706.8,137.1,27,33,99.1,0,0.0,0,0.0,0,2144588,synthetic
8,2026-01-16,dense_tight,60,27,236.2,167.5,optimizer_p10,OPTIMAL,3.317,2215681,2563210,325032,22497,7483.7,136.9,27,33,99.3,0,0.0,0,0.0,0,2143495,synthetic
8,2026-02-07,sparse,6,8,28.7,30.0,rule,ok,0.002,153554,227710,71576,2581,2208.2,13.3,4,2,15.4,0,0.0,0,0.0,0,169550,synthetic
8,2026-02-07,sparse,6,8,28.7,30.0,rule_mandis_opt_trucks,OPTIMAL,0.008,156934,227710,68196,2581,1794.6,13.3,4,2,15.4,0,0.0,0,0.0,0,172930,synthetic
8,2026-02-07,sparse,6,8,28.7,30.0,optimizer,OPTIMAL,0.012,154991,205110,49019,1100,1290.0,13.3,4,2,15.4,0,0.0,0,0.0,0,176312,synthetic
8,2026-02-07,sparse,6,8,28.7,30.0,optimizer_p10,OPTIMAL,0.011,175449,224380,47512,1419,1250.3,13.3,4,2,15.4,0,0.0,0,0.0,0,174025,synthetic
8,2026-02-07,medium,20,18,54.5,102.0,rule,ok,0.004,613070,920790,299493,8227,7896.0,51.9,18,2,2.6,0,0.0,0,0.0,0,602720,synthetic
8,2026-02-07,medium,20,18,54.5,102.0,rule_mandis_opt_trucks,OPTIMAL,0.03,642815,921910,270950,8145,7126.8,51.9,18,2,2.6,0,0.0,0,0.0,0,633875,synthetic
8,2026-02-07,medium,20,18,54.5,102.0,optimizer,OPTIMAL,0.318,677876,902330,214311,10143,5851.8,51.9,18,2,2.6,0,0.0,0,0.0,0,671905,synthetic
8,2026-02-07,medium,20,18,54.5,102.0,optimizer_p10,OPTIMAL,0.247,670690,882170,202358,9122,5639.0,51.9,18,2,2.6,0,0.0,0,0.0,0,671472,synthetic
8,2026-02-07,dense_tight,60,28,202.1,143.5,rule,ok,0.013,1700809,2238760,509965,27986,12879.0,126.4,28,32,75.7,0,0.0,1,11.55,1,1711735,synthetic
8,2026-02-07,dense_tight,60,28,202.1,143.5,rule_mandis_opt_trucks,OPTIMAL,0.127,1763012,2173910,385558,25340,9778.6,123.1,28,32,79.0,0,0.0,1,2.15,1,1800669,synthetic
8,2026-02-07,dense_tight,60,28,202.1,143.5,optimizer,OPTIMAL,6.416,1733730,2115560,355120,26710,8605.6,125.1,28,32,77.0,0,0.0,0,0.0,0,1811210,synthetic
8,2026-02-07,dense_tight,60,28,202.1,143.5,optimizer_p10,OPTIMAL,3.067,1680214,2019640,317062,22365,7732.3,125.1,28,32,77.0,0,0.0,0,0.0,0,1793867,synthetic
8,2026-03-01,sparse,6,8,26.0,49.5,rule,ok,0.001,337647,400240,59402,3192,1436.7,26.0,6,0,0.0,0,0.0,0,0.0,0,417890,synthetic
8,2026-03-01,sparse,6,8,26.0,49.5,rule_mandis_opt_trucks,OPTIMAL,0.006,337647,400240,59402,3192,1436.7,26.0,6,0,0.0,0,0.0,0,0.0,0,417890,synthetic
8,2026-03-01,sparse,6,8,26.0,49.5,optimizer,OPTIMAL,0.024,337647,400240,59402,3192,1436.7,26.0,6,0,0.0,0,0.0,0,0.0,0,417890,synthetic
8,2026-03-01,sparse,6,8,26.0,49.5,optimizer_p10,OPTIMAL,0.025,337647,400240,59402,3192,1436.7,26.0,6,0,0.0,0,0.0,0,0.0,0,417890,synthetic
8,2026-03-01,medium,20,18,86.8,108.0,rule,ok,0.004,856893,1204610,330703,17013,7854.3,79.6,18,2,7.2,0,0.0,1,9.08,1,1062844,synthetic
8,2026-03-01,medium,20,18,86.8,108.0,rule_mandis_opt_trucks,OPTIMAL,0.021,899705,1204610,287892,17013,6551.7,79.6,18,2,7.2,0,0.0,1,9.08,1,1105655,synthetic
8,2026-03-01,medium,20,18,86.8,108.0,optimizer,OPTIMAL,0.312,937572,1214150,260011,16567,5925.1,79.6,18,2,7.2,0,0.0,0,0.0,0,1108473,synthetic
8,2026-03-01,medium,20,18,86.8,108.0,optimizer_p10,OPTIMAL,0.203,937572,1214150,260011,16567,5925.1,79.6,18,2,7.2,0,0.0,0,0.0,0,1108473,synthetic
8,2026-03-01,dense_tight,60,24,199.8,141.5,rule,ok,0.015,1308666,1797610,473392,15551,11173.0,114.1,24,36,85.7,0,0.0,1,5.08,1,1527535,synthetic
8,2026-03-01,dense_tight,60,24,199.8,141.5,rule_mandis_opt_trucks,OPTIMAL,0.107,1355289,1788150,416883,15977,9866.8,113.6,24,36,86.2,0,0.0,1,13.88,1,1588341,synthetic
8,2026-03-01,dense_tight,60,24,199.8,141.5,optimizer,OPTIMAL,7.218,1383910,1788490,390029,14551,9138.3,113.6,24,36,86.2,0,0.0,0,0.0,0,1589608,synthetic
8,2026-03-01,dense_tight,60,24,199.8,141.5,optimizer_p10,OPTIMAL,2.843,1385130,1748450,349471,13849,7965.7,111.7,24,36,88.1,0,0.0,0,0.0,0,1584514,synthetic
8,2026-03-25,sparse,6,8,17.4,41.5,rule,ok,0.001,329106,453850,120117,4627,2817.8,17.4,6,0,0.0,0,0.0,0,0.0,0,283773,synthetic
8,2026-03-25,sparse,6,8,17.4,41.5,rule_mandis_opt_trucks,OPTIMAL,0.007,337929,453850,111294,4627,2671.2,17.4,6,0,0.0,0,0.0,0,0.0,0,292596,synthetic
8,2026-03-25,sparse,6,8,17.4,41.5,optimizer,OPTIMAL,0.018,343644,448910,101406,3860,2318.1,17.4,6,0,0.0,0,0.0,0,0.0,0,293140,synthetic
8,2026-03-25,sparse,6,8,17.4,41.5,optimizer_p10,OPTIMAL,0.018,349864,445270,92155,3251,2126.2,17.4,6,0,0.0,0,0.0,0,0.0,0,291431,synthetic
8,2026-03-25,medium,20,18,66.2,97.0,rule,ok,0.005,1250543,1668720,390551,27626,9820.3,63.9,18,2,2.3,0,0.0,0,0.0,0,1087132,synthetic
8,2026-03-25,medium,20,18,66.2,97.0,rule_mandis_opt_trucks,OPTIMAL,0.014,1257424,1668720,383670,27626,9645.1,63.9,18,2,2.3,0,0.0,0,0.0,0,1094013,synthetic
8,2026-03-25,medium,20,18,66.2,97.0,optimizer,OPTIMAL,0.21,1348955,1633490,266725,17809,6843.3,63.9,18,2,2.3,0,0.0,0,0.0,0,1148087,synthetic
8,2026-03-25,medium,20,18,66.2,97.0,optimizer_p10,OPTIMAL,0.153,1354406,1624290,253553,16331,6496.6,63.9,18,2,2.3,0,0.0,0,0.0,0,1143968,synthetic
8,2026-03-25,dense_tight,60,27,201.5,149.0,rule,ok,0.011,2519739,3097640,529692,48209,12968.9,118.4,27,33,83.1,0,0.0,1,40.68,1,2222692,synthetic
8,2026-03-25,dense_tight,60,27,201.5,149.0,rule_mandis_opt_trucks,OPTIMAL,0.115,2585636,3086280,455851,44793,11290.0,118.2,27,33,83.3,0,0.0,1,37.28,1,2282286,synthetic
8,2026-03-25,dense_tight,60,27,201.5,149.0,optimizer,FEASIBLE,10.484,2623447,2983360,327466,32448,8012.2,117.6,27,33,83.9,0,0.0,0,0.0,0,2244721,synthetic
8,2026-03-25,dense_tight,60,27,201.5,149.0,optimizer_p10,OPTIMAL,5.765,2626325,2978880,322170,30385,7914.1,117.6,27,33,83.9,0,0.0,0,0.0,0,2242890,synthetic
8,2026-04-16,sparse,6,8,19.9,30.0,rule,ok,0.002,379444,460150,77134,3572,2136.9,13.5,5,1,6.4,0,0.0,0,0.0,0,371240,synthetic
8,2026-04-16,sparse,6,8,19.9,30.0,rule_mandis_opt_trucks,OPTIMAL,0.006,383623,460150,72955,3572,2141.7,13.5,5,1,6.4,0,0.0,0,0.0,0,375419,synthetic
8,2026-04-16,sparse,6,8,19.9,30.0,optimizer,OPTIMAL,0.014,366449,442150,71629,4072,2094.3,13.5,5,1,6.4,0,0.0,0,0.0,0,375818,synthetic
8,2026-04-16,sparse,6,8,19.9,30.0,optimizer_p10,OPTIMAL,0.011,353656,429150,70960,4534,2070.5,13.5,5,1,6.4,0,0.0,0,0.0,0,375719,synthetic
8,2026-04-16,medium,20,18,69.4,94.5,rule,ok,0.003,1747496,2064490,291761,25233,7191.3,58.5,16,4,10.9,0,0.0,0,0.0,0,1606882,synthetic
8,2026-04-16,medium,20,18,69.4,94.5,rule_mandis_opt_trucks,OPTIMAL,0.013,1771080,2064490,268177,25233,6587.2,58.5,16,4,10.9,0,0.0,0,0.0,0,1630466,synthetic
8,2026-04-16,medium,20,18,69.4,94.5,optimizer,OPTIMAL,0.209,1791528,2053140,239697,21915,6004.1,58.5,16,4,10.9,0,0.0,0,0.0,0,1632900,synthetic
8,2026-04-16,medium,20,18,69.4,94.5,optimizer_p10,OPTIMAL,0.199,1638460,1887890,227909,21521,5688.9,58.5,16,4,10.9,0,0.0,0,0.0,0,1617262,synthetic
8,2026-04-16,dense_tight,60,23,198.7,140.5,rule,ok,0.009,3165960,3577500,367864,43675,9189.4,103.9,23,37,94.8,0,0.0,1,13.36,1,3036214,synthetic
8,2026-04-16,dense_tight,60,23,198.7,140.5,rule_mandis_opt_trucks,OPTIMAL,0.09,3232525,3521390,250617,38248,5939.6,102.7,23,37,96.0,0,0.0,1,18.66,1,3122897,synthetic
8,2026-04-16,dense_tight,60,23,198.7,140.5,optimizer,OPTIMAL,8.568,3086302,3393290,267093,39895,6341.2,103.0,23,37,95.7,0,0.0,0,0.0,0,3095451,synthetic
8,2026-04-16,dense_tight,60,23,198.7,140.5,optimizer_p10,OPTIMAL,8.726,3067718,3339620,239464,32438,5614.1,102.9,23,37,95.8,0,0.0,0,0.0,0,3085593,synthetic
8,2026-05-11,sparse,6,8,28.2,47.0,rule,ok,0.002,862507,1034160,145065,26588,3327.0,28.2,6,0,0.0,0,0.0,0,0.0,0,1054567,synthetic
8,2026-05-11,sparse,6,8,28.2,47.0,rule_mandis_opt_trucks,OPTIMAL,0.007,863365,1034160,144207,26588,3311.1,28.2,6,0,0.0,0,0.0,0,0.0,0,1055425,synthetic
8,2026-05-11,sparse,6,8,28.2,47.0,optimizer,OPTIMAL,0.027,848646,984240,116554,19040,2495.0,28.2,6,0,0.0,0,0.0,0,0.0,0,1060763,synthetic
8,2026-05-11,sparse,6,8,28.2,47.0,optimizer_p10,OPTIMAL,0.024,848646,984240,116554,19040,2495.0,28.2,6,0,0.0,0,0.0,0,0.0,0,1060763,synthetic
8,2026-05-11,medium,20,18,78.1,104.0,rule,ok,0.005,2353029,2788120,366183,68909,9296.9,76.1,18,2,2.0,0,0.0,1,25.1,1,2872676,synthetic
8,2026-05-11,medium,20,18,78.1,104.0,rule_mandis_opt_trucks,OPTIMAL,0.024,2357860,2788120,361352,68909,9210.2,76.1,18,2,2.0,0,0.0,1,25.1,1,2877506,synthetic
8,2026-05-11,medium,20,18,78.1,104.0,optimizer,OPTIMAL,1.337,2267518,2587380,277114,42747,6953.4,76.1,18,2,2.0,0,0.0,0,0.0,0,2849588,synthetic
8,2026-05-11,medium,20,18,78.1,104.0,optimizer_p10,OPTIMAL,1.652,2270256,2566880,256061,40563,6167.9,75.6,18,2,2.5,0,0.0,0,0.0,0,2848434,synthetic
8,2026-05-11,dense_tight,60,28,199.7,146.5,rule,ok,0.008,4032833,4671320,535334,103154,14406.6,124.9,28,32,74.8,0,0.0,1,76.9,1,4852623,synthetic
8,2026-05-11,dense_tight,60,28,199.7,146.5,rule_mandis_opt_trucks,OPTIMAL,0.123,4073690,4700160,522162,104309,14052.3,124.8,28,32,74.9,0,0.0,1,80.2,1,4880719,synthetic
8,2026-05-11,dense_tight,60,28,199.7,146.5,optimizer,FEASIBLE,10.459,3728969,4127780,356833,41978,9428.6,124.6,28,32,75.1,0,0.0,0,0.0,0,4643149,synthetic
8,2026-05-11,dense_tight,60,28,199.7,146.5,optimizer_p10,FEASIBLE,10.432,3729653,4125720,344251,51816,8869.3,124.0,28,32,75.7,0,0.0,0,0.0,0,4607287,synthetic
8,2026-06-03,sparse,6,8,25.0,44.0,rule,ok,0.001,1124783,1340000,178878,36339,4313.0,25.0,6,0,0.0,0,0.0,0,0.0,0,909955,synthetic
8,2026-06-03,sparse,6,8,25.0,44.0,rule_mandis_opt_trucks,OPTIMAL,0.007,1124783,1340000,178878,36339,4313.0,25.0,6,0,0.0,0,0.0,0,0.0,0,909955,synthetic
8,2026-06-03,sparse,6,8,25.0,44.0,optimizer,OPTIMAL,0.022,1041232,1159450,104997,13222,2423.1,25.0,6,0,0.0,0,0.0,0,0.0,0,911865,synthetic
8,2026-06-03,sparse,6,8,25.0,44.0,optimizer_p10,OPTIMAL,0.02,1041232,1159450,104997,13222,2423.1,25.0,6,0,0.0,0,0.0,0,0.0,0,911865,synthetic
8,2026-06-03,medium,20,18,75.7,111.5,rule,ok,0.004,3301742,3950320,548653,99924,12979.1,73.7,18,2,2.0,0,0.0,1,41.93,1,2667241,synthetic
8,2026-06-03,medium,20,18,75.7,111.5,rule_mandis_opt_trucks,OPTIMAL,0.02,3309583,3950320,540813,99924,12910.8,73.7,18,2,2.0,0,0.0,1,41.93,1,2675082,synthetic
8,2026-06-03,medium,20,18,75.7,111.5,optimizer,OPTIMAL,0.489,2896024,3324810,392314,36472,9298.6,73.7,18,2,2.0,0,0.0,0,0.0,0,2554638,synthetic
8,2026-06-03,medium,20,18,75.7,111.5,optimizer_p10,OPTIMAL,0.43,2874816,3268120,359525,33779,8295.2,73.2,18,2,2.5,0,0.0,0,0.0,0,2551449,synthetic
8,2026-06-03,dense_tight,60,27,227.6,161.5,rule,ok,0.014,6456099,7423600,759415,208085,18315.1,138.5,27,33,89.1,0,0.0,1,106.72,1,5267065,synthetic
8,2026-06-03,dense_tight,60,27,227.6,161.5,rule_mandis_opt_trucks,OPTIMAL,0.122,6481510,7396800,713057,202233,16906.7,138.0,27,33,89.6,0,0.0,1,106.22,1,5295927,synthetic
8,2026-06-03,dense_tight,60,27,227.6,161.5,optimizer,FEASIBLE,10.39,5234529,5743560,438033,70998,10265.0,137.4,27,33,90.2,0,0.0,0,0.0,0,4762613,synthetic
8,2026-06-03,dense_tight,60,27,227.6,161.5,optimizer_p10,FEASIBLE,10.406,5263058,5714280,384397,66825,8792.2,136.2,27,33,91.4,0,0.0,0,0.0,0,4787518,synthetic
8,2026-07-02,sparse,6,8,22.5,46.5,rule,ok,0.001,857158,973290,97932,18200,2203.2,22.5,6,0,0.0,0,0.0,0,0.0,0,744604,synthetic
8,2026-07-02,sparse,6,8,22.5,46.5,rule_mandis_opt_trucks,OPTIMAL,0.008,857719,973290,97371,18200,2205.5,22.5,6,0,0.0,0,0.0,0,0.0,0,745164,synthetic
8,2026-07-02,sparse,6,8,22.5,46.5,optimizer,OPTIMAL,0.021,854349,965820,93596,17875,2113.0,22.5,6,0,0.0,0,0.0,0,0.0,0,746697,synthetic
8,2026-07-02,sparse,6,8,22.5,46.5,optimizer_p10,OPTIMAL,0.023,854349,965820,93596,17875,2113.0,22.5,6,0,0.0,0,0.0,0,0.0,0,746697,synthetic
8,2026-07-02,medium,20,18,85.3,109.0,rule,ok,0.003,2543509,2905950,320666,41775,6608.7,71.4,15,5,13.9,0,0.0,1,8.26,1,2299737,synthetic
8,2026-07-02,medium,20,18,85.3,109.0,rule_mandis_opt_trucks,OPTIMAL,0.021,2622060,2923920,261571,40290,5668.5,71.1,15,5,14.2,0,0.0,1,11.36,1,2360671,synthetic
8,2026-07-02,medium,20,18,85.3,109.0,optimizer,OPTIMAL,0.683,2578332,2876310,245892,52085,5295.0,71.1,15,5,14.2,0,0.0,0,0.0,0,2358177,synthetic
8,2026-07-02,medium,20,18,85.3,109.0,optimizer_p10,OPTIMAL,0.608,2553910,2841910,234106,53894,4974.9,71.1,15,5,14.2,0,0.0,0,0.0,0,2353923,synthetic
8,2026-07-02,dense_tight,60,29,198.5,139.0,rule,ok,0.011,4306998,4861850,483712,71141,12641.0,118.9,29,31,79.6,0,0.0,2,47.69,2,3884255,synthetic
8,2026-07-02,dense_tight,60,29,198.5,139.0,rule_mandis_opt_trucks,OPTIMAL,0.107,4471200,4940190,401258,67732,10786.2,117.6,29,31,80.9,0,0.0,1,50.56,1,3974185,synthetic
8,2026-07-02,dense_tight,60,29,198.5,139.0,optimizer,FEASIBLE,10.401,3880887,4306480,378347,47245,9761.0,118.9,29,31,79.6,0,0.0,0,0.0,0,3842807,synthetic
8,2026-07-02,dense_tight,60,29,198.5,139.0,optimizer_p10,FEASIBLE,10.373,3871265,4300220,381955,47000,9960.5,118.9,29,31,79.6,0,0.0,0,0.0,0,3835963,synthetic
8,2026-07-31,sparse,6,8,16.7,36.5,rule,ok,0.001,903169,1028920,105146,20606,3020.6,16.7,6,0,0.0,0,0.0,0,0.0,0,798366,synthetic
8,2026-07-31,sparse,6,8,16.7,36.5,rule_mandis_opt_trucks,OPTIMAL,0.006,909975,1028920,98339,20606,2973.8,16.7,6,0,0.0,0,0.0,0,0.0,0,805173,synthetic
8,2026-07-31,sparse,6,8,16.7,36.5,optimizer,OPTIMAL,0.025,913345,1020930,89072,18513,2700.9,16.7,6,0,0.0,0,0.0,0,0.0,0,808194,synthetic
8,2026-07-31,sparse,6,8,16.7,36.5,optimizer_p10,OPTIMAL,0.025,909566,1009880,83937,16377,2565.8,16.7,6,0,0.0,0,0.0,0,0.0,0,804027,synthetic
8,2026-07-31,medium,20,18,66.5,104.0,rule,ok,0.004,3534527,4009600,412693,62380,10497.7,64.6,18,2,1.9,0,0.0,1,30.08,1,3098935,synthetic
8,2026-07-31,medium,20,18,66.5,104.0,rule_mandis_opt_trucks,OPTIMAL,0.023,3558653,4009600,388568,62380,10229.8,64.6,18,2,1.9,0,0.0,1,30.08,1,3123060,synthetic
8,2026-07-31,medium,20,18,66.5,104.0,optimizer,OPTIMAL,0.975,3496282,3913570,359718,57570,9474.6,64.6,18,2,1.9,0,0.0,0,0.0,0,3131190,synthetic
8,2026-07-31,medium,20,18,66.5,104.0,optimizer_p10,OPTIMAL,5.758,3287671,3702810,361134,54005,9464.4,64.6,18,2,1.9,0,0.0,0,0.0,0,3078506,synthetic
8,2026-07-31,dense_tight,60,31,217.6,153.0,rule,ok,0.013,6953350,7548000,495583,99068,12406.9,124.1,31,29,93.5,0,0.0,2,60.83,2,6286600,synthetic
8,2026-07-31,dense_tight,60,31,217.6,153.0,rule_mandis_opt_trucks,OPTIMAL,0.121,6959059,7524920,469741,96121,11880.0,124.1,31,29,93.5,0,0.0,2,55.03,2,6323923,synthetic
8,2026-07-31,dense_tight,60,31,217.6,153.0,optimizer,FEASIBLE,10.304,6727834,7167610,372854,66922,8943.6,123.6,31,29,94.0,0,0.0,0,0.0,0,6202555,synthetic
8,2026-07-31,dense_tight,60,31,217.6,153.0,optimizer_p10,FEASIBLE,10.434,6499227,6957160,387974,69959,9496.6,123.6,31,29,94.0,0,0.0,0,0.0,0,6087214,synthetic
8,2026-08-27,sparse,6,8,24.2,44.0,rule,ok,0.001,649880,814120,154586,9654,3899.8,24.2,6,0,0.0,0,0.0,0,0.0,0,985714,synthetic
8,2026-08-27,sparse,6,8,24.2,44.0,rule_mandis_opt_trucks,OPTIMAL,0.007,656733,814120,147734,9654,3709.5,24.2,6,0,0.0,0,0.0,0,0.0,0,992567,synthetic
8,2026-08-27,sparse,6,8,24.2,44.0,optimizer,OPTIMAL,0.023,648781,817960,152892,16287,3833.9,24.2,6,0,0.0,0,0.0,0,0.0,0,1006646,synthetic
8,2026-08-27,sparse,6,8,24.2,44.0,optimizer_p10,OPTIMAL,0.022,648781,817960,152892,16287,3833.9,24.2,6,0,0.0,0,0.0,0,0.0,0,1006646,synthetic
8,2026-08-27,medium,20,18,71.9,112.5,rule,ok,0.004,1998958,2368270,338420,30892,7978.4,69.5,18,2,2.4,0,0.0,1,35.5,1,2965192,synthetic
8,2026-08-27,medium,20,18,71.9,112.5,rule_mandis_opt_trucks,OPTIMAL,0.027,2044244,2364480,289680,30556,6961.3,69.3,18,2,2.6,0,0.0,1,34.2,1,2996974,synthetic
8,2026-08-27,medium,20,18,71.9,112.5,optimizer,OPTIMAL,1.982,2509829,2762160,229766,22565,5451.4,69.3,18,2,2.6,0,0.0,0,0.0,0,2861354,synthetic
8,2026-08-27,medium,20,18,71.9,112.5,optimizer_p10,OPTIMAL,2.302,2428745,2677480,226101,22634,5545.2,69.3,18,2,2.6,0,0.0,0,0.0,0,2851539,synthetic
8,2026-08-27,dense_tight,60,34,244.0,172.0,rule,ok,0.016,4238127,4836530,528694,69710,13630.8,141.1,34,26,102.9,0,0.0,2,83.54,2,6063373,synthetic
8,2026-08-27,dense_tight,60,34,244.0,172.0,rule_mandis_opt_trucks,OPTIMAL,0.128,4229476,4760140,460008,70656,11826.6,139.4,34,26,104.6,0,0.0,1,84.3,1,6077095,synthetic
8,2026-08-27,dense_tight,60,34,244.0,172.0,optimizer,FEASIBLE,10.5,4510664,4939790,385723,43402,9853.1,140.9,34,26,103.1,0,0.0,0,0.0,0,5647779,synthetic
8,2026-08-27,dense_tight,60,34,244.0,172.0,optimizer_p10,FEASIBLE,10.406,4520469,4949060,382696,45895,9823.7,140.9,34,26,103.1,0,0.0,0,0.0,0,5650181,synthetic
