model_name,feature_set,horizon,mandi,data_provenance,metric_name,metric_value,seed
seasonal_naive,prices+weather,1,ALL,synthetic,pinball_p10,115.80532232017914,7
seasonal_naive,prices+weather,1,ALL,synthetic,pinball_p50,277.11826735013625,7
seasonal_naive,prices+weather,1,ALL,synthetic,pinball_p90,147.75072515617302,7
seasonal_naive,prices+weather,1,ALL,synthetic,pinball_mean,180.22477160882946,7
seasonal_naive,prices+weather,1,ALL,synthetic,mape_p50_pct,24.80115658587226,7
seasonal_naive,prices+weather,1,ALL,synthetic,coverage_p10_p90_pct,76.73611111111111,7
seasonal_naive,prices+weather,1,ALL,synthetic,n,2016.0,7
seasonal_naive,prices+weather,2,ALL,synthetic,pinball_p10,180.62544608953007,7
seasonal_naive,prices+weather,2,ALL,synthetic,pinball_p50,436.0118626436761,7
seasonal_naive,prices+weather,2,ALL,synthetic,pinball_p90,235.0867823246407,7
seasonal_naive,prices+weather,2,ALL,synthetic,pinball_mean,283.90803035261564,7
seasonal_naive,prices+weather,2,ALL,synthetic,mape_p50_pct,39.106285273120434,7
seasonal_naive,prices+weather,2,ALL,synthetic,coverage_p10_p90_pct,69.04761904761905,7
seasonal_naive,prices+weather,2,ALL,synthetic,n,2016.0,7
seasonal_naive,prices+weather,3,ALL,synthetic,pinball_p10,271.2794621278584,7
seasonal_naive,prices+weather,3,ALL,synthetic,pinball_p50,600.5083824215164,7
seasonal_naive,prices+weather,3,ALL,synthetic,pinball_p90,317.5631055699131,7
seasonal_naive,prices+weather,3,ALL,synthetic,pinball_mean,396.4503167064293,7
seasonal_naive,prices+weather,3,ALL,synthetic,mape_p50_pct,53.68242165080541,7
seasonal_naive,prices+weather,3,ALL,synthetic,coverage_p10_p90_pct,62.94642857142857,7
seasonal_naive,prices+weather,3,ALL,synthetic,n,2016.0,7
seasonal_naive,prices+weather,4,ALL,synthetic,pinball_p10,356.51177947717184,7
seasonal_naive,prices+weather,4,ALL,synthetic,pinball_p50,722.2557457247614,7
seasonal_naive,prices+weather,4,ALL,synthetic,pinball_p90,358.69765444888714,7
seasonal_naive,prices+weather,4,ALL,synthetic,pinball_mean,479.1550598836068,7
seasonal_naive,prices+weather,4,ALL,synthetic,mape_p50_pct,63.67879086049617,7
seasonal_naive,prices+weather,4,ALL,synthetic,coverage_p10_p90_pct,61.50793650793651,7
seasonal_naive,prices+weather,4,ALL,synthetic,n,2016.0,7
seasonal_naive,prices+weather,spike_14d,ALL,synthetic,spike_events,418.0,7
seasonal_naive,prices+weather,spike_14d,ALL,synthetic,spike_recall,0.0,7
seasonal_naive,prices+weather,spike_14d,ALL,synthetic,spike_precision,,7
seasonal_naive,prices+weather,spike_14d,ALL,synthetic,spike_false_alarm_rate,0.0,7
seasonal_naive,prices+weather,spike_14d,ALL,synthetic,spike_brier,0.16611536326306317,7
seasonal_naive,prices+weather,1,1,synthetic,pinball_p10,89.97645629199076,7
seasonal_naive,prices+weather,1,1,synthetic,pinball_p50,213.3112110943459,7
seasonal_naive,prices+weather,1,1,synthetic,pinball_p90,121.83761824040145,7
seasonal_naive,prices+weather,1,1,synthetic,pinball_mean,141.70842854224605,7
seasonal_naive,prices+weather,1,1,synthetic,mape_p50_pct,28.044616368725038,7
seasonal_naive,prices+weather,1,1,synthetic,coverage_p10_p90_pct,72.32142857142857,7
seasonal_naive,prices+weather,1,1,synthetic,n,112.0,7
seasonal_naive,prices+weather,2,1,synthetic,pinball_p10,161.41605381701672,7
seasonal_naive,prices+weather,2,1,synthetic,pinball_p50,352.08759353931003,7
seasonal_naive,prices+weather,2,1,synthetic,pinball_p90,185.12666420587738,7
seasonal_naive,prices+weather,2,1,synthetic,pinball_mean,232.87677052073468,7
seasonal_naive,prices+weather,2,1,synthetic,mape_p50_pct,47.436981114730244,7
seasonal_naive,prices+weather,2,1,synthetic,coverage_p10_p90_pct,57.14285714285714,7
seasonal_naive,prices+weather,2,1,synthetic,n,112.0,7
seasonal_naive,prices+weather,3,1,synthetic,pinball_p10,264.30894794836865,7
seasonal_naive,prices+weather,3,1,synthetic,pinball_p50,493.20281059484324,7
seasonal_naive,prices+weather,3,1,synthetic,pinball_p90,268.4934256190394,7
seasonal_naive,prices+weather,3,1,synthetic,pinball_mean,342.00172805408374,7
seasonal_naive,prices+weather,3,1,synthetic,mape_p50_pct,67.33503577311882,7
seasonal_naive,prices+weather,3,1,synthetic,coverage_p10_p90_pct,56.25,7
seasonal_naive,prices+weather,3,1,synthetic,n,112.0,7
seasonal_naive,prices+weather,4,1,synthetic,pinball_p10,314.6928341617839,7
seasonal_naive,prices+weather,4,1,synthetic,pinball_p50,553.0100534856447,7
seasonal_naive,prices+weather,4,1,synthetic,pinball_p90,293.95681030634586,7
seasonal_naive,prices+weather,4,1,synthetic,pinball_mean,387.2198993179248,7
seasonal_naive,prices+weather,4,1,synthetic,mape_p50_pct,73.85686776865012,7
seasonal_naive,prices+weather,4,1,synthetic,coverage_p10_p90_pct,55.35714285714286,7
seasonal_naive,prices+weather,4,1,synthetic,n,112.0,7
seasonal_naive,prices+weather,spike_14d,1,synthetic,spike_events,21.0,7
seasonal_naive,prices+weather,spike_14d,1,synthetic,spike_recall,0.0,7
seasonal_naive,prices+weather,spike_14d,1,synthetic,spike_precision,,7
seasonal_naive,prices+weather,spike_14d,1,synthetic,spike_false_alarm_rate,0.0,7
seasonal_naive,prices+weather,spike_14d,1,synthetic,spike_brier,0.15627277941561024,7
seasonal_naive,prices+weather,1,2,synthetic,pinball_p10,102.61241485656147,7
seasonal_naive,prices+weather,1,2,synthetic,pinball_p50,237.2039430380925,7
seasonal_naive,prices+weather,1,2,synthetic,pinball_p90,125.55693874159236,7
seasonal_naive,prices+weather,1,2,synthetic,pinball_mean,155.1244322120821,7
seasonal_naive,prices+weather,1,2,synthetic,mape_p50_pct,25.112688944918176,7
seasonal_naive,prices+weather,1,2,synthetic,coverage_p10_p90_pct,78.57142857142857,7
seasonal_naive,prices+weather,1,2,synthetic,n,112.0,7
seasonal_naive,prices+weather,2,2,synthetic,pinball_p10,175.81894466637115,7
seasonal_naive,prices+weather,2,2,synthetic,pinball_p50,419.60987079535346,7
seasonal_naive,prices+weather,2,2,synthetic,pinball_p90,202.94178200097667,7
seasonal_naive,prices+weather,2,2,synthetic,pinball_mean,266.1235324875671,7
seasonal_naive,prices+weather,2,2,synthetic,mape_p50_pct,44.545295604708684,7
seasonal_naive,prices+weather,2,2,synthetic,coverage_p10_p90_pct,64.28571428571429,7
seasonal_naive,prices+weather,2,2,synthetic,n,112.0,7
seasonal_naive,prices+weather,3,2,synthetic,pinball_p10,286.31321721280744,7
seasonal_naive,prices+weather,3,2,synthetic,pinball_p50,619.029382652289,7
seasonal_naive,prices+weather,3,2,synthetic,pinball_p90,298.32685914617167,7
seasonal_naive,prices+weather,3,2,synthetic,pinball_mean,401.22315300375607,7
seasonal_naive,prices+weather,3,2,synthetic,mape_p50_pct,65.7410561787701,7
seasonal_naive,prices+weather,3,2,synthetic,coverage_p10_p90_pct,51.78571428571429,7
seasonal_naive,prices+weather,3,2,synthetic,n,112.0,7
seasonal_naive,prices+weather,4,2,synthetic,pinball_p10,357.12945980796604,7
seasonal_naive,prices+weather,4,2,synthetic,pinball_p50,704.1472395192814,7
seasonal_naive,prices+weather,4,2,synthetic,pinball_p90,333.2632074120214,7
seasonal_naive,prices+weather,4,2,synthetic,pinball_mean,464.8466355797562,7
seasonal_naive,prices+weather,4,2,synthetic,mape_p50_pct,75.82751421800138,7
seasonal_naive,prices+weather,4,2,synthetic,coverage_p10_p90_pct,50.89285714285714,7
seasonal_naive,prices+weather,4,2,synthetic,n,112.0,7
seasonal_naive,prices+weather,spike_14d,2,synthetic,spike_events,17.0,7
seasonal_naive,prices+weather,spike_14d,2,synthetic,spike_recall,0.0,7
seasonal_naive,prices+weather,spike_14d,2,synthetic,spike_precision,,7
seasonal_naive,prices+weather,spike_14d,2,synthetic,spike_false_alarm_rate,0.0,7
seasonal_naive,prices+weather,spike_14d,2,synthetic,spike_brier,0.1382954531130858,7
seasonal_naive,prices+weather,1,3,synthetic,pinball_p10,99.11836234806414,7
seasonal_naive,prices+weather,1,3,synthetic,pinball_p50,250.66816631732522,7
seasonal_naive,prices+weather,1,3,synthetic,pinball_p90,141.39646526428947,7
seasonal_naive,prices+weather,1,3,synthetic,pinball_mean,163.7276646432263,7
seasonal_naive,prices+weather,1,3,synthetic,mape_p50_pct,23.48744782013585,7
seasonal_naive,prices+weather,1,3,synthetic,coverage_p10_p90_pct,80.35714285714286,7
seasonal_naive,prices+weather,1,3,synthetic,n,112.0,7
seasonal_naive,prices+weather,2,3,synthetic,pinball_p10,122.0727461312362,7
seasonal_naive,prices+weather,2,3,synthetic,pinball_p50,356.88757353306147,7
seasonal_naive,prices+weather,2,3,synthetic,pinball_p90,206.07496334365058,7
seasonal_naive,prices+weather,2,3,synthetic,pinball_mean,228.34509433598274,7
seasonal_naive,prices+weather,2,3,synthetic,mape_p50_pct,33.590145683441555,7
seasonal_naive,prices+weather,2,3,synthetic,coverage_p10_p90_pct,70.53571428571429,7
seasonal_naive,prices+weather,2,3,synthetic,n,112.0,7
seasonal_naive,prices+weather,3,3,synthetic,pinball_p10,195.39565246658958,7
seasonal_naive,prices+weather,3,3,synthetic,pinball_p50,503.8716860806292,7
seasonal_naive,prices+weather,3,3,synthetic,pinball_p90,288.5530411689575,7
seasonal_naive,prices+weather,3,3,synthetic,pinball_mean,329.2734599053921,7
seasonal_naive,prices+weather,3,3,synthetic,mape_p50_pct,46.984189013611896,7
seasonal_naive,prices+weather,3,3,synthetic,coverage_p10_p90_pct,60.71428571428571,7
seasonal_naive,prices+weather,3,3,synthetic,n,112.0,7
seasonal_naive,prices+weather,4,3,synthetic,pinball_p10,246.3034891161707,7
seasonal_naive,prices+weather,4,3,synthetic,pinball_p50,589.9894875158227,7
seasonal_naive,prices+weather,4,3,synthetic,pinball_p90,294.32017150963753,7
seasonal_naive,prices+weather,4,3,synthetic,pinball_mean,376.87104938054364,7
seasonal_naive,prices+weather,4,3,synthetic,mape_p50_pct,55.397396867295065,7
seasonal_naive,prices+weather,4,3,synthetic,coverage_p10_p90_pct,66.96428571428571,7
seasonal_naive,prices+weather,4,3,synthetic,n,112.0,7
seasonal_naive,prices+weather,spike_14d,3,synthetic,spike_events,16.0,7
seasonal_naive,prices+weather,spike_14d,3,synthetic,spike_recall,0.0,7
seasonal_naive,prices+weather,spike_14d,3,synthetic,spike_precision,,7
seasonal_naive,prices+weather,spike_14d,3,synthetic,spike_false_alarm_rate,0.0,7
seasonal_naive,prices+weather,spike_14d,3,synthetic,spike_brier,0.13372575583583407,7
seasonal_naive,prices+weather,1,4,synthetic,pinball_p10,149.89492065433234,7
seasonal_naive,prices+weather,1,4,synthetic,pinball_p50,343.6837203392474,7
seasonal_naive,prices+weather,1,4,synthetic,pinball_p90,172.87950027238074,7
seasonal_naive,prices+weather,1,4,synthetic,pinball_mean,222.15271375532015,7
seasonal_naive,prices+weather,1,4,synthetic,mape_p50_pct,28.71976178796662,7
seasonal_naive,prices+weather,1,4,synthetic,coverage_p10_p90_pct,72.32142857142857,7
seasonal_naive,prices+weather,1,4,synthetic,n,112.0,7
seasonal_naive,prices+weather,2,4,synthetic,pinball_p10,260.8685055347517,7
seasonal_naive,prices+weather,2,4,synthetic,pinball_p50,528.938135243754,7
seasonal_naive,prices+weather,2,4,synthetic,pinball_p90,250.21262539805008,7
seasonal_naive,prices+weather,2,4,synthetic,pinball_mean,346.67308872551854,7
seasonal_naive,prices+weather,2,4,synthetic,mape_p50_pct,43.842770462056315,7
seasonal_naive,prices+weather,2,4,synthetic,coverage_p10_p90_pct,68.75,7
seasonal_naive,prices+weather,2,4,synthetic,n,112.0,7
seasonal_naive,prices+weather,3,4,synthetic,pinball_p10,418.2625890305732,7
seasonal_naive,prices+weather,3,4,synthetic,pinball_p50,751.5062275546932,7
seasonal_naive,prices+weather,3,4,synthetic,pinball_p90,397.6810225666524,7
seasonal_naive,prices+weather,3,4,synthetic,pinball_mean,522.4832797173063,7
seasonal_naive,prices+weather,3,4,synthetic,mape_p50_pct,61.96123478703074,7
seasonal_naive,prices+weather,3,4,synthetic,coverage_p10_p90_pct,60.71428571428571,7
seasonal_naive,prices+weather,3,4,synthetic,n,112.0,7
seasonal_naive,prices+weather,4,4,synthetic,pinball_p10,587.8239742324232,7
seasonal_naive,prices+weather,4,4,synthetic,pinball_p50,972.8393008979591,7
seasonal_naive,prices+weather,4,4,synthetic,pinball_p90,467.4494962830081,7
seasonal_naive,prices+weather,4,4,synthetic,pinball_mean,676.0375904711301,7
seasonal_naive,prices+weather,4,4,synthetic,mape_p50_pct,80.18410519512842,7
seasonal_naive,prices+weather,4,4,synthetic,coverage_p10_p90_pct,57.14285714285714,7
seasonal_naive,prices+weather,4,4,synthetic,n,112.0,7
seasonal_naive,prices+weather,spike_14d,4,synthetic,spike_events,26.0,7
seasonal_naive,prices+weather,spike_14d,4,synthetic,spike_recall,0.0,7
seasonal_naive,prices+weather,spike_14d,4,synthetic,spike_precision,,7
seasonal_naive,prices+weather,spike_14d,4,synthetic,spike_false_alarm_rate,0.0,7
seasonal_naive,prices+weather,spike_14d,4,synthetic,spike_brier,0.17859791431506436,7
seasonal_naive,prices+weather,1,5,synthetic,pinball_p10,111.1043696499132,7
seasonal_naive,prices+weather,1,5,synthetic,pinball_p50,258.5636045530501,7
seasonal_naive,prices+weather,1,5,synthetic,pinball_p90,136.52715665275437,7
seasonal_naive,prices+weather,1,5,synthetic,pinball_mean,168.7317102852392,7
seasonal_naive,prices+weather,1,5,synthetic,mape_p50_pct,20.41788055252283,7
seasonal_naive,prices+weather,1,5,synthetic,coverage_p10_p90_pct,83.03571428571429,7
seasonal_naive,prices+weather,1,5,synthetic,n,112.0,7
seasonal_naive,prices+weather,2,5,synthetic,pinball_p10,177.42198922331792,7
seasonal_naive,prices+weather,2,5,synthetic,pinball_p50,408.4403927718345,7
seasonal_naive,prices+weather,2,5,synthetic,pinball_p90,205.5300552161158,7
seasonal_naive,prices+weather,2,5,synthetic,pinball_mean,263.79747907042275,7
seasonal_naive,prices+weather,2,5,synthetic,mape_p50_pct,31.63092222026694,7
seasonal_naive,prices+weather,2,5,synthetic,coverage_p10_p90_pct,77.67857142857143,7
seasonal_naive,prices+weather,2,5,synthetic,n,112.0,7
seasonal_naive,prices+weather,3,5,synthetic,pinball_p10,209.13812111051607,7
seasonal_naive,prices+weather,3,5,synthetic,pinball_p50,538.4894133796874,7
seasonal_naive,prices+weather,3,5,synthetic,pinball_p90,271.5699804656961,7
seasonal_naive,prices+weather,3,5,synthetic,pinball_mean,339.73250498529984,7
seasonal_naive,prices+weather,3,5,synthetic,mape_p50_pct,42.05659551640387,7
seasonal_naive,prices+weather,3,5,synthetic,coverage_p10_p90_pct,71.42857142857143,7
seasonal_naive,prices+weather,3,5,synthetic,n,112.0,7
seasonal_naive,prices+weather,4,5,synthetic,pinball_p10,259.13605407758325,7
seasonal_naive,prices+weather,4,5,synthetic,pinball_p50,642.3802400099893,7
seasonal_naive,prices+weather,4,5,synthetic,pinball_p90,296.732873311143,7
seasonal_naive,prices+weather,4,5,synthetic,pinball_mean,399.4163891329052,7
seasonal_naive,prices+weather,4,5,synthetic,mape_p50_pct,49.16765279844978,7
seasonal_naive,prices+weather,4,5,synthetic,coverage_p10_p90_pct,72.32142857142857,7
seasonal_naive,prices+weather,4,5,synthetic,n,112.0,7
seasonal_naive,prices+weather,spike_14d,5,synthetic,spike_events,28.0,7
seasonal_naive,prices+weather,spike_14d,5,synthetic,spike_recall,0.0,7
seasonal_naive,prices+weather,spike_14d,5,synthetic,spike_precision,,7
seasonal_naive,prices+weather,spike_14d,5,synthetic,spike_false_alarm_rate,0.0,7
seasonal_naive,prices+weather,spike_14d,5,synthetic,spike_brier,0.18732388928109492,7
seasonal_naive,prices+weather,1,6,synthetic,pinball_p10,115.96867453536304,7
seasonal_naive,prices+weather,1,6,synthetic,pinball_p50,307.02678356071556,7
seasonal_naive,prices+weather,1,6,synthetic,pinball_p90,184.65121822234826,7
seasonal_naive,prices+weather,1,6,synthetic,pinball_mean,202.5488921061423,7
seasonal_naive,prices+weather,1,6,synthetic,mape_p50_pct,22.139513618390012,7
seasonal_naive,prices+weather,1,6,synthetic,coverage_p10_p90_pct,78.57142857142857,7
seasonal_naive,prices+weather,1,6,synthetic,n,112.0,7
seasonal_naive,prices+weather,2,6,synthetic,pinball_p10,183.67256364265364,7
seasonal_naive,prices+weather,2,6,synthetic,pinball_p50,458.7216315634324,7
seasonal_naive,prices+weather,2,6,synthetic,pinball_p90,294.254998251301,7
seasonal_naive,prices+weather,2,6,synthetic,pinball_mean,312.21639781912904,7
seasonal_naive,prices+weather,2,6,synthetic,mape_p50_pct,34.0807747694265,7
seasonal_naive,prices+weather,2,6,synthetic,coverage_p10_p90_pct,73.21428571428571,7
seasonal_naive,prices+weather,2,6,synthetic,n,112.0,7
seasonal_naive,prices+weather,3,6,synthetic,pinball_p10,259.6355891198887,7
seasonal_naive,prices+weather,3,6,synthetic,pinball_p50,629.5873538503828,7
seasonal_naive,prices+weather,3,6,synthetic,pinball_p90,367.8891238295772,7
seasonal_naive,prices+weather,3,6,synthetic,pinball_mean,419.03735559994965,7
seasonal_naive,prices+weather,3,6,synthetic,mape_p50_pct,47.76027934887937,7
seasonal_naive,prices+weather,3,6,synthetic,coverage_p10_p90_pct,66.96428571428571,7
seasonal_naive,prices+weather,3,6,synthetic,n,112.0,7
seasonal_naive,prices+weather,4,6,synthetic,pinball_p10,336.24748299411397,7
seasonal_naive,prices+weather,4,6,synthetic,pinball_p50,737.3835003672805,7
seasonal_naive,prices+weather,4,6,synthetic,pinball_p90,415.8681726467861,7
seasonal_naive,prices+weather,4,6,synthetic,pinball_mean,496.4997186693936,7
seasonal_naive,prices+weather,4,6,synthetic,mape_p50_pct,56.17840045745929,7
seasonal_naive,prices+weather,4,6,synthetic,coverage_p10_p90_pct,57.14285714285714,7
seasonal_naive,prices+weather,4,6,synthetic,n,112.0,7
seasonal_naive,prices+weather,spike_14d,6,synthetic,spike_events,17.0,7
seasonal_naive,prices+weather,spike_14d,6,synthetic,spike_recall,0.0,7
seasonal_naive,prices+weather,spike_14d,6,synthetic,spike_precision,,7
seasonal_naive,prices+weather,spike_14d,6,synthetic,spike_false_alarm_rate,0.0,7
seasonal_naive,prices+weather,spike_14d,6,synthetic,spike_brier,0.13829059330619692,7
seasonal_naive,prices+weather,1,7,synthetic,pinball_p10,94.27007218297182,7
seasonal_naive,prices+weather,1,7,synthetic,pinball_p50,318.3816032089562,7
seasonal_naive,prices+weather,1,7,synthetic,pinball_p90,179.82654038062176,7
seasonal_naive,prices+weather,1,7,synthetic,pinball_mean,197.49273859084994,7
seasonal_naive,prices+weather,1,7,synthetic,mape_p50_pct,22.211914057816116,7
seasonal_naive,prices+weather,1,7,synthetic,coverage_p10_p90_pct,82.14285714285714,7
seasonal_naive,prices+weather,1,7,synthetic,n,112.0,7
seasonal_naive,prices+weather,2,7,synthetic,pinball_p10,135.29459032112734,7
seasonal_naive,prices+weather,2,7,synthetic,pinball_p50,540.9957091195577,7
seasonal_naive,prices+weather,2,7,synthetic,pinball_p90,301.7321303693834,7
seasonal_naive,prices+weather,2,7,synthetic,pinball_mean,326.0074766033561,7
seasonal_naive,prices+weather,2,7,synthetic,mape_p50_pct,38.92658516593382,7
seasonal_naive,prices+weather,2,7,synthetic,coverage_p10_p90_pct,59.82142857142857,7
seasonal_naive,prices+weather,2,7,synthetic,n,112.0,7
seasonal_naive,prices+weather,3,7,synthetic,pinball_p10,245.55855784353278,7
seasonal_naive,prices+weather,3,7,synthetic,pinball_p50,708.9738459564747,7
seasonal_naive,prices+weather,3,7,synthetic,pinball_p90,394.6800715062383,7
seasonal_naive,prices+weather,3,7,synthetic,pinball_mean,449.7374917687486,7
seasonal_naive,prices+weather,3,7,synthetic,mape_p50_pct,50.55545742431826,7
seasonal_naive,prices+weather,3,7,synthetic,coverage_p10_p90_pct,52.67857142857143,7
seasonal_naive,prices+weather,3,7,synthetic,n,112.0,7
seasonal_naive,prices+weather,4,7,synthetic,pinball_p10,366.9964013834336,7
seasonal_naive,prices+weather,4,7,synthetic,pinball_p50,857.7809562778981,7
seasonal_naive,prices+weather,4,7,synthetic,pinball_p90,440.7909993356863,7
seasonal_naive,prices+weather,4,7,synthetic,pinball_mean,555.1894523323393,7
seasonal_naive,prices+weather,4,7,synthetic,mape_p50_pct,58.89847747858455,7
seasonal_naive,prices+weather,4,7,synthetic,coverage_p10_p90_pct,58.03571428571429,7
seasonal_naive,prices+weather,4,7,synthetic,n,112.0,7
seasonal_naive,prices+weather,spike_14d,7,synthetic,spike_events,38.0,7
seasonal_naive,prices+weather,spike_14d,7,synthetic,spike_recall,0.0,7
seasonal_naive,prices+weather,spike_14d,7,synthetic,spike_precision,,7
seasonal_naive,prices+weather,spike_14d,7,synthetic,spike_false_alarm_rate,0.0,7
seasonal_naive,prices+weather,spike_14d,7,synthetic,spike_brier,0.23212933514111148,7
seasonal_naive,prices+weather,1,8,synthetic,pinball_p10,95.9894349184327,7
seasonal_naive,prices+weather,1,8,synthetic,pinball_p50,205.60344030013508,7
seasonal_naive,prices+weather,1,8,synthetic,pinball_p90,97.23833222015871,7
seasonal_naive,prices+weather,1,8,synthetic,pinball_mean,132.94373581290884,7
seasonal_naive,prices+weather,1,8,synthetic,mape_p50_pct,24.840992191576778,7
seasonal_naive,prices+weather,1,8,synthetic,coverage_p10_p90_pct,76.78571428571429,7
seasonal_naive,prices+weather,1,8,synthetic,n,112.0,7
seasonal_naive,prices+weather,2,8,synthetic,pinball_p10,95.66684579839696,7
seasonal_naive,prices+weather,2,8,synthetic,pinball_p50,248.84654289065656,7
seasonal_naive,prices+weather,2,8,synthetic,pinball_p90,135.1113860710337,7
seasonal_naive,prices+weather,2,8,synthetic,pinball_mean,159.8749249200291,7
seasonal_naive,prices+weather,2,8,synthetic,mape_p50_pct,29.660426686322523,7
seasonal_naive,prices+weather,2,8,synthetic,coverage_p10_p90_pct,82.14285714285714,7
seasonal_naive,prices+weather,2,8,synthetic,n,112.0,7
seasonal_naive,prices+weather,3,8,synthetic,pinball_p10,125.73576635409133,7
seasonal_naive,prices+weather,3,8,synthetic,pinball_p50,319.96396556309446,7
seasonal_naive,prices+weather,3,8,synthetic,pinball_p90,165.526734228263,7
seasonal_naive,prices+weather,3,8,synthetic,pinball_mean,203.74215538181625,7
seasonal_naive,prices+weather,3,8,synthetic,mape_p50_pct,37.71670123596038,7
seasonal_naive,prices+weather,3,8,synthetic,coverage_p10_p90_pct,79.46428571428571,7
seasonal_naive,prices+weather,3,8,synthetic,n,112.0,7
seasonal_naive,prices+weather,4,8,synthetic,pinball_p10,136.9598778529365,7
seasonal_naive,prices+weather,4,8,synthetic,pinball_p50,350.9757752698409,7
seasonal_naive,prices+weather,4,8,synthetic,pinball_p90,180.38658455998944,7
seasonal_naive,prices+weather,4,8,synthetic,pinball_mean,222.77407922758894,7
seasonal_naive,prices+weather,4,8,synthetic,mape_p50_pct,41.15749862417046,7
seasonal_naive,prices+weather,4,8,synthetic,coverage_p10_p90_pct,81.25,7
seasonal_naive,prices+weather,4,8,synthetic,n,112.0,7
seasonal_naive,prices+weather,spike_14d,8,synthetic,spike_events,30.0,7
seasonal_naive,prices+weather,spike_14d,8,synthetic,spike_recall,0.0,7
seasonal_naive,prices+weather,spike_14d,8,synthetic,spike_precision,,7
seasonal_naive,prices+weather,spike_14d,8,synthetic,spike_false_alarm_rate,0.0,7
seasonal_naive,prices+weather,spike_14d,8,synthetic,spike_brier,0.1962203007795627,7
seasonal_naive,prices+weather,1,9,synthetic,pinball_p10,119.84623972106523,7
seasonal_naive,prices+weather,1,9,synthetic,pinball_p50,268.6203295552106,7
seasonal_naive,prices+weather,1,9,synthetic,pinball_p90,125.35585808431809,7
seasonal_naive,prices+weather,1,9,synthetic,pinball_mean,171.2741424535313,7
seasonal_naive,prices+weather,1,9,synthetic,mape_p50_pct,29.10084558824679,7
seasonal_naive,prices+weather,1,9,synthetic,coverage_p10_p90_pct,69.64285714285714,7
seasonal_naive,prices+weather,1,9,synthetic,n,112.0,7
seasonal_naive,prices+weather,2,9,synthetic,pinball_p10,191.14437110115938,7
seasonal_naive,prices+weather,2,9,synthetic,pinball_p50,414.29796109650357,7
seasonal_naive,prices+weather,2,9,synthetic,pinball_p90,192.2633788351944,7
seasonal_naive,prices+weather,2,9,synthetic,pinball_mean,265.90190367761915,7
seasonal_naive,prices+weather,2,9,synthetic,mape_p50_pct,47.06192247519274,7
seasonal_naive,prices+weather,2,9,synthetic,coverage_p10_p90_pct,66.07142857142857,7
seasonal_naive,prices+weather,2,9,synthetic,n,112.0,7
seasonal_naive,prices+weather,3,9,synthetic,pinball_p10,302.64509479487293,7
seasonal_naive,prices+weather,3,9,synthetic,pinball_p50,513.0248283378694,7
seasonal_naive,prices+weather,3,9,synthetic,pinball_p90,235.29739818436238,7
seasonal_naive,prices+weather,3,9,synthetic,pinball_mean,350.3224404390349,7
seasonal_naive,prices+weather,3,9,synthetic,mape_p50_pct,61.73479045208564,7
seasonal_naive,prices+weather,3,9,synthetic,coverage_p10_p90_pct,74.10714285714286,7
seasonal_naive,prices+weather,3,9,synthetic,n,112.0,7
seasonal_naive,prices+weather,4,9,synthetic,pinball_p10,379.70136803281287,7
seasonal_naive,prices+weather,4,9,synthetic,pinball_p50,626.1413388964936,7
seasonal_naive,prices+weather,4,9,synthetic,pinball_p90,270.81266864094056,7
seasonal_naive,prices+weather,4,9,synthetic,pinball_mean,425.55179185674905,7
seasonal_naive,prices+weather,4,9,synthetic,mape_p50_pct,76.04297972373676,7
seasonal_naive,prices+weather,4,9,synthetic,coverage_p10_p90_pct,67.85714285714286,7
seasonal_naive,prices+weather,4,9,synthetic,n,112.0,7
seasonal_naive,prices+weather,spike_14d,9,synthetic,spike_events,18.0,7
seasonal_naive,prices+weather,spike_14d,9,synthetic,spike_recall,0.0,7
seasonal_naive,prices+weather,spike_14d,9,synthetic,spike_precision,,7
seasonal_naive,prices+weather,spike_14d,9,synthetic,spike_false_alarm_rate,0.0,7
seasonal_naive,prices+weather,spike_14d,9,synthetic,spike_brier,0.14274159291036245,7
seasonal_naive,prices+weather,1,10,synthetic,pinball_p10,117.41146570940228,7
seasonal_naive,prices+weather,1,10,synthetic,pinball_p50,298.18545770406865,7
seasonal_naive,prices+weather,1,10,synthetic,pinball_p90,143.01181955677643,7
seasonal_naive,prices+weather,1,10,synthetic,pinball_mean,186.2029143234158,7
seasonal_naive,prices+weather,1,10,synthetic,mape_p50_pct,23.976532356083926,7
seasonal_naive,prices+weather,1,10,synthetic,coverage_p10_p90_pct,76.78571428571429,7
seasonal_naive,prices+weather,1,10,synthetic,n,112.0,7
seasonal_naive,prices+weather,2,10,synthetic,pinball_p10,172.8792226911865,7
seasonal_naive,prices+weather,2,10,synthetic,pinball_p50,373.1313091834181,7
seasonal_naive,prices+weather,2,10,synthetic,pinball_p90,195.20483630927092,7
seasonal_naive,prices+weather,2,10,synthetic,pinball_mean,247.07178939462517,7
seasonal_naive,prices+weather,2,10,synthetic,mape_p50_pct,30.462406156779824,7
seasonal_naive,prices+weather,2,10,synthetic,coverage_p10_p90_pct,84.82142857142857,7
seasonal_naive,prices+weather,2,10,synthetic,n,112.0,7
seasonal_naive,prices+weather,3,10,synthetic,pinball_p10,214.08813568380978,7
seasonal_naive,prices+weather,3,10,synthetic,pinball_p50,472.75773935026035,7
seasonal_naive,prices+weather,3,10,synthetic,pinball_p90,254.9774940805278,7
seasonal_naive,prices+weather,3,10,synthetic,pinball_mean,313.9411230381993,7
seasonal_naive,prices+weather,3,10,synthetic,mape_p50_pct,37.585423646802134,7
seasonal_naive,prices+weather,3,10,synthetic,coverage_p10_p90_pct,76.78571428571429,7
seasonal_naive,prices+weather,3,10,synthetic,n,112.0,7
seasonal_naive,prices+weather,4,10,synthetic,pinball_p10,256.56036982978605,7
seasonal_naive,prices+weather,4,10,synthetic,pinball_p50,567.468265629048,7
seasonal_naive,prices+weather,4,10,synthetic,pinball_p90,275.6164249397922,7
seasonal_naive,prices+weather,4,10,synthetic,pinball_mean,366.54835346620877,7
seasonal_naive,prices+weather,4,10,synthetic,mape_p50_pct,44.23215892860873,7
seasonal_naive,prices+weather,4,10,synthetic,coverage_p10_p90_pct,76.78571428571429,7
seasonal_naive,prices+weather,4,10,synthetic,n,112.0,7
seasonal_naive,prices+weather,spike_14d,10,synthetic,spike_events,25.0,7
seasonal_naive,prices+weather,spike_14d,10,synthetic,spike_recall,0.0,7
seasonal_naive,prices+weather,spike_14d,10,synthetic,spike_precision,,7
seasonal_naive,prices+weather,spike_14d,10,synthetic,spike_false_alarm_rate,0.0,7
seasonal_naive,prices+weather,spike_14d,10,synthetic,spike_brier,0.17401457119769664,7
seasonal_naive,prices+weather,1,11,synthetic,pinball_p10,113.3511420771443,7
seasonal_naive,prices+weather,1,11,synthetic,pinball_p50,293.9259652464319,7
seasonal_naive,prices+weather,1,11,synthetic,pinball_p90,177.06798410831334,7
seasonal_naive,prices+weather,1,11,synthetic,pinball_mean,194.78169714396316,7
seasonal_naive,prices+weather,1,11,synthetic,mape_p50_pct,24.073054412479973,7
seasonal_naive,prices+weather,1,11,synthetic,coverage_p10_p90_pct,74.10714285714286,7
seasonal_naive,prices+weather,1,11,synthetic,n,112.0,7
seasonal_naive,prices+weather,2,11,synthetic,pinball_p10,170.5051011341975,7
seasonal_naive,prices+weather,2,11,synthetic,pinball_p50,481.2837030562113,7
seasonal_naive,prices+weather,2,11,synthetic,pinball_p90,313.9821667326918,7
seasonal_naive,prices+weather,2,11,synthetic,pinball_mean,321.9236569743669,7
seasonal_naive,prices+weather,2,11,synthetic,mape_p50_pct,39.09686722574705,7
seasonal_naive,prices+weather,2,11,synthetic,coverage_p10_p90_pct,66.96428571428571,7
seasonal_naive,prices+weather,2,11,synthetic,n,112.0,7
seasonal_naive,prices+weather,3,11,synthetic,pinball_p10,250.40136731991126,7
seasonal_naive,prices+weather,3,11,synthetic,pinball_p50,695.8980936986718,7
seasonal_naive,prices+weather,3,11,synthetic,pinball_p90,416.8757572004101,7
seasonal_naive,prices+weather,3,11,synthetic,pinball_mean,454.39173940633106,7
seasonal_naive,prices+weather,3,11,synthetic,mape_p50_pct,54.96674552515327,7
seasonal_naive,prices+weather,3,11,synthetic,coverage_p10_p90_pct,57.14285714285714,7
seasonal_naive,prices+weather,3,11,synthetic,n,112.0,7
seasonal_naive,prices+weather,4,11,synthetic,pinball_p10,366.255830842807,7
seasonal_naive,prices+weather,4,11,synthetic,pinball_p50,860.1934181924119,7
seasonal_naive,prices+weather,4,11,synthetic,pinball_p90,469.8916314921024,7
seasonal_naive,prices+weather,4,11,synthetic,pinball_mean,565.4469601757737,7
seasonal_naive,prices+weather,4,11,synthetic,mape_p50_pct,67.37083264821192,7
seasonal_naive,prices+weather,4,11,synthetic,coverage_p10_p90_pct,50.0,7
seasonal_naive,prices+weather,4,11,synthetic,n,112.0,7
seasonal_naive,prices+weather,spike_14d,11,synthetic,spike_events,15.0,7
seasonal_naive,prices+weather,spike_14d,11,synthetic,spike_recall,0.0,7
seasonal_naive,prices+weather,spike_14d,11,synthetic,spike_precision,,7
seasonal_naive,prices+weather,spike_14d,11,synthetic,spike_false_alarm_rate,0.0,7
seasonal_naive,prices+weather,spike_14d,11,synthetic,spike_brier,0.12944654094232494,7
seasonal_naive,prices+weather,1,12,synthetic,pinball_p10,196.02442849480408,7
seasonal_naive,prices+weather,1,12,synthetic,pinball_p50,376.70971897074367,7
seasonal_naive,prices+weather,1,12,synthetic,pinball_p90,165.7818783117513,7
seasonal_naive,prices+weather,1,12,synthetic,pinball_mean,246.17200859243303,7
seasonal_naive,prices+weather,1,12,synthetic,mape_p50_pct,30.277042728386345,7
seasonal_naive,prices+weather,1,12,synthetic,coverage_p10_p90_pct,75.89285714285714,7
seasonal_naive,prices+weather,1,12,synthetic,n,112.0,7
seasonal_naive,prices+weather,2,12,synthetic,pinball_p10,259.3889964670844,7
seasonal_naive,prices+weather,2,12,synthetic,pinball_p50,578.1288808873862,7
seasonal_naive,prices+weather,2,12,synthetic,pinball_p90,307.2553497056801,7
seasonal_naive,prices+weather,2,12,synthetic,pinball_mean,381.5910756867169,7
seasonal_naive,prices+weather,2,12,synthetic,mape_p50_pct,47.40605473153803,7
seasonal_naive,prices+weather,2,12,synthetic,coverage_p10_p90_pct,61.60714285714286,7
seasonal_naive,prices+weather,2,12,synthetic,n,112.0,7
seasonal_naive,prices+weather,3,12,synthetic,pinball_p10,368.2383302731718,7
seasonal_naive,prices+weather,3,12,synthetic,pinball_p50,808.640136147579,7
seasonal_naive,prices+weather,3,12,synthetic,pinball_p90,459.05589623351165,7
seasonal_naive,prices+weather,3,12,synthetic,pinball_mean,545.3114542180875,7
seasonal_naive,prices+weather,3,12,synthetic,mape_p50_pct,65.59316143190001,7
seasonal_naive,prices+weather,3,12,synthetic,coverage_p10_p90_pct,49.107142857142854,7
seasonal_naive,prices+weather,3,12,synthetic,n,112.0,7
seasonal_naive,prices+weather,4,12,synthetic,pinball_p10,493.13061995668005,7
seasonal_naive,prices+weather,4,12,synthetic,pinball_p50,968.3121196561484,7
seasonal_naive,prices+weather,4,12,synthetic,pinball_p90,518.9258265909388,7
seasonal_naive,prices+weather,4,12,synthetic,pinball_mean,660.1228554012558,7
seasonal_naive,prices+weather,4,12,synthetic,mape_p50_pct,78.16067601003247,7
seasonal_naive,prices+weather,4,12,synthetic,coverage_p10_p90_pct,48.214285714285715,7
seasonal_naive,prices+weather,4,12,synthetic,n,112.0,7
seasonal_naive,prices+weather,spike_14d,12,synthetic,spike_events,28.0,7
seasonal_naive,prices+weather,spike_14d,12,synthetic,spike_recall,0.0,7
seasonal_naive,prices+weather,spike_14d,12,synthetic,spike_precision,,7
seasonal_naive,prices+weather,spike_14d,12,synthetic,spike_false_alarm_rate,0.0,7
seasonal_naive,prices+weather,spike_14d,12,synthetic,spike_brier,0.187562740433216,7
seasonal_naive,prices+weather,1,13,synthetic,pinball_p10,140.92642860382398,7
seasonal_naive,prices+weather,1,13,synthetic,pinball_p50,353.48933277544535,7
seasonal_naive,prices+weather,1,13,synthetic,pinball_p90,171.6116154039245,7
seasonal_naive,prices+weather,1,13,synthetic,pinball_mean,222.00912559439794,7
seasonal_naive,prices+weather,1,13,synthetic,mape_p50_pct,23.97662875881546,7
seasonal_naive,prices+weather,1,13,synthetic,coverage_p10_p90_pct,74.10714285714286,7
seasonal_naive,prices+weather,1,13,synthetic,n,112.0,7
seasonal_naive,prices+weather,2,13,synthetic,pinball_p10,261.7430164783388,7
seasonal_naive,prices+weather,2,13,synthetic,pinball_p50,619.1054597803933,7
seasonal_naive,prices+weather,2,13,synthetic,pinball_p90,300.88270468496574,7
seasonal_naive,prices+weather,2,13,synthetic,pinball_mean,393.9103936478993,7
seasonal_naive,prices+weather,2,13,synthetic,mape_p50_pct,40.30926331420585,7
seasonal_naive,prices+weather,2,13,synthetic,coverage_p10_p90_pct,67.85714285714286,7
seasonal_naive,prices+weather,2,13,synthetic,n,112.0,7
seasonal_naive,prices+weather,3,13,synthetic,pinball_p10,401.16938213123586,7
seasonal_naive,prices+weather,3,13,synthetic,pinball_p50,838.7885387004834,7
seasonal_naive,prices+weather,3,13,synthetic,pinball_p90,386.84887826929446,7
seasonal_naive,prices+weather,3,13,synthetic,pinball_mean,542.2689330336713,7
seasonal_naive,prices+weather,3,13,synthetic,mape_p50_pct,52.853486384972506,7
seasonal_naive,prices+weather,3,13,synthetic,coverage_p10_p90_pct,74.10714285714286,7
seasonal_naive,prices+weather,3,13,synthetic,n,112.0,7
seasonal_naive,prices+weather,4,13,synthetic,pinball_p10,550.6359042305922,7
seasonal_naive,prices+weather,4,13,synthetic,pinball_p50,1007.9049226641749,7
seasonal_naive,prices+weather,4,13,synthetic,pinball_p90,459.07762787841295,7
seasonal_naive,prices+weather,4,13,synthetic,pinball_mean,672.5394849243934,7
seasonal_naive,prices+weather,4,13,synthetic,mape_p50_pct,61.96544460221999,7
seasonal_naive,prices+weather,4,13,synthetic,coverage_p10_p90_pct,70.53571428571429,7
seasonal_naive,prices+weather,4,13,synthetic,n,112.0,7
seasonal_naive,prices+weather,spike_14d,13,synthetic,spike_events,12.0,7
seasonal_naive,prices+weather,spike_14d,13,synthetic,spike_recall,0.0,7
seasonal_naive,prices+weather,spike_14d,13,synthetic,spike_precision,,7
seasonal_naive,prices+weather,spike_14d,13,synthetic,spike_false_alarm_rate,0.0,7
seasonal_naive,prices+weather,spike_14d,13,synthetic,spike_brier,0.1161979736875537,7
seasonal_naive,prices+weather,1,14,synthetic,pinball_p10,100.3609881870337,7
seasonal_naive,prices+weather,1,14,synthetic,pinball_p50,225.0737643095766,7
seasonal_naive,prices+weather,1,14,synthetic,pinball_p90,141.3992170600895,7
seasonal_naive,prices+weather,1,14,synthetic,pinball_mean,155.6113231855666,7
seasonal_naive,prices+weather,1,14,synthetic,mape_p50_pct,27.718289325491398,7
seasonal_naive,prices+weather,1,14,synthetic,coverage_p10_p90_pct,70.53571428571429,7
seasonal_naive,prices+weather,1,14,synthetic,n,112.0,7
seasonal_naive,prices+weather,2,14,synthetic,pinball_p10,125.88173936919598,7
seasonal_naive,prices+weather,2,14,synthetic,pinball_p50,336.90089376110893,7
seasonal_naive,prices+weather,2,14,synthetic,pinball_p90,225.09976121232012,7
seasonal_naive,prices+weather,2,14,synthetic,pinball_mean,229.29413144754167,7
seasonal_naive,prices+weather,2,14,synthetic,mape_p50_pct,41.19234641477861,7
seasonal_naive,prices+weather,2,14,synthetic,coverage_p10_p90_pct,63.39285714285714,7
seasonal_naive,prices+weather,2,14,synthetic,n,112.0,7
seasonal_naive,prices+weather,3,14,synthetic,pinball_p10,190.97138664620584,7
seasonal_naive,prices+weather,3,14,synthetic,pinball_p50,471.23261690235,7
seasonal_naive,prices+weather,3,14,synthetic,pinball_p90,272.5683947540589,7
seasonal_naive,prices+weather,3,14,synthetic,pinball_mean,311.59079943420494,7
seasonal_naive,prices+weather,3,14,synthetic,mape_p50_pct,56.74552101826722,7
seasonal_naive,prices+weather,3,14,synthetic,coverage_p10_p90_pct,52.67857142857143,7
seasonal_naive,prices+weather,3,14,synthetic,n,112.0,7
seasonal_naive,prices+weather,4,14,synthetic,pinball_p10,221.1802426322603,7
seasonal_naive,prices+weather,4,14,synthetic,pinball_p50,526.3301622072429,7
seasonal_naive,prices+weather,4,14,synthetic,pinball_p90,298.2946351839373,7
seasonal_naive,prices+weather,4,14,synthetic,pinball_mean,348.6016800078135,7
seasonal_naive,prices+weather,4,14,synthetic,mape_p50_pct,61.98576543049498,7
seasonal_naive,prices+weather,4,14,synthetic,coverage_p10_p90_pct,50.89285714285714,7
seasonal_naive,prices+weather,4,14,synthetic,n,112.0,7
seasonal_naive,prices+weather,spike_14d,14,synthetic,spike_events,37.0,7
seasonal_naive,prices+weather,spike_14d,14,synthetic,spike_recall,0.0,7
seasonal_naive,prices+weather,spike_14d,14,synthetic,spike_precision,,7
seasonal_naive,prices+weather,spike_14d,14,synthetic,spike_false_alarm_rate,0.0,7
seasonal_naive,prices+weather,spike_14d,14,synthetic,spike_brier,0.22759413188516797,7
seasonal_naive,prices+weather,1,15,synthetic,pinball_p10,70.68587471410547,7
seasonal_naive,prices+weather,1,15,synthetic,pinball_p50,220.7176564331856,7
seasonal_naive,prices+weather,1,15,synthetic,pinball_p90,124.93928216937418,7
seasonal_naive,prices+weather,1,15,synthetic,pinball_mean,138.78093777222173,7
seasonal_naive,prices+weather,1,15,synthetic,mape_p50_pct,20.92377697333017,7
seasonal_naive,prices+weather,1,15,synthetic,coverage_p10_p90_pct,79.46428571428571,7
seasonal_naive,prices+weather,1,15,synthetic,n,112.0,7
seasonal_naive,prices+weather,2,15,synthetic,pinball_p10,105.86334710056455,7
seasonal_naive,prices+weather,2,15,synthetic,pinball_p50,345.78701917233036,7
seasonal_naive,prices+weather,2,15,synthetic,pinball_p90,211.20895575254266,7
seasonal_naive,prices+weather,2,15,synthetic,pinball_mean,220.9531073418125,7
seasonal_naive,prices+weather,2,15,synthetic,mape_p50_pct,32.96495479889983,7
seasonal_naive,prices+weather,2,15,synthetic,coverage_p10_p90_pct,74.10714285714286,7
seasonal_naive,prices+weather,2,15,synthetic,n,112.0,7
seasonal_naive,prices+weather,3,15,synthetic,pinball_p10,169.6330392396476,7
seasonal_naive,prices+weather,3,15,synthetic,pinball_p50,484.7232453706386,7
seasonal_naive,prices+weather,3,15,synthetic,pinball_p90,269.3213082853044,7
seasonal_naive,prices+weather,3,15,synthetic,pinball_mean,307.89253096519684,7
seasonal_naive,prices+weather,3,15,synthetic,mape_p50_pct,46.155191210441984,7
seasonal_naive,prices+weather,3,15,synthetic,coverage_p10_p90_pct,66.96428571428571,7
seasonal_naive,prices+weather,3,15,synthetic,n,112.0,7
seasonal_naive,prices+weather,4,15,synthetic,pinball_p10,220.46344288092192,7
seasonal_naive,prices+weather,4,15,synthetic,pinball_p50,577.3158896039055,7
seasonal_naive,prices+weather,4,15,synthetic,pinball_p90,317.3478951006276,7
seasonal_naive,prices+weather,4,15,synthetic,pinball_mean,371.7090758618183,7
seasonal_naive,prices+weather,4,15,synthetic,mape_p50_pct,54.08988516744386,7
seasonal_naive,prices+weather,4,15,synthetic,coverage_p10_p90_pct,61.60714285714286,7
seasonal_naive,prices+weather,4,15,synthetic,n,112.0,7
seasonal_naive,prices+weather,spike_14d,15,synthetic,spike_events,9.0,7
seasonal_naive,prices+weather,spike_14d,15,synthetic,spike_recall,0.0,7
seasonal_naive,prices+weather,spike_14d,15,synthetic,spike_precision,,7
seasonal_naive,prices+weather,spike_14d,15,synthetic,spike_false_alarm_rate,0.0,7
seasonal_naive,prices+weather,spike_14d,15,synthetic,spike_brier,0.10260576990068507,7
seasonal_naive,prices+weather,1,16,synthetic,pinball_p10,127.94319667461603,7
seasonal_naive,prices+weather,1,16,synthetic,pinball_p50,243.04970384503991,7
seasonal_naive,prices+weather,1,16,synthetic,pinball_p90,134.71295313966334,7
seasonal_naive,prices+weather,1,16,synthetic,pinball_mean,168.56861788643977,7
seasonal_naive,prices+weather,1,16,synthetic,mape_p50_pct,23.798491277858666,7
seasonal_naive,prices+weather,1,16,synthetic,coverage_p10_p90_pct,83.92857142857143,7
seasonal_naive,prices+weather,1,16,synthetic,n,112.0,7
seasonal_naive,prices+weather,2,16,synthetic,pinball_p10,220.64892807427174,7
seasonal_naive,prices+weather,2,16,synthetic,pinball_p50,403.04862953110097,7
seasonal_naive,prices+weather,2,16,synthetic,pinball_p90,225.34740598208077,7
seasonal_naive,prices+weather,2,16,synthetic,pinball_mean,283.0149878624845,7
seasonal_naive,prices+weather,2,16,synthetic,mape_p50_pct,39.55098627436807,7
seasonal_naive,prices+weather,2,16,synthetic,coverage_p10_p90_pct,72.32142857142857,7
seasonal_naive,prices+weather,2,16,synthetic,n,112.0,7
seasonal_naive,prices+weather,3,16,synthetic,pinball_p10,299.0389578979036,7
seasonal_naive,prices+weather,3,16,synthetic,pinball_p50,566.7131397611971,7
seasonal_naive,prices+weather,3,16,synthetic,pinball_p90,302.6489381401825,7
seasonal_naive,prices+weather,3,16,synthetic,pinball_mean,389.4670119330944,7
seasonal_naive,prices+weather,3,16,synthetic,mape_p50_pct,55.45005306127755,7
seasonal_naive,prices+weather,3,16,synthetic,coverage_p10_p90_pct,63.39285714285714,7
seasonal_naive,prices+weather,3,16,synthetic,n,112.0,7
seasonal_naive,prices+weather,4,16,synthetic,pinball_p10,384.63421313623525,7
seasonal_naive,prices+weather,4,16,synthetic,pinball_p50,699.5766940171698,7
seasonal_naive,prices+weather,4,16,synthetic,pinball_p90,330.65071469102077,7
seasonal_naive,prices+weather,4,16,synthetic,pinball_mean,471.6205406148086,7
seasonal_naive,prices+weather,4,16,synthetic,mape_p50_pct,68.21161701060119,7
seasonal_naive,prices+weather,4,16,synthetic,coverage_p10_p90_pct,57.14285714285714,7
seasonal_naive,prices+weather,4,16,synthetic,n,112.0,7
seasonal_naive,prices+weather,spike_14d,16,synthetic,spike_events,31.0,7
seasonal_naive,prices+weather,spike_14d,16,synthetic,spike_recall,0.0,7
seasonal_naive,prices+weather,spike_14d,16,synthetic,spike_precision,,7
seasonal_naive,prices+weather,spike_14d,16,synthetic,spike_false_alarm_rate,0.0,7
seasonal_naive,prices+weather,spike_14d,16,synthetic,spike_brier,0.2010061913995436,7
seasonal_naive,prices+weather,1,17,synthetic,pinball_p10,97.8911309671814,7
seasonal_naive,prices+weather,1,17,synthetic,pinball_p50,232.25332706465926,7
seasonal_naive,prices+weather,1,17,synthetic,pinball_p90,147.5200126095745,7
seasonal_naive,prices+weather,1,17,synthetic,pinball_mean,159.22149021380505,7
seasonal_naive,prices+weather,1,17,synthetic,mape_p50_pct,21.859686130462677,7
seasonal_naive,prices+weather,1,17,synthetic,coverage_p10_p90_pct,80.35714285714286,7
seasonal_naive,prices+weather,1,17,synthetic,n,112.0,7
seasonal_naive,prices+weather,2,17,synthetic,pinball_p10,161.0848378062091,7
seasonal_naive,prices+weather,2,17,synthetic,pinball_p50,392.243270050642,7
seasonal_naive,prices+weather,2,17,synthetic,pinball_p90,208.81642896224506,7
seasonal_naive,prices+weather,2,17,synthetic,pinball_mean,254.04817893969872,7
seasonal_naive,prices+weather,2,17,synthetic,mape_p50_pct,37.4073715868585,7
seasonal_naive,prices+weather,2,17,synthetic,coverage_p10_p90_pct,70.53571428571429,7
seasonal_naive,prices+weather,2,17,synthetic,n,112.0,7
seasonal_naive,prices+weather,3,17,synthetic,pinball_p10,263.2715254086832,7
seasonal_naive,prices+weather,3,17,synthetic,pinball_p50,547.3882462545035,7
seasonal_naive,prices+weather,3,17,synthetic,pinball_p90,284.1297144472477,7
seasonal_naive,prices+weather,3,17,synthetic,pinball_mean,364.9298287034782,7
seasonal_naive,prices+weather,3,17,synthetic,mape_p50_pct,51.60100283992366,7
seasonal_naive,prices+weather,3,17,synthetic,coverage_p10_p90_pct,65.17857142857143,7
seasonal_naive,prices+weather,3,17,synthetic,n,112.0,7
seasonal_naive,prices+weather,4,17,synthetic,pinball_p10,361.31560231332634,7
seasonal_naive,prices+weather,4,17,synthetic,pinball_p50,678.1267529336799,7
seasonal_naive,prices+weather,4,17,synthetic,pinball_p90,324.07989263432216,7
seasonal_naive,prices+weather,4,17,synthetic,pinball_mean,454.5074159604428,7
seasonal_naive,prices+weather,4,17,synthetic,mape_p50_pct,63.39934833725953,7
seasonal_naive,prices+weather,4,17,synthetic,coverage_p10_p90_pct,67.85714285714286,7
seasonal_naive,prices+weather,4,17,synthetic,n,112.0,7
seasonal_naive,prices+weather,spike_14d,17,synthetic,spike_events,21.0,7
seasonal_naive,prices+weather,spike_14d,17,synthetic,spike_recall,0.0,7
seasonal_naive,prices+weather,spike_14d,17,synthetic,spike_precision,,7
seasonal_naive,prices+weather,spike_14d,17,synthetic,spike_false_alarm_rate,0.0,7
seasonal_naive,prices+weather,spike_14d,17,synthetic,spike_brier,0.15602580302245186,7
seasonal_naive,prices+weather,1,18,synthetic,pinball_p10,141.12020117641848,7
seasonal_naive,prices+weather,1,18,synthetic,pinball_p50,341.66108398622424,7
seasonal_naive,prices+weather,1,18,synthetic,pinball_p90,168.19866237278205,7
seasonal_naive,prices+weather,1,18,synthetic,pinball_mean,216.9933158451416,7
seasonal_naive,prices+weather,1,18,synthetic,mape_p50_pct,25.74165565249387,7
seasonal_naive,prices+weather,1,18,synthetic,coverage_p10_p90_pct,72.32142857142857,7
seasonal_naive,prices+weather,1,18,synthetic,n,112.0,7
seasonal_naive,prices+weather,2,18,synthetic,pinball_p10,269.88623025446134,7
seasonal_naive,prices+weather,2,18,synthetic,pinball_p50,589.7589516101153,7
seasonal_naive,prices+weather,2,18,synthetic,pinball_p90,270.5164888101519,7
seasonal_naive,prices+weather,2,18,synthetic,pinball_mean,376.7205568915762,7
seasonal_naive,prices+weather,2,18,synthetic,mape_p50_pct,44.747060230912744,7
seasonal_naive,prices+weather,2,18,synthetic,coverage_p10_p90_pct,61.60714285714286,7
seasonal_naive,prices+weather,2,18,synthetic,n,112.0,7
seasonal_naive,prices+weather,3,18,synthetic,pinball_p10,419.22465781964104,7
seasonal_naive,prices+weather,3,18,synthetic,pinball_p50,845.3596134316485,7
seasonal_naive,prices+weather,3,18,synthetic,pinball_p90,381.69186213294023,7
seasonal_naive,prices+weather,3,18,synthetic,pinball_mean,548.7587111280766,7
seasonal_naive,prices+weather,3,18,synthetic,mape_p50_pct,63.48766486558013,7
seasonal_naive,prices+weather,3,18,synthetic,coverage_p10_p90_pct,53.57142857142857,7
seasonal_naive,prices+weather,3,18,synthetic,n,112.0,7
seasonal_naive,prices+weather,4,18,synthetic,pinball_p10,578.0448631072596,7
seasonal_naive,prices+weather,4,18,synthetic,pinball_p50,1080.7273059017136,7
seasonal_naive,prices+weather,4,18,synthetic,pinball_p90,469.0921475632561,7
seasonal_naive,prices+weather,4,18,synthetic,pinball_mean,709.2881055240765,7
seasonal_naive,prices+weather,4,18,synthetic,mape_p50_pct,80.09161422258265,7
seasonal_naive,prices+weather,4,18,synthetic,coverage_p10_p90_pct,57.14285714285714,7
seasonal_naive,prices+weather,4,18,synthetic,n,112.0,7
seasonal_naive,prices+weather,spike_14d,18,synthetic,spike_events,29.0,7
seasonal_naive,prices+weather,spike_14d,18,synthetic,spike_recall,0.0,7
seasonal_naive,prices+weather,spike_14d,18,synthetic,spike_precision,,7
seasonal_naive,prices+weather,spike_14d,18,synthetic,spike_false_alarm_rate,0.0,7
seasonal_naive,prices+weather,spike_14d,18,synthetic,spike_brier,0.1920252021685744,7
naive,prices+weather,1,ALL,synthetic,pinball_p10,64.49303306473074,7
naive,prices+weather,1,ALL,synthetic,pinball_p50,158.60278738535223,7
naive,prices+weather,1,ALL,synthetic,pinball_p90,79.66409983420095,7
naive,prices+weather,1,ALL,synthetic,pinball_mean,100.91997342809464,7
naive,prices+weather,1,ALL,synthetic,mape_p50_pct,13.936418515151768,7
naive,prices+weather,1,ALL,synthetic,coverage_p10_p90_pct,85.41666666666666,7
naive,prices+weather,1,ALL,synthetic,n,2016.0,7
naive,prices+weather,2,ALL,synthetic,pinball_p10,77.01311912574897,7
naive,prices+weather,2,ALL,synthetic,pinball_p50,201.898542662503,7
naive,prices+weather,2,ALL,synthetic,pinball_p90,100.4739414871616,7
naive,prices+weather,2,ALL,synthetic,pinball_mean,126.4618677584712,7
naive,prices+weather,2,ALL,synthetic,mape_p50_pct,17.67554729006033,7
naive,prices+weather,2,ALL,synthetic,coverage_p10_p90_pct,85.76388888888889,7
naive,prices+weather,2,ALL,synthetic,n,2016.0,7
naive,prices+weather,3,ALL,synthetic,pinball_p10,86.67695707193496,7
naive,prices+weather,3,ALL,synthetic,pinball_p50,224.10524158045868,7
naive,prices+weather,3,ALL,synthetic,pinball_p90,117.74968383218024,7
naive,prices+weather,3,ALL,synthetic,pinball_mean,142.84396082819129,7
naive,prices+weather,3,ALL,synthetic,mape_p50_pct,19.48667821703423,7
naive,prices+weather,3,ALL,synthetic,coverage_p10_p90_pct,87.84722222222221,7
naive,prices+weather,3,ALL,synthetic,n,2016.0,7
naive,prices+weather,4,ALL,synthetic,pinball_p10,92.43165890206342,7
naive,prices+weather,4,ALL,synthetic,pinball_p50,239.4179510627466,7
naive,prices+weather,4,ALL,synthetic,pinball_p90,128.708144668965,7
naive,prices+weather,4,ALL,synthetic,pinball_mean,153.5192515445917,7
naive,prices+weather,4,ALL,synthetic,mape_p50_pct,20.456285673355058,7
naive,prices+weather,4,ALL,synthetic,coverage_p10_p90_pct,89.78174603174604,7
naive,prices+weather,4,ALL,synthetic,n,2016.0,7
naive,prices+weather,spike_14d,ALL,synthetic,spike_events,418.0,7
naive,prices+weather,spike_14d,ALL,synthetic,spike_recall,0.0,7
naive,prices+weather,spike_14d,ALL,synthetic,spike_precision,,7
naive,prices+weather,spike_14d,ALL,synthetic,spike_false_alarm_rate,0.0,7
naive,prices+weather,spike_14d,ALL,synthetic,spike_brier,0.16611536326306317,7
naive,prices+weather,1,1,synthetic,pinball_p10,47.868676852611244,7
naive,prices+weather,1,1,synthetic,pinball_p50,118.63634645149129,7
naive,prices+weather,1,1,synthetic,pinball_p90,61.40449060005143,7
naive,prices+weather,1,1,synthetic,pinball_mean,75.96983796805132,7
naive,prices+weather,1,1,synthetic,mape_p50_pct,15.38118367138546,7
naive,prices+weather,1,1,synthetic,coverage_p10_p90_pct,75.89285714285714,7
naive,prices+weather,1,1,synthetic,n,112.0,7
naive,prices+weather,2,1,synthetic,pinball_p10,54.307537461926344,7
naive,prices+weather,2,1,synthetic,pinball_p50,150.21093836726413,7
naive,prices+weather,2,1,synthetic,pinball_p90,79.90397974999385,7
naive,prices+weather,2,1,synthetic,pinball_mean,94.80748519306144,7
naive,prices+weather,2,1,synthetic,mape_p50_pct,19.762052472631613,7
naive,prices+weather,2,1,synthetic,coverage_p10_p90_pct,80.35714285714286,7
naive,prices+weather,2,1,synthetic,n,112.0,7
naive,prices+weather,3,1,synthetic,pinball_p10,65.18442191759952,7
naive,prices+weather,3,1,synthetic,pinball_p50,163.68731937333496,7
naive,prices+weather,3,1,synthetic,pinball_p90,82.84887048926984,7
naive,prices+weather,3,1,synthetic,pinball_mean,103.90687059340144,7
naive,prices+weather,3,1,synthetic,mape_p50_pct,21.31842741896874,7
naive,prices+weather,3,1,synthetic,coverage_p10_p90_pct,83.03571428571429,7
naive,prices+weather,3,1,synthetic,n,112.0,7
naive,prices+weather,4,1,synthetic,pinball_p10,64.90226087361468,7
naive,prices+weather,4,1,synthetic,pinball_p50,164.7302038935786,7
naive,prices+weather,4,1,synthetic,pinball_p90,89.77756775122432,7
naive,prices+weather,4,1,synthetic,pinball_mean,106.47001083947252,7
naive,prices+weather,4,1,synthetic,mape_p50_pct,20.417083093493062,7
naive,prices+weather,4,1,synthetic,coverage_p10_p90_pct,88.39285714285714,7
naive,prices+weather,4,1,synthetic,n,112.0,7
naive,prices+weather,spike_14d,1,synthetic,spike_events,21.0,7
naive,prices+weather,spike_14d,1,synthetic,spike_recall,0.0,7
naive,prices+weather,spike_14d,1,synthetic,spike_precision,,7
naive,prices+weather,spike_14d,1,synthetic,spike_false_alarm_rate,0.0,7
naive,prices+weather,spike_14d,1,synthetic,spike_brier,0.15627277941561024,7
naive,prices+weather,1,2,synthetic,pinball_p10,54.562220041231676,7
naive,prices+weather,1,2,synthetic,pinball_p50,127.61488167768167,7
naive,prices+weather,1,2,synthetic,pinball_p90,69.55375257855569,7
naive,prices+weather,1,2,synthetic,pinball_mean,83.91028476582301,7
naive,prices+weather,1,2,synthetic,mape_p50_pct,13.068642312254033,7
naive,prices+weather,1,2,synthetic,coverage_p10_p90_pct,87.5,7
naive,prices+weather,1,2,synthetic,n,112.0,7
naive,prices+weather,2,2,synthetic,pinball_p10,57.793293348042326,7
naive,prices+weather,2,2,synthetic,pinball_p50,144.16030975256515,7
naive,prices+weather,2,2,synthetic,pinball_p90,85.46286084432859,7
naive,prices+weather,2,2,synthetic,pinball_mean,95.80548798164536,7
naive,prices+weather,2,2,synthetic,mape_p50_pct,14.211415424137929,7
naive,prices+weather,2,2,synthetic,coverage_p10_p90_pct,92.85714285714286,7
naive,prices+weather,2,2,synthetic,n,112.0,7
naive,prices+weather,3,2,synthetic,pinball_p10,75.33279915826174,7
naive,prices+weather,3,2,synthetic,pinball_p50,187.07353524411897,7
naive,prices+weather,3,2,synthetic,pinball_p90,97.81523907035593,7
naive,prices+weather,3,2,synthetic,pinball_mean,120.07385782424554,7
naive,prices+weather,3,2,synthetic,mape_p50_pct,19.135743033844392,7
naive,prices+weather,3,2,synthetic,coverage_p10_p90_pct,89.28571428571429,7
naive,prices+weather,3,2,synthetic,n,112.0,7
naive,prices+weather,4,2,synthetic,pinball_p10,73.05555426286051,7
naive,prices+weather,4,2,synthetic,pinball_p50,190.33965973740342,7
naive,prices+weather,4,2,synthetic,pinball_p90,108.5503231727608,7
naive,prices+weather,4,2,synthetic,pinball_mean,123.98184572434157,7
naive,prices+weather,4,2,synthetic,mape_p50_pct,19.646936086105228,7
naive,prices+weather,4,2,synthetic,coverage_p10_p90_pct,93.75,7
naive,prices+weather,4,2,synthetic,n,112.0,7
naive,prices+weather,spike_14d,2,synthetic,spike_events,17.0,7
naive,prices+weather,spike_14d,2,synthetic,spike_recall,0.0,7
naive,prices+weather,spike_14d,2,synthetic,spike_precision,,7
naive,prices+weather,spike_14d,2,synthetic,spike_false_alarm_rate,0.0,7
naive,prices+weather,spike_14d,2,synthetic,spike_brier,0.1382954531130858,7
naive,prices+weather,1,3,synthetic,pinball_p10,57.86752502779882,7
naive,prices+weather,1,3,synthetic,pinball_p50,136.39268287204806,7
naive,prices+weather,1,3,synthetic,pinball_p90,64.17958920685892,7
naive,prices+weather,1,3,synthetic,pinball_mean,86.1465990355686,7
naive,prices+weather,1,3,synthetic,mape_p50_pct,12.60917852564408,7
naive,prices+weather,1,3,synthetic,coverage_p10_p90_pct,91.96428571428571,7
naive,prices+weather,1,3,synthetic,n,112.0,7
naive,prices+weather,2,3,synthetic,pinball_p10,75.57678801508898,7
naive,prices+weather,2,3,synthetic,pinball_p50,146.8440311143639,7
naive,prices+weather,2,3,synthetic,pinball_p90,89.79672172491367,7
naive,prices+weather,2,3,synthetic,pinball_mean,104.07251361812217,7
naive,prices+weather,2,3,synthetic,mape_p50_pct,13.427261692906109,7
naive,prices+weather,2,3,synthetic,coverage_p10_p90_pct,87.5,7
naive,prices+weather,2,3,synthetic,n,112.0,7
naive,prices+weather,3,3,synthetic,pinball_p10,78.05188046363466,7
naive,prices+weather,3,3,synthetic,pinball_p50,167.5010035017423,7
naive,prices+weather,3,3,synthetic,pinball_p90,97.99193754226096,7
naive,prices+weather,3,3,synthetic,pinball_mean,114.51494050254598,7
naive,prices+weather,3,3,synthetic,mape_p50_pct,14.898437761409836,7
naive,prices+weather,3,3,synthetic,coverage_p10_p90_pct,96.42857142857143,7
naive,prices+weather,3,3,synthetic,n,112.0,7
naive,prices+weather,4,3,synthetic,pinball_p10,86.04711128450651,7
naive,prices+weather,4,3,synthetic,pinball_p50,191.96024583349114,7
naive,prices+weather,4,3,synthetic,pinball_p90,108.34813963756369,7
naive,prices+weather,4,3,synthetic,pinball_mean,128.78516558518712,7
naive,prices+weather,4,3,synthetic,mape_p50_pct,16.99845186784968,7
naive,prices+weather,4,3,synthetic,coverage_p10_p90_pct,95.53571428571429,7
naive,prices+weather,4,3,synthetic,n,112.0,7
naive,prices+weather,spike_14d,3,synthetic,spike_events,16.0,7
naive,prices+weather,spike_14d,3,synthetic,spike_recall,0.0,7
naive,prices+weather,spike_14d,3,synthetic,spike_precision,,7
naive,prices+weather,spike_14d,3,synthetic,spike_false_alarm_rate,0.0,7
naive,prices+weather,spike_14d,3,synthetic,spike_brier,0.13372575583583407,7
naive,prices+weather,1,4,synthetic,pinball_p10,63.94401724432968,7
naive,prices+weather,1,4,synthetic,pinball_p50,166.5451215975265,7
naive,prices+weather,1,4,synthetic,pinball_p90,85.38907428146237,7
naive,prices+weather,1,4,synthetic,pinball_mean,105.29273770777286,7
naive,prices+weather,1,4,synthetic,mape_p50_pct,13.79168988502954,7
naive,prices+weather,1,4,synthetic,coverage_p10_p90_pct,84.82142857142857,7
naive,prices+weather,1,4,synthetic,n,112.0,7
naive,prices+weather,2,4,synthetic,pinball_p10,77.5894965125277,7
naive,prices+weather,2,4,synthetic,pinball_p50,201.8518622979299,7
naive,prices+weather,2,4,synthetic,pinball_p90,94.56423701386893,7
naive,prices+weather,2,4,synthetic,pinball_mean,124.66853194144217,7
naive,prices+weather,2,4,synthetic,mape_p50_pct,16.94239042134657,7
naive,prices+weather,2,4,synthetic,coverage_p10_p90_pct,89.28571428571429,7
naive,prices+weather,2,4,synthetic,n,112.0,7
naive,prices+weather,3,4,synthetic,pinball_p10,90.09126540534446,7
naive,prices+weather,3,4,synthetic,pinball_p50,245.92061215386022,7
naive,prices+weather,3,4,synthetic,pinball_p90,133.07959552885433,7
naive,prices+weather,3,4,synthetic,pinball_mean,156.36382436268633,7
naive,prices+weather,3,4,synthetic,mape_p50_pct,20.329063638963355,7
naive,prices+weather,3,4,synthetic,coverage_p10_p90_pct,89.28571428571429,7
naive,prices+weather,3,4,synthetic,n,112.0,7
naive,prices+weather,4,4,synthetic,pinball_p10,86.64645675280269,7
naive,prices+weather,4,4,synthetic,pinball_p50,232.71376534505447,7
naive,prices+weather,4,4,synthetic,pinball_p90,128.40288133001943,7
naive,prices+weather,4,4,synthetic,pinball_mean,149.25436780929218,7
naive,prices+weather,4,4,synthetic,mape_p50_pct,19.417517090613476,7
naive,prices+weather,4,4,synthetic,coverage_p10_p90_pct,91.96428571428571,7
naive,prices+weather,4,4,synthetic,n,112.0,7
naive,prices+weather,spike_14d,4,synthetic,spike_events,26.0,7
naive,prices+weather,spike_14d,4,synthetic,spike_recall,0.0,7
naive,prices+weather,spike_14d,4,synthetic,spike_precision,,7
naive,prices+weather,spike_14d,4,synthetic,spike_false_alarm_rate,0.0,7
naive,prices+weather,spike_14d,4,synthetic,spike_brier,0.17859791431506436,7
naive,prices+weather,1,5,synthetic,pinball_p10,61.345029759187014,7
naive,prices+weather,1,5,synthetic,pinball_p50,173.28828859876427,7
naive,prices+weather,1,5,synthetic,pinball_p90,94.267976345366,7
naive,prices+weather,1,5,synthetic,pinball_mean,109.63376490110575,7
naive,prices+weather,1,5,synthetic,mape_p50_pct,13.497169419631753,7
naive,prices+weather,1,5,synthetic,coverage_p10_p90_pct,85.71428571428571,7
naive,prices+weather,1,5,synthetic,n,112.0,7
naive,prices+weather,2,5,synthetic,pinball_p10,77.07117875885469,7
naive,prices+weather,2,5,synthetic,pinball_p50,226.40279520308363,7
naive,prices+weather,2,5,synthetic,pinball_p90,95.19383349354818,7
naive,prices+weather,2,5,synthetic,pinball_mean,132.88926915182884,7
naive,prices+weather,2,5,synthetic,mape_p50_pct,17.854128626928993,7
naive,prices+weather,2,5,synthetic,coverage_p10_p90_pct,91.07142857142857,7
naive,prices+weather,2,5,synthetic,n,112.0,7
naive,prices+weather,3,5,synthetic,pinball_p10,94.58813240986032,7
naive,prices+weather,3,5,synthetic,pinball_p50,250.86951248688592,7
naive,prices+weather,3,5,synthetic,pinball_p90,106.66894413179587,7
naive,prices+weather,3,5,synthetic,pinball_mean,150.70886300951403,7
naive,prices+weather,3,5,synthetic,mape_p50_pct,19.425456327824907,7
naive,prices+weather,3,5,synthetic,coverage_p10_p90_pct,90.17857142857143,7
naive,prices+weather,3,5,synthetic,n,112.0,7
naive,prices+weather,4,5,synthetic,pinball_p10,105.18972790211144,7
naive,prices+weather,4,5,synthetic,pinball_p50,234.76211083746668,7
naive,prices+weather,4,5,synthetic,pinball_p90,123.52726958490757,7
naive,prices+weather,4,5,synthetic,pinball_mean,154.4930361081619,7
naive,prices+weather,4,5,synthetic,mape_p50_pct,17.424118929349884,7
naive,prices+weather,4,5,synthetic,coverage_p10_p90_pct,91.07142857142857,7
naive,prices+weather,4,5,synthetic,n,112.0,7
naive,prices+weather,spike_14d,5,synthetic,spike_events,28.0,7
naive,prices+weather,spike_14d,5,synthetic,spike_recall,0.0,7
naive,prices+weather,spike_14d,5,synthetic,spike_precision,,7
naive,prices+weather,spike_14d,5,synthetic,spike_false_alarm_rate,0.0,7
naive,prices+weather,spike_14d,5,synthetic,spike_brier,0.18732388928109492,7
naive,prices+weather,1,6,synthetic,pinball_p10,61.947859224534405,7
naive,prices+weather,1,6,synthetic,pinball_p50,167.8664756037696,7
naive,prices+weather,1,6,synthetic,pinball_p90,86.90117244399391,7
naive,prices+weather,1,6,synthetic,pinball_mean,105.57183575743265,7
naive,prices+weather,1,6,synthetic,mape_p50_pct,11.533749786650628,7
naive,prices+weather,1,6,synthetic,coverage_p10_p90_pct,94.64285714285714,7
naive,prices+weather,1,6,synthetic,n,112.0,7
naive,prices+weather,2,6,synthetic,pinball_p10,77.00296795348383,7
naive,prices+weather,2,6,synthetic,pinball_p50,222.6092876784597,7
naive,prices+weather,2,6,synthetic,pinball_p90,121.53563702569012,7
naive,prices+weather,2,6,synthetic,pinball_mean,140.3826308858779,7
naive,prices+weather,2,6,synthetic,mape_p50_pct,15.28553140084224,7
naive,prices+weather,2,6,synthetic,coverage_p10_p90_pct,93.75,7
naive,prices+weather,2,6,synthetic,n,112.0,7
naive,prices+weather,3,6,synthetic,pinball_p10,91.98845649196285,7
naive,prices+weather,3,6,synthetic,pinball_p50,251.47831617738808,7
naive,prices+weather,3,6,synthetic,pinball_p90,144.23319048509623,7
naive,prices+weather,3,6,synthetic,pinball_mean,162.5666543848157,7
naive,prices+weather,3,6,synthetic,mape_p50_pct,17.750115270927452,7
naive,prices+weather,3,6,synthetic,coverage_p10_p90_pct,90.17857142857143,7
naive,prices+weather,3,6,synthetic,n,112.0,7
naive,prices+weather,4,6,synthetic,pinball_p10,103.43767459048354,7
naive,prices+weather,4,6,synthetic,pinball_p50,306.56728555087983,7
naive,prices+weather,4,6,synthetic,pinball_p90,154.74778990463543,7
naive,prices+weather,4,6,synthetic,pinball_mean,188.2509166819996,7
naive,prices+weather,4,6,synthetic,mape_p50_pct,21.487921995627417,7
naive,prices+weather,4,6,synthetic,coverage_p10_p90_pct,92.85714285714286,7
naive,prices+weather,4,6,synthetic,n,112.0,7
naive,prices+weather,spike_14d,6,synthetic,spike_events,17.0,7
naive,prices+weather,spike_14d,6,synthetic,spike_recall,0.0,7
naive,prices+weather,spike_14d,6,synthetic,spike_precision,,7
naive,prices+weather,spike_14d,6,synthetic,spike_false_alarm_rate,0.0,7
naive,prices+weather,spike_14d,6,synthetic,spike_brier,0.13829059330619692,7
naive,prices+weather,1,7,synthetic,pinball_p10,109.11653437744894,7
naive,prices+weather,1,7,synthetic,pinball_p50,236.51416546477535,7
naive,prices+weather,1,7,synthetic,pinball_p90,98.66464863995553,7
naive,prices+weather,1,7,synthetic,pinball_mean,148.09844949405996,7
naive,prices+weather,1,7,synthetic,mape_p50_pct,16.53040547676724,7
naive,prices+weather,1,7,synthetic,coverage_p10_p90_pct,77.67857142857143,7
naive,prices+weather,1,7,synthetic,n,112.0,7
naive,prices+weather,2,7,synthetic,pinball_p10,139.2244927770369,7
naive,prices+weather,2,7,synthetic,pinball_p50,346.8299828235619,7
naive,prices+weather,2,7,synthetic,pinball_p90,140.33897835870775,7
naive,prices+weather,2,7,synthetic,pinball_mean,208.79781798643555,7
naive,prices+weather,2,7,synthetic,mape_p50_pct,24.928153078396278,7
naive,prices+weather,2,7,synthetic,coverage_p10_p90_pct,74.10714285714286,7
naive,prices+weather,2,7,synthetic,n,112.0,7
naive,prices+weather,3,7,synthetic,pinball_p10,145.30476194911734,7
naive,prices+weather,3,7,synthetic,pinball_p50,336.85674759483896,7
naive,prices+weather,3,7,synthetic,pinball_p90,162.14855267287248,7
naive,prices+weather,3,7,synthetic,pinball_mean,214.77002073894292,7
naive,prices+weather,3,7,synthetic,mape_p50_pct,24.18472714090981,7
naive,prices+weather,3,7,synthetic,coverage_p10_p90_pct,77.67857142857143,7
naive,prices+weather,3,7,synthetic,n,112.0,7
naive,prices+weather,4,7,synthetic,pinball_p10,123.77761155007242,7
naive,prices+weather,4,7,synthetic,pinball_p50,331.18403976630174,7
naive,prices+weather,4,7,synthetic,pinball_p90,165.3419950432685,7
naive,prices+weather,4,7,synthetic,pinball_mean,206.7678821198809,7
naive,prices+weather,4,7,synthetic,mape_p50_pct,22.551857734615247,7
naive,prices+weather,4,7,synthetic,coverage_p10_p90_pct,89.28571428571429,7
naive,prices+weather,4,7,synthetic,n,112.0,7
naive,prices+weather,spike_14d,7,synthetic,spike_events,38.0,7
naive,prices+weather,spike_14d,7,synthetic,spike_recall,0.0,7
naive,prices+weather,spike_14d,7,synthetic,spike_precision,,7
naive,prices+weather,spike_14d,7,synthetic,spike_false_alarm_rate,0.0,7
naive,prices+weather,spike_14d,7,synthetic,spike_brier,0.23212933514111148,7
naive,prices+weather,1,8,synthetic,pinball_p10,60.04635134374816,7
naive,prices+weather,1,8,synthetic,pinball_p50,143.22471392667765,7
naive,prices+weather,1,8,synthetic,pinball_p90,66.64021848425061,7
naive,prices+weather,1,8,synthetic,pinball_mean,89.97042791822548,7
naive,prices+weather,1,8,synthetic,mape_p50_pct,16.98616392784407,7
naive,prices+weather,1,8,synthetic,coverage_p10_p90_pct,76.78571428571429,7
naive,prices+weather,1,8,synthetic,n,112.0,7
naive,prices+weather,2,8,synthetic,pinball_p10,55.75366574336306,7
naive,prices+weather,2,8,synthetic,pinball_p50,158.5610583705955,7
naive,prices+weather,2,8,synthetic,pinball_p90,69.46880416715649,7
naive,prices+weather,2,8,synthetic,pinball_mean,94.59450942703836,7
naive,prices+weather,2,8,synthetic,mape_p50_pct,18.9815395899739,7
naive,prices+weather,2,8,synthetic,coverage_p10_p90_pct,83.92857142857143,7
naive,prices+weather,2,8,synthetic,n,112.0,7
naive,prices+weather,3,8,synthetic,pinball_p10,60.872466729147526,7
naive,prices+weather,3,8,synthetic,pinball_p50,146.05788291212448,7
naive,prices+weather,3,8,synthetic,pinball_p90,83.18835999234749,7
naive,prices+weather,3,8,synthetic,pinball_mean,96.70623654453983,7
naive,prices+weather,3,8,synthetic,mape_p50_pct,17.988653461160123,7
naive,prices+weather,3,8,synthetic,coverage_p10_p90_pct,90.17857142857143,7
naive,prices+weather,3,8,synthetic,n,112.0,7
naive,prices+weather,4,8,synthetic,pinball_p10,57.95287039367762,7
naive,prices+weather,4,8,synthetic,pinball_p50,149.38040395289957,7
naive,prices+weather,4,8,synthetic,pinball_p90,91.3696989954203,7
naive,prices+weather,4,8,synthetic,pinball_mean,99.56765778066581,7
naive,prices+weather,4,8,synthetic,mape_p50_pct,17.91917118295641,7
naive,prices+weather,4,8,synthetic,coverage_p10_p90_pct,96.42857142857143,7
naive,prices+weather,4,8,synthetic,n,112.0,7
naive,prices+weather,spike_14d,8,synthetic,spike_events,30.0,7
naive,prices+weather,spike_14d,8,synthetic,spike_recall,0.0,7
naive,prices+weather,spike_14d,8,synthetic,spike_precision,,7
naive,prices+weather,spike_14d,8,synthetic,spike_false_alarm_rate,0.0,7
naive,prices+weather,spike_14d,8,synthetic,spike_brier,0.1962203007795627,7
naive,prices+weather,1,9,synthetic,pinball_p10,46.004673876449665,7
naive,prices+weather,1,9,synthetic,pinball_p50,136.0330395287985,7
naive,prices+weather,1,9,synthetic,pinball_p90,78.07287518525764,7
naive,prices+weather,1,9,synthetic,pinball_mean,86.70352953016861,7
naive,prices+weather,1,9,synthetic,mape_p50_pct,14.095462225650094,7
naive,prices+weather,1,9,synthetic,coverage_p10_p90_pct,89.28571428571429,7
naive,prices+weather,1,9,synthetic,n,112.0,7
naive,prices+weather,2,9,synthetic,pinball_p10,55.42676800838331,7
naive,prices+weather,2,9,synthetic,pinball_p50,183.59407287872347,7
naive,prices+weather,2,9,synthetic,pinball_p90,95.29923348861874,7
naive,prices+weather,2,9,synthetic,pinball_mean,111.44002479190851,7
naive,prices+weather,2,9,synthetic,mape_p50_pct,19.921211006699473,7
naive,prices+weather,2,9,synthetic,coverage_p10_p90_pct,82.14285714285714,7
naive,prices+weather,2,9,synthetic,n,112.0,7
naive,prices+weather,3,9,synthetic,pinball_p10,58.96686062759199,7
naive,prices+weather,3,9,synthetic,pinball_p50,190.65787717340683,7
naive,prices+weather,3,9,synthetic,pinball_p90,102.3352747484507,7
naive,prices+weather,3,9,synthetic,pinball_mean,117.32000418314983,7
naive,prices+weather,3,9,synthetic,mape_p50_pct,20.459372420005565,7
naive,prices+weather,3,9,synthetic,coverage_p10_p90_pct,90.17857142857143,7
naive,prices+weather,3,9,synthetic,n,112.0,7
naive,prices+weather,4,9,synthetic,pinball_p10,68.89697964567392,7
naive,prices+weather,4,9,synthetic,pinball_p50,203.09922021730375,7
naive,prices+weather,4,9,synthetic,pinball_p90,116.84881655428505,7
naive,prices+weather,4,9,synthetic,pinball_mean,129.6150054724209,7
naive,prices+weather,4,9,synthetic,mape_p50_pct,21.841835615534137,7
naive,prices+weather,4,9,synthetic,coverage_p10_p90_pct,90.17857142857143,7
naive,prices+weather,4,9,synthetic,n,112.0,7
naive,prices+weather,spike_14d,9,synthetic,spike_events,18.0,7
naive,prices+weather,spike_14d,9,synthetic,spike_recall,0.0,7
naive,prices+weather,spike_14d,9,synthetic,spike_precision,,7
naive,prices+weather,spike_14d,9,synthetic,spike_false_alarm_rate,0.0,7
naive,prices+weather,spike_14d,9,synthetic,spike_brier,0.14274159291036245,7
naive,prices+weather,1,10,synthetic,pinball_p10,71.29767525855144,7
naive,prices+weather,1,10,synthetic,pinball_p50,193.45768320058934,7
naive,prices+weather,1,10,synthetic,pinball_p90,100.21909422689633,7
naive,prices+weather,1,10,synthetic,pinball_mean,121.65815089534571,7
naive,prices+weather,1,10,synthetic,mape_p50_pct,15.695998060459862,7
naive,prices+weather,1,10,synthetic,coverage_p10_p90_pct,78.57142857142857,7
naive,prices+weather,1,10,synthetic,n,112.0,7
naive,prices+weather,2,10,synthetic,pinball_p10,82.18889085119929,7
naive,prices+weather,2,10,synthetic,pinball_p50,224.3186240139102,7
naive,prices+weather,2,10,synthetic,pinball_p90,119.88084230077398,7
naive,prices+weather,2,10,synthetic,pinball_mean,142.1294523886278,7
naive,prices+weather,2,10,synthetic,mape_p50_pct,17.879791271982022,7
naive,prices+weather,2,10,synthetic,coverage_p10_p90_pct,83.92857142857143,7
naive,prices+weather,2,10,synthetic,n,112.0,7
naive,prices+weather,3,10,synthetic,pinball_p10,87.49838909706283,7
naive,prices+weather,3,10,synthetic,pinball_p50,201.3228038745912,7
naive,prices+weather,3,10,synthetic,pinball_p90,107.02141544227369,7
naive,prices+weather,3,10,synthetic,pinball_mean,131.9475361379759,7
naive,prices+weather,3,10,synthetic,mape_p50_pct,16.385819497763716,7
naive,prices+weather,3,10,synthetic,coverage_p10_p90_pct,92.85714285714286,7
naive,prices+weather,3,10,synthetic,n,112.0,7
naive,prices+weather,4,10,synthetic,pinball_p10,90.40441631195563,7
naive,prices+weather,4,10,synthetic,pinball_p50,229.10794492726563,7
naive,prices+weather,4,10,synthetic,pinball_p90,118.21889441278661,7
naive,prices+weather,4,10,synthetic,pinball_mean,145.91041855066928,7
naive,prices+weather,4,10,synthetic,mape_p50_pct,18.608473513446647,7
naive,prices+weather,4,10,synthetic,coverage_p10_p90_pct,97.32142857142857,7
naive,prices+weather,4,10,synthetic,n,112.0,7
naive,prices+weather,spike_14d,10,synthetic,spike_events,25.0,7
naive,prices+weather,spike_14d,10,synthetic,spike_recall,0.0,7
naive,prices+weather,spike_14d,10,synthetic,spike_precision,,7
naive,prices+weather,spike_14d,10,synthetic,spike_false_alarm_rate,0.0,7
naive,prices+weather,spike_14d,10,synthetic,spike_brier,0.17401457119769664,7
naive,prices+weather,1,11,synthetic,pinball_p10,61.62812219818641,7
naive,prices+weather,1,11,synthetic,pinball_p50,157.9864110681124,7
naive,prices+weather,1,11,synthetic,pinball_p90,80.5661733619473,7
naive,prices+weather,1,11,synthetic,pinball_mean,100.06023554274871,7
naive,prices+weather,1,11,synthetic,mape_p50_pct,12.632065835153394,7
naive,prices+weather,1,11,synthetic,coverage_p10_p90_pct,89.28571428571429,7
naive,prices+weather,1,11,synthetic,n,112.0,7
naive,prices+weather,2,11,synthetic,pinball_p10,69.12822757330491,7
naive,prices+weather,2,11,synthetic,pinball_p50,204.0159324155732,7
naive,prices+weather,2,11,synthetic,pinball_p90,112.31003210899512,7
naive,prices+weather,2,11,synthetic,pinball_mean,128.48473069929108,7
naive,prices+weather,2,11,synthetic,mape_p50_pct,16.0428321967393,7
naive,prices+weather,2,11,synthetic,coverage_p10_p90_pct,92.85714285714286,7
naive,prices+weather,2,11,synthetic,n,112.0,7
naive,prices+weather,3,11,synthetic,pinball_p10,82.451904608816,7
naive,prices+weather,3,11,synthetic,pinball_p50,238.59250650549367,7
naive,prices+weather,3,11,synthetic,pinball_p90,126.80852023963293,7
naive,prices+weather,3,11,synthetic,pinball_mean,149.2843104513142,7
naive,prices+weather,3,11,synthetic,mape_p50_pct,18.364947541546393,7
naive,prices+weather,3,11,synthetic,coverage_p10_p90_pct,92.85714285714286,7
naive,prices+weather,3,11,synthetic,n,112.0,7
naive,prices+weather,4,11,synthetic,pinball_p10,99.416031942892,7
naive,prices+weather,4,11,synthetic,pinball_p50,256.9179227981149,7
naive,prices+weather,4,11,synthetic,pinball_p90,157.18864444030947,7
naive,prices+weather,4,11,synthetic,pinball_mean,171.17419972710545,7
naive,prices+weather,4,11,synthetic,mape_p50_pct,19.630490459790074,7
naive,prices+weather,4,11,synthetic,coverage_p10_p90_pct,85.71428571428571,7
naive,prices+weather,4,11,synthetic,n,112.0,7
naive,prices+weather,spike_14d,11,synthetic,spike_events,15.0,7
naive,prices+weather,spike_14d,11,synthetic,spike_recall,0.0,7
naive,prices+weather,spike_14d,11,synthetic,spike_precision,,7
naive,prices+weather,spike_14d,11,synthetic,spike_false_alarm_rate,0.0,7
naive,prices+weather,spike_14d,11,synthetic,spike_brier,0.12944654094232494,7
naive,prices+weather,1,12,synthetic,pinball_p10,104.35999432690801,7
naive,prices+weather,1,12,synthetic,pinball_p50,211.08173700183457,7
naive,prices+weather,1,12,synthetic,pinball_p90,84.53377017336308,7
naive,prices+weather,1,12,synthetic,pinball_mean,133.32516716736856,7
naive,prices+weather,1,12,synthetic,mape_p50_pct,17.00881064100077,7
naive,prices+weather,1,12,synthetic,coverage_p10_p90_pct,80.35714285714286,7
naive,prices+weather,1,12,synthetic,n,112.0,7
naive,prices+weather,2,12,synthetic,pinball_p10,114.382530163501,7
naive,prices+weather,2,12,synthetic,pinball_p50,266.5607776747374,7
naive,prices+weather,2,12,synthetic,pinball_p90,122.52177652043055,7
naive,prices+weather,2,12,synthetic,pinball_mean,167.821694786223,7
naive,prices+weather,2,12,synthetic,mape_p50_pct,21.357557126512848,7
naive,prices+weather,2,12,synthetic,coverage_p10_p90_pct,74.10714285714286,7
naive,prices+weather,2,12,synthetic,n,112.0,7
naive,prices+weather,3,12,synthetic,pinball_p10,96.22507787699044,7
naive,prices+weather,3,12,synthetic,pinball_p50,307.92385825329364,7
naive,prices+weather,3,12,synthetic,pinball_p90,161.50762338150045,7
naive,prices+weather,3,12,synthetic,pinball_mean,188.55218650392817,7
naive,prices+weather,3,12,synthetic,mape_p50_pct,23.8904989567052,7
naive,prices+weather,3,12,synthetic,coverage_p10_p90_pct,82.14285714285714,7
naive,prices+weather,3,12,synthetic,n,112.0,7
naive,prices+weather,4,12,synthetic,pinball_p10,118.89200324009971,7
naive,prices+weather,4,12,synthetic,pinball_p50,326.6580958978288,7
naive,prices+weather,4,12,synthetic,pinball_p90,165.6960842902769,7
naive,prices+weather,4,12,synthetic,pinball_mean,203.7487278094018,7
naive,prices+weather,4,12,synthetic,mape_p50_pct,24.734561540920865,7
naive,prices+weather,4,12,synthetic,coverage_p10_p90_pct,81.25,7
naive,prices+weather,4,12,synthetic,n,112.0,7
naive,prices+weather,spike_14d,12,synthetic,spike_events,28.0,7
naive,prices+weather,spike_14d,12,synthetic,spike_recall,0.0,7
naive,prices+weather,spike_14d,12,synthetic,spike_precision,,7
naive,prices+weather,spike_14d,12,synthetic,spike_false_alarm_rate,0.0,7
naive,prices+weather,spike_14d,12,synthetic,spike_brier,0.187562740433216,7
naive,prices+weather,1,13,synthetic,pinball_p10,72.63259401967916,7
naive,prices+weather,1,13,synthetic,pinball_p50,158.16081807699524,7
naive,prices+weather,1,13,synthetic,pinball_p90,79.10961526465738,7
naive,prices+weather,1,13,synthetic,pinball_mean,103.30100912044391,7
naive,prices+weather,1,13,synthetic,mape_p50_pct,10.914398306549824,7
naive,prices+weather,1,13,synthetic,coverage_p10_p90_pct,96.42857142857143,7
naive,prices+weather,1,13,synthetic,n,112.0,7
naive,prices+weather,2,13,synthetic,pinball_p10,85.33206532582987,7
naive,prices+weather,2,13,synthetic,pinball_p50,187.52234918794858,7
naive,prices+weather,2,13,synthetic,pinball_p90,103.30920798892102,7
naive,prices+weather,2,13,synthetic,pinball_mean,125.3878741675665,7
naive,prices+weather,2,13,synthetic,mape_p50_pct,13.12111335723226,7
naive,prices+weather,2,13,synthetic,coverage_p10_p90_pct,95.53571428571429,7
naive,prices+weather,2,13,synthetic,n,112.0,7
naive,prices+weather,3,13,synthetic,pinball_p10,101.32250215134408,7
naive,prices+weather,3,13,synthetic,pinball_p50,205.90477805698578,7
naive,prices+weather,3,13,synthetic,pinball_p90,123.96869697490521,7
naive,prices+weather,3,13,synthetic,pinball_mean,143.7319923944117,7
naive,prices+weather,3,13,synthetic,mape_p50_pct,14.342923816849499,7
naive,prices+weather,3,13,synthetic,coverage_p10_p90_pct,99.10714285714286,7
naive,prices+weather,3,13,synthetic,n,112.0,7
naive,prices+weather,4,13,synthetic,pinball_p10,115.44950295674494,7
naive,prices+weather,4,13,synthetic,pinball_p50,214.18986882553307,7
naive,prices+weather,4,13,synthetic,pinball_p90,133.5116233487982,7
naive,prices+weather,4,13,synthetic,pinball_mean,154.38366504369205,7
naive,prices+weather,4,13,synthetic,mape_p50_pct,14.3772185014931,7
naive,prices+weather,4,13,synthetic,coverage_p10_p90_pct,97.32142857142857,7
naive,prices+weather,4,13,synthetic,n,112.0,7
naive,prices+weather,spike_14d,13,synthetic,spike_events,12.0,7
naive,prices+weather,spike_14d,13,synthetic,spike_recall,0.0,7
naive,prices+weather,spike_14d,13,synthetic,spike_precision,,7
naive,prices+weather,spike_14d,13,synthetic,spike_false_alarm_rate,0.0,7
naive,prices+weather,spike_14d,13,synthetic,spike_brier,0.1161979736875537,7
naive,prices+weather,1,14,synthetic,pinball_p10,53.42640276665298,7
naive,prices+weather,1,14,synthetic,pinball_p50,132.61439351421856,7
naive,prices+weather,1,14,synthetic,pinball_p90,64.54946874154031,7
naive,prices+weather,1,14,synthetic,pinball_mean,83.53008834080396,7
naive,prices+weather,1,14,synthetic,mape_p50_pct,15.594689767783205,7
naive,prices+weather,1,14,synthetic,coverage_p10_p90_pct,76.78571428571429,7
naive,prices+weather,1,14,synthetic,n,112.0,7
naive,prices+weather,2,14,synthetic,pinball_p10,64.10786873168725,7
naive,prices+weather,2,14,synthetic,pinball_p50,170.92699572805836,7
naive,prices+weather,2,14,synthetic,pinball_p90,72.43136234073994,7
naive,prices+weather,2,14,synthetic,pinball_mean,102.48874226682852,7
naive,prices+weather,2,14,synthetic,mape_p50_pct,20.502715715665847,7
naive,prices+weather,2,14,synthetic,coverage_p10_p90_pct,79.46428571428571,7
naive,prices+weather,2,14,synthetic,n,112.0,7
naive,prices+weather,3,14,synthetic,pinball_p10,66.81530749818509,7
naive,prices+weather,3,14,synthetic,pinball_p50,203.68477690175706,7
naive,prices+weather,3,14,synthetic,pinball_p90,107.08334015818666,7
naive,prices+weather,3,14,synthetic,pinball_mean,125.86114151937626,7
naive,prices+weather,3,14,synthetic,mape_p50_pct,23.006893569570305,7
naive,prices+weather,3,14,synthetic,coverage_p10_p90_pct,79.46428571428571,7
naive,prices+weather,3,14,synthetic,n,112.0,7
naive,prices+weather,4,14,synthetic,pinball_p10,76.30115913269076,7
naive,prices+weather,4,14,synthetic,pinball_p50,231.0777840016185,7
naive,prices+weather,4,14,synthetic,pinball_p90,115.04043997010845,7
naive,prices+weather,4,14,synthetic,pinball_mean,140.80646103480592,7
naive,prices+weather,4,14,synthetic,mape_p50_pct,25.74995887667533,7
naive,prices+weather,4,14,synthetic,coverage_p10_p90_pct,77.67857142857143,7
naive,prices+weather,4,14,synthetic,n,112.0,7
naive,prices+weather,spike_14d,14,synthetic,spike_events,37.0,7
naive,prices+weather,spike_14d,14,synthetic,spike_recall,0.0,7
naive,prices+weather,spike_14d,14,synthetic,spike_precision,,7
naive,prices+weather,spike_14d,14,synthetic,spike_false_alarm_rate,0.0,7
naive,prices+weather,spike_14d,14,synthetic,spike_brier,0.22759413188516797,7
naive,prices+weather,1,15,synthetic,pinball_p10,48.001253979700536,7
naive,prices+weather,1,15,synthetic,pinball_p50,112.21518845138414,7
naive,prices+weather,1,15,synthetic,pinball_p90,62.00631617535173,7
naive,prices+weather,1,15,synthetic,pinball_mean,74.07425286881214,7
naive,prices+weather,1,15,synthetic,mape_p50_pct,10.89317668044079,7
naive,prices+weather,1,15,synthetic,coverage_p10_p90_pct,93.75,7
naive,prices+weather,1,15,synthetic,n,112.0,7
naive,prices+weather,2,15,synthetic,pinball_p10,59.339842333851365,7
naive,prices+weather,2,15,synthetic,pinball_p50,112.75296993701353,7
naive,prices+weather,2,15,synthetic,pinball_p90,79.3516961174927,7
naive,prices+weather,2,15,synthetic,pinball_mean,83.81483612945253,7
naive,prices+weather,2,15,synthetic,mape_p50_pct,10.939455476182738,7
naive,prices+weather,2,15,synthetic,coverage_p10_p90_pct,95.53571428571429,7
naive,prices+weather,2,15,synthetic,n,112.0,7
naive,prices+weather,3,15,synthetic,pinball_p10,69.3174911058215,7
naive,prices+weather,3,15,synthetic,pinball_p50,117.85164807518242,7
naive,prices+weather,3,15,synthetic,pinball_p90,93.1603730331262,7
naive,prices+weather,3,15,synthetic,pinball_mean,93.44317073804336,7
naive,prices+weather,3,15,synthetic,mape_p50_pct,11.610343031370677,7
naive,prices+weather,3,15,synthetic,coverage_p10_p90_pct,98.21428571428571,7
naive,prices+weather,3,15,synthetic,n,112.0,7
naive,prices+weather,4,15,synthetic,pinball_p10,72.93301300398409,7
naive,prices+weather,4,15,synthetic,pinball_p50,125.95058252400656,7
naive,prices+weather,4,15,synthetic,pinball_p90,106.29021618668779,7
naive,prices+weather,4,15,synthetic,pinball_mean,101.72460390489282,7
naive,prices+weather,4,15,synthetic,mape_p50_pct,12.049999777698384,7
naive,prices+weather,4,15,synthetic,coverage_p10_p90_pct,99.10714285714286,7
naive,prices+weather,4,15,synthetic,n,112.0,7
naive,prices+weather,spike_14d,15,synthetic,spike_events,9.0,7
naive,prices+weather,spike_14d,15,synthetic,spike_recall,0.0,7
naive,prices+weather,spike_14d,15,synthetic,spike_precision,,7
naive,prices+weather,spike_14d,15,synthetic,spike_false_alarm_rate,0.0,7
naive,prices+weather,spike_14d,15,synthetic,spike_brier,0.10260576990068507,7
naive,prices+weather,1,16,synthetic,pinball_p10,47.09205886122782,7
naive,prices+weather,1,16,synthetic,pinball_p50,137.12173364121912,7
naive,prices+weather,1,16,synthetic,pinball_p90,90.0080200518858,7
naive,prices+weather,1,16,synthetic,pinball_mean,91.40727085144425,7
naive,prices+weather,1,16,synthetic,mape_p50_pct,12.33946370115373,7
naive,prices+weather,1,16,synthetic,coverage_p10_p90_pct,90.17857142857143,7
naive,prices+weather,1,16,synthetic,n,112.0,7
naive,prices+weather,2,16,synthetic,pinball_p10,61.3240624343378,7
naive,prices+weather,2,16,synthetic,pinball_p50,171.92861636130718,7
naive,prices+weather,2,16,synthetic,pinball_p90,92.54200368076889,7
naive,prices+weather,2,16,synthetic,pinball_mean,108.59822749213795,7
naive,prices+weather,2,16,synthetic,mape_p50_pct,15.439822823424029,7
naive,prices+weather,2,16,synthetic,coverage_p10_p90_pct,91.07142857142857,7
naive,prices+weather,2,16,synthetic,n,112.0,7
naive,prices+weather,3,16,synthetic,pinball_p10,71.77409339944204,7
naive,prices+weather,3,16,synthetic,pinball_p50,172.8792372541406,7
naive,prices+weather,3,16,synthetic,pinball_p90,112.70448417516661,7
naive,prices+weather,3,16,synthetic,pinball_mean,119.1192716095831,7
naive,prices+weather,3,16,synthetic,mape_p50_pct,15.648683722792237,7
naive,prices+weather,3,16,synthetic,coverage_p10_p90_pct,92.85714285714286,7
naive,prices+weather,3,16,synthetic,n,112.0,7
naive,prices+weather,4,16,synthetic,pinball_p10,79.8012174829196,7
naive,prices+weather,4,16,synthetic,pinball_p50,210.44280004749683,7
naive,prices+weather,4,16,synthetic,pinball_p90,120.79850458219691,7
naive,prices+weather,4,16,synthetic,pinball_mean,137.0141740375378,7
naive,prices+weather,4,16,synthetic,mape_p50_pct,18.963950984955495,7
naive,prices+weather,4,16,synthetic,coverage_p10_p90_pct,90.17857142857143,7
naive,prices+weather,4,16,synthetic,n,112.0,7
naive,prices+weather,spike_14d,16,synthetic,spike_events,31.0,7
naive,prices+weather,spike_14d,16,synthetic,spike_recall,0.0,7
naive,prices+weather,spike_14d,16,synthetic,spike_precision,,7
naive,prices+weather,spike_14d,16,synthetic,spike_false_alarm_rate,0.0,7
naive,prices+weather,spike_14d,16,synthetic,spike_brier,0.2010061913995436,7
naive,prices+weather,1,17,synthetic,pinball_p10,69.73710644268309,7
naive,prices+weather,1,17,synthetic,pinball_p50,145.77097646379485,7
naive,prices+weather,1,17,synthetic,pinball_p90,76.37582928102653,7
naive,prices+weather,1,17,synthetic,pinball_mean,97.29463739583481,7
naive,prices+weather,1,17,synthetic,mape_p50_pct,13.65056166027982,7
naive,prices+weather,1,17,synthetic,coverage_p10_p90_pct,84.82142857142857,7
naive,prices+weather,1,17,synthetic,n,112.0,7
naive,prices+weather,2,17,synthetic,pinball_p10,77.94181850152582,7
naive,prices+weather,2,17,synthetic,pinball_p50,202.1720690142258,7
naive,prices+weather,2,17,synthetic,pinball_p90,103.5640464912545,7
naive,prices+weather,2,17,synthetic,pinball_mean,127.89264466900204,7
naive,prices+weather,2,17,synthetic,mape_p50_pct,18.594891864434956,7
naive,prices+weather,2,17,synthetic,coverage_p10_p90_pct,83.03571428571429,7
naive,prices+weather,2,17,synthetic,n,112.0,7
naive,prices+weather,3,17,synthetic,pinball_p10,87.61311499431453,7
naive,prices+weather,3,17,synthetic,pinball_p50,243.04152198342177,7
naive,prices+weather,3,17,synthetic,pinball_p90,115.9762065002649,7
naive,prices+weather,3,17,synthetic,pinball_mean,148.8769478260004,7
naive,prices+weather,3,17,synthetic,mape_p50_pct,22.562399342610238,7
naive,prices+weather,3,17,synthetic,coverage_p10_p90_pct,78.57142857142857,7
naive,prices+weather,3,17,synthetic,n,112.0,7
naive,prices+weather,4,17,synthetic,pinball_p10,92.98507885670081,7
naive,prices+weather,4,17,synthetic,pinball_p50,265.6293322572798,7
naive,prices+weather,4,17,synthetic,pinball_p90,118.9043167972095,7
naive,prices+weather,4,17,synthetic,pinball_mean,159.17290930373005,7
naive,prices+weather,4,17,synthetic,mape_p50_pct,24.42001398047021,7
naive,prices+weather,4,17,synthetic,coverage_p10_p90_pct,88.39285714285714,7
naive,prices+weather,4,17,synthetic,n,112.0,7
naive,prices+weather,spike_14d,17,synthetic,spike_events,21.0,7
naive,prices+weather,spike_14d,17,synthetic,spike_recall,0.0,7
naive,prices+weather,spike_14d,17,synthetic,spike_precision,,7
naive,prices+weather,spike_14d,17,synthetic,spike_false_alarm_rate,0.0,7
naive,prices+weather,spike_14d,17,synthetic,spike_brier,0.15602580302245186,7
naive,prices+weather,1,18,synthetic,pinball_p10,69.99649956422452,7
naive,prices+weather,1,18,synthetic,pinball_p50,200.32551579665895,7
naive,prices+weather,1,18,synthetic,pinball_p90,91.51171197319661,7
naive,prices+weather,1,18,synthetic,pinball_mean,120.61124244469336,7
naive,prices+weather,1,18,synthetic,mape_p50_pct,14.63272338905357,7
naive,prices+weather,1,18,synthetic,coverage_p10_p90_pct,83.03571428571429,7
naive,prices+weather,1,18,synthetic,n,112.0,7
naive,prices+weather,2,18,synthetic,pinball_p10,102.74464976953705,7
naive,prices+weather,2,18,synthetic,pinball_p50,312.91109510573204,7
naive,prices+weather,2,18,synthetic,pinball_p90,131.05569335270587,7
naive,prices+weather,2,18,synthetic,pinball_mean,182.23714607599163,7
naive,prices+weather,2,18,synthetic,mape_p50_pct,22.96798767504882,7
naive,prices+weather,2,18,synthetic,coverage_p10_p90_pct,73.21428571428571,7
naive,prices+weather,2,18,synthetic,n,112.0,7
naive,prices+weather,3,18,synthetic,pinball_p10,136.7863014103324,7
naive,prices+weather,3,18,synthetic,pinball_p50,402.59041092568947,7
naive,prices+weather,3,18,synthetic,pinball_p90,160.95368441288363,7
naive,prices+weather,3,18,synthetic,pinball_mean,233.4434655829685,7
naive,prices+weather,3,18,synthetic,mape_p50_pct,29.457701953393727,7
naive,prices+weather,3,18,synthetic,coverage_p10_p90_pct,68.75,7
naive,prices+weather,3,18,synthetic,n,112.0,7
naive,prices+weather,4,18,synthetic,pinball_p10,147.6811900533507,7
naive,prices+weather,4,18,synthetic,pinball_p50,444.811852715915,7
naive,prices+weather,4,18,synthetic,pinball_p90,194.18339803891118,7
naive,prices+weather,4,18,synthetic,pinball_mean,262.2254802693923,7
naive,prices+weather,4,18,synthetic,mape_p50_pct,31.973580888796377,7
naive,prices+weather,4,18,synthetic,coverage_p10_p90_pct,69.64285714285714,7
naive,prices+weather,4,18,synthetic,n,112.0,7
naive,prices+weather,spike_14d,18,synthetic,spike_events,29.0,7
naive,prices+weather,spike_14d,18,synthetic,spike_recall,0.0,7
naive,prices+weather,spike_14d,18,synthetic,spike_precision,,7
naive,prices+weather,spike_14d,18,synthetic,spike_false_alarm_rate,0.0,7
naive,prices+weather,spike_14d,18,synthetic,spike_brier,0.1920252021685744,7
lightgbm_v1,prices+weather,1,ALL,synthetic,pinball_p10,76.49051254643125,7
lightgbm_v1,prices+weather,1,ALL,synthetic,pinball_p50,173.01218882386507,7
lightgbm_v1,prices+weather,1,ALL,synthetic,pinball_p90,84.0790213245839,7
lightgbm_v1,prices+weather,1,ALL,synthetic,pinball_mean,111.19390756496007,7
lightgbm_v1,prices+weather,1,ALL,synthetic,mape_p50_pct,14.64736151989931,7
lightgbm_v1,prices+weather,1,ALL,synthetic,coverage_p10_p90_pct,73.4623015873016,7
lightgbm_v1,prices+weather,1,ALL,synthetic,n,2016.0,7
lightgbm_v1,prices+weather,2,ALL,synthetic,pinball_p10,90.78742319868982,7
lightgbm_v1,prices+weather,2,ALL,synthetic,pinball_p50,220.61755509367526,7
lightgbm_v1,prices+weather,2,ALL,synthetic,pinball_p90,106.21718575897505,7
lightgbm_v1,prices+weather,2,ALL,synthetic,pinball_mean,139.20738801711337,7
lightgbm_v1,prices+weather,2,ALL,synthetic,mape_p50_pct,18.50057984841098,7
lightgbm_v1,prices+weather,2,ALL,synthetic,coverage_p10_p90_pct,72.32142857142857,7
lightgbm_v1,prices+weather,2,ALL,synthetic,n,2016.0,7
lightgbm_v1,prices+weather,3,ALL,synthetic,pinball_p10,89.57351336762268,7
lightgbm_v1,prices+weather,3,ALL,synthetic,pinball_p50,228.20983198335756,7
lightgbm_v1,prices+weather,3,ALL,synthetic,pinball_p90,127.47496557714193,7
lightgbm_v1,prices+weather,3,ALL,synthetic,pinball_mean,148.4194369760407,7
lightgbm_v1,prices+weather,3,ALL,synthetic,mape_p50_pct,18.858619088684296,7
lightgbm_v1,prices+weather,3,ALL,synthetic,coverage_p10_p90_pct,69.44444444444444,7
lightgbm_v1,prices+weather,3,ALL,synthetic,n,2016.0,7
lightgbm_v1,prices+weather,4,ALL,synthetic,pinball_p10,86.58503971357348,7
lightgbm_v1,prices+weather,4,ALL,synthetic,pinball_p50,227.12630055768784,7
lightgbm_v1,prices+weather,4,ALL,synthetic,pinball_p90,122.0764257771125,7
lightgbm_v1,prices+weather,4,ALL,synthetic,pinball_mean,145.26258868279126,7
lightgbm_v1,prices+weather,4,ALL,synthetic,mape_p50_pct,18.233137487315346,7
lightgbm_v1,prices+weather,4,ALL,synthetic,coverage_p10_p90_pct,74.05753968253968,7
lightgbm_v1,prices+weather,4,ALL,synthetic,n,2016.0,7
lightgbm_v1,prices+weather,spike_14d,ALL,synthetic,spike_events,418.0,7
lightgbm_v1,prices+weather,spike_14d,ALL,synthetic,spike_recall,0.023923444976076555,7
lightgbm_v1,prices+weather,spike_14d,ALL,synthetic,spike_precision,0.3225806451612903,7
lightgbm_v1,prices+weather,spike_14d,ALL,synthetic,spike_false_alarm_rate,0.013141426783479349,7
lightgbm_v1,prices+weather,spike_14d,ALL,synthetic,spike_brier,0.16774335925794634,7
lightgbm_v1,prices+weather,1,1,synthetic,pinball_p10,67.10560615802504,7
lightgbm_v1,prices+weather,1,1,synthetic,pinball_p50,135.0655345976184,7
lightgbm_v1,prices+weather,1,1,synthetic,pinball_p90,68.14529830179939,7
lightgbm_v1,prices+weather,1,1,synthetic,pinball_mean,90.10547968581427,7
lightgbm_v1,prices+weather,1,1,synthetic,mape_p50_pct,17.151659696667455,7
lightgbm_v1,prices+weather,1,1,synthetic,coverage_p10_p90_pct,66.96428571428571,7
lightgbm_v1,prices+weather,1,1,synthetic,n,112.0,7
lightgbm_v1,prices+weather,2,1,synthetic,pinball_p10,82.26677720392604,7
lightgbm_v1,prices+weather,2,1,synthetic,pinball_p50,167.86588270930673,7
lightgbm_v1,prices+weather,2,1,synthetic,pinball_p90,80.31956019009267,7
lightgbm_v1,prices+weather,2,1,synthetic,pinball_mean,110.15074003444181,7
lightgbm_v1,prices+weather,2,1,synthetic,mape_p50_pct,21.851665423556412,7
lightgbm_v1,prices+weather,2,1,synthetic,coverage_p10_p90_pct,65.17857142857143,7
lightgbm_v1,prices+weather,2,1,synthetic,n,112.0,7
lightgbm_v1,prices+weather,3,1,synthetic,pinball_p10,74.96040691395238,7
lightgbm_v1,prices+weather,3,1,synthetic,pinball_p50,160.23042922563198,7
lightgbm_v1,prices+weather,3,1,synthetic,pinball_p90,89.9422326776736,7
lightgbm_v1,prices+weather,3,1,synthetic,pinball_mean,108.37768960575265,7
lightgbm_v1,prices+weather,3,1,synthetic,mape_p50_pct,20.407020600851162,7
lightgbm_v1,prices+weather,3,1,synthetic,coverage_p10_p90_pct,66.07142857142857,7
lightgbm_v1,prices+weather,3,1,synthetic,n,112.0,7
lightgbm_v1,prices+weather,4,1,synthetic,pinball_p10,57.39817451476528,7
lightgbm_v1,prices+weather,4,1,synthetic,pinball_p50,125.35414213037313,7
lightgbm_v1,prices+weather,4,1,synthetic,pinball_p90,85.47700195735433,7
lightgbm_v1,prices+weather,4,1,synthetic,pinball_mean,89.40977286749758,7
lightgbm_v1,prices+weather,4,1,synthetic,mape_p50_pct,14.549466561382324,7
lightgbm_v1,prices+weather,4,1,synthetic,coverage_p10_p90_pct,74.10714285714286,7
lightgbm_v1,prices+weather,4,1,synthetic,n,112.0,7
lightgbm_v1,prices+weather,spike_14d,1,synthetic,spike_events,21.0,7
lightgbm_v1,prices+weather,spike_14d,1,synthetic,spike_recall,0.047619047619047616,7
lightgbm_v1,prices+weather,spike_14d,1,synthetic,spike_precision,1.0,7
lightgbm_v1,prices+weather,spike_14d,1,synthetic,spike_false_alarm_rate,0.0,7
lightgbm_v1,prices+weather,spike_14d,1,synthetic,spike_brier,0.14457721474130641,7
lightgbm_v1,prices+weather,1,2,synthetic,pinball_p10,53.405073900664675,7
lightgbm_v1,prices+weather,1,2,synthetic,pinball_p50,134.93922224216556,7
lightgbm_v1,prices+weather,1,2,synthetic,pinball_p90,66.7838815312169,7
lightgbm_v1,prices+weather,1,2,synthetic,pinball_mean,85.04272589134904,7
lightgbm_v1,prices+weather,1,2,synthetic,mape_p50_pct,13.188570479163648,7
lightgbm_v1,prices+weather,1,2,synthetic,coverage_p10_p90_pct,75.0,7
lightgbm_v1,prices+weather,1,2,synthetic,n,112.0,7
lightgbm_v1,prices+weather,2,2,synthetic,pinball_p10,57.126583901523546,7
lightgbm_v1,prices+weather,2,2,synthetic,pinball_p50,151.72523080307292,7
lightgbm_v1,prices+weather,2,2,synthetic,pinball_p90,70.29018159725119,7
lightgbm_v1,prices+weather,2,2,synthetic,pinball_mean,93.04733210061589,7
lightgbm_v1,prices+weather,2,2,synthetic,mape_p50_pct,14.242334865779519,7
lightgbm_v1,prices+weather,2,2,synthetic,coverage_p10_p90_pct,84.82142857142857,7
lightgbm_v1,prices+weather,2,2,synthetic,n,112.0,7
lightgbm_v1,prices+weather,3,2,synthetic,pinball_p10,62.349930949545296,7
lightgbm_v1,prices+weather,3,2,synthetic,pinball_p50,163.79671472077584,7
lightgbm_v1,prices+weather,3,2,synthetic,pinball_p90,89.51131032025253,7
lightgbm_v1,prices+weather,3,2,synthetic,pinball_mean,105.21931866352456,7
lightgbm_v1,prices+weather,3,2,synthetic,mape_p50_pct,15.790967175561562,7
lightgbm_v1,prices+weather,3,2,synthetic,coverage_p10_p90_pct,76.78571428571429,7
lightgbm_v1,prices+weather,3,2,synthetic,n,112.0,7
lightgbm_v1,prices+weather,4,2,synthetic,pinball_p10,63.17893328427658,7
lightgbm_v1,prices+weather,4,2,synthetic,pinball_p50,170.62783261632808,7
lightgbm_v1,prices+weather,4,2,synthetic,pinball_p90,88.5748916456351,7
lightgbm_v1,prices+weather,4,2,synthetic,pinball_mean,107.46055251541326,7
lightgbm_v1,prices+weather,4,2,synthetic,mape_p50_pct,16.548867033805912,7
lightgbm_v1,prices+weather,4,2,synthetic,coverage_p10_p90_pct,82.14285714285714,7
lightgbm_v1,prices+weather,4,2,synthetic,n,112.0,7
lightgbm_v1,prices+weather,spike_14d,2,synthetic,spike_events,17.0,7
lightgbm_v1,prices+weather,spike_14d,2,synthetic,spike_recall,0.0,7
lightgbm_v1,prices+weather,spike_14d,2,synthetic,spike_precision,,7
lightgbm_v1,prices+weather,spike_14d,2,synthetic,spike_false_alarm_rate,0.0,7
lightgbm_v1,prices+weather,spike_14d,2,synthetic,spike_brier,0.11149107267265278,7
lightgbm_v1,prices+weather,1,3,synthetic,pinball_p10,55.70350530635215,7
lightgbm_v1,prices+weather,1,3,synthetic,pinball_p50,128.86015636634065,7
lightgbm_v1,prices+weather,1,3,synthetic,pinball_p90,60.164998937383494,7
lightgbm_v1,prices+weather,1,3,synthetic,pinball_mean,81.57622020335877,7
lightgbm_v1,prices+weather,1,3,synthetic,mape_p50_pct,11.44829311217414,7
lightgbm_v1,prices+weather,1,3,synthetic,coverage_p10_p90_pct,74.10714285714286,7
lightgbm_v1,prices+weather,1,3,synthetic,n,112.0,7
lightgbm_v1,prices+weather,2,3,synthetic,pinball_p10,68.66085748116313,7
lightgbm_v1,prices+weather,2,3,synthetic,pinball_p50,166.2911724107132,7
lightgbm_v1,prices+weather,2,3,synthetic,pinball_p90,66.91785826676929,7
lightgbm_v1,prices+weather,2,3,synthetic,pinball_mean,100.62329605288187,7
lightgbm_v1,prices+weather,2,3,synthetic,mape_p50_pct,14.461109207499948,7
lightgbm_v1,prices+weather,2,3,synthetic,coverage_p10_p90_pct,84.82142857142857,7
lightgbm_v1,prices+weather,2,3,synthetic,n,112.0,7
lightgbm_v1,prices+weather,3,3,synthetic,pinball_p10,71.39989830338206,7
lightgbm_v1,prices+weather,3,3,synthetic,pinball_p50,168.14206895224942,7
lightgbm_v1,prices+weather,3,3,synthetic,pinball_p90,67.37794497739198,7
lightgbm_v1,prices+weather,3,3,synthetic,pinball_mean,102.30663741100783,7
lightgbm_v1,prices+weather,3,3,synthetic,mape_p50_pct,14.377741234156035,7
lightgbm_v1,prices+weather,3,3,synthetic,coverage_p10_p90_pct,89.28571428571429,7
lightgbm_v1,prices+weather,3,3,synthetic,n,112.0,7
lightgbm_v1,prices+weather,4,3,synthetic,pinball_p10,71.93388357701471,7
lightgbm_v1,prices+weather,4,3,synthetic,pinball_p50,170.10134260542597,7
lightgbm_v1,prices+weather,4,3,synthetic,pinball_p90,74.76005041320074,7
lightgbm_v1,prices+weather,4,3,synthetic,pinball_mean,105.59842553188048,7
lightgbm_v1,prices+weather,4,3,synthetic,mape_p50_pct,14.249501859730248,7
lightgbm_v1,prices+weather,4,3,synthetic,coverage_p10_p90_pct,84.82142857142857,7
lightgbm_v1,prices+weather,4,3,synthetic,n,112.0,7
lightgbm_v1,prices+weather,spike_14d,3,synthetic,spike_events,16.0,7
lightgbm_v1,prices+weather,spike_14d,3,synthetic,spike_recall,0.0,7
lightgbm_v1,prices+weather,spike_14d,3,synthetic,spike_precision,,7
lightgbm_v1,prices+weather,spike_14d,3,synthetic,spike_false_alarm_rate,0.0,7
lightgbm_v1,prices+weather,spike_14d,3,synthetic,spike_brier,0.1046550972269138,7
lightgbm_v1,prices+weather,1,4,synthetic,pinball_p10,56.22842424857681,7
lightgbm_v1,prices+weather,1,4,synthetic,pinball_p50,150.9940290662775,7
lightgbm_v1,prices+weather,1,4,synthetic,pinball_p90,89.90719169955261,7
lightgbm_v1,prices+weather,1,4,synthetic,pinball_mean,99.04321500480232,7
lightgbm_v1,prices+weather,1,4,synthetic,mape_p50_pct,12.100018024519594,7
lightgbm_v1,prices+weather,1,4,synthetic,coverage_p10_p90_pct,83.03571428571429,7
lightgbm_v1,prices+weather,1,4,synthetic,n,112.0,7
lightgbm_v1,prices+weather,2,4,synthetic,pinball_p10,71.14409822620443,7
lightgbm_v1,prices+weather,2,4,synthetic,pinball_p50,163.01267902642147,7
lightgbm_v1,prices+weather,2,4,synthetic,pinball_p90,85.65696091875432,7
lightgbm_v1,prices+weather,2,4,synthetic,pinball_mean,106.60457939046007,7
lightgbm_v1,prices+weather,2,4,synthetic,mape_p50_pct,12.912363945917567,7
lightgbm_v1,prices+weather,2,4,synthetic,coverage_p10_p90_pct,87.5,7
lightgbm_v1,prices+weather,2,4,synthetic,n,112.0,7
lightgbm_v1,prices+weather,3,4,synthetic,pinball_p10,80.24930374384813,7
lightgbm_v1,prices+weather,3,4,synthetic,pinball_p50,193.24684751417092,7
lightgbm_v1,prices+weather,3,4,synthetic,pinball_p90,108.8287321451894,7
lightgbm_v1,prices+weather,3,4,synthetic,pinball_mean,127.44162780106949,7
lightgbm_v1,prices+weather,3,4,synthetic,mape_p50_pct,15.300225390011448,7
lightgbm_v1,prices+weather,3,4,synthetic,coverage_p10_p90_pct,82.14285714285714,7
lightgbm_v1,prices+weather,3,4,synthetic,n,112.0,7
lightgbm_v1,prices+weather,4,4,synthetic,pinball_p10,86.0639250058297,7
lightgbm_v1,prices+weather,4,4,synthetic,pinball_p50,192.7937662592763,7
lightgbm_v1,prices+weather,4,4,synthetic,pinball_p90,74.76357715920741,7
lightgbm_v1,prices+weather,4,4,synthetic,pinball_mean,117.87375614143782,7
lightgbm_v1,prices+weather,4,4,synthetic,mape_p50_pct,15.555132108636796,7
lightgbm_v1,prices+weather,4,4,synthetic,coverage_p10_p90_pct,80.35714285714286,7
lightgbm_v1,prices+weather,4,4,synthetic,n,112.0,7
lightgbm_v1,prices+weather,spike_14d,4,synthetic,spike_events,26.0,7
lightgbm_v1,prices+weather,spike_14d,4,synthetic,spike_recall,0.0,7
lightgbm_v1,prices+weather,spike_14d,4,synthetic,spike_precision,,7
lightgbm_v1,prices+weather,spike_14d,4,synthetic,spike_false_alarm_rate,0.0,7
lightgbm_v1,prices+weather,spike_14d,4,synthetic,spike_brier,0.1607245240244672,7
lightgbm_v1,prices+weather,1,5,synthetic,pinball_p10,81.74515712920264,7
lightgbm_v1,prices+weather,1,5,synthetic,pinball_p50,200.74486944641896,7
lightgbm_v1,prices+weather,1,5,synthetic,pinball_p90,108.19581452353165,7
lightgbm_v1,prices+weather,1,5,synthetic,pinball_mean,130.22861369971773,7
lightgbm_v1,prices+weather,1,5,synthetic,mape_p50_pct,15.5638986533878,7
lightgbm_v1,prices+weather,1,5,synthetic,coverage_p10_p90_pct,72.32142857142857,7
lightgbm_v1,prices+weather,1,5,synthetic,n,112.0,7
lightgbm_v1,prices+weather,2,5,synthetic,pinball_p10,102.51501536052466,7
lightgbm_v1,prices+weather,2,5,synthetic,pinball_p50,253.05968456457552,7
lightgbm_v1,prices+weather,2,5,synthetic,pinball_p90,113.92794741352827,7
lightgbm_v1,prices+weather,2,5,synthetic,pinball_mean,156.5008824462095,7
lightgbm_v1,prices+weather,2,5,synthetic,mape_p50_pct,19.7111995182349,7
lightgbm_v1,prices+weather,2,5,synthetic,coverage_p10_p90_pct,70.53571428571429,7
lightgbm_v1,prices+weather,2,5,synthetic,n,112.0,7
lightgbm_v1,prices+weather,3,5,synthetic,pinball_p10,100.73288024169675,7
lightgbm_v1,prices+weather,3,5,synthetic,pinball_p50,260.05384299164245,7
lightgbm_v1,prices+weather,3,5,synthetic,pinball_p90,167.8035138568066,7
lightgbm_v1,prices+weather,3,5,synthetic,pinball_mean,176.19674569671528,7
lightgbm_v1,prices+weather,3,5,synthetic,mape_p50_pct,19.384500189582763,7
lightgbm_v1,prices+weather,3,5,synthetic,coverage_p10_p90_pct,68.75,7
lightgbm_v1,prices+weather,3,5,synthetic,n,112.0,7
lightgbm_v1,prices+weather,4,5,synthetic,pinball_p10,96.62126495451162,7
lightgbm_v1,prices+weather,4,5,synthetic,pinball_p50,252.1102375300133,7
lightgbm_v1,prices+weather,4,5,synthetic,pinball_p90,164.02151011104237,7
lightgbm_v1,prices+weather,4,5,synthetic,pinball_mean,170.91767086518908,7
lightgbm_v1,prices+weather,4,5,synthetic,mape_p50_pct,17.940533395592606,7
lightgbm_v1,prices+weather,4,5,synthetic,coverage_p10_p90_pct,75.0,7
lightgbm_v1,prices+weather,4,5,synthetic,n,112.0,7
lightgbm_v1,prices+weather,spike_14d,5,synthetic,spike_events,28.0,7
lightgbm_v1,prices+weather,spike_14d,5,synthetic,spike_recall,0.0,7
lightgbm_v1,prices+weather,spike_14d,5,synthetic,spike_precision,0.0,7
lightgbm_v1,prices+weather,spike_14d,5,synthetic,spike_false_alarm_rate,0.05952380952380952,7
lightgbm_v1,prices+weather,spike_14d,5,synthetic,spike_brier,0.20085101947491044,7
lightgbm_v1,prices+weather,1,6,synthetic,pinball_p10,71.92191227569448,7
lightgbm_v1,prices+weather,1,6,synthetic,pinball_p50,178.40676117001266,7
lightgbm_v1,prices+weather,1,6,synthetic,pinball_p90,93.89822654812745,7
lightgbm_v1,prices+weather,1,6,synthetic,pinball_mean,114.74229999794487,7
lightgbm_v1,prices+weather,1,6,synthetic,mape_p50_pct,11.689809466488553,7
lightgbm_v1,prices+weather,1,6,synthetic,coverage_p10_p90_pct,83.03571428571429,7
lightgbm_v1,prices+weather,1,6,synthetic,n,112.0,7
lightgbm_v1,prices+weather,2,6,synthetic,pinball_p10,83.08858130487202,7
lightgbm_v1,prices+weather,2,6,synthetic,pinball_p50,231.8651916523352,7
lightgbm_v1,prices+weather,2,6,synthetic,pinball_p90,123.15422121197336,7
lightgbm_v1,prices+weather,2,6,synthetic,pinball_mean,146.03599805639354,7
lightgbm_v1,prices+weather,2,6,synthetic,mape_p50_pct,14.971538542203122,7
lightgbm_v1,prices+weather,2,6,synthetic,coverage_p10_p90_pct,83.03571428571429,7
lightgbm_v1,prices+weather,2,6,synthetic,n,112.0,7
lightgbm_v1,prices+weather,3,6,synthetic,pinball_p10,91.50115031947841,7
lightgbm_v1,prices+weather,3,6,synthetic,pinball_p50,230.2165325823446,7
lightgbm_v1,prices+weather,3,6,synthetic,pinball_p90,119.08551555289941,7
lightgbm_v1,prices+weather,3,6,synthetic,pinball_mean,146.93439948490746,7
lightgbm_v1,prices+weather,3,6,synthetic,mape_p50_pct,15.021352158708343,7
lightgbm_v1,prices+weather,3,6,synthetic,coverage_p10_p90_pct,79.46428571428571,7
lightgbm_v1,prices+weather,3,6,synthetic,n,112.0,7
lightgbm_v1,prices+weather,4,6,synthetic,pinball_p10,97.3286405554348,7
lightgbm_v1,prices+weather,4,6,synthetic,pinball_p50,259.8018905400263,7
lightgbm_v1,prices+weather,4,6,synthetic,pinball_p90,101.53555375282669,7
lightgbm_v1,prices+weather,4,6,synthetic,pinball_mean,152.88869494942927,7
lightgbm_v1,prices+weather,4,6,synthetic,mape_p50_pct,16.893807151938205,7
lightgbm_v1,prices+weather,4,6,synthetic,coverage_p10_p90_pct,83.03571428571429,7
lightgbm_v1,prices+weather,4,6,synthetic,n,112.0,7
lightgbm_v1,prices+weather,spike_14d,6,synthetic,spike_events,17.0,7
lightgbm_v1,prices+weather,spike_14d,6,synthetic,spike_recall,0.058823529411764705,7
lightgbm_v1,prices+weather,spike_14d,6,synthetic,spike_precision,0.3333333333333333,7
lightgbm_v1,prices+weather,spike_14d,6,synthetic,spike_false_alarm_rate,0.021052631578947368,7
lightgbm_v1,prices+weather,spike_14d,6,synthetic,spike_brier,0.15168506597127926,7
lightgbm_v1,prices+weather,1,7,synthetic,pinball_p10,117.36688391653307,7
lightgbm_v1,prices+weather,1,7,synthetic,pinball_p50,270.2444638518268,7
lightgbm_v1,prices+weather,1,7,synthetic,pinball_p90,112.09134229457543,7
lightgbm_v1,prices+weather,1,7,synthetic,pinball_mean,166.56756335431177,7
lightgbm_v1,prices+weather,1,7,synthetic,mape_p50_pct,17.913021648835123,7
lightgbm_v1,prices+weather,1,7,synthetic,coverage_p10_p90_pct,59.82142857142857,7
lightgbm_v1,prices+weather,1,7,synthetic,n,112.0,7
lightgbm_v1,prices+weather,2,7,synthetic,pinball_p10,139.83228987239735,7
lightgbm_v1,prices+weather,2,7,synthetic,pinball_p50,363.7267037722876,7
lightgbm_v1,prices+weather,2,7,synthetic,pinball_p90,172.01152087409437,7
lightgbm_v1,prices+weather,2,7,synthetic,pinball_mean,225.19017150625976,7
lightgbm_v1,prices+weather,2,7,synthetic,mape_p50_pct,24.59118600928632,7
lightgbm_v1,prices+weather,2,7,synthetic,coverage_p10_p90_pct,59.82142857142857,7
lightgbm_v1,prices+weather,2,7,synthetic,n,112.0,7
lightgbm_v1,prices+weather,3,7,synthetic,pinball_p10,114.04383681410488,7
lightgbm_v1,prices+weather,3,7,synthetic,pinball_p50,347.99418182486426,7
lightgbm_v1,prices+weather,3,7,synthetic,pinball_p90,204.50500765357305,7
lightgbm_v1,prices+weather,3,7,synthetic,pinball_mean,222.18100876418075,7
lightgbm_v1,prices+weather,3,7,synthetic,mape_p50_pct,23.106736020196625,7
lightgbm_v1,prices+weather,3,7,synthetic,coverage_p10_p90_pct,57.14285714285714,7
lightgbm_v1,prices+weather,3,7,synthetic,n,112.0,7
lightgbm_v1,prices+weather,4,7,synthetic,pinball_p10,110.22451307692548,7
lightgbm_v1,prices+weather,4,7,synthetic,pinball_p50,307.3763088764196,7
lightgbm_v1,prices+weather,4,7,synthetic,pinball_p90,182.1903715921175,7
lightgbm_v1,prices+weather,4,7,synthetic,pinball_mean,199.9303978484875,7
lightgbm_v1,prices+weather,4,7,synthetic,mape_p50_pct,19.459428732281545,7
lightgbm_v1,prices+weather,4,7,synthetic,coverage_p10_p90_pct,69.64285714285714,7
lightgbm_v1,prices+weather,4,7,synthetic,n,112.0,7
lightgbm_v1,prices+weather,spike_14d,7,synthetic,spike_events,38.0,7
lightgbm_v1,prices+weather,spike_14d,7,synthetic,spike_recall,0.0,7
lightgbm_v1,prices+weather,spike_14d,7,synthetic,spike_precision,0.0,7
lightgbm_v1,prices+weather,spike_14d,7,synthetic,spike_false_alarm_rate,0.013513513513513514,7
lightgbm_v1,prices+weather,spike_14d,7,synthetic,spike_brier,0.2528613553867242,7
lightgbm_v1,prices+weather,1,8,synthetic,pinball_p10,68.05261188796236,7
lightgbm_v1,prices+weather,1,8,synthetic,pinball_p50,144.49674749035088,7
lightgbm_v1,prices+weather,1,8,synthetic,pinball_p90,56.93978058877748,7
lightgbm_v1,prices+weather,1,8,synthetic,pinball_mean,89.82971332236356,7
lightgbm_v1,prices+weather,1,8,synthetic,mape_p50_pct,16.59887731703054,7
lightgbm_v1,prices+weather,1,8,synthetic,coverage_p10_p90_pct,66.96428571428571,7
lightgbm_v1,prices+weather,1,8,synthetic,n,112.0,7
lightgbm_v1,prices+weather,2,8,synthetic,pinball_p10,70.17665136000045,7
lightgbm_v1,prices+weather,2,8,synthetic,pinball_p50,151.69026941554452,7
lightgbm_v1,prices+weather,2,8,synthetic,pinball_p90,67.45291974242328,7
lightgbm_v1,prices+weather,2,8,synthetic,pinball_mean,96.43994683932276,7
lightgbm_v1,prices+weather,2,8,synthetic,mape_p50_pct,17.56152201562709,7
lightgbm_v1,prices+weather,2,8,synthetic,coverage_p10_p90_pct,75.0,7
lightgbm_v1,prices+weather,2,8,synthetic,n,112.0,7
lightgbm_v1,prices+weather,3,8,synthetic,pinball_p10,74.93924339389653,7
lightgbm_v1,prices+weather,3,8,synthetic,pinball_p50,143.1873148492977,7
lightgbm_v1,prices+weather,3,8,synthetic,pinball_p90,72.61833586329439,7
lightgbm_v1,prices+weather,3,8,synthetic,pinball_mean,96.91496470216288,7
lightgbm_v1,prices+weather,3,8,synthetic,mape_p50_pct,17.073708630978096,7
lightgbm_v1,prices+weather,3,8,synthetic,coverage_p10_p90_pct,71.42857142857143,7
lightgbm_v1,prices+weather,3,8,synthetic,n,112.0,7
lightgbm_v1,prices+weather,4,8,synthetic,pinball_p10,70.65505930215741,7
lightgbm_v1,prices+weather,4,8,synthetic,pinball_p50,155.95374764969378,7
lightgbm_v1,prices+weather,4,8,synthetic,pinball_p90,66.9068077490704,7
lightgbm_v1,prices+weather,4,8,synthetic,pinball_mean,97.83853823364052,7
lightgbm_v1,prices+weather,4,8,synthetic,mape_p50_pct,18.30186309064354,7
lightgbm_v1,prices+weather,4,8,synthetic,coverage_p10_p90_pct,76.78571428571429,7
lightgbm_v1,prices+weather,4,8,synthetic,n,112.0,7
lightgbm_v1,prices+weather,spike_14d,8,synthetic,spike_events,30.0,7
lightgbm_v1,prices+weather,spike_14d,8,synthetic,spike_recall,0.06666666666666667,7
lightgbm_v1,prices+weather,spike_14d,8,synthetic,spike_precision,1.0,7
lightgbm_v1,prices+weather,spike_14d,8,synthetic,spike_false_alarm_rate,0.0,7
lightgbm_v1,prices+weather,spike_14d,8,synthetic,spike_brier,0.1574675228717782,7
lightgbm_v1,prices+weather,1,9,synthetic,pinball_p10,65.55725042236504,7
lightgbm_v1,prices+weather,1,9,synthetic,pinball_p50,141.60022756356324,7
lightgbm_v1,prices+weather,1,9,synthetic,pinball_p90,69.18977667473447,7
lightgbm_v1,prices+weather,1,9,synthetic,pinball_mean,92.11575155355426,7
lightgbm_v1,prices+weather,1,9,synthetic,mape_p50_pct,14.533942822637888,7
lightgbm_v1,prices+weather,1,9,synthetic,coverage_p10_p90_pct,77.67857142857143,7
lightgbm_v1,prices+weather,1,9,synthetic,n,112.0,7
lightgbm_v1,prices+weather,2,9,synthetic,pinball_p10,77.70500195683147,7
lightgbm_v1,prices+weather,2,9,synthetic,pinball_p50,190.0315592543349,7
lightgbm_v1,prices+weather,2,9,synthetic,pinball_p90,74.19097708906132,7
lightgbm_v1,prices+weather,2,9,synthetic,pinball_mean,113.9758461000759,7
lightgbm_v1,prices+weather,2,9,synthetic,mape_p50_pct,20.19651346355101,7
lightgbm_v1,prices+weather,2,9,synthetic,coverage_p10_p90_pct,73.21428571428571,7
lightgbm_v1,prices+weather,2,9,synthetic,n,112.0,7
lightgbm_v1,prices+weather,3,9,synthetic,pinball_p10,69.20456267608262,7
lightgbm_v1,prices+weather,3,9,synthetic,pinball_p50,188.8701767381065,7
lightgbm_v1,prices+weather,3,9,synthetic,pinball_p90,97.67509917292521,7
lightgbm_v1,prices+weather,3,9,synthetic,pinball_mean,118.58327952903812,7
lightgbm_v1,prices+weather,3,9,synthetic,mape_p50_pct,19.507818411578995,7
lightgbm_v1,prices+weather,3,9,synthetic,coverage_p10_p90_pct,70.53571428571429,7
lightgbm_v1,prices+weather,3,9,synthetic,n,112.0,7
lightgbm_v1,prices+weather,4,9,synthetic,pinball_p10,64.6849518164339,7
lightgbm_v1,prices+weather,4,9,synthetic,pinball_p50,180.00031244943875,7
lightgbm_v1,prices+weather,4,9,synthetic,pinball_p90,94.75167375357945,7
lightgbm_v1,prices+weather,4,9,synthetic,pinball_mean,113.14564600648403,7
lightgbm_v1,prices+weather,4,9,synthetic,mape_p50_pct,18.277286004846513,7
lightgbm_v1,prices+weather,4,9,synthetic,coverage_p10_p90_pct,77.67857142857143,7
lightgbm_v1,prices+weather,4,9,synthetic,n,112.0,7
lightgbm_v1,prices+weather,spike_14d,9,synthetic,spike_events,18.0,7
lightgbm_v1,prices+weather,spike_14d,9,synthetic,spike_recall,0.0,7
lightgbm_v1,prices+weather,spike_14d,9,synthetic,spike_precision,0.0,7
lightgbm_v1,prices+weather,spike_14d,9,synthetic,spike_false_alarm_rate,0.010638297872340425,7
lightgbm_v1,prices+weather,spike_14d,9,synthetic,spike_brier,0.1344193444050509,7
lightgbm_v1,prices+weather,1,10,synthetic,pinball_p10,76.98875467665945,7
lightgbm_v1,prices+weather,1,10,synthetic,pinball_p50,189.87985978114807,7
lightgbm_v1,prices+weather,1,10,synthetic,pinball_p90,118.08594895157158,7
lightgbm_v1,prices+weather,1,10,synthetic,pinball_mean,128.3181878031264,7
lightgbm_v1,prices+weather,1,10,synthetic,mape_p50_pct,14.871466145553391,7
lightgbm_v1,prices+weather,1,10,synthetic,coverage_p10_p90_pct,72.32142857142857,7
lightgbm_v1,prices+weather,1,10,synthetic,n,112.0,7
lightgbm_v1,prices+weather,2,10,synthetic,pinball_p10,84.7353792292815,7
lightgbm_v1,prices+weather,2,10,synthetic,pinball_p50,232.40508555198647,7
lightgbm_v1,prices+weather,2,10,synthetic,pinball_p90,133.19640475368573,7
lightgbm_v1,prices+weather,2,10,synthetic,pinball_mean,150.11228984498456,7
lightgbm_v1,prices+weather,2,10,synthetic,mape_p50_pct,17.99422147762591,7
lightgbm_v1,prices+weather,2,10,synthetic,coverage_p10_p90_pct,70.53571428571429,7
lightgbm_v1,prices+weather,2,10,synthetic,n,112.0,7
lightgbm_v1,prices+weather,3,10,synthetic,pinball_p10,90.72878001381369,7
lightgbm_v1,prices+weather,3,10,synthetic,pinball_p50,248.43487192548378,7
lightgbm_v1,prices+weather,3,10,synthetic,pinball_p90,135.6762527504398,7
lightgbm_v1,prices+weather,3,10,synthetic,pinball_mean,158.2799682299124,7
lightgbm_v1,prices+weather,3,10,synthetic,mape_p50_pct,19.371157562704823,7
lightgbm_v1,prices+weather,3,10,synthetic,coverage_p10_p90_pct,65.17857142857143,7
lightgbm_v1,prices+weather,3,10,synthetic,n,112.0,7
lightgbm_v1,prices+weather,4,10,synthetic,pinball_p10,98.38307293586084,7
lightgbm_v1,prices+weather,4,10,synthetic,pinball_p50,261.3253456148172,7
lightgbm_v1,prices+weather,4,10,synthetic,pinball_p90,143.70083490260595,7
lightgbm_v1,prices+weather,4,10,synthetic,pinball_mean,167.803084484428,7
lightgbm_v1,prices+weather,4,10,synthetic,mape_p50_pct,20.282505739857573,7
lightgbm_v1,prices+weather,4,10,synthetic,coverage_p10_p90_pct,66.07142857142857,7
lightgbm_v1,prices+weather,4,10,synthetic,n,112.0,7
lightgbm_v1,prices+weather,spike_14d,10,synthetic,spike_events,25.0,7
lightgbm_v1,prices+weather,spike_14d,10,synthetic,spike_recall,0.0,7
lightgbm_v1,prices+weather,spike_14d,10,synthetic,spike_precision,,7
lightgbm_v1,prices+weather,spike_14d,10,synthetic,spike_false_alarm_rate,0.0,7
lightgbm_v1,prices+weather,spike_14d,10,synthetic,spike_brier,0.19169937065719342,7
lightgbm_v1,prices+weather,1,11,synthetic,pinball_p10,78.21233189649062,7
lightgbm_v1,prices+weather,1,11,synthetic,pinball_p50,171.55779445669364,7
lightgbm_v1,prices+weather,1,11,synthetic,pinball_p90,86.37689605816442,7
lightgbm_v1,prices+weather,1,11,synthetic,pinball_mean,112.04900747044955,7
lightgbm_v1,prices+weather,1,11,synthetic,mape_p50_pct,12.958856259017956,7
lightgbm_v1,prices+weather,1,11,synthetic,coverage_p10_p90_pct,75.89285714285714,7
lightgbm_v1,prices+weather,1,11,synthetic,n,112.0,7
lightgbm_v1,prices+weather,2,11,synthetic,pinball_p10,88.53376101955885,7
lightgbm_v1,prices+weather,2,11,synthetic,pinball_p50,232.80787125285391,7
lightgbm_v1,prices+weather,2,11,synthetic,pinball_p90,122.74349164592975,7
lightgbm_v1,prices+weather,2,11,synthetic,pinball_mean,148.0283746394475,7
lightgbm_v1,prices+weather,2,11,synthetic,mape_p50_pct,17.348635297877976,7
lightgbm_v1,prices+weather,2,11,synthetic,coverage_p10_p90_pct,70.53571428571429,7
lightgbm_v1,prices+weather,2,11,synthetic,n,112.0,7
lightgbm_v1,prices+weather,3,11,synthetic,pinball_p10,88.1400637339758,7
lightgbm_v1,prices+weather,3,11,synthetic,pinball_p50,235.37812461658268,7
lightgbm_v1,prices+weather,3,11,synthetic,pinball_p90,178.35123271013114,7
lightgbm_v1,prices+weather,3,11,synthetic,pinball_mean,167.2898070202299,7
lightgbm_v1,prices+weather,3,11,synthetic,mape_p50_pct,17.50154678647885,7
lightgbm_v1,prices+weather,3,11,synthetic,coverage_p10_p90_pct,70.53571428571429,7
lightgbm_v1,prices+weather,3,11,synthetic,n,112.0,7
lightgbm_v1,prices+weather,4,11,synthetic,pinball_p10,89.29477224512986,7
lightgbm_v1,prices+weather,4,11,synthetic,pinball_p50,225.79304345508498,7
lightgbm_v1,prices+weather,4,11,synthetic,pinball_p90,151.48383796859486,7
lightgbm_v1,prices+weather,4,11,synthetic,pinball_mean,155.5238845562699,7
lightgbm_v1,prices+weather,4,11,synthetic,mape_p50_pct,16.271208179227216,7
lightgbm_v1,prices+weather,4,11,synthetic,coverage_p10_p90_pct,74.10714285714286,7
lightgbm_v1,prices+weather,4,11,synthetic,n,112.0,7
lightgbm_v1,prices+weather,spike_14d,11,synthetic,spike_events,15.0,7
lightgbm_v1,prices+weather,spike_14d,11,synthetic,spike_recall,0.13333333333333333,7
lightgbm_v1,prices+weather,spike_14d,11,synthetic,spike_precision,1.0,7
lightgbm_v1,prices+weather,spike_14d,11,synthetic,spike_false_alarm_rate,0.0,7
lightgbm_v1,prices+weather,spike_14d,11,synthetic,spike_brier,0.11108810527471677,7
lightgbm_v1,prices+weather,1,12,synthetic,pinball_p10,109.76133764808067,7
lightgbm_v1,prices+weather,1,12,synthetic,pinball_p50,251.64920246006895,7
lightgbm_v1,prices+weather,1,12,synthetic,pinball_p90,106.28610307726717,7
lightgbm_v1,prices+weather,1,12,synthetic,pinball_mean,155.8988810618056,7
lightgbm_v1,prices+weather,1,12,synthetic,mape_p50_pct,19.075105169062525,7
lightgbm_v1,prices+weather,1,12,synthetic,coverage_p10_p90_pct,62.5,7
lightgbm_v1,prices+weather,1,12,synthetic,n,112.0,7
lightgbm_v1,prices+weather,2,12,synthetic,pinball_p10,125.78379983935822,7
lightgbm_v1,prices+weather,2,12,synthetic,pinball_p50,317.9530456721328,7
lightgbm_v1,prices+weather,2,12,synthetic,pinball_p90,170.56497736948964,7
lightgbm_v1,prices+weather,2,12,synthetic,pinball_mean,204.76727429366022,7
lightgbm_v1,prices+weather,2,12,synthetic,mape_p50_pct,23.8638273886075,7
lightgbm_v1,prices+weather,2,12,synthetic,coverage_p10_p90_pct,60.71428571428571,7
lightgbm_v1,prices+weather,2,12,synthetic,n,112.0,7
lightgbm_v1,prices+weather,3,12,synthetic,pinball_p10,111.72024025169844,7
lightgbm_v1,prices+weather,3,12,synthetic,pinball_p50,305.5821605072212,7
lightgbm_v1,prices+weather,3,12,synthetic,pinball_p90,211.47619540805613,7
lightgbm_v1,prices+weather,3,12,synthetic,pinball_mean,209.59286538899195,7
lightgbm_v1,prices+weather,3,12,synthetic,mape_p50_pct,22.256123242015693,7
lightgbm_v1,prices+weather,3,12,synthetic,coverage_p10_p90_pct,55.35714285714286,7
lightgbm_v1,prices+weather,3,12,synthetic,n,112.0,7
lightgbm_v1,prices+weather,4,12,synthetic,pinball_p10,101.22133990842751,7
lightgbm_v1,prices+weather,4,12,synthetic,pinball_p50,293.9547011046156,7
lightgbm_v1,prices+weather,4,12,synthetic,pinball_p90,197.2094159541469,7
lightgbm_v1,prices+weather,4,12,synthetic,pinball_mean,197.46181898906335,7
lightgbm_v1,prices+weather,4,12,synthetic,mape_p50_pct,20.460868032327657,7
lightgbm_v1,prices+weather,4,12,synthetic,coverage_p10_p90_pct,64.28571428571429,7
lightgbm_v1,prices+weather,4,12,synthetic,n,112.0,7
lightgbm_v1,prices+weather,spike_14d,12,synthetic,spike_events,28.0,7
lightgbm_v1,prices+weather,spike_14d,12,synthetic,spike_recall,0.0,7
lightgbm_v1,prices+weather,spike_14d,12,synthetic,spike_precision,0.0,7
lightgbm_v1,prices+weather,spike_14d,12,synthetic,spike_false_alarm_rate,0.023809523809523808,7
lightgbm_v1,prices+weather,spike_14d,12,synthetic,spike_brier,0.22303455187770313,7
lightgbm_v1,prices+weather,1,13,synthetic,pinball_p10,103.24748039540283,7
lightgbm_v1,prices+weather,1,13,synthetic,pinball_p50,202.46803761240588,7
lightgbm_v1,prices+weather,1,13,synthetic,pinball_p90,83.48163110043457,7
lightgbm_v1,prices+weather,1,13,synthetic,pinball_mean,129.7323830360811,7
lightgbm_v1,prices+weather,1,13,synthetic,mape_p50_pct,13.487348500631002,7
lightgbm_v1,prices+weather,1,13,synthetic,coverage_p10_p90_pct,74.10714285714286,7
lightgbm_v1,prices+weather,1,13,synthetic,n,112.0,7
lightgbm_v1,prices+weather,2,13,synthetic,pinball_p10,122.07529336649519,7
lightgbm_v1,prices+weather,2,13,synthetic,pinball_p50,280.2041154227809,7
lightgbm_v1,prices+weather,2,13,synthetic,pinball_p90,110.03824204222335,7
lightgbm_v1,prices+weather,2,13,synthetic,pinball_mean,170.7725502771665,7
lightgbm_v1,prices+weather,2,13,synthetic,mape_p50_pct,18.771691565053157,7
lightgbm_v1,prices+weather,2,13,synthetic,coverage_p10_p90_pct,70.53571428571429,7
lightgbm_v1,prices+weather,2,13,synthetic,n,112.0,7
lightgbm_v1,prices+weather,3,13,synthetic,pinball_p10,125.28809474877502,7
lightgbm_v1,prices+weather,3,13,synthetic,pinball_p50,319.2119846978239,7
lightgbm_v1,prices+weather,3,13,synthetic,pinball_p90,114.82759556034314,7
lightgbm_v1,prices+weather,3,13,synthetic,pinball_mean,186.44255833564736,7
lightgbm_v1,prices+weather,3,13,synthetic,mape_p50_pct,21.468157782984804,7
lightgbm_v1,prices+weather,3,13,synthetic,coverage_p10_p90_pct,60.71428571428571,7
lightgbm_v1,prices+weather,3,13,synthetic,n,112.0,7
lightgbm_v1,prices+weather,4,13,synthetic,pinball_p10,121.81253348930854,7
lightgbm_v1,prices+weather,4,13,synthetic,pinball_p50,343.9321675628467,7
lightgbm_v1,prices+weather,4,13,synthetic,pinball_p90,128.4993763586761,7
lightgbm_v1,prices+weather,4,13,synthetic,pinball_mean,198.08135913694377,7
lightgbm_v1,prices+weather,4,13,synthetic,mape_p50_pct,22.210554209116445,7
lightgbm_v1,prices+weather,4,13,synthetic,coverage_p10_p90_pct,60.71428571428571,7
lightgbm_v1,prices+weather,4,13,synthetic,n,112.0,7
lightgbm_v1,prices+weather,spike_14d,13,synthetic,spike_events,12.0,7
lightgbm_v1,prices+weather,spike_14d,13,synthetic,spike_recall,0.0,7
lightgbm_v1,prices+weather,spike_14d,13,synthetic,spike_precision,0.0,7
lightgbm_v1,prices+weather,spike_14d,13,synthetic,spike_false_alarm_rate,0.02,7
lightgbm_v1,prices+weather,spike_14d,13,synthetic,spike_brier,0.1157373231163558,7
lightgbm_v1,prices+weather,1,14,synthetic,pinball_p10,69.92134653715291,7
lightgbm_v1,prices+weather,1,14,synthetic,pinball_p50,158.88719361153633,7
lightgbm_v1,prices+weather,1,14,synthetic,pinball_p90,80.2205260978267,7
lightgbm_v1,prices+weather,1,14,synthetic,pinball_mean,103.00968874883866,7
lightgbm_v1,prices+weather,1,14,synthetic,mape_p50_pct,18.14175763961726,7
lightgbm_v1,prices+weather,1,14,synthetic,coverage_p10_p90_pct,65.17857142857143,7
lightgbm_v1,prices+weather,1,14,synthetic,n,112.0,7
lightgbm_v1,prices+weather,2,14,synthetic,pinball_p10,82.9720998023477,7
lightgbm_v1,prices+weather,2,14,synthetic,pinball_p50,207.0997229010948,7
lightgbm_v1,prices+weather,2,14,synthetic,pinball_p90,102.86850152789907,7
lightgbm_v1,prices+weather,2,14,synthetic,pinball_mean,130.98010807711384,7
lightgbm_v1,prices+weather,2,14,synthetic,mape_p50_pct,23.5714921765593,7
lightgbm_v1,prices+weather,2,14,synthetic,coverage_p10_p90_pct,55.35714285714286,7
lightgbm_v1,prices+weather,2,14,synthetic,n,112.0,7
lightgbm_v1,prices+weather,3,14,synthetic,pinball_p10,77.59689160258667,7
lightgbm_v1,prices+weather,3,14,synthetic,pinball_p50,196.9306298229371,7
lightgbm_v1,prices+weather,3,14,synthetic,pinball_p90,157.84518013940792,7
lightgbm_v1,prices+weather,3,14,synthetic,pinball_mean,144.12423385497723,7
lightgbm_v1,prices+weather,3,14,synthetic,mape_p50_pct,21.18786884136257,7
lightgbm_v1,prices+weather,3,14,synthetic,coverage_p10_p90_pct,58.03571428571429,7
lightgbm_v1,prices+weather,3,14,synthetic,n,112.0,7
lightgbm_v1,prices+weather,4,14,synthetic,pinball_p10,65.0997723273607,7
lightgbm_v1,prices+weather,4,14,synthetic,pinball_p50,204.58723136888474,7
lightgbm_v1,prices+weather,4,14,synthetic,pinball_p90,157.07523055658825,7
lightgbm_v1,prices+weather,4,14,synthetic,pinball_mean,142.2540780842779,7
lightgbm_v1,prices+weather,4,14,synthetic,mape_p50_pct,21.277473443987606,7
lightgbm_v1,prices+weather,4,14,synthetic,coverage_p10_p90_pct,66.96428571428571,7
lightgbm_v1,prices+weather,4,14,synthetic,n,112.0,7
lightgbm_v1,prices+weather,spike_14d,14,synthetic,spike_events,37.0,7
lightgbm_v1,prices+weather,spike_14d,14,synthetic,spike_recall,0.10810810810810811,7
lightgbm_v1,prices+weather,spike_14d,14,synthetic,spike_precision,1.0,7
lightgbm_v1,prices+weather,spike_14d,14,synthetic,spike_false_alarm_rate,0.0,7
lightgbm_v1,prices+weather,spike_14d,14,synthetic,spike_brier,0.262897956857728,7
lightgbm_v1,prices+weather,1,15,synthetic,pinball_p10,54.49208682800791,7
lightgbm_v1,prices+weather,1,15,synthetic,pinball_p50,120.0968254891918,7
lightgbm_v1,prices+weather,1,15,synthetic,pinball_p90,46.673744229408086,7
lightgbm_v1,prices+weather,1,15,synthetic,pinball_mean,73.75421884886926,7
lightgbm_v1,prices+weather,1,15,synthetic,mape_p50_pct,11.29050258181925,7
lightgbm_v1,prices+weather,1,15,synthetic,coverage_p10_p90_pct,85.71428571428571,7
lightgbm_v1,prices+weather,1,15,synthetic,n,112.0,7
lightgbm_v1,prices+weather,2,15,synthetic,pinball_p10,63.92548155185167,7
lightgbm_v1,prices+weather,2,15,synthetic,pinball_p50,136.8912636306642,7
lightgbm_v1,prices+weather,2,15,synthetic,pinball_p90,60.6806019346444,7
lightgbm_v1,prices+weather,2,15,synthetic,pinball_mean,87.16578237238677,7
lightgbm_v1,prices+weather,2,15,synthetic,mape_p50_pct,12.910339597520872,7
lightgbm_v1,prices+weather,2,15,synthetic,coverage_p10_p90_pct,86.60714285714286,7
lightgbm_v1,prices+weather,2,15,synthetic,n,112.0,7
lightgbm_v1,prices+weather,3,15,synthetic,pinball_p10,68.8663999450604,7
lightgbm_v1,prices+weather,3,15,synthetic,pinball_p50,143.92342156868628,7
lightgbm_v1,prices+weather,3,15,synthetic,pinball_p90,58.30085658839557,7
lightgbm_v1,prices+weather,3,15,synthetic,pinball_mean,90.36355936738074,7
lightgbm_v1,prices+weather,3,15,synthetic,mape_p50_pct,13.52324465425336,7
lightgbm_v1,prices+weather,3,15,synthetic,coverage_p10_p90_pct,83.92857142857143,7
lightgbm_v1,prices+weather,3,15,synthetic,n,112.0,7
lightgbm_v1,prices+weather,4,15,synthetic,pinball_p10,64.54290132522134,7
lightgbm_v1,prices+weather,4,15,synthetic,pinball_p50,141.93549012219106,7
lightgbm_v1,prices+weather,4,15,synthetic,pinball_p90,58.99539475363587,7
lightgbm_v1,prices+weather,4,15,synthetic,pinball_mean,88.49126206701608,7
lightgbm_v1,prices+weather,4,15,synthetic,mape_p50_pct,13.19641203295609,7
lightgbm_v1,prices+weather,4,15,synthetic,coverage_p10_p90_pct,89.28571428571429,7
lightgbm_v1,prices+weather,4,15,synthetic,n,112.0,7
lightgbm_v1,prices+weather,spike_14d,15,synthetic,spike_events,9.0,7
lightgbm_v1,prices+weather,spike_14d,15,synthetic,spike_recall,0.0,7
lightgbm_v1,prices+weather,spike_14d,15,synthetic,spike_precision,,7
lightgbm_v1,prices+weather,spike_14d,15,synthetic,spike_false_alarm_rate,0.0,7
lightgbm_v1,prices+weather,spike_14d,15,synthetic,spike_brier,0.06124022121416934,7
lightgbm_v1,prices+weather,1,16,synthetic,pinball_p10,62.44191262098683,7
lightgbm_v1,prices+weather,1,16,synthetic,pinball_p50,140.08913775728087,7
lightgbm_v1,prices+weather,1,16,synthetic,pinball_p90,96.29461775926143,7
lightgbm_v1,prices+weather,1,16,synthetic,pinball_mean,99.60855604584305,7
lightgbm_v1,prices+weather,1,16,synthetic,mape_p50_pct,12.535080215686994,7
lightgbm_v1,prices+weather,1,16,synthetic,coverage_p10_p90_pct,82.14285714285714,7
lightgbm_v1,prices+weather,1,16,synthetic,n,112.0,7
lightgbm_v1,prices+weather,2,16,synthetic,pinball_p10,73.50326705337315,7
lightgbm_v1,prices+weather,2,16,synthetic,pinball_p50,174.39161725983598,7
lightgbm_v1,prices+weather,2,16,synthetic,pinball_p90,118.66114742526045,7
lightgbm_v1,prices+weather,2,16,synthetic,pinball_mean,122.1853439128232,7
lightgbm_v1,prices+weather,2,16,synthetic,mape_p50_pct,15.400817793500373,7
lightgbm_v1,prices+weather,2,16,synthetic,coverage_p10_p90_pct,74.10714285714286,7
lightgbm_v1,prices+weather,2,16,synthetic,n,112.0,7
lightgbm_v1,prices+weather,3,16,synthetic,pinball_p10,69.06776821640457,7
lightgbm_v1,prices+weather,3,16,synthetic,pinball_p50,187.8185671283514,7
lightgbm_v1,prices+weather,3,16,synthetic,pinball_p90,111.8877885169345,7
lightgbm_v1,prices+weather,3,16,synthetic,pinball_mean,122.92470795389681,7
lightgbm_v1,prices+weather,3,16,synthetic,mape_p50_pct,16.497695569396708,7
lightgbm_v1,prices+weather,3,16,synthetic,coverage_p10_p90_pct,73.21428571428571,7
lightgbm_v1,prices+weather,3,16,synthetic,n,112.0,7
lightgbm_v1,prices+weather,4,16,synthetic,pinball_p10,70.87652742910173,7
lightgbm_v1,prices+weather,4,16,synthetic,pinball_p50,193.21149879766017,7
lightgbm_v1,prices+weather,4,16,synthetic,pinball_p90,99.76345488164523,7
lightgbm_v1,prices+weather,4,16,synthetic,pinball_mean,121.28382703613572,7
lightgbm_v1,prices+weather,4,16,synthetic,mape_p50_pct,16.909050571337396,7
lightgbm_v1,prices+weather,4,16,synthetic,coverage_p10_p90_pct,79.46428571428571,7
lightgbm_v1,prices+weather,4,16,synthetic,n,112.0,7
lightgbm_v1,prices+weather,spike_14d,16,synthetic,spike_events,31.0,7
lightgbm_v1,prices+weather,spike_14d,16,synthetic,spike_recall,0.0,7
lightgbm_v1,prices+weather,spike_14d,16,synthetic,spike_precision,0.0,7
lightgbm_v1,prices+weather,spike_14d,16,synthetic,spike_false_alarm_rate,0.09876543209876543,7
lightgbm_v1,prices+weather,spike_14d,16,synthetic,spike_brier,0.27792012944960814,7
lightgbm_v1,prices+weather,1,17,synthetic,pinball_p10,85.61524703461055,7
lightgbm_v1,prices+weather,1,17,synthetic,pinball_p50,164.7886800021588,7
lightgbm_v1,prices+weather,1,17,synthetic,pinball_p90,63.04831257133488,7
lightgbm_v1,prices+weather,1,17,synthetic,pinball_mean,104.48407986936807,7
lightgbm_v1,prices+weather,1,17,synthetic,mape_p50_pct,15.041553643233302,7
lightgbm_v1,prices+weather,1,17,synthetic,coverage_p10_p90_pct,75.0,7
lightgbm_v1,prices+weather,1,17,synthetic,n,112.0,7
lightgbm_v1,prices+weather,2,17,synthetic,pinball_p10,109.20695189338333,7
lightgbm_v1,prices+weather,2,17,synthetic,pinball_p50,212.81089216750505,7
lightgbm_v1,prices+weather,2,17,synthetic,pinball_p90,76.49693968489647,7
lightgbm_v1,prices+weather,2,17,synthetic,pinball_mean,132.83826124859493,7
lightgbm_v1,prices+weather,2,17,synthetic,mape_p50_pct,19.018067735995707,7
lightgbm_v1,prices+weather,2,17,synthetic,coverage_p10_p90_pct,75.89285714285714,7
lightgbm_v1,prices+weather,2,17,synthetic,n,112.0,7
lightgbm_v1,prices+weather,3,17,synthetic,pinball_p10,105.56043186829847,7
lightgbm_v1,prices+weather,3,17,synthetic,pinball_p50,242.84452467921406,7
lightgbm_v1,prices+weather,3,17,synthetic,pinball_p90,72.99154221118489,7
lightgbm_v1,prices+weather,3,17,synthetic,pinball_mean,140.46549958623248,7
lightgbm_v1,prices+weather,3,17,synthetic,mape_p50_pct,21.78327644316595,7
lightgbm_v1,prices+weather,3,17,synthetic,coverage_p10_p90_pct,66.96428571428571,7
lightgbm_v1,prices+weather,3,17,synthetic,n,112.0,7
lightgbm_v1,prices+weather,4,17,synthetic,pinball_p10,99.98995443203435,7
lightgbm_v1,prices+weather,4,17,synthetic,pinball_p50,242.3342374635738,7
lightgbm_v1,prices+weather,4,17,synthetic,pinball_p90,82.63880155779914,7
lightgbm_v1,prices+weather,4,17,synthetic,pinball_mean,141.65433115113575,7
lightgbm_v1,prices+weather,4,17,synthetic,mape_p50_pct,21.402743556183818,7
lightgbm_v1,prices+weather,4,17,synthetic,coverage_p10_p90_pct,66.96428571428571,7
lightgbm_v1,prices+weather,4,17,synthetic,n,112.0,7
lightgbm_v1,prices+weather,spike_14d,17,synthetic,spike_events,21.0,7
lightgbm_v1,prices+weather,spike_14d,17,synthetic,spike_recall,0.0,7
lightgbm_v1,prices+weather,spike_14d,17,synthetic,spike_precision,,7
lightgbm_v1,prices+weather,spike_14d,17,synthetic,spike_false_alarm_rate,0.0,7
lightgbm_v1,prices+weather,spike_14d,17,synthetic,spike_brier,0.1381664769191335,7
lightgbm_v1,prices+weather,1,18,synthetic,pinball_p10,99.06230295299432,7
lightgbm_v1,prices+weather,1,18,synthetic,pinball_p50,229.45065586451236,7
lightgbm_v1,prices+weather,1,18,synthetic,pinball_p90,107.63829289754256,7
lightgbm_v1,prices+weather,1,18,synthetic,pinball_mean,145.38375057168307,7
lightgbm_v1,prices+weather,1,18,synthetic,mape_p50_pct,16.062745982661195,7
lightgbm_v1,prices+weather,1,18,synthetic,coverage_p10_p90_pct,70.53571428571429,7
lightgbm_v1,prices+weather,1,18,synthetic,n,112.0,7
lightgbm_v1,prices+weather,2,18,synthetic,pinball_p10,130.92172715332404,7
lightgbm_v1,prices+weather,2,18,synthetic,pinball_p50,337.2840042187086,7
lightgbm_v1,prices+weather,2,18,synthetic,pinball_p90,162.73688997357405,7
lightgbm_v1,prices+weather,2,18,synthetic,pinball_mean,210.31420711520227,7
lightgbm_v1,prices+weather,2,18,synthetic,mape_p50_pct,23.631911247000957,7
lightgbm_v1,prices+weather,2,18,synthetic,coverage_p10_p90_pct,53.57142857142857,7
lightgbm_v1,prices+weather,2,18,synthetic,n,112.0,7
lightgbm_v1,prices+weather,3,18,synthetic,pinball_p10,135.9733568806082,7
lightgbm_v1,prices+weather,3,18,synthetic,pinball_p50,371.91458135505223,7
lightgbm_v1,prices+weather,3,18,synthetic,pinball_p90,235.84504428365534,7
lightgbm_v1,prices+weather,3,18,synthetic,pinball_mean,247.91099417310525,7
lightgbm_v1,prices+weather,3,18,synthetic,mape_p50_pct,25.896002902329503,7
lightgbm_v1,prices+weather,3,18,synthetic,coverage_p10_p90_pct,54.46428571428571,7
lightgbm_v1,prices+weather,3,18,synthetic,n,112.0,7
lightgbm_v1,prices+weather,4,18,synthetic,pinball_p10,129.22049466452816,7
lightgbm_v1,prices+weather,4,18,synthetic,pinball_p50,367.0801138917119,7
lightgbm_v1,prices+weather,4,18,synthetic,pinball_p90,245.0278789202987,7
lightgbm_v1,prices+weather,4,18,synthetic,pinball_mean,247.1094958255129,7
lightgbm_v1,prices+weather,4,18,synthetic,mape_p50_pct,24.409773067824673,7
lightgbm_v1,prices+weather,4,18,synthetic,coverage_p10_p90_pct,61.60714285714286,7
lightgbm_v1,prices+weather,4,18,synthetic,n,112.0,7
lightgbm_v1,prices+weather,spike_14d,18,synthetic,spike_events,29.0,7
lightgbm_v1,prices+weather,spike_14d,18,synthetic,spike_recall,0.0,7
lightgbm_v1,prices+weather,spike_14d,18,synthetic,spike_precision,,7
lightgbm_v1,prices+weather,spike_14d,18,synthetic,spike_false_alarm_rate,0.0,7
lightgbm_v1,prices+weather,spike_14d,18,synthetic,spike_brier,0.21886411450134297,7
tft_raw,prices+weather,1,ALL,synthetic,pinball_p10,100.18035790615875,7
tft_raw,prices+weather,1,ALL,synthetic,pinball_p50,171.91271013656257,7
tft_raw,prices+weather,1,ALL,synthetic,pinball_p90,85.55640407188893,7
tft_raw,prices+weather,1,ALL,synthetic,pinball_mean,119.21649070487008,7
tft_raw,prices+weather,1,ALL,synthetic,mape_p50_pct,15.525229211759212,7
tft_raw,prices+weather,1,ALL,synthetic,coverage_p10_p90_pct,54.811507936507944,7
tft_raw,prices+weather,1,ALL,synthetic,n,2016.0,7
tft_raw,prices+weather,2,ALL,synthetic,pinball_p10,104.21392995242815,7
tft_raw,prices+weather,2,ALL,synthetic,pinball_p50,193.47356305620076,7
tft_raw,prices+weather,2,ALL,synthetic,pinball_p90,100.90097523479413,7
tft_raw,prices+weather,2,ALL,synthetic,pinball_mean,132.86282274780768,7
tft_raw,prices+weather,2,ALL,synthetic,mape_p50_pct,17.298825634197833,7
tft_raw,prices+weather,2,ALL,synthetic,coverage_p10_p90_pct,52.67857142857143,7
tft_raw,prices+weather,2,ALL,synthetic,n,2016.0,7
tft_raw,prices+weather,3,ALL,synthetic,pinball_p10,103.72647490153633,7
tft_raw,prices+weather,3,ALL,synthetic,pinball_p50,206.09956196223115,7
tft_raw,prices+weather,3,ALL,synthetic,pinball_p90,110.236217774777,7
tft_raw,prices+weather,3,ALL,synthetic,pinball_mean,140.02075154618151,7
tft_raw,prices+weather,3,ALL,synthetic,mape_p50_pct,18.077587820204556,7
tft_raw,prices+weather,3,ALL,synthetic,coverage_p10_p90_pct,53.02579365079365,7
tft_raw,prices+weather,3,ALL,synthetic,n,2016.0,7
tft_raw,prices+weather,4,ALL,synthetic,pinball_p10,103.8477715757446,7
tft_raw,prices+weather,4,ALL,synthetic,pinball_p50,212.92442190826247,7
tft_raw,prices+weather,4,ALL,synthetic,pinball_p90,111.21221618813027,7
tft_raw,prices+weather,4,ALL,synthetic,pinball_mean,142.66146989071243,7
tft_raw,prices+weather,4,ALL,synthetic,mape_p50_pct,18.38455296601289,7
tft_raw,prices+weather,4,ALL,synthetic,coverage_p10_p90_pct,56.69642857142857,7
tft_raw,prices+weather,4,ALL,synthetic,n,2016.0,7
tft_raw,prices+weather,spike_14d,ALL,synthetic,spike_events,418.0,7
tft_raw,prices+weather,spike_14d,ALL,synthetic,spike_recall,0.14354066985645933,7
tft_raw,prices+weather,spike_14d,ALL,synthetic,spike_precision,0.3468208092485549,7
tft_raw,prices+weather,spike_14d,ALL,synthetic,spike_false_alarm_rate,0.0707133917396746,7
tft_raw,prices+weather,spike_14d,ALL,synthetic,spike_brier,0.17466091680903867,7
tft_raw,prices+weather,1,1,synthetic,pinball_p10,72.12333262556943,7
tft_raw,prices+weather,1,1,synthetic,pinball_p50,121.11348914091562,7
tft_raw,prices+weather,1,1,synthetic,pinball_p90,56.05481341677122,7
tft_raw,prices+weather,1,1,synthetic,pinball_mean,83.09721172775208,7
tft_raw,prices+weather,1,1,synthetic,mape_p50_pct,16.48462281803097,7
tft_raw,prices+weather,1,1,synthetic,coverage_p10_p90_pct,58.03571428571429,7
tft_raw,prices+weather,1,1,synthetic,n,112.0,7
tft_raw,prices+weather,2,1,synthetic,pinball_p10,68.91386754945836,7
tft_raw,prices+weather,2,1,synthetic,pinball_p50,116.20604838079116,7
tft_raw,prices+weather,2,1,synthetic,pinball_p90,51.388489239897275,7
tft_raw,prices+weather,2,1,synthetic,pinball_mean,78.8361350567156,7
tft_raw,prices+weather,2,1,synthetic,mape_p50_pct,16.220745569390864,7
tft_raw,prices+weather,2,1,synthetic,coverage_p10_p90_pct,65.17857142857143,7
tft_raw,prices+weather,2,1,synthetic,n,112.0,7
tft_raw,prices+weather,3,1,synthetic,pinball_p10,55.38582316077696,7
tft_raw,prices+weather,3,1,synthetic,pinball_p50,102.88833490983795,7
tft_raw,prices+weather,3,1,synthetic,pinball_p90,40.89586804196448,7
tft_raw,prices+weather,3,1,synthetic,pinball_mean,66.39000870419314,7
tft_raw,prices+weather,3,1,synthetic,mape_p50_pct,13.815737583103866,7
tft_raw,prices+weather,3,1,synthetic,coverage_p10_p90_pct,80.35714285714286,7
tft_raw,prices+weather,3,1,synthetic,n,112.0,7
tft_raw,prices+weather,4,1,synthetic,pinball_p10,40.542545534196606,7
tft_raw,prices+weather,4,1,synthetic,pinball_p50,106.97435202533605,7
tft_raw,prices+weather,4,1,synthetic,pinball_p90,62.26296130722859,7
tft_raw,prices+weather,4,1,synthetic,pinball_mean,69.92661962225374,7
tft_raw,prices+weather,4,1,synthetic,mape_p50_pct,12.891706935212778,7
tft_raw,prices+weather,4,1,synthetic,coverage_p10_p90_pct,75.89285714285714,7
tft_raw,prices+weather,4,1,synthetic,n,112.0,7
tft_raw,prices+weather,spike_14d,1,synthetic,spike_events,21.0,7
tft_raw,prices+weather,spike_14d,1,synthetic,spike_recall,0.3333333333333333,7
tft_raw,prices+weather,spike_14d,1,synthetic,spike_precision,1.0,7
tft_raw,prices+weather,spike_14d,1,synthetic,spike_false_alarm_rate,0.0,7
tft_raw,prices+weather,spike_14d,1,synthetic,spike_brier,0.1158770739644315,7
tft_raw,prices+weather,1,2,synthetic,pinball_p10,64.56782316911045,7
tft_raw,prices+weather,1,2,synthetic,pinball_p50,118.02618721969553,7
tft_raw,prices+weather,1,2,synthetic,pinball_p90,62.64895703410591,7
tft_raw,prices+weather,1,2,synthetic,pinball_mean,81.7476558076373,7
tft_raw,prices+weather,1,2,synthetic,mape_p50_pct,12.381078329779994,7
tft_raw,prices+weather,1,2,synthetic,coverage_p10_p90_pct,59.82142857142857,7
tft_raw,prices+weather,1,2,synthetic,n,112.0,7
tft_raw,prices+weather,2,2,synthetic,pinball_p10,75.91133102617262,7
tft_raw,prices+weather,2,2,synthetic,pinball_p50,133.58623829641584,7
tft_raw,prices+weather,2,2,synthetic,pinball_p90,73.11397103162707,7
tft_raw,prices+weather,2,2,synthetic,pinball_mean,94.20384678473852,7
tft_raw,prices+weather,2,2,synthetic,mape_p50_pct,13.875124441112007,7
tft_raw,prices+weather,2,2,synthetic,coverage_p10_p90_pct,57.14285714285714,7
tft_raw,prices+weather,2,2,synthetic,n,112.0,7
tft_raw,prices+weather,3,2,synthetic,pinball_p10,85.92627250956495,7
tft_raw,prices+weather,3,2,synthetic,pinball_p50,147.07109703975723,7
tft_raw,prices+weather,3,2,synthetic,pinball_p90,64.83369655520126,7
tft_raw,prices+weather,3,2,synthetic,pinball_mean,99.27702203484114,7
tft_raw,prices+weather,3,2,synthetic,mape_p50_pct,15.38210112207874,7
tft_raw,prices+weather,3,2,synthetic,coverage_p10_p90_pct,54.46428571428571,7
tft_raw,prices+weather,3,2,synthetic,n,112.0,7
tft_raw,prices+weather,4,2,synthetic,pinball_p10,103.51453939415278,7
tft_raw,prices+weather,4,2,synthetic,pinball_p50,165.1929308194049,7
tft_raw,prices+weather,4,2,synthetic,pinball_p90,62.889456463602535,7
tft_raw,prices+weather,4,2,synthetic,pinball_mean,110.53230889238672,7
tft_raw,prices+weather,4,2,synthetic,mape_p50_pct,17.573378093831924,7
tft_raw,prices+weather,4,2,synthetic,coverage_p10_p90_pct,47.32142857142857,7
tft_raw,prices+weather,4,2,synthetic,n,112.0,7
tft_raw,prices+weather,spike_14d,2,synthetic,spike_events,17.0,7
tft_raw,prices+weather,spike_14d,2,synthetic,spike_recall,0.29411764705882354,7
tft_raw,prices+weather,spike_14d,2,synthetic,spike_precision,1.0,7
tft_raw,prices+weather,spike_14d,2,synthetic,spike_false_alarm_rate,0.0,7
tft_raw,prices+weather,spike_14d,2,synthetic,spike_brier,0.09888851041664572,7
tft_raw,prices+weather,1,3,synthetic,pinball_p10,74.90179058881411,7
tft_raw,prices+weather,1,3,synthetic,pinball_p50,117.361296739563,7
tft_raw,prices+weather,1,3,synthetic,pinball_p90,51.839074460586055,7
tft_raw,prices+weather,1,3,synthetic,pinball_mean,81.36738726298772,7
tft_raw,prices+weather,1,3,synthetic,mape_p50_pct,11.088774056877797,7
tft_raw,prices+weather,1,3,synthetic,coverage_p10_p90_pct,60.71428571428571,7
tft_raw,prices+weather,1,3,synthetic,n,112.0,7
tft_raw,prices+weather,2,3,synthetic,pinball_p10,80.20781272279321,7
tft_raw,prices+weather,2,3,synthetic,pinball_p50,129.19654425236118,7
tft_raw,prices+weather,2,3,synthetic,pinball_p90,65.6117694125984,7
tft_raw,prices+weather,2,3,synthetic,pinball_mean,91.67204212925093,7
tft_raw,prices+weather,2,3,synthetic,mape_p50_pct,11.791110283272818,7
tft_raw,prices+weather,2,3,synthetic,coverage_p10_p90_pct,65.17857142857143,7
tft_raw,prices+weather,2,3,synthetic,n,112.0,7
tft_raw,prices+weather,3,3,synthetic,pinball_p10,72.43098837698476,7
tft_raw,prices+weather,3,3,synthetic,pinball_p50,144.44533935377427,7
tft_raw,prices+weather,3,3,synthetic,pinball_p90,83.66447625293509,7
tft_raw,prices+weather,3,3,synthetic,pinball_mean,100.1802679945647,7
tft_raw,prices+weather,3,3,synthetic,mape_p50_pct,12.81480066846314,7
tft_raw,prices+weather,3,3,synthetic,coverage_p10_p90_pct,58.92857142857143,7
tft_raw,prices+weather,3,3,synthetic,n,112.0,7
tft_raw,prices+weather,4,3,synthetic,pinball_p10,74.44640145354447,7
tft_raw,prices+weather,4,3,synthetic,pinball_p50,152.64307697447916,7
tft_raw,prices+weather,4,3,synthetic,pinball_p90,83.7052845743599,7
tft_raw,prices+weather,4,3,synthetic,pinball_mean,103.59825433412784,7
tft_raw,prices+weather,4,3,synthetic,mape_p50_pct,13.456901090333487,7
tft_raw,prices+weather,4,3,synthetic,coverage_p10_p90_pct,65.17857142857143,7
tft_raw,prices+weather,4,3,synthetic,n,112.0,7
tft_raw,prices+weather,spike_14d,3,synthetic,spike_events,16.0,7
tft_raw,prices+weather,spike_14d,3,synthetic,spike_recall,0.0,7
tft_raw,prices+weather,spike_14d,3,synthetic,spike_precision,0.0,7
tft_raw,prices+weather,spike_14d,3,synthetic,spike_false_alarm_rate,0.010416666666666666,7
tft_raw,prices+weather,spike_14d,3,synthetic,spike_brier,0.11803618483101687,7
tft_raw,prices+weather,1,4,synthetic,pinball_p10,101.19601839066448,7
tft_raw,prices+weather,1,4,synthetic,pinball_p50,171.32431922428205,7
tft_raw,prices+weather,1,4,synthetic,pinball_p90,84.28152452251905,7
tft_raw,prices+weather,1,4,synthetic,pinball_mean,118.93395404582186,7
tft_raw,prices+weather,1,4,synthetic,mape_p50_pct,14.653700358375026,7
tft_raw,prices+weather,1,4,synthetic,coverage_p10_p90_pct,44.642857142857146,7
tft_raw,prices+weather,1,4,synthetic,n,112.0,7
tft_raw,prices+weather,2,4,synthetic,pinball_p10,80.76508091092533,7
tft_raw,prices+weather,2,4,synthetic,pinball_p50,177.95025542137097,7
tft_raw,prices+weather,2,4,synthetic,pinball_p90,96.85590483751766,7
tft_raw,prices+weather,2,4,synthetic,pinball_mean,118.52374705660465,7
tft_raw,prices+weather,2,4,synthetic,mape_p50_pct,14.922152592060595,7
tft_raw,prices+weather,2,4,synthetic,coverage_p10_p90_pct,48.214285714285715,7
tft_raw,prices+weather,2,4,synthetic,n,112.0,7
tft_raw,prices+weather,3,4,synthetic,pinball_p10,72.09216237829435,7
tft_raw,prices+weather,3,4,synthetic,pinball_p50,191.63768971895647,7
tft_raw,prices+weather,3,4,synthetic,pinball_p90,120.58387022449794,7
tft_raw,prices+weather,3,4,synthetic,pinball_mean,128.1045741072496,7
tft_raw,prices+weather,3,4,synthetic,mape_p50_pct,15.794339984542601,7
tft_raw,prices+weather,3,4,synthetic,coverage_p10_p90_pct,49.107142857142854,7
tft_raw,prices+weather,3,4,synthetic,n,112.0,7
tft_raw,prices+weather,4,4,synthetic,pinball_p10,67.73329417379536,7
tft_raw,prices+weather,4,4,synthetic,pinball_p50,167.35703774957443,7
tft_raw,prices+weather,4,4,synthetic,pinball_p90,102.09962228876154,7
tft_raw,prices+weather,4,4,synthetic,pinball_mean,112.39665140404377,7
tft_raw,prices+weather,4,4,synthetic,mape_p50_pct,13.832569137678433,7
tft_raw,prices+weather,4,4,synthetic,coverage_p10_p90_pct,59.82142857142857,7
tft_raw,prices+weather,4,4,synthetic,n,112.0,7
tft_raw,prices+weather,spike_14d,4,synthetic,spike_events,26.0,7
tft_raw,prices+weather,spike_14d,4,synthetic,spike_recall,0.0,7
tft_raw,prices+weather,spike_14d,4,synthetic,spike_precision,0.0,7
tft_raw,prices+weather,spike_14d,4,synthetic,spike_false_alarm_rate,0.023255813953488372,7
tft_raw,prices+weather,spike_14d,4,synthetic,spike_brier,0.2310996001650813,7
tft_raw,prices+weather,1,5,synthetic,pinball_p10,137.77866026447742,7
tft_raw,prices+weather,1,5,synthetic,pinball_p50,227.05052969486903,7
tft_raw,prices+weather,1,5,synthetic,pinball_p90,103.73637835861321,7
tft_raw,prices+weather,1,5,synthetic,pinball_mean,156.18852277265322,7
tft_raw,prices+weather,1,5,synthetic,mape_p50_pct,19.863935350354563,7
tft_raw,prices+weather,1,5,synthetic,coverage_p10_p90_pct,54.46428571428571,7
tft_raw,prices+weather,1,5,synthetic,n,112.0,7
tft_raw,prices+weather,2,5,synthetic,pinball_p10,129.49925101907178,7
tft_raw,prices+weather,2,5,synthetic,pinball_p50,230.11544314578967,7
tft_raw,prices+weather,2,5,synthetic,pinball_p90,122.96166599601057,7
tft_raw,prices+weather,2,5,synthetic,pinball_mean,160.85878672029068,7
tft_raw,prices+weather,2,5,synthetic,mape_p50_pct,19.87177673388526,7
tft_raw,prices+weather,2,5,synthetic,coverage_p10_p90_pct,58.03571428571429,7
tft_raw,prices+weather,2,5,synthetic,n,112.0,7
tft_raw,prices+weather,3,5,synthetic,pinball_p10,127.2400324897569,7
tft_raw,prices+weather,3,5,synthetic,pinball_p50,247.34933997283926,7
tft_raw,prices+weather,3,5,synthetic,pinball_p90,124.34049701090437,7
tft_raw,prices+weather,3,5,synthetic,pinball_mean,166.30995649116684,7
tft_raw,prices+weather,3,5,synthetic,mape_p50_pct,20.052399581454285,7
tft_raw,prices+weather,3,5,synthetic,coverage_p10_p90_pct,49.107142857142854,7
tft_raw,prices+weather,3,5,synthetic,n,112.0,7
tft_raw,prices+weather,4,5,synthetic,pinball_p10,112.7145488098944,7
tft_raw,prices+weather,4,5,synthetic,pinball_p50,232.86024688249583,7
tft_raw,prices+weather,4,5,synthetic,pinball_p90,110.67786751386134,7
tft_raw,prices+weather,4,5,synthetic,pinball_mean,152.0842210687505,7
tft_raw,prices+weather,4,5,synthetic,mape_p50_pct,18.008729110937384,7
tft_raw,prices+weather,4,5,synthetic,coverage_p10_p90_pct,62.5,7
tft_raw,prices+weather,4,5,synthetic,n,112.0,7
tft_raw,prices+weather,spike_14d,5,synthetic,spike_events,28.0,7
tft_raw,prices+weather,spike_14d,5,synthetic,spike_recall,0.39285714285714285,7
tft_raw,prices+weather,spike_14d,5,synthetic,spike_precision,0.34375,7
tft_raw,prices+weather,spike_14d,5,synthetic,spike_false_alarm_rate,0.25,7
tft_raw,prices+weather,spike_14d,5,synthetic,spike_brier,0.2242990868127159,7
tft_raw,prices+weather,1,6,synthetic,pinball_p10,120.75149973655019,7
tft_raw,prices+weather,1,6,synthetic,pinball_p50,247.51274017486438,7
tft_raw,prices+weather,1,6,synthetic,pinball_p90,133.93599526294787,7
tft_raw,prices+weather,1,6,synthetic,pinball_mean,167.40007839145414,7
tft_raw,prices+weather,1,6,synthetic,mape_p50_pct,17.427603370215454,7
tft_raw,prices+weather,1,6,synthetic,coverage_p10_p90_pct,49.107142857142854,7
tft_raw,prices+weather,1,6,synthetic,n,112.0,7
tft_raw,prices+weather,2,6,synthetic,pinball_p10,117.43973350144852,7
tft_raw,prices+weather,2,6,synthetic,pinball_p50,290.7756597611999,7
tft_raw,prices+weather,2,6,synthetic,pinball_p90,175.19309372171656,7
tft_raw,prices+weather,2,6,synthetic,pinball_mean,194.469495661455,7
tft_raw,prices+weather,2,6,synthetic,mape_p50_pct,20.554008092709378,7
tft_raw,prices+weather,2,6,synthetic,coverage_p10_p90_pct,33.92857142857143,7
tft_raw,prices+weather,2,6,synthetic,n,112.0,7
tft_raw,prices+weather,3,6,synthetic,pinball_p10,105.01345613675728,7
tft_raw,prices+weather,3,6,synthetic,pinball_p50,294.067013594438,7
tft_raw,prices+weather,3,6,synthetic,pinball_p90,173.8235270390575,7
tft_raw,prices+weather,3,6,synthetic,pinball_mean,190.96799892341758,7
tft_raw,prices+weather,3,6,synthetic,mape_p50_pct,20.638188274093203,7
tft_raw,prices+weather,3,6,synthetic,coverage_p10_p90_pct,35.714285714285715,7
tft_raw,prices+weather,3,6,synthetic,n,112.0,7
tft_raw,prices+weather,4,6,synthetic,pinball_p10,105.23985514660532,7
tft_raw,prices+weather,4,6,synthetic,pinball_p50,315.5816360701775,7
tft_raw,prices+weather,4,6,synthetic,pinball_p90,182.5440427492592,7
tft_raw,prices+weather,4,6,synthetic,pinball_mean,201.12184465534736,7
tft_raw,prices+weather,4,6,synthetic,mape_p50_pct,21.91917642239754,7
tft_raw,prices+weather,4,6,synthetic,coverage_p10_p90_pct,40.17857142857143,7
tft_raw,prices+weather,4,6,synthetic,n,112.0,7
tft_raw,prices+weather,spike_14d,6,synthetic,spike_events,17.0,7
tft_raw,prices+weather,spike_14d,6,synthetic,spike_recall,0.058823529411764705,7
tft_raw,prices+weather,spike_14d,6,synthetic,spike_precision,0.05555555555555555,7
tft_raw,prices+weather,spike_14d,6,synthetic,spike_false_alarm_rate,0.17894736842105263,7
tft_raw,prices+weather,spike_14d,6,synthetic,spike_brier,0.22613254363034113,7
tft_raw,prices+weather,1,7,synthetic,pinball_p10,153.09449218685015,7
tft_raw,prices+weather,1,7,synthetic,pinball_p50,239.6114422154755,7
tft_raw,prices+weather,1,7,synthetic,pinball_p90,89.99050467449682,7
tft_raw,prices+weather,1,7,synthetic,pinball_mean,160.8988130256075,7
tft_raw,prices+weather,1,7,synthetic,mape_p50_pct,17.70311428734442,7
tft_raw,prices+weather,1,7,synthetic,coverage_p10_p90_pct,60.71428571428571,7
tft_raw,prices+weather,1,7,synthetic,n,112.0,7
tft_raw,prices+weather,2,7,synthetic,pinball_p10,191.9834942594893,7
tft_raw,prices+weather,2,7,synthetic,pinball_p50,290.3784527323243,7
tft_raw,prices+weather,2,7,synthetic,pinball_p90,129.25087385408892,7
tft_raw,prices+weather,2,7,synthetic,pinball_mean,203.8709402819675,7
tft_raw,prices+weather,2,7,synthetic,mape_p50_pct,21.77630315519111,7
tft_raw,prices+weather,2,7,synthetic,coverage_p10_p90_pct,53.57142857142857,7
tft_raw,prices+weather,2,7,synthetic,n,112.0,7
tft_raw,prices+weather,3,7,synthetic,pinball_p10,212.1573255117926,7
tft_raw,prices+weather,3,7,synthetic,pinball_p50,316.8078849859189,7
tft_raw,prices+weather,3,7,synthetic,pinball_p90,142.1406022692163,7
tft_raw,prices+weather,3,7,synthetic,pinball_mean,223.70193758897594,7
tft_raw,prices+weather,3,7,synthetic,mape_p50_pct,23.710717784331266,7
tft_raw,prices+weather,3,7,synthetic,coverage_p10_p90_pct,54.46428571428571,7
tft_raw,prices+weather,3,7,synthetic,n,112.0,7
tft_raw,prices+weather,4,7,synthetic,pinball_p10,217.0527514018731,7
tft_raw,prices+weather,4,7,synthetic,pinball_p50,334.5906465963256,7
tft_raw,prices+weather,4,7,synthetic,pinball_p90,135.76680939726907,7
tft_raw,prices+weather,4,7,synthetic,pinball_mean,229.13673579848924,7
tft_raw,prices+weather,4,7,synthetic,mape_p50_pct,24.28182988611737,7
tft_raw,prices+weather,4,7,synthetic,coverage_p10_p90_pct,58.92857142857143,7
tft_raw,prices+weather,4,7,synthetic,n,112.0,7
tft_raw,prices+weather,spike_14d,7,synthetic,spike_events,38.0,7
tft_raw,prices+weather,spike_14d,7,synthetic,spike_recall,0.2894736842105263,7
tft_raw,prices+weather,spike_14d,7,synthetic,spike_precision,0.7333333333333333,7
tft_raw,prices+weather,spike_14d,7,synthetic,spike_false_alarm_rate,0.05405405405405406,7
tft_raw,prices+weather,spike_14d,7,synthetic,spike_brier,0.18209519280883374,7
tft_raw,prices+weather,1,8,synthetic,pinball_p10,64.6215874920983,7
tft_raw,prices+weather,1,8,synthetic,pinball_p50,125.27321968657031,7
tft_raw,prices+weather,1,8,synthetic,pinball_p90,59.55556981314341,7
tft_raw,prices+weather,1,8,synthetic,pinball_mean,83.15012566393733,7
tft_raw,prices+weather,1,8,synthetic,mape_p50_pct,15.037891116034885,7
tft_raw,prices+weather,1,8,synthetic,coverage_p10_p90_pct,50.0,7
tft_raw,prices+weather,1,8,synthetic,n,112.0,7
tft_raw,prices+weather,2,8,synthetic,pinball_p10,55.023324782936115,7
tft_raw,prices+weather,2,8,synthetic,pinball_p50,124.86774327249415,7
tft_raw,prices+weather,2,8,synthetic,pinball_p90,67.10730141748328,7
tft_raw,prices+weather,2,8,synthetic,pinball_mean,82.33278982430451,7
tft_raw,prices+weather,2,8,synthetic,mape_p50_pct,15.31755883987704,7
tft_raw,prices+weather,2,8,synthetic,coverage_p10_p90_pct,60.71428571428571,7
tft_raw,prices+weather,2,8,synthetic,n,112.0,7
tft_raw,prices+weather,3,8,synthetic,pinball_p10,63.110539912220396,7
tft_raw,prices+weather,3,8,synthetic,pinball_p50,138.41218811340974,7
tft_raw,prices+weather,3,8,synthetic,pinball_p90,74.97881661017281,7
tft_raw,prices+weather,3,8,synthetic,pinball_mean,92.16718154526764,7
tft_raw,prices+weather,3,8,synthetic,mape_p50_pct,17.33685838325075,7
tft_raw,prices+weather,3,8,synthetic,coverage_p10_p90_pct,60.71428571428571,7
tft_raw,prices+weather,3,8,synthetic,n,112.0,7
tft_raw,prices+weather,4,8,synthetic,pinball_p10,61.792297740039125,7
tft_raw,prices+weather,4,8,synthetic,pinball_p50,160.32704649066108,7
tft_raw,prices+weather,4,8,synthetic,pinball_p90,86.19344857425575,7
tft_raw,prices+weather,4,8,synthetic,pinball_mean,102.77093093498532,7
tft_raw,prices+weather,4,8,synthetic,mape_p50_pct,19.588614238485842,7
tft_raw,prices+weather,4,8,synthetic,coverage_p10_p90_pct,51.78571428571429,7
tft_raw,prices+weather,4,8,synthetic,n,112.0,7
tft_raw,prices+weather,spike_14d,8,synthetic,spike_events,30.0,7
tft_raw,prices+weather,spike_14d,8,synthetic,spike_recall,0.1,7
tft_raw,prices+weather,spike_14d,8,synthetic,spike_precision,0.75,7
tft_raw,prices+weather,spike_14d,8,synthetic,spike_false_alarm_rate,0.012195121951219513,7
tft_raw,prices+weather,spike_14d,8,synthetic,spike_brier,0.17775091738352142,7
tft_raw,prices+weather,1,9,synthetic,pinball_p10,100.31026103293026,7
tft_raw,prices+weather,1,9,synthetic,pinball_p50,160.99929853095256,7
tft_raw,prices+weather,1,9,synthetic,pinball_p90,85.32354605804868,7
tft_raw,prices+weather,1,9,synthetic,pinball_mean,115.54436854064384,7
tft_raw,prices+weather,1,9,synthetic,mape_p50_pct,17.46372604901841,7
tft_raw,prices+weather,1,9,synthetic,coverage_p10_p90_pct,46.42857142857143,7
tft_raw,prices+weather,1,9,synthetic,n,112.0,7
tft_raw,prices+weather,2,9,synthetic,pinball_p10,115.47059224991942,7
tft_raw,prices+weather,2,9,synthetic,pinball_p50,196.29204449904037,7
tft_raw,prices+weather,2,9,synthetic,pinball_p90,90.27630206892968,7
tft_raw,prices+weather,2,9,synthetic,pinball_mean,134.01297960596315,7
tft_raw,prices+weather,2,9,synthetic,mape_p50_pct,21.842082937111982,7
tft_raw,prices+weather,2,9,synthetic,coverage_p10_p90_pct,25.892857142857146,7
tft_raw,prices+weather,2,9,synthetic,n,112.0,7
tft_raw,prices+weather,3,9,synthetic,pinball_p10,121.0911876086177,7
tft_raw,prices+weather,3,9,synthetic,pinball_p50,206.84842868103686,7
tft_raw,prices+weather,3,9,synthetic,pinball_p90,94.36035967417652,7
tft_raw,prices+weather,3,9,synthetic,pinball_mean,140.76665865461038,7
tft_raw,prices+weather,3,9,synthetic,mape_p50_pct,23.14479842524419,7
tft_raw,prices+weather,3,9,synthetic,coverage_p10_p90_pct,34.82142857142857,7
tft_raw,prices+weather,3,9,synthetic,n,112.0,7
tft_raw,prices+weather,4,9,synthetic,pinball_p10,139.89877301596974,7
tft_raw,prices+weather,4,9,synthetic,pinball_p50,220.9919906435802,7
tft_raw,prices+weather,4,9,synthetic,pinball_p90,101.8631890672705,7
tft_raw,prices+weather,4,9,synthetic,pinball_mean,154.2513175756068,7
tft_raw,prices+weather,4,9,synthetic,mape_p50_pct,24.84758954226973,7
tft_raw,prices+weather,4,9,synthetic,coverage_p10_p90_pct,43.75,7
tft_raw,prices+weather,4,9,synthetic,n,112.0,7
tft_raw,prices+weather,spike_14d,9,synthetic,spike_events,18.0,7
tft_raw,prices+weather,spike_14d,9,synthetic,spike_recall,0.0,7
tft_raw,prices+weather,spike_14d,9,synthetic,spike_precision,0.0,7
tft_raw,prices+weather,spike_14d,9,synthetic,spike_false_alarm_rate,0.11702127659574468,7
tft_raw,prices+weather,spike_14d,9,synthetic,spike_brier,0.17429282544732394,7
tft_raw,prices+weather,1,10,synthetic,pinball_p10,59.0801472462519,7
tft_raw,prices+weather,1,10,synthetic,pinball_p50,156.49710049941882,7
tft_raw,prices+weather,1,10,synthetic,pinball_p90,105.24446288675772,7
tft_raw,prices+weather,1,10,synthetic,pinball_mean,106.94057021080948,7
tft_raw,prices+weather,1,10,synthetic,mape_p50_pct,12.726252438118694,7
tft_raw,prices+weather,1,10,synthetic,coverage_p10_p90_pct,51.78571428571429,7
tft_raw,prices+weather,1,10,synthetic,n,112.0,7
tft_raw,prices+weather,2,10,synthetic,pinball_p10,67.41419528792959,7
tft_raw,prices+weather,2,10,synthetic,pinball_p50,177.5037472815022,7
tft_raw,prices+weather,2,10,synthetic,pinball_p90,121.6572919465641,7
tft_raw,prices+weather,2,10,synthetic,pinball_mean,122.19174483866529,7
tft_raw,prices+weather,2,10,synthetic,mape_p50_pct,14.172039275071374,7
tft_raw,prices+weather,2,10,synthetic,coverage_p10_p90_pct,51.78571428571429,7
tft_raw,prices+weather,2,10,synthetic,n,112.0,7
tft_raw,prices+weather,3,10,synthetic,pinball_p10,69.49190175180625,7
tft_raw,prices+weather,3,10,synthetic,pinball_p50,186.77518342449724,7
tft_raw,prices+weather,3,10,synthetic,pinball_p90,123.49385273795772,7
tft_raw,prices+weather,3,10,synthetic,pinball_mean,126.58697930475375,7
tft_raw,prices+weather,3,10,synthetic,mape_p50_pct,14.905607028304576,7
tft_raw,prices+weather,3,10,synthetic,coverage_p10_p90_pct,50.0,7
tft_raw,prices+weather,3,10,synthetic,n,112.0,7
tft_raw,prices+weather,4,10,synthetic,pinball_p10,66.02882661132209,7
tft_raw,prices+weather,4,10,synthetic,pinball_p50,174.1066762126689,7
tft_raw,prices+weather,4,10,synthetic,pinball_p90,103.28569149984592,7
tft_raw,prices+weather,4,10,synthetic,pinball_mean,114.47373144127897,7
tft_raw,prices+weather,4,10,synthetic,mape_p50_pct,13.958458597367457,7
tft_raw,prices+weather,4,10,synthetic,coverage_p10_p90_pct,58.03571428571429,7
tft_raw,prices+weather,4,10,synthetic,n,112.0,7
tft_raw,prices+weather,spike_14d,10,synthetic,spike_events,25.0,7
tft_raw,prices+weather,spike_14d,10,synthetic,spike_recall,0.0,7
tft_raw,prices+weather,spike_14d,10,synthetic,spike_precision,,7
tft_raw,prices+weather,spike_14d,10,synthetic,spike_false_alarm_rate,0.0,7
tft_raw,prices+weather,spike_14d,10,synthetic,spike_brier,0.17766581681885807,7
tft_raw,prices+weather,1,11,synthetic,pinball_p10,101.26781696497052,7
tft_raw,prices+weather,1,11,synthetic,pinball_p50,193.16145062106565,7
tft_raw,prices+weather,1,11,synthetic,pinball_p90,117.78264219186453,7
tft_raw,prices+weather,1,11,synthetic,pinball_mean,137.4039699259669,7
tft_raw,prices+weather,1,11,synthetic,mape_p50_pct,15.36662197574768,7
tft_raw,prices+weather,1,11,synthetic,coverage_p10_p90_pct,53.57142857142857,7
tft_raw,prices+weather,1,11,synthetic,n,112.0,7
tft_raw,prices+weather,2,11,synthetic,pinball_p10,76.88357914427651,7
tft_raw,prices+weather,2,11,synthetic,pinball_p50,201.33794572434167,7
tft_raw,prices+weather,2,11,synthetic,pinball_p90,143.1545083522742,7
tft_raw,prices+weather,2,11,synthetic,pinball_mean,140.45867774029747,7
tft_raw,prices+weather,2,11,synthetic,mape_p50_pct,15.692338453953885,7
tft_raw,prices+weather,2,11,synthetic,coverage_p10_p90_pct,50.89285714285714,7
tft_raw,prices+weather,2,11,synthetic,n,112.0,7
tft_raw,prices+weather,3,11,synthetic,pinball_p10,89.64270797890994,7
tft_raw,prices+weather,3,11,synthetic,pinball_p50,217.96579211486193,7
tft_raw,prices+weather,3,11,synthetic,pinball_p90,147.34786775486535,7
tft_raw,prices+weather,3,11,synthetic,pinball_mean,151.6521226162124,7
tft_raw,prices+weather,3,11,synthetic,mape_p50_pct,16.785782858176894,7
tft_raw,prices+weather,3,11,synthetic,coverage_p10_p90_pct,51.78571428571429,7
tft_raw,prices+weather,3,11,synthetic,n,112.0,7
tft_raw,prices+weather,4,11,synthetic,pinball_p10,109.0635143018943,7
tft_raw,prices+weather,4,11,synthetic,pinball_p50,250.13865850419077,7
tft_raw,prices+weather,4,11,synthetic,pinball_p90,154.78423815642086,7
tft_raw,prices+weather,4,11,synthetic,pinball_mean,171.32880365416864,7
tft_raw,prices+weather,4,11,synthetic,mape_p50_pct,19.212759231153598,7
tft_raw,prices+weather,4,11,synthetic,coverage_p10_p90_pct,56.25,7
tft_raw,prices+weather,4,11,synthetic,n,112.0,7
tft_raw,prices+weather,spike_14d,11,synthetic,spike_events,15.0,7
tft_raw,prices+weather,spike_14d,11,synthetic,spike_recall,0.0,7
tft_raw,prices+weather,spike_14d,11,synthetic,spike_precision,0.0,7
tft_raw,prices+weather,spike_14d,11,synthetic,spike_false_alarm_rate,0.08247422680412371,7
tft_raw,prices+weather,spike_14d,11,synthetic,spike_brier,0.12781659318798283,7
tft_raw,prices+weather,1,12,synthetic,pinball_p10,133.59084010016298,7
tft_raw,prices+weather,1,12,synthetic,pinball_p50,210.77864976418908,7
tft_raw,prices+weather,1,12,synthetic,pinball_p90,84.71435706344425,7
tft_raw,prices+weather,1,12,synthetic,pinball_mean,143.0279489759321,7
tft_raw,prices+weather,1,12,synthetic,mape_p50_pct,17.759161240949183,7
tft_raw,prices+weather,1,12,synthetic,coverage_p10_p90_pct,63.39285714285714,7
tft_raw,prices+weather,1,12,synthetic,n,112.0,7
tft_raw,prices+weather,2,12,synthetic,pinball_p10,145.33847122955055,7
tft_raw,prices+weather,2,12,synthetic,pinball_p50,256.4805397638474,7
tft_raw,prices+weather,2,12,synthetic,pinball_p90,101.14902985465635,7
tft_raw,prices+weather,2,12,synthetic,pinball_mean,167.6560136160181,7
tft_raw,prices+weather,2,12,synthetic,mape_p50_pct,21.432456897428175,7
tft_raw,prices+weather,2,12,synthetic,coverage_p10_p90_pct,59.82142857142857,7
tft_raw,prices+weather,2,12,synthetic,n,112.0,7
tft_raw,prices+weather,3,12,synthetic,pinball_p10,150.72198591175365,7
tft_raw,prices+weather,3,12,synthetic,pinball_p50,288.9092807209787,7
tft_raw,prices+weather,3,12,synthetic,pinball_p90,136.27660968791335,7
tft_raw,prices+weather,3,12,synthetic,pinball_mean,191.9692921068819,7
tft_raw,prices+weather,3,12,synthetic,mape_p50_pct,23.73941961989943,7
tft_raw,prices+weather,3,12,synthetic,coverage_p10_p90_pct,54.46428571428571,7
tft_raw,prices+weather,3,12,synthetic,n,112.0,7
tft_raw,prices+weather,4,12,synthetic,pinball_p10,159.76120042985028,7
tft_raw,prices+weather,4,12,synthetic,pinball_p50,307.71816462540727,7
tft_raw,prices+weather,4,12,synthetic,pinball_p90,141.9777178409519,7
tft_raw,prices+weather,4,12,synthetic,pinball_mean,203.15236096540312,7
tft_raw,prices+weather,4,12,synthetic,mape_p50_pct,24.279862565309386,7
tft_raw,prices+weather,4,12,synthetic,coverage_p10_p90_pct,53.57142857142857,7
tft_raw,prices+weather,4,12,synthetic,n,112.0,7
tft_raw,prices+weather,spike_14d,12,synthetic,spike_events,28.0,7
tft_raw,prices+weather,spike_14d,12,synthetic,spike_recall,0.39285714285714285,7
tft_raw,prices+weather,spike_14d,12,synthetic,spike_precision,0.6111111111111112,7
tft_raw,prices+weather,spike_14d,12,synthetic,spike_false_alarm_rate,0.08333333333333333,7
tft_raw,prices+weather,spike_14d,12,synthetic,spike_brier,0.15372398804077841,7
tft_raw,prices+weather,1,13,synthetic,pinball_p10,111.00599926487727,7
tft_raw,prices+weather,1,13,synthetic,pinball_p50,199.83405847317928,7
tft_raw,prices+weather,1,13,synthetic,pinball_p90,102.390622399795,7
tft_raw,prices+weather,1,13,synthetic,pinball_mean,137.74356004595052,7
tft_raw,prices+weather,1,13,synthetic,mape_p50_pct,14.350859334818319,7
tft_raw,prices+weather,1,13,synthetic,coverage_p10_p90_pct,49.107142857142854,7
tft_raw,prices+weather,1,13,synthetic,n,112.0,7
tft_raw,prices+weather,2,13,synthetic,pinball_p10,118.54543305551442,7
tft_raw,prices+weather,2,13,synthetic,pinball_p50,223.99585652043817,7
tft_raw,prices+weather,2,13,synthetic,pinball_p90,95.22260086919702,7
tft_raw,prices+weather,2,13,synthetic,pinball_mean,145.92129681504989,7
tft_raw,prices+weather,2,13,synthetic,mape_p50_pct,16.20509299438909,7
tft_raw,prices+weather,2,13,synthetic,coverage_p10_p90_pct,53.57142857142857,7
tft_raw,prices+weather,2,13,synthetic,n,112.0,7
tft_raw,prices+weather,3,13,synthetic,pinball_p10,110.97073329594853,7
tft_raw,prices+weather,3,13,synthetic,pinball_p50,230.3266958986254,7
tft_raw,prices+weather,3,13,synthetic,pinball_p90,103.84748338905966,7
tft_raw,prices+weather,3,13,synthetic,pinball_mean,148.38163752787787,7
tft_raw,prices+weather,3,13,synthetic,mape_p50_pct,16.502634187352243,7
tft_raw,prices+weather,3,13,synthetic,coverage_p10_p90_pct,52.67857142857143,7
tft_raw,prices+weather,3,13,synthetic,n,112.0,7
tft_raw,prices+weather,4,13,synthetic,pinball_p10,85.82207207198738,7
tft_raw,prices+weather,4,13,synthetic,pinball_p50,210.54061437702077,7
tft_raw,prices+weather,4,13,synthetic,pinball_p90,87.40874805926991,7
tft_raw,prices+weather,4,13,synthetic,pinball_mean,127.92381150275935,7
tft_raw,prices+weather,4,13,synthetic,mape_p50_pct,14.516441474770827,7
tft_raw,prices+weather,4,13,synthetic,coverage_p10_p90_pct,60.71428571428571,7
tft_raw,prices+weather,4,13,synthetic,n,112.0,7
tft_raw,prices+weather,spike_14d,13,synthetic,spike_events,12.0,7
tft_raw,prices+weather,spike_14d,13,synthetic,spike_recall,0.08333333333333333,7
tft_raw,prices+weather,spike_14d,13,synthetic,spike_precision,0.14285714285714285,7
tft_raw,prices+weather,spike_14d,13,synthetic,spike_false_alarm_rate,0.06,7
tft_raw,prices+weather,spike_14d,13,synthetic,spike_brier,0.11703925852768068,7
tft_raw,prices+weather,1,14,synthetic,pinball_p10,81.78123638202621,7
tft_raw,prices+weather,1,14,synthetic,pinball_p50,141.0234208509625,7
tft_raw,prices+weather,1,14,synthetic,pinball_p90,82.35819077788162,7
tft_raw,prices+weather,1,14,synthetic,pinball_mean,101.72094933695678,7
tft_raw,prices+weather,1,14,synthetic,mape_p50_pct,16.926651252770995,7
tft_raw,prices+weather,1,14,synthetic,coverage_p10_p90_pct,56.25,7
tft_raw,prices+weather,1,14,synthetic,n,112.0,7
tft_raw,prices+weather,2,14,synthetic,pinball_p10,92.27074969602356,7
tft_raw,prices+weather,2,14,synthetic,pinball_p50,163.2017851658414,7
tft_raw,prices+weather,2,14,synthetic,pinball_p90,95.26840786954656,7
tft_raw,prices+weather,2,14,synthetic,pinball_mean,116.91364757713717,7
tft_raw,prices+weather,2,14,synthetic,mape_p50_pct,19.445491776686257,7
tft_raw,prices+weather,2,14,synthetic,coverage_p10_p90_pct,53.57142857142857,7
tft_raw,prices+weather,2,14,synthetic,n,112.0,7
tft_raw,prices+weather,3,14,synthetic,pinball_p10,89.17314402913064,7
tft_raw,prices+weather,3,14,synthetic,pinball_p50,186.62853932108,7
tft_raw,prices+weather,3,14,synthetic,pinball_p90,127.64405042638904,7
tft_raw,prices+weather,3,14,synthetic,pinball_mean,134.48191125886657,7
tft_raw,prices+weather,3,14,synthetic,mape_p50_pct,20.932173557047733,7
tft_raw,prices+weather,3,14,synthetic,coverage_p10_p90_pct,50.0,7
tft_raw,prices+weather,3,14,synthetic,n,112.0,7
tft_raw,prices+weather,4,14,synthetic,pinball_p10,82.08117546879089,7
tft_raw,prices+weather,4,14,synthetic,pinball_p50,192.4715622675963,7
tft_raw,prices+weather,4,14,synthetic,pinball_p90,138.6226228079012,7
tft_raw,prices+weather,4,14,synthetic,pinball_mean,137.72512018142947,7
tft_raw,prices+weather,4,14,synthetic,mape_p50_pct,21.01543738198746,7
tft_raw,prices+weather,4,14,synthetic,coverage_p10_p90_pct,51.78571428571429,7
tft_raw,prices+weather,4,14,synthetic,n,112.0,7
tft_raw,prices+weather,spike_14d,14,synthetic,spike_events,37.0,7
tft_raw,prices+weather,spike_14d,14,synthetic,spike_recall,0.21621621621621623,7
tft_raw,prices+weather,spike_14d,14,synthetic,spike_precision,1.0,7
tft_raw,prices+weather,spike_14d,14,synthetic,spike_false_alarm_rate,0.0,7
tft_raw,prices+weather,spike_14d,14,synthetic,spike_brier,0.2181356841657058,7
tft_raw,prices+weather,1,15,synthetic,pinball_p10,55.262337805545464,7
tft_raw,prices+weather,1,15,synthetic,pinball_p50,101.03790101037188,7
tft_raw,prices+weather,1,15,synthetic,pinball_p90,45.195918764789475,7
tft_raw,prices+weather,1,15,synthetic,pinball_mean,67.1653858602356,7
tft_raw,prices+weather,1,15,synthetic,mape_p50_pct,9.956938760533038,7
tft_raw,prices+weather,1,15,synthetic,coverage_p10_p90_pct,66.96428571428571,7
tft_raw,prices+weather,1,15,synthetic,n,112.0,7
tft_raw,prices+weather,2,15,synthetic,pinball_p10,47.94105593553633,7
tft_raw,prices+weather,2,15,synthetic,pinball_p50,96.77562259509584,7
tft_raw,prices+weather,2,15,synthetic,pinball_p90,52.63230815296756,7
tft_raw,prices+weather,2,15,synthetic,pinball_mean,65.78299556119991,7
tft_raw,prices+weather,2,15,synthetic,mape_p50_pct,9.455231632975227,7
tft_raw,prices+weather,2,15,synthetic,coverage_p10_p90_pct,67.85714285714286,7
tft_raw,prices+weather,2,15,synthetic,n,112.0,7
tft_raw,prices+weather,3,15,synthetic,pinball_p10,44.19760680104442,7
tft_raw,prices+weather,3,15,synthetic,pinball_p50,98.93104405903101,7
tft_raw,prices+weather,3,15,synthetic,pinball_p90,46.61976976157736,7
tft_raw,prices+weather,3,15,synthetic,pinball_mean,63.24947354055092,7
tft_raw,prices+weather,3,15,synthetic,mape_p50_pct,9.591669901532338,7
tft_raw,prices+weather,3,15,synthetic,coverage_p10_p90_pct,73.21428571428571,7
tft_raw,prices+weather,3,15,synthetic,n,112.0,7
tft_raw,prices+weather,4,15,synthetic,pinball_p10,44.62160236577305,7
tft_raw,prices+weather,4,15,synthetic,pinball_p50,100.51508060768528,7
tft_raw,prices+weather,4,15,synthetic,pinball_p90,48.23847697377097,7
tft_raw,prices+weather,4,15,synthetic,pinball_mean,64.45838664907643,7
tft_raw,prices+weather,4,15,synthetic,mape_p50_pct,9.715839083401919,7
tft_raw,prices+weather,4,15,synthetic,coverage_p10_p90_pct,76.78571428571429,7
tft_raw,prices+weather,4,15,synthetic,n,112.0,7
tft_raw,prices+weather,spike_14d,15,synthetic,spike_events,9.0,7
tft_raw,prices+weather,spike_14d,15,synthetic,spike_recall,0.0,7
tft_raw,prices+weather,spike_14d,15,synthetic,spike_precision,0.0,7
tft_raw,prices+weather,spike_14d,15,synthetic,spike_false_alarm_rate,0.02912621359223301,7
tft_raw,prices+weather,spike_14d,15,synthetic,spike_brier,0.05721143625814731,7
tft_raw,prices+weather,1,16,synthetic,pinball_p10,104.89013857962833,7
tft_raw,prices+weather,1,16,synthetic,pinball_p50,170.63041903238226,7
tft_raw,prices+weather,1,16,synthetic,pinball_p90,82.93298119917866,7
tft_raw,prices+weather,1,16,synthetic,pinball_mean,119.48451293706307,7
tft_raw,prices+weather,1,16,synthetic,mape_p50_pct,16.879790381217312,7
tft_raw,prices+weather,1,16,synthetic,coverage_p10_p90_pct,54.46428571428571,7
tft_raw,prices+weather,1,16,synthetic,n,112.0,7
tft_raw,prices+weather,2,16,synthetic,pinball_p10,93.55622810430532,7
tft_raw,prices+weather,2,16,synthetic,pinball_p50,172.27725261893093,7
tft_raw,prices+weather,2,16,synthetic,pinball_p90,87.28761162595872,7
tft_raw,prices+weather,2,16,synthetic,pinball_mean,117.70703078306498,7
tft_raw,prices+weather,2,16,synthetic,mape_p50_pct,16.75088696395585,7
tft_raw,prices+weather,2,16,synthetic,coverage_p10_p90_pct,53.57142857142857,7
tft_raw,prices+weather,2,16,synthetic,n,112.0,7
tft_raw,prices+weather,3,16,synthetic,pinball_p10,80.36022994803078,7
tft_raw,prices+weather,3,16,synthetic,pinball_p50,165.0827319362717,7
tft_raw,prices+weather,3,16,synthetic,pinball_p90,89.93845302894202,7
tft_raw,prices+weather,3,16,synthetic,pinball_mean,111.7938049710815,7
tft_raw,prices+weather,3,16,synthetic,mape_p50_pct,15.32183693963591,7
tft_raw,prices+weather,3,16,synthetic,coverage_p10_p90_pct,56.25,7
tft_raw,prices+weather,3,16,synthetic,n,112.0,7
tft_raw,prices+weather,4,16,synthetic,pinball_p10,77.61402001517756,7
tft_raw,prices+weather,4,16,synthetic,pinball_p50,182.66937038258052,7
tft_raw,prices+weather,4,16,synthetic,pinball_p90,102.43616622119377,7
tft_raw,prices+weather,4,16,synthetic,pinball_mean,120.90651887298395,7
tft_raw,prices+weather,4,16,synthetic,mape_p50_pct,16.632524274510207,7
tft_raw,prices+weather,4,16,synthetic,coverage_p10_p90_pct,55.35714285714286,7
tft_raw,prices+weather,4,16,synthetic,n,112.0,7
tft_raw,prices+weather,spike_14d,16,synthetic,spike_events,31.0,7
tft_raw,prices+weather,spike_14d,16,synthetic,spike_recall,0.06451612903225806,7
tft_raw,prices+weather,spike_14d,16,synthetic,spike_precision,0.09523809523809523,7
tft_raw,prices+weather,spike_14d,16,synthetic,spike_false_alarm_rate,0.2345679012345679,7
tft_raw,prices+weather,spike_14d,16,synthetic,spike_brier,0.318727814012077,7
tft_raw,prices+weather,1,17,synthetic,pinball_p10,129.7632103876252,7
tft_raw,prices+weather,1,17,synthetic,pinball_p50,158.59811217102765,7
tft_raw,prices+weather,1,17,synthetic,pinball_p90,59.63927302984238,7
tft_raw,prices+weather,1,17,synthetic,pinball_mean,116.00019852949843,7
tft_raw,prices+weather,1,17,synthetic,mape_p50_pct,15.884852082982098,7
tft_raw,prices+weather,1,17,synthetic,coverage_p10_p90_pct,60.71428571428571,7
tft_raw,prices+weather,1,17,synthetic,n,112.0,7
tft_raw,prices+weather,2,17,synthetic,pinball_p10,156.73816403347473,7
tft_raw,prices+weather,2,17,synthetic,pinball_p50,204.30767274140766,7
tft_raw,prices+weather,2,17,synthetic,pinball_p90,71.80685228107278,7
tft_raw,prices+weather,2,17,synthetic,pinball_mean,144.2842296853184,7
tft_raw,prices+weather,2,17,synthetic,mape_p50_pct,19.883455467587012,7
tft_raw,prices+weather,2,17,synthetic,coverage_p10_p90_pct,51.78571428571429,7
tft_raw,prices+weather,2,17,synthetic,n,112.0,7
tft_raw,prices+weather,3,17,synthetic,pinball_p10,149.6775623744058,7
tft_raw,prices+weather,3,17,synthetic,pinball_p50,213.5050947129635,7
tft_raw,prices+weather,3,17,synthetic,pinball_p90,71.3079866201779,7
tft_raw,prices+weather,3,17,synthetic,pinball_mean,144.8302145691824,7
tft_raw,prices+weather,3,17,synthetic,mape_p50_pct,20.37003875380324,7
tft_raw,prices+weather,3,17,synthetic,coverage_p10_p90_pct,49.107142857142854,7
tft_raw,prices+weather,3,17,synthetic,n,112.0,7
tft_raw,prices+weather,4,17,synthetic,pinball_p10,152.29304144150504,7
tft_raw,prices+weather,4,17,synthetic,pinball_p50,221.86565987588392,7
tft_raw,prices+weather,4,17,synthetic,pinball_p90,71.2226466460726,7
tft_raw,prices+weather,4,17,synthetic,pinball_mean,148.46044932115385,7
tft_raw,prices+weather,4,17,synthetic,mape_p50_pct,20.960151304349647,7
tft_raw,prices+weather,4,17,synthetic,coverage_p10_p90_pct,56.25,7
tft_raw,prices+weather,4,17,synthetic,n,112.0,7
tft_raw,prices+weather,spike_14d,17,synthetic,spike_events,21.0,7
tft_raw,prices+weather,spike_14d,17,synthetic,spike_recall,0.0,7
tft_raw,prices+weather,spike_14d,17,synthetic,spike_precision,0.0,7
tft_raw,prices+weather,spike_14d,17,synthetic,spike_false_alarm_rate,0.12087912087912088,7
tft_raw,prices+weather,spike_14d,17,synthetic,spike_brier,0.18176998907547284,7
tft_raw,prices+weather,1,18,synthetic,pinball_p10,137.25925009270472,7
tft_raw,prices+weather,1,18,synthetic,pinball_p50,234.5951474083409,7
tft_raw,prices+weather,1,18,synthetic,pinball_p90,132.39046137921486,7
tft_raw,prices+weather,1,18,synthetic,pinball_mean,168.08161962675348,7
tft_raw,prices+weather,1,18,synthetic,mape_p50_pct,17.498552608496997,7
tft_raw,prices+weather,1,18,synthetic,coverage_p10_p90_pct,46.42857142857143,7
tft_raw,prices+weather,1,18,synthetic,n,112.0,7
tft_raw,prices+weather,2,18,synthetic,pinball_p10,161.94837463488074,7
tft_raw,prices+weather,2,18,synthetic,pinball_p50,297.2752828384208,7
tft_raw,prices+weather,2,18,synthetic,pinball_p90,176.27957169418772,7
tft_raw,prices+weather,2,18,synthetic,pinball_mean,211.83440972249642,7
tft_raw,prices+weather,2,18,synthetic,mape_p50_pct,22.171005308903023,7
tft_raw,prices+weather,2,18,synthetic,coverage_p10_p90_pct,37.5,7
tft_raw,prices+weather,2,18,synthetic,n,112.0,7
tft_raw,prices+weather,3,18,synthetic,pinball_p10,168.39288805185788,7
tft_raw,prices+weather,3,18,synthetic,pinball_p50,332.14043676188237,7
tft_raw,prices+weather,3,18,synthetic,pinball_p90,218.1541328609773,7
tft_raw,prices+weather,3,18,synthetic,pinball_mean,239.5624858915725,7
tft_raw,prices+weather,3,18,synthetic,mape_p50_pct,24.557476111367592,7
tft_raw,prices+weather,3,18,synthetic,coverage_p10_p90_pct,39.285714285714285,7
tft_raw,prices+weather,3,18,synthetic,n,112.0,7
tft_raw,prices+weather,4,18,synthetic,pinball_p10,169.03942898703144,7
tft_raw,prices+weather,4,18,synthetic,pinball_p50,336.0948432436557,7
tft_raw,prices+weather,4,18,synthetic,pinball_p90,225.84090124504925,7
tft_raw,prices+weather,4,18,synthetic,pinball_mean,243.65839115857878,7
tft_raw,prices+weather,4,18,synthetic,mape_p50_pct,24.229985018117027,7
tft_raw,prices+weather,4,18,synthetic,coverage_p10_p90_pct,46.42857142857143,7
tft_raw,prices+weather,4,18,synthetic,n,112.0,7
tft_raw,prices+weather,spike_14d,18,synthetic,spike_events,29.0,7
tft_raw,prices+weather,spike_14d,18,synthetic,spike_recall,0.0,7
tft_raw,prices+weather,spike_14d,18,synthetic,spike_precision,0.0,7
tft_raw,prices+weather,spike_14d,18,synthetic,spike_false_alarm_rate,0.024096385542168676,7
tft_raw,prices+weather,spike_14d,18,synthetic,spike_brier,0.2433339870160815,7
tft_cqr,prices+weather,1,ALL,synthetic,pinball_p10,97.92434356654215,7
tft_cqr,prices+weather,1,ALL,synthetic,pinball_p50,171.91271013656257,7
tft_cqr,prices+weather,1,ALL,synthetic,pinball_p90,90.76825210152339,7
tft_cqr,prices+weather,1,ALL,synthetic,pinball_mean,120.20176860154271,7
tft_cqr,prices+weather,1,ALL,synthetic,mape_p50_pct,15.525229211759212,7
tft_cqr,prices+weather,1,ALL,synthetic,coverage_p10_p90_pct,70.13888888888889,7
tft_cqr,prices+weather,1,ALL,synthetic,n,2016.0,7
tft_cqr,prices+weather,2,ALL,synthetic,pinball_p10,110.27609461973768,7
tft_cqr,prices+weather,2,ALL,synthetic,pinball_p50,193.47356305620076,7
tft_cqr,prices+weather,2,ALL,synthetic,pinball_p90,99.33842872426912,7
tft_cqr,prices+weather,2,ALL,synthetic,pinball_mean,134.36269546673586,7
tft_cqr,prices+weather,2,ALL,synthetic,mape_p50_pct,17.298825634197833,7
tft_cqr,prices+weather,2,ALL,synthetic,coverage_p10_p90_pct,70.08928571428571,7
tft_cqr,prices+weather,2,ALL,synthetic,n,2016.0,7
tft_cqr,prices+weather,3,ALL,synthetic,pinball_p10,102.3059134471304,7
tft_cqr,prices+weather,3,ALL,synthetic,pinball_p50,206.09956196223115,7
tft_cqr,prices+weather,3,ALL,synthetic,pinball_p90,104.23295496535131,7
tft_cqr,prices+weather,3,ALL,synthetic,pinball_mean,137.54614345823762,7
tft_cqr,prices+weather,3,ALL,synthetic,mape_p50_pct,18.077587820204556,7
tft_cqr,prices+weather,3,ALL,synthetic,coverage_p10_p90_pct,75.34722222222221,7
tft_cqr,prices+weather,3,ALL,synthetic,n,2016.0,7
tft_cqr,prices+weather,4,ALL,synthetic,pinball_p10,88.16517130001252,7
tft_cqr,prices+weather,4,ALL,synthetic,pinball_p50,212.92442190826247,7
tft_cqr,prices+weather,4,ALL,synthetic,pinball_p90,105.02650468019004,7
tft_cqr,prices+weather,4,ALL,synthetic,pinball_mean,135.37203262948836,7
tft_cqr,prices+weather,4,ALL,synthetic,mape_p50_pct,18.38455296601289,7
tft_cqr,prices+weather,4,ALL,synthetic,coverage_p10_p90_pct,80.20833333333334,7
tft_cqr,prices+weather,4,ALL,synthetic,n,2016.0,7
tft_cqr,prices+weather,spike_14d,ALL,synthetic,spike_events,418.0,7
tft_cqr,prices+weather,spike_14d,ALL,synthetic,spike_recall,0.14354066985645933,7
tft_cqr,prices+weather,spike_14d,ALL,synthetic,spike_precision,0.3468208092485549,7
tft_cqr,prices+weather,spike_14d,ALL,synthetic,spike_false_alarm_rate,0.0707133917396746,7
tft_cqr,prices+weather,spike_14d,ALL,synthetic,spike_brier,0.17466091680903867,7
tft_cqr,prices+weather,1,1,synthetic,pinball_p10,73.82078041673152,7
tft_cqr,prices+weather,1,1,synthetic,pinball_p50,121.11348914091562,7
tft_cqr,prices+weather,1,1,synthetic,pinball_p90,65.67396390488996,7
tft_cqr,prices+weather,1,1,synthetic,pinball_mean,86.86941115417903,7
tft_cqr,prices+weather,1,1,synthetic,mape_p50_pct,16.48462281803097,7
tft_cqr,prices+weather,1,1,synthetic,coverage_p10_p90_pct,75.89285714285714,7
tft_cqr,prices+weather,1,1,synthetic,n,112.0,7
tft_cqr,prices+weather,2,1,synthetic,pinball_p10,93.43374782515389,7
tft_cqr,prices+weather,2,1,synthetic,pinball_p50,116.20604838079116,7
tft_cqr,prices+weather,2,1,synthetic,pinball_p90,63.31378843940898,7
tft_cqr,prices+weather,2,1,synthetic,pinball_mean,90.98452821511802,7
tft_cqr,prices+weather,2,1,synthetic,mape_p50_pct,16.220745569390864,7
tft_cqr,prices+weather,2,1,synthetic,coverage_p10_p90_pct,81.25,7
tft_cqr,prices+weather,2,1,synthetic,n,112.0,7
tft_cqr,prices+weather,3,1,synthetic,pinball_p10,75.27773231604228,7
tft_cqr,prices+weather,3,1,synthetic,pinball_p50,102.88833490983795,7
tft_cqr,prices+weather,3,1,synthetic,pinball_p90,58.513682537531736,7
tft_cqr,prices+weather,3,1,synthetic,pinball_mean,78.89324992113733,7
tft_cqr,prices+weather,3,1,synthetic,mape_p50_pct,13.815737583103866,7
tft_cqr,prices+weather,3,1,synthetic,coverage_p10_p90_pct,91.07142857142857,7
tft_cqr,prices+weather,3,1,synthetic,n,112.0,7
tft_cqr,prices+weather,4,1,synthetic,pinball_p10,51.26143528907324,7
tft_cqr,prices+weather,4,1,synthetic,pinball_p50,106.97435202533605,7
tft_cqr,prices+weather,4,1,synthetic,pinball_p90,66.80472094970837,7
tft_cqr,prices+weather,4,1,synthetic,pinball_mean,75.01350275470588,7
tft_cqr,prices+weather,4,1,synthetic,mape_p50_pct,12.891706935212778,7
tft_cqr,prices+weather,4,1,synthetic,coverage_p10_p90_pct,92.85714285714286,7
tft_cqr,prices+weather,4,1,synthetic,n,112.0,7
tft_cqr,prices+weather,spike_14d,1,synthetic,spike_events,21.0,7
tft_cqr,prices+weather,spike_14d,1,synthetic,spike_recall,0.3333333333333333,7
tft_cqr,prices+weather,spike_14d,1,synthetic,spike_precision,1.0,7
tft_cqr,prices+weather,spike_14d,1,synthetic,spike_false_alarm_rate,0.0,7
tft_cqr,prices+weather,spike_14d,1,synthetic,spike_brier,0.1158770739644315,7
tft_cqr,prices+weather,1,2,synthetic,pinball_p10,46.41820292071691,7
tft_cqr,prices+weather,1,2,synthetic,pinball_p50,118.02618721969553,7
tft_cqr,prices+weather,1,2,synthetic,pinball_p90,68.9567859245164,7
tft_cqr,prices+weather,1,2,synthetic,pinball_mean,77.80039202164295,7
tft_cqr,prices+weather,1,2,synthetic,mape_p50_pct,12.381078329779994,7
tft_cqr,prices+weather,1,2,synthetic,coverage_p10_p90_pct,74.10714285714286,7
tft_cqr,prices+weather,1,2,synthetic,n,112.0,7
tft_cqr,prices+weather,2,2,synthetic,pinball_p10,49.964256590203455,7
tft_cqr,prices+weather,2,2,synthetic,pinball_p50,133.58623829641584,7
tft_cqr,prices+weather,2,2,synthetic,pinball_p90,74.59052249448216,7
tft_cqr,prices+weather,2,2,synthetic,pinball_mean,86.04700579370048,7
tft_cqr,prices+weather,2,2,synthetic,mape_p50_pct,13.875124441112007,7
tft_cqr,prices+weather,2,2,synthetic,coverage_p10_p90_pct,73.21428571428571,7
tft_cqr,prices+weather,2,2,synthetic,n,112.0,7
tft_cqr,prices+weather,3,2,synthetic,pinball_p10,56.68016904927887,7
tft_cqr,prices+weather,3,2,synthetic,pinball_p50,147.07109703975723,7
tft_cqr,prices+weather,3,2,synthetic,pinball_p90,69.66422193911987,7
tft_cqr,prices+weather,3,2,synthetic,pinball_mean,91.13849600938534,7
tft_cqr,prices+weather,3,2,synthetic,mape_p50_pct,15.38210112207874,7
tft_cqr,prices+weather,3,2,synthetic,coverage_p10_p90_pct,83.03571428571429,7
tft_cqr,prices+weather,3,2,synthetic,n,112.0,7
tft_cqr,prices+weather,4,2,synthetic,pinball_p10,60.27348859094161,7
tft_cqr,prices+weather,4,2,synthetic,pinball_p50,165.1929308194049,7
tft_cqr,prices+weather,4,2,synthetic,pinball_p90,69.72920314197957,7
tft_cqr,prices+weather,4,2,synthetic,pinball_mean,98.39854085077536,7
tft_cqr,prices+weather,4,2,synthetic,mape_p50_pct,17.573378093831924,7
tft_cqr,prices+weather,4,2,synthetic,coverage_p10_p90_pct,89.28571428571429,7
tft_cqr,prices+weather,4,2,synthetic,n,112.0,7
tft_cqr,prices+weather,spike_14d,2,synthetic,spike_events,17.0,7
tft_cqr,prices+weather,spike_14d,2,synthetic,spike_recall,0.29411764705882354,7
tft_cqr,prices+weather,spike_14d,2,synthetic,spike_precision,1.0,7
tft_cqr,prices+weather,spike_14d,2,synthetic,spike_false_alarm_rate,0.0,7
tft_cqr,prices+weather,spike_14d,2,synthetic,spike_brier,0.09888851041664572,7
tft_cqr,prices+weather,1,3,synthetic,pinball_p10,74.5648286993952,7
tft_cqr,prices+weather,1,3,synthetic,pinball_p50,117.361296739563,7
tft_cqr,prices+weather,1,3,synthetic,pinball_p90,58.69978991596817,7
tft_cqr,prices+weather,1,3,synthetic,pinball_mean,83.54197178497544,7
tft_cqr,prices+weather,1,3,synthetic,mape_p50_pct,11.088774056877797,7
tft_cqr,prices+weather,1,3,synthetic,coverage_p10_p90_pct,71.42857142857143,7
tft_cqr,prices+weather,1,3,synthetic,n,112.0,7
tft_cqr,prices+weather,2,3,synthetic,pinball_p10,71.20792409141009,7
tft_cqr,prices+weather,2,3,synthetic,pinball_p50,129.19654425236118,7
tft_cqr,prices+weather,2,3,synthetic,pinball_p90,74.8380853992085,7
tft_cqr,prices+weather,2,3,synthetic,pinball_mean,91.7475179143266,7
tft_cqr,prices+weather,2,3,synthetic,mape_p50_pct,11.791110283272818,7
tft_cqr,prices+weather,2,3,synthetic,coverage_p10_p90_pct,76.78571428571429,7
tft_cqr,prices+weather,2,3,synthetic,n,112.0,7
tft_cqr,prices+weather,3,3,synthetic,pinball_p10,65.77695739881936,7
tft_cqr,prices+weather,3,3,synthetic,pinball_p50,144.44533935377427,7
tft_cqr,prices+weather,3,3,synthetic,pinball_p90,79.72486726068897,7
tft_cqr,prices+weather,3,3,synthetic,pinball_mean,96.64905467109422,7
tft_cqr,prices+weather,3,3,synthetic,mape_p50_pct,12.81480066846314,7
tft_cqr,prices+weather,3,3,synthetic,coverage_p10_p90_pct,81.25,7
tft_cqr,prices+weather,3,3,synthetic,n,112.0,7
tft_cqr,prices+weather,4,3,synthetic,pinball_p10,68.25920231683438,7
tft_cqr,prices+weather,4,3,synthetic,pinball_p50,152.64307697447916,7
tft_cqr,prices+weather,4,3,synthetic,pinball_p90,78.4584412250366,7
tft_cqr,prices+weather,4,3,synthetic,pinball_mean,99.78690683878337,7
tft_cqr,prices+weather,4,3,synthetic,mape_p50_pct,13.456901090333487,7
tft_cqr,prices+weather,4,3,synthetic,coverage_p10_p90_pct,86.60714285714286,7
tft_cqr,prices+weather,4,3,synthetic,n,112.0,7
tft_cqr,prices+weather,spike_14d,3,synthetic,spike_events,16.0,7
tft_cqr,prices+weather,spike_14d,3,synthetic,spike_recall,0.0,7
tft_cqr,prices+weather,spike_14d,3,synthetic,spike_precision,0.0,7
tft_cqr,prices+weather,spike_14d,3,synthetic,spike_false_alarm_rate,0.010416666666666666,7
tft_cqr,prices+weather,spike_14d,3,synthetic,spike_brier,0.11803618483101687,7
tft_cqr,prices+weather,1,4,synthetic,pinball_p10,60.789771494097614,7
tft_cqr,prices+weather,1,4,synthetic,pinball_p50,171.32431922428205,7
tft_cqr,prices+weather,1,4,synthetic,pinball_p90,85.19996462517153,7
tft_cqr,prices+weather,1,4,synthetic,pinball_mean,105.77135178118374,7
tft_cqr,prices+weather,1,4,synthetic,mape_p50_pct,14.653700358375026,7
tft_cqr,prices+weather,1,4,synthetic,coverage_p10_p90_pct,75.0,7
tft_cqr,prices+weather,1,4,synthetic,n,112.0,7
tft_cqr,prices+weather,2,4,synthetic,pinball_p10,66.00258023138588,7
tft_cqr,prices+weather,2,4,synthetic,pinball_p50,177.95025542137097,7
tft_cqr,prices+weather,2,4,synthetic,pinball_p90,88.0786683813722,7
tft_cqr,prices+weather,2,4,synthetic,pinball_mean,110.67716801137635,7
tft_cqr,prices+weather,2,4,synthetic,mape_p50_pct,14.922152592060595,7
tft_cqr,prices+weather,2,4,synthetic,coverage_p10_p90_pct,82.14285714285714,7
tft_cqr,prices+weather,2,4,synthetic,n,112.0,7
tft_cqr,prices+weather,3,4,synthetic,pinball_p10,68.49698388584326,7
tft_cqr,prices+weather,3,4,synthetic,pinball_p50,191.63768971895647,7
tft_cqr,prices+weather,3,4,synthetic,pinball_p90,105.16253727593299,7
tft_cqr,prices+weather,3,4,synthetic,pinball_mean,121.76573696024424,7
tft_cqr,prices+weather,3,4,synthetic,mape_p50_pct,15.794339984542601,7
tft_cqr,prices+weather,3,4,synthetic,coverage_p10_p90_pct,82.14285714285714,7
tft_cqr,prices+weather,3,4,synthetic,n,112.0,7
tft_cqr,prices+weather,4,4,synthetic,pinball_p10,68.91735519402046,7
tft_cqr,prices+weather,4,4,synthetic,pinball_p50,167.35703774957443,7
tft_cqr,prices+weather,4,4,synthetic,pinball_p90,94.55457249459411,7
tft_cqr,prices+weather,4,4,synthetic,pinball_mean,110.27632181272968,7
tft_cqr,prices+weather,4,4,synthetic,mape_p50_pct,13.832569137678433,7
tft_cqr,prices+weather,4,4,synthetic,coverage_p10_p90_pct,86.60714285714286,7
tft_cqr,prices+weather,4,4,synthetic,n,112.0,7
tft_cqr,prices+weather,spike_14d,4,synthetic,spike_events,26.0,7
tft_cqr,prices+weather,spike_14d,4,synthetic,spike_recall,0.0,7
tft_cqr,prices+weather,spike_14d,4,synthetic,spike_precision,0.0,7
tft_cqr,prices+weather,spike_14d,4,synthetic,spike_false_alarm_rate,0.023255813953488372,7
tft_cqr,prices+weather,spike_14d,4,synthetic,spike_brier,0.2310996001650813,7
tft_cqr,prices+weather,1,5,synthetic,pinball_p10,154.10657367737272,7
tft_cqr,prices+weather,1,5,synthetic,pinball_p50,227.05052969486903,7
tft_cqr,prices+weather,1,5,synthetic,pinball_p90,115.86999370225291,7
tft_cqr,prices+weather,1,5,synthetic,pinball_mean,165.67569902483157,7
tft_cqr,prices+weather,1,5,synthetic,mape_p50_pct,19.863935350354563,7
tft_cqr,prices+weather,1,5,synthetic,coverage_p10_p90_pct,61.60714285714286,7
tft_cqr,prices+weather,1,5,synthetic,n,112.0,7
tft_cqr,prices+weather,2,5,synthetic,pinball_p10,171.33557892841853,7
tft_cqr,prices+weather,2,5,synthetic,pinball_p50,230.11544314578967,7
tft_cqr,prices+weather,2,5,synthetic,pinball_p90,126.16753406285932,7
tft_cqr,prices+weather,2,5,synthetic,pinball_mean,175.8728520456892,7
tft_cqr,prices+weather,2,5,synthetic,mape_p50_pct,19.87177673388526,7
tft_cqr,prices+weather,2,5,synthetic,coverage_p10_p90_pct,68.75,7
tft_cqr,prices+weather,2,5,synthetic,n,112.0,7
tft_cqr,prices+weather,3,5,synthetic,pinball_p10,138.36791092591892,7
tft_cqr,prices+weather,3,5,synthetic,pinball_p50,247.34933997283926,7
tft_cqr,prices+weather,3,5,synthetic,pinball_p90,116.23138083025108,7
tft_cqr,prices+weather,3,5,synthetic,pinball_mean,167.3162105763364,7
tft_cqr,prices+weather,3,5,synthetic,mape_p50_pct,20.052399581454285,7
tft_cqr,prices+weather,3,5,synthetic,coverage_p10_p90_pct,71.42857142857143,7
tft_cqr,prices+weather,3,5,synthetic,n,112.0,7
tft_cqr,prices+weather,4,5,synthetic,pinball_p10,109.90365610619153,7
tft_cqr,prices+weather,4,5,synthetic,pinball_p50,232.86024688249583,7
tft_cqr,prices+weather,4,5,synthetic,pinball_p90,106.37040573559936,7
tft_cqr,prices+weather,4,5,synthetic,pinball_mean,149.7114362414289,7
tft_cqr,prices+weather,4,5,synthetic,mape_p50_pct,18.008729110937384,7
tft_cqr,prices+weather,4,5,synthetic,coverage_p10_p90_pct,75.89285714285714,7
tft_cqr,prices+weather,4,5,synthetic,n,112.0,7
tft_cqr,prices+weather,spike_14d,5,synthetic,spike_events,28.0,7
tft_cqr,prices+weather,spike_14d,5,synthetic,spike_recall,0.39285714285714285,7
tft_cqr,prices+weather,spike_14d,5,synthetic,spike_precision,0.34375,7
tft_cqr,prices+weather,spike_14d,5,synthetic,spike_false_alarm_rate,0.25,7
tft_cqr,prices+weather,spike_14d,5,synthetic,spike_brier,0.2242990868127159,7
tft_cqr,prices+weather,1,6,synthetic,pinball_p10,74.62183279968342,7
tft_cqr,prices+weather,1,6,synthetic,pinball_p50,247.51274017486438,7
tft_cqr,prices+weather,1,6,synthetic,pinball_p90,113.76127515240708,7
tft_cqr,prices+weather,1,6,synthetic,pinball_mean,145.2986160423183,7
tft_cqr,prices+weather,1,6,synthetic,mape_p50_pct,17.427603370215454,7
tft_cqr,prices+weather,1,6,synthetic,coverage_p10_p90_pct,72.32142857142857,7
tft_cqr,prices+weather,1,6,synthetic,n,112.0,7
tft_cqr,prices+weather,2,6,synthetic,pinball_p10,87.74597909748825,7
tft_cqr,prices+weather,2,6,synthetic,pinball_p50,290.7756597611999,7
tft_cqr,prices+weather,2,6,synthetic,pinball_p90,129.7923699986457,7
tft_cqr,prices+weather,2,6,synthetic,pinball_mean,169.43800295244463,7
tft_cqr,prices+weather,2,6,synthetic,mape_p50_pct,20.554008092709378,7
tft_cqr,prices+weather,2,6,synthetic,coverage_p10_p90_pct,74.10714285714286,7
tft_cqr,prices+weather,2,6,synthetic,n,112.0,7
tft_cqr,prices+weather,3,6,synthetic,pinball_p10,85.67835288296166,7
tft_cqr,prices+weather,3,6,synthetic,pinball_p50,294.067013594438,7
tft_cqr,prices+weather,3,6,synthetic,pinball_p90,122.86758120413161,7
tft_cqr,prices+weather,3,6,synthetic,pinball_mean,167.5376492271771,7
tft_cqr,prices+weather,3,6,synthetic,mape_p50_pct,20.638188274093203,7
tft_cqr,prices+weather,3,6,synthetic,coverage_p10_p90_pct,85.71428571428571,7
tft_cqr,prices+weather,3,6,synthetic,n,112.0,7
tft_cqr,prices+weather,4,6,synthetic,pinball_p10,86.08656659159817,7
tft_cqr,prices+weather,4,6,synthetic,pinball_p50,315.5816360701775,7
tft_cqr,prices+weather,4,6,synthetic,pinball_p90,134.22779442522628,7
tft_cqr,prices+weather,4,6,synthetic,pinball_mean,178.63199902900067,7
tft_cqr,prices+weather,4,6,synthetic,mape_p50_pct,21.91917642239754,7
tft_cqr,prices+weather,4,6,synthetic,coverage_p10_p90_pct,87.5,7
tft_cqr,prices+weather,4,6,synthetic,n,112.0,7
tft_cqr,prices+weather,spike_14d,6,synthetic,spike_events,17.0,7
tft_cqr,prices+weather,spike_14d,6,synthetic,spike_recall,0.058823529411764705,7
tft_cqr,prices+weather,spike_14d,6,synthetic,spike_precision,0.05555555555555555,7
tft_cqr,prices+weather,spike_14d,6,synthetic,spike_false_alarm_rate,0.17894736842105263,7
tft_cqr,prices+weather,spike_14d,6,synthetic,spike_brier,0.22613254363034113,7
tft_cqr,prices+weather,1,7,synthetic,pinball_p10,160.10164512089088,7
tft_cqr,prices+weather,1,7,synthetic,pinball_p50,239.6114422154755,7
tft_cqr,prices+weather,1,7,synthetic,pinball_p90,119.47859001801255,7
tft_cqr,prices+weather,1,7,synthetic,pinball_mean,173.06389245145965,7
tft_cqr,prices+weather,1,7,synthetic,mape_p50_pct,17.70311428734442,7
tft_cqr,prices+weather,1,7,synthetic,coverage_p10_p90_pct,67.85714285714286,7
tft_cqr,prices+weather,1,7,synthetic,n,112.0,7
tft_cqr,prices+weather,2,7,synthetic,pinball_p10,188.79674684874394,7
tft_cqr,prices+weather,2,7,synthetic,pinball_p50,290.3784527323243,7
tft_cqr,prices+weather,2,7,synthetic,pinball_p90,143.2241125134618,7
tft_cqr,prices+weather,2,7,synthetic,pinball_mean,207.46643736484336,7
tft_cqr,prices+weather,2,7,synthetic,mape_p50_pct,21.77630315519111,7
tft_cqr,prices+weather,2,7,synthetic,coverage_p10_p90_pct,64.28571428571429,7
tft_cqr,prices+weather,2,7,synthetic,n,112.0,7
tft_cqr,prices+weather,3,7,synthetic,pinball_p10,186.39447230581013,7
tft_cqr,prices+weather,3,7,synthetic,pinball_p50,316.8078849859189,7
tft_cqr,prices+weather,3,7,synthetic,pinball_p90,163.96228399715508,7
tft_cqr,prices+weather,3,7,synthetic,pinball_mean,222.38821376296139,7
tft_cqr,prices+weather,3,7,synthetic,mape_p50_pct,23.710717784331266,7
tft_cqr,prices+weather,3,7,synthetic,coverage_p10_p90_pct,66.96428571428571,7
tft_cqr,prices+weather,3,7,synthetic,n,112.0,7
tft_cqr,prices+weather,4,7,synthetic,pinball_p10,165.51848554804172,7
tft_cqr,prices+weather,4,7,synthetic,pinball_p50,334.5906465963256,7
tft_cqr,prices+weather,4,7,synthetic,pinball_p90,152.16426206754957,7
tft_cqr,prices+weather,4,7,synthetic,pinball_mean,217.4244647373056,7
tft_cqr,prices+weather,4,7,synthetic,mape_p50_pct,24.28182988611737,7
tft_cqr,prices+weather,4,7,synthetic,coverage_p10_p90_pct,75.0,7
tft_cqr,prices+weather,4,7,synthetic,n,112.0,7
tft_cqr,prices+weather,spike_14d,7,synthetic,spike_events,38.0,7
tft_cqr,prices+weather,spike_14d,7,synthetic,spike_recall,0.2894736842105263,7
tft_cqr,prices+weather,spike_14d,7,synthetic,spike_precision,0.7333333333333333,7
tft_cqr,prices+weather,spike_14d,7,synthetic,spike_false_alarm_rate,0.05405405405405406,7
tft_cqr,prices+weather,spike_14d,7,synthetic,spike_brier,0.18209519280883374,7
tft_cqr,prices+weather,1,8,synthetic,pinball_p10,67.05733809429216,7
tft_cqr,prices+weather,1,8,synthetic,pinball_p50,125.27321968657031,7
tft_cqr,prices+weather,1,8,synthetic,pinball_p90,55.13691907260965,7
tft_cqr,prices+weather,1,8,synthetic,pinball_mean,82.48915895115738,7
tft_cqr,prices+weather,1,8,synthetic,mape_p50_pct,15.037891116034885,7
tft_cqr,prices+weather,1,8,synthetic,coverage_p10_p90_pct,78.57142857142857,7
tft_cqr,prices+weather,1,8,synthetic,n,112.0,7
tft_cqr,prices+weather,2,8,synthetic,pinball_p10,71.98392604596225,7
tft_cqr,prices+weather,2,8,synthetic,pinball_p50,124.86774327249415,7
tft_cqr,prices+weather,2,8,synthetic,pinball_p90,69.70670552963745,7
tft_cqr,prices+weather,2,8,synthetic,pinball_mean,88.8527916160313,7
tft_cqr,prices+weather,2,8,synthetic,mape_p50_pct,15.31755883987704,7
tft_cqr,prices+weather,2,8,synthetic,coverage_p10_p90_pct,71.42857142857143,7
tft_cqr,prices+weather,2,8,synthetic,n,112.0,7
tft_cqr,prices+weather,3,8,synthetic,pinball_p10,72.02232868593524,7
tft_cqr,prices+weather,3,8,synthetic,pinball_p50,138.41218811340974,7
tft_cqr,prices+weather,3,8,synthetic,pinball_p90,77.96936293446963,7
tft_cqr,prices+weather,3,8,synthetic,pinball_mean,96.1346265779382,7
tft_cqr,prices+weather,3,8,synthetic,mape_p50_pct,17.33685838325075,7
tft_cqr,prices+weather,3,8,synthetic,coverage_p10_p90_pct,72.32142857142857,7
tft_cqr,prices+weather,3,8,synthetic,n,112.0,7
tft_cqr,prices+weather,4,8,synthetic,pinball_p10,52.83510558205141,7
tft_cqr,prices+weather,4,8,synthetic,pinball_p50,160.32704649066108,7
tft_cqr,prices+weather,4,8,synthetic,pinball_p90,92.14921288353753,7
tft_cqr,prices+weather,4,8,synthetic,pinball_mean,101.77045498541668,7
tft_cqr,prices+weather,4,8,synthetic,mape_p50_pct,19.588614238485842,7
tft_cqr,prices+weather,4,8,synthetic,coverage_p10_p90_pct,77.67857142857143,7
tft_cqr,prices+weather,4,8,synthetic,n,112.0,7
tft_cqr,prices+weather,spike_14d,8,synthetic,spike_events,30.0,7
tft_cqr,prices+weather,spike_14d,8,synthetic,spike_recall,0.1,7
tft_cqr,prices+weather,spike_14d,8,synthetic,spike_precision,0.75,7
tft_cqr,prices+weather,spike_14d,8,synthetic,spike_false_alarm_rate,0.012195121951219513,7
tft_cqr,prices+weather,spike_14d,8,synthetic,spike_brier,0.17775091738352142,7
tft_cqr,prices+weather,1,9,synthetic,pinball_p10,83.7842257274983,7
tft_cqr,prices+weather,1,9,synthetic,pinball_p50,160.99929853095256,7
tft_cqr,prices+weather,1,9,synthetic,pinball_p90,74.28126968030776,7
tft_cqr,prices+weather,1,9,synthetic,pinball_mean,106.35493131291953,7
tft_cqr,prices+weather,1,9,synthetic,mape_p50_pct,17.46372604901841,7
tft_cqr,prices+weather,1,9,synthetic,coverage_p10_p90_pct,69.64285714285714,7
tft_cqr,prices+weather,1,9,synthetic,n,112.0,7
tft_cqr,prices+weather,2,9,synthetic,pinball_p10,82.54942495885328,7
tft_cqr,prices+weather,2,9,synthetic,pinball_p50,196.29204449904037,7
tft_cqr,prices+weather,2,9,synthetic,pinball_p90,81.50560444318265,7
tft_cqr,prices+weather,2,9,synthetic,pinball_mean,120.11569130035878,7
tft_cqr,prices+weather,2,9,synthetic,mape_p50_pct,21.842082937111982,7
tft_cqr,prices+weather,2,9,synthetic,coverage_p10_p90_pct,68.75,7
tft_cqr,prices+weather,2,9,synthetic,n,112.0,7
tft_cqr,prices+weather,3,9,synthetic,pinball_p10,74.75587584712575,7
tft_cqr,prices+weather,3,9,synthetic,pinball_p50,206.84842868103686,7
tft_cqr,prices+weather,3,9,synthetic,pinball_p90,89.00632854982037,7
tft_cqr,prices+weather,3,9,synthetic,pinball_mean,123.536877692661,7
tft_cqr,prices+weather,3,9,synthetic,mape_p50_pct,23.14479842524419,7
tft_cqr,prices+weather,3,9,synthetic,coverage_p10_p90_pct,74.10714285714286,7
tft_cqr,prices+weather,3,9,synthetic,n,112.0,7
tft_cqr,prices+weather,4,9,synthetic,pinball_p10,76.05654520548852,7
tft_cqr,prices+weather,4,9,synthetic,pinball_p50,220.9919906435802,7
tft_cqr,prices+weather,4,9,synthetic,pinball_p90,98.74154568288395,7
tft_cqr,prices+weather,4,9,synthetic,pinball_mean,131.93002717731756,7
tft_cqr,prices+weather,4,9,synthetic,mape_p50_pct,24.84758954226973,7
tft_cqr,prices+weather,4,9,synthetic,coverage_p10_p90_pct,74.10714285714286,7
tft_cqr,prices+weather,4,9,synthetic,n,112.0,7
tft_cqr,prices+weather,spike_14d,9,synthetic,spike_events,18.0,7
tft_cqr,prices+weather,spike_14d,9,synthetic,spike_recall,0.0,7
tft_cqr,prices+weather,spike_14d,9,synthetic,spike_precision,0.0,7
tft_cqr,prices+weather,spike_14d,9,synthetic,spike_false_alarm_rate,0.11702127659574468,7
tft_cqr,prices+weather,spike_14d,9,synthetic,spike_brier,0.17429282544732394,7
tft_cqr,prices+weather,1,10,synthetic,pinball_p10,80.93598032450596,7
tft_cqr,prices+weather,1,10,synthetic,pinball_p50,156.49710049941882,7
tft_cqr,prices+weather,1,10,synthetic,pinball_p90,116.35268529406926,7
tft_cqr,prices+weather,1,10,synthetic,pinball_mean,117.92858870599802,7
tft_cqr,prices+weather,1,10,synthetic,mape_p50_pct,12.726252438118694,7
tft_cqr,prices+weather,1,10,synthetic,coverage_p10_p90_pct,63.39285714285714,7
tft_cqr,prices+weather,1,10,synthetic,n,112.0,7
tft_cqr,prices+weather,2,10,synthetic,pinball_p10,105.13089335406617,7
tft_cqr,prices+weather,2,10,synthetic,pinball_p50,177.5037472815022,7
tft_cqr,prices+weather,2,10,synthetic,pinball_p90,117.3637791888472,7
tft_cqr,prices+weather,2,10,synthetic,pinball_mean,133.33280660813853,7
tft_cqr,prices+weather,2,10,synthetic,mape_p50_pct,14.172039275071374,7
tft_cqr,prices+weather,2,10,synthetic,coverage_p10_p90_pct,57.14285714285714,7
tft_cqr,prices+weather,2,10,synthetic,n,112.0,7
tft_cqr,prices+weather,3,10,synthetic,pinball_p10,101.66140139663172,7
tft_cqr,prices+weather,3,10,synthetic,pinball_p50,186.77518342449724,7
tft_cqr,prices+weather,3,10,synthetic,pinball_p90,112.58869494318758,7
tft_cqr,prices+weather,3,10,synthetic,pinball_mean,133.67509325477218,7
tft_cqr,prices+weather,3,10,synthetic,mape_p50_pct,14.905607028304576,7
tft_cqr,prices+weather,3,10,synthetic,coverage_p10_p90_pct,63.39285714285714,7
tft_cqr,prices+weather,3,10,synthetic,n,112.0,7
tft_cqr,prices+weather,4,10,synthetic,pinball_p10,85.24880613704568,7
tft_cqr,prices+weather,4,10,synthetic,pinball_p50,174.1066762126689,7
tft_cqr,prices+weather,4,10,synthetic,pinball_p90,109.3603751237631,7
tft_cqr,prices+weather,4,10,synthetic,pinball_mean,122.90528582449257,7
tft_cqr,prices+weather,4,10,synthetic,mape_p50_pct,13.958458597367457,7
tft_cqr,prices+weather,4,10,synthetic,coverage_p10_p90_pct,75.89285714285714,7
tft_cqr,prices+weather,4,10,synthetic,n,112.0,7
tft_cqr,prices+weather,spike_14d,10,synthetic,spike_events,25.0,7
tft_cqr,prices+weather,spike_14d,10,synthetic,spike_recall,0.0,7
tft_cqr,prices+weather,spike_14d,10,synthetic,spike_precision,,7
tft_cqr,prices+weather,spike_14d,10,synthetic,spike_false_alarm_rate,0.0,7
tft_cqr,prices+weather,spike_14d,10,synthetic,spike_brier,0.17766581681885807,7
tft_cqr,prices+weather,1,11,synthetic,pinball_p10,92.9354162089176,7
tft_cqr,prices+weather,1,11,synthetic,pinball_p50,193.16145062106565,7
tft_cqr,prices+weather,1,11,synthetic,pinball_p90,91.1641504940196,7
tft_cqr,prices+weather,1,11,synthetic,pinball_mean,125.75367244133429,7
tft_cqr,prices+weather,1,11,synthetic,mape_p50_pct,15.36662197574768,7
tft_cqr,prices+weather,1,11,synthetic,coverage_p10_p90_pct,64.28571428571429,7
tft_cqr,prices+weather,1,11,synthetic,n,112.0,7
tft_cqr,prices+weather,2,11,synthetic,pinball_p10,93.90135303042636,7
tft_cqr,prices+weather,2,11,synthetic,pinball_p50,201.33794572434167,7
tft_cqr,prices+weather,2,11,synthetic,pinball_p90,111.8582206430239,7
tft_cqr,prices+weather,2,11,synthetic,pinball_mean,135.6991731325973,7
tft_cqr,prices+weather,2,11,synthetic,mape_p50_pct,15.692338453953885,7
tft_cqr,prices+weather,2,11,synthetic,coverage_p10_p90_pct,66.07142857142857,7
tft_cqr,prices+weather,2,11,synthetic,n,112.0,7
tft_cqr,prices+weather,3,11,synthetic,pinball_p10,93.08439800962722,7
tft_cqr,prices+weather,3,11,synthetic,pinball_p50,217.96579211486193,7
tft_cqr,prices+weather,3,11,synthetic,pinball_p90,112.34635594845463,7
tft_cqr,prices+weather,3,11,synthetic,pinball_mean,141.1321820243146,7
tft_cqr,prices+weather,3,11,synthetic,mape_p50_pct,16.785782858176894,7
tft_cqr,prices+weather,3,11,synthetic,coverage_p10_p90_pct,74.10714285714286,7
tft_cqr,prices+weather,3,11,synthetic,n,112.0,7
tft_cqr,prices+weather,4,11,synthetic,pinball_p10,99.29319697627349,7
tft_cqr,prices+weather,4,11,synthetic,pinball_p50,250.13865850419077,7
tft_cqr,prices+weather,4,11,synthetic,pinball_p90,116.48815294975823,7
tft_cqr,prices+weather,4,11,synthetic,pinball_mean,155.30666947674084,7
tft_cqr,prices+weather,4,11,synthetic,mape_p50_pct,19.212759231153598,7
tft_cqr,prices+weather,4,11,synthetic,coverage_p10_p90_pct,79.46428571428571,7
tft_cqr,prices+weather,4,11,synthetic,n,112.0,7
tft_cqr,prices+weather,spike_14d,11,synthetic,spike_events,15.0,7
tft_cqr,prices+weather,spike_14d,11,synthetic,spike_recall,0.0,7
tft_cqr,prices+weather,spike_14d,11,synthetic,spike_precision,0.0,7
tft_cqr,prices+weather,spike_14d,11,synthetic,spike_false_alarm_rate,0.08247422680412371,7
tft_cqr,prices+weather,spike_14d,11,synthetic,spike_brier,0.12781659318798283,7
tft_cqr,prices+weather,1,12,synthetic,pinball_p10,144.91966713495088,7
tft_cqr,prices+weather,1,12,synthetic,pinball_p50,210.77864976418908,7
tft_cqr,prices+weather,1,12,synthetic,pinball_p90,111.1406858840717,7
tft_cqr,prices+weather,1,12,synthetic,pinball_mean,155.6130009277372,7
tft_cqr,prices+weather,1,12,synthetic,mape_p50_pct,17.759161240949183,7
tft_cqr,prices+weather,1,12,synthetic,coverage_p10_p90_pct,71.42857142857143,7
tft_cqr,prices+weather,1,12,synthetic,n,112.0,7
tft_cqr,prices+weather,2,12,synthetic,pinball_p10,162.78717418704724,7
tft_cqr,prices+weather,2,12,synthetic,pinball_p50,256.4805397638474,7
tft_cqr,prices+weather,2,12,synthetic,pinball_p90,122.35859212062236,7
tft_cqr,prices+weather,2,12,synthetic,pinball_mean,180.542102023839,7
tft_cqr,prices+weather,2,12,synthetic,mape_p50_pct,21.432456897428175,7
tft_cqr,prices+weather,2,12,synthetic,coverage_p10_p90_pct,71.42857142857143,7
tft_cqr,prices+weather,2,12,synthetic,n,112.0,7
tft_cqr,prices+weather,3,12,synthetic,pinball_p10,149.68030550681422,7
tft_cqr,prices+weather,3,12,synthetic,pinball_p50,288.9092807209787,7
tft_cqr,prices+weather,3,12,synthetic,pinball_p90,136.74352437731267,7
tft_cqr,prices+weather,3,12,synthetic,pinball_mean,191.77770353503516,7
tft_cqr,prices+weather,3,12,synthetic,mape_p50_pct,23.73941961989943,7
tft_cqr,prices+weather,3,12,synthetic,coverage_p10_p90_pct,72.32142857142857,7
tft_cqr,prices+weather,3,12,synthetic,n,112.0,7
tft_cqr,prices+weather,4,12,synthetic,pinball_p10,117.09784396210712,7
tft_cqr,prices+weather,4,12,synthetic,pinball_p50,307.71816462540727,7
tft_cqr,prices+weather,4,12,synthetic,pinball_p90,139.96254075747657,7
tft_cqr,prices+weather,4,12,synthetic,pinball_mean,188.25951644833034,7
tft_cqr,prices+weather,4,12,synthetic,mape_p50_pct,24.279862565309386,7
tft_cqr,prices+weather,4,12,synthetic,coverage_p10_p90_pct,75.89285714285714,7
tft_cqr,prices+weather,4,12,synthetic,n,112.0,7
tft_cqr,prices+weather,spike_14d,12,synthetic,spike_events,28.0,7
tft_cqr,prices+weather,spike_14d,12,synthetic,spike_recall,0.39285714285714285,7
tft_cqr,prices+weather,spike_14d,12,synthetic,spike_precision,0.6111111111111112,7
tft_cqr,prices+weather,spike_14d,12,synthetic,spike_false_alarm_rate,0.08333333333333333,7
tft_cqr,prices+weather,spike_14d,12,synthetic,spike_brier,0.15372398804077841,7
tft_cqr,prices+weather,1,13,synthetic,pinball_p10,137.0141967821401,7
tft_cqr,prices+weather,1,13,synthetic,pinball_p50,199.83405847317928,7
tft_cqr,prices+weather,1,13,synthetic,pinball_p90,121.19643356552118,7
tft_cqr,prices+weather,1,13,synthetic,pinball_mean,152.68156294028017,7
tft_cqr,prices+weather,1,13,synthetic,mape_p50_pct,14.350859334818319,7
tft_cqr,prices+weather,1,13,synthetic,coverage_p10_p90_pct,70.53571428571429,7
tft_cqr,prices+weather,1,13,synthetic,n,112.0,7
tft_cqr,prices+weather,2,13,synthetic,pinball_p10,171.4159992299968,7
tft_cqr,prices+weather,2,13,synthetic,pinball_p50,223.99585652043817,7
tft_cqr,prices+weather,2,13,synthetic,pinball_p90,110.78046159052238,7
tft_cqr,prices+weather,2,13,synthetic,pinball_mean,168.73077244698575,7
tft_cqr,prices+weather,2,13,synthetic,mape_p50_pct,16.20509299438909,7
tft_cqr,prices+weather,2,13,synthetic,coverage_p10_p90_pct,65.17857142857143,7
tft_cqr,prices+weather,2,13,synthetic,n,112.0,7
tft_cqr,prices+weather,3,13,synthetic,pinball_p10,161.27520922885233,7
tft_cqr,prices+weather,3,13,synthetic,pinball_p50,230.3266958986254,7
tft_cqr,prices+weather,3,13,synthetic,pinball_p90,109.77727422140121,7
tft_cqr,prices+weather,3,13,synthetic,pinball_mean,167.12639311629297,7
tft_cqr,prices+weather,3,13,synthetic,mape_p50_pct,16.502634187352243,7
tft_cqr,prices+weather,3,13,synthetic,coverage_p10_p90_pct,68.75,7
tft_cqr,prices+weather,3,13,synthetic,n,112.0,7
tft_cqr,prices+weather,4,13,synthetic,pinball_p10,114.90766528302619,7
tft_cqr,prices+weather,4,13,synthetic,pinball_p50,210.54061437702077,7
tft_cqr,prices+weather,4,13,synthetic,pinball_p90,98.4453247389811,7
tft_cqr,prices+weather,4,13,synthetic,pinball_mean,141.29786813300936,7
tft_cqr,prices+weather,4,13,synthetic,mape_p50_pct,14.516441474770827,7
tft_cqr,prices+weather,4,13,synthetic,coverage_p10_p90_pct,83.03571428571429,7
tft_cqr,prices+weather,4,13,synthetic,n,112.0,7
tft_cqr,prices+weather,spike_14d,13,synthetic,spike_events,12.0,7
tft_cqr,prices+weather,spike_14d,13,synthetic,spike_recall,0.08333333333333333,7
tft_cqr,prices+weather,spike_14d,13,synthetic,spike_precision,0.14285714285714285,7
tft_cqr,prices+weather,spike_14d,13,synthetic,spike_false_alarm_rate,0.06,7
tft_cqr,prices+weather,spike_14d,13,synthetic,spike_brier,0.11703925852768068,7
tft_cqr,prices+weather,1,14,synthetic,pinball_p10,101.00089150727838,7
tft_cqr,prices+weather,1,14,synthetic,pinball_p50,141.0234208509625,7
tft_cqr,prices+weather,1,14,synthetic,pinball_p90,78.4860149872653,7
tft_cqr,prices+weather,1,14,synthetic,pinball_mean,106.8367757818354,7
tft_cqr,prices+weather,1,14,synthetic,mape_p50_pct,16.926651252770995,7
tft_cqr,prices+weather,1,14,synthetic,coverage_p10_p90_pct,68.75,7
tft_cqr,prices+weather,1,14,synthetic,n,112.0,7
tft_cqr,prices+weather,2,14,synthetic,pinball_p10,107.95178983254009,7
tft_cqr,prices+weather,2,14,synthetic,pinball_p50,163.2017851658414,7
tft_cqr,prices+weather,2,14,synthetic,pinball_p90,84.23453874628319,7
tft_cqr,prices+weather,2,14,synthetic,pinball_mean,118.46270458155489,7
tft_cqr,prices+weather,2,14,synthetic,mape_p50_pct,19.445491776686257,7
tft_cqr,prices+weather,2,14,synthetic,coverage_p10_p90_pct,67.85714285714286,7
tft_cqr,prices+weather,2,14,synthetic,n,112.0,7
tft_cqr,prices+weather,3,14,synthetic,pinball_p10,87.8018002856305,7
tft_cqr,prices+weather,3,14,synthetic,pinball_p50,186.62853932108,7
tft_cqr,prices+weather,3,14,synthetic,pinball_p90,100.9705962979534,7
tft_cqr,prices+weather,3,14,synthetic,pinball_mean,125.13364530155464,7
tft_cqr,prices+weather,3,14,synthetic,mape_p50_pct,20.932173557047733,7
tft_cqr,prices+weather,3,14,synthetic,coverage_p10_p90_pct,66.96428571428571,7
tft_cqr,prices+weather,3,14,synthetic,n,112.0,7
tft_cqr,prices+weather,4,14,synthetic,pinball_p10,70.6610335317466,7
tft_cqr,prices+weather,4,14,synthetic,pinball_p50,192.4715622675963,7
tft_cqr,prices+weather,4,14,synthetic,pinball_p90,106.45432683127065,7
tft_cqr,prices+weather,4,14,synthetic,pinball_mean,123.19564087687117,7
tft_cqr,prices+weather,4,14,synthetic,mape_p50_pct,21.01543738198746,7
tft_cqr,prices+weather,4,14,synthetic,coverage_p10_p90_pct,71.42857142857143,7
tft_cqr,prices+weather,4,14,synthetic,n,112.0,7
tft_cqr,prices+weather,spike_14d,14,synthetic,spike_events,37.0,7
tft_cqr,prices+weather,spike_14d,14,synthetic,spike_recall,0.21621621621621623,7
tft_cqr,prices+weather,spike_14d,14,synthetic,spike_precision,1.0,7
tft_cqr,prices+weather,spike_14d,14,synthetic,spike_false_alarm_rate,0.0,7
tft_cqr,prices+weather,spike_14d,14,synthetic,spike_brier,0.2181356841657058,7
tft_cqr,prices+weather,1,15,synthetic,pinball_p10,51.24224358898825,7
tft_cqr,prices+weather,1,15,synthetic,pinball_p50,101.03790101037188,7
tft_cqr,prices+weather,1,15,synthetic,pinball_p90,61.69363518580564,7
tft_cqr,prices+weather,1,15,synthetic,pinball_mean,71.32459326172193,7
tft_cqr,prices+weather,1,15,synthetic,mape_p50_pct,9.956938760533038,7
tft_cqr,prices+weather,1,15,synthetic,coverage_p10_p90_pct,82.14285714285714,7
tft_cqr,prices+weather,1,15,synthetic,n,112.0,7
tft_cqr,prices+weather,2,15,synthetic,pinball_p10,56.73158159103769,7
tft_cqr,prices+weather,2,15,synthetic,pinball_p50,96.77562259509584,7
tft_cqr,prices+weather,2,15,synthetic,pinball_p90,64.43727411309348,7
tft_cqr,prices+weather,2,15,synthetic,pinball_mean,72.64815943307566,7
tft_cqr,prices+weather,2,15,synthetic,mape_p50_pct,9.455231632975227,7
tft_cqr,prices+weather,2,15,synthetic,coverage_p10_p90_pct,85.71428571428571,7
tft_cqr,prices+weather,2,15,synthetic,n,112.0,7
tft_cqr,prices+weather,3,15,synthetic,pinball_p10,59.22028588927901,7
tft_cqr,prices+weather,3,15,synthetic,pinball_p50,98.93104405903101,7
tft_cqr,prices+weather,3,15,synthetic,pinball_p90,62.28009720184794,7
tft_cqr,prices+weather,3,15,synthetic,pinball_mean,73.47714238338598,7
tft_cqr,prices+weather,3,15,synthetic,mape_p50_pct,9.591669901532338,7
tft_cqr,prices+weather,3,15,synthetic,coverage_p10_p90_pct,93.75,7
tft_cqr,prices+weather,3,15,synthetic,n,112.0,7
tft_cqr,prices+weather,4,15,synthetic,pinball_p10,60.052521928042246,7
tft_cqr,prices+weather,4,15,synthetic,pinball_p50,100.51508060768528,7
tft_cqr,prices+weather,4,15,synthetic,pinball_p90,63.17510115387923,7
tft_cqr,prices+weather,4,15,synthetic,pinball_mean,74.58090122986893,7
tft_cqr,prices+weather,4,15,synthetic,mape_p50_pct,9.715839083401919,7
tft_cqr,prices+weather,4,15,synthetic,coverage_p10_p90_pct,93.75,7
tft_cqr,prices+weather,4,15,synthetic,n,112.0,7
tft_cqr,prices+weather,spike_14d,15,synthetic,spike_events,9.0,7
tft_cqr,prices+weather,spike_14d,15,synthetic,spike_recall,0.0,7
tft_cqr,prices+weather,spike_14d,15,synthetic,spike_precision,0.0,7
tft_cqr,prices+weather,spike_14d,15,synthetic,spike_false_alarm_rate,0.02912621359223301,7
tft_cqr,prices+weather,spike_14d,15,synthetic,spike_brier,0.05721143625814731,7
tft_cqr,prices+weather,1,16,synthetic,pinball_p10,119.5254862387634,7
tft_cqr,prices+weather,1,16,synthetic,pinball_p50,170.63041903238226,7
tft_cqr,prices+weather,1,16,synthetic,pinball_p90,88.77725700740413,7
tft_cqr,prices+weather,1,16,synthetic,pinball_mean,126.31105409284994,7
tft_cqr,prices+weather,1,16,synthetic,mape_p50_pct,16.879790381217312,7
tft_cqr,prices+weather,1,16,synthetic,coverage_p10_p90_pct,66.96428571428571,7
tft_cqr,prices+weather,1,16,synthetic,n,112.0,7
tft_cqr,prices+weather,2,16,synthetic,pinball_p10,127.229843375117,7
tft_cqr,prices+weather,2,16,synthetic,pinball_p50,172.27725261893093,7
tft_cqr,prices+weather,2,16,synthetic,pinball_p90,87.52121800562999,7
tft_cqr,prices+weather,2,16,synthetic,pinball_mean,129.00943799989264,7
tft_cqr,prices+weather,2,16,synthetic,mape_p50_pct,16.75088696395585,7
tft_cqr,prices+weather,2,16,synthetic,coverage_p10_p90_pct,75.0,7
tft_cqr,prices+weather,2,16,synthetic,n,112.0,7
tft_cqr,prices+weather,3,16,synthetic,pinball_p10,100.10724126298369,7
tft_cqr,prices+weather,3,16,synthetic,pinball_p50,165.0827319362717,7
tft_cqr,prices+weather,3,16,synthetic,pinball_p90,86.72752652541269,7
tft_cqr,prices+weather,3,16,synthetic,pinball_mean,117.30583324155604,7
tft_cqr,prices+weather,3,16,synthetic,mape_p50_pct,15.32183693963591,7
tft_cqr,prices+weather,3,16,synthetic,coverage_p10_p90_pct,81.25,7
tft_cqr,prices+weather,3,16,synthetic,n,112.0,7
tft_cqr,prices+weather,4,16,synthetic,pinball_p10,73.58732518734163,7
tft_cqr,prices+weather,4,16,synthetic,pinball_p50,182.66937038258052,7
tft_cqr,prices+weather,4,16,synthetic,pinball_p90,89.44072387584104,7
tft_cqr,prices+weather,4,16,synthetic,pinball_mean,115.23247314858774,7
tft_cqr,prices+weather,4,16,synthetic,mape_p50_pct,16.632524274510207,7
tft_cqr,prices+weather,4,16,synthetic,coverage_p10_p90_pct,85.71428571428571,7
tft_cqr,prices+weather,4,16,synthetic,n,112.0,7
tft_cqr,prices+weather,spike_14d,16,synthetic,spike_events,31.0,7
tft_cqr,prices+weather,spike_14d,16,synthetic,spike_recall,0.06451612903225806,7
tft_cqr,prices+weather,spike_14d,16,synthetic,spike_precision,0.09523809523809523,7
tft_cqr,prices+weather,spike_14d,16,synthetic,spike_false_alarm_rate,0.2345679012345679,7
tft_cqr,prices+weather,spike_14d,16,synthetic,spike_brier,0.318727814012077,7
tft_cqr,prices+weather,1,17,synthetic,pinball_p10,93.60270917706855,7
tft_cqr,prices+weather,1,17,synthetic,pinball_p50,158.59811217102765,7
tft_cqr,prices+weather,1,17,synthetic,pinball_p90,85.04196078421045,7
tft_cqr,prices+weather,1,17,synthetic,pinball_mean,112.41426071076889,7
tft_cqr,prices+weather,1,17,synthetic,mape_p50_pct,15.884852082982098,7
tft_cqr,prices+weather,1,17,synthetic,coverage_p10_p90_pct,70.53571428571429,7
tft_cqr,prices+weather,1,17,synthetic,n,112.0,7
tft_cqr,prices+weather,2,17,synthetic,pinball_p10,118.11749400569283,7
tft_cqr,prices+weather,2,17,synthetic,pinball_p50,204.30767274140766,7
tft_cqr,prices+weather,2,17,synthetic,pinball_p90,96.65792214161687,7
tft_cqr,prices+weather,2,17,synthetic,pinball_mean,139.69436296290579,7
tft_cqr,prices+weather,2,17,synthetic,mape_p50_pct,19.883455467587012,7
tft_cqr,prices+weather,2,17,synthetic,coverage_p10_p90_pct,62.5,7
tft_cqr,prices+weather,2,17,synthetic,n,112.0,7
tft_cqr,prices+weather,3,17,synthetic,pinball_p10,106.91887224499449,7
tft_cqr,prices+weather,3,17,synthetic,pinball_p50,213.5050947129635,7
tft_cqr,prices+weather,3,17,synthetic,pinball_p90,91.98011614774681,7
tft_cqr,prices+weather,3,17,synthetic,pinball_mean,137.4680277019016,7
tft_cqr,prices+weather,3,17,synthetic,mape_p50_pct,20.37003875380324,7
tft_cqr,prices+weather,3,17,synthetic,coverage_p10_p90_pct,72.32142857142857,7
tft_cqr,prices+weather,3,17,synthetic,n,112.0,7
tft_cqr,prices+weather,4,17,synthetic,pinball_p10,98.16792889451744,7
tft_cqr,prices+weather,4,17,synthetic,pinball_p50,221.86565987588392,7
tft_cqr,prices+weather,4,17,synthetic,pinball_p90,88.87673829018887,7
tft_cqr,prices+weather,4,17,synthetic,pinball_mean,136.30344235353007,7
tft_cqr,prices+weather,4,17,synthetic,mape_p50_pct,20.960151304349647,7
tft_cqr,prices+weather,4,17,synthetic,coverage_p10_p90_pct,75.0,7
tft_cqr,prices+weather,4,17,synthetic,n,112.0,7
tft_cqr,prices+weather,spike_14d,17,synthetic,spike_events,21.0,7
tft_cqr,prices+weather,spike_14d,17,synthetic,spike_recall,0.0,7
tft_cqr,prices+weather,spike_14d,17,synthetic,spike_precision,0.0,7
tft_cqr,prices+weather,spike_14d,17,synthetic,spike_false_alarm_rate,0.12087912087912088,7
tft_cqr,prices+weather,spike_14d,17,synthetic,spike_brier,0.18176998907547284,7
tft_cqr,prices+weather,1,18,synthetic,pinball_p10,146.1963942844668,7
tft_cqr,prices+weather,1,18,synthetic,pinball_p50,234.5951474083409,7
tft_cqr,prices+weather,1,18,synthetic,pinball_p90,122.91716262891791,7
tft_cqr,prices+weather,1,18,synthetic,pinball_mean,167.9029014405752,7
tft_cqr,prices+weather,1,18,synthetic,mape_p50_pct,17.498552608496997,7
tft_cqr,prices+weather,1,18,synthetic,coverage_p10_p90_pct,58.03571428571429,7
tft_cqr,prices+weather,1,18,synthetic,n,112.0,7
tft_cqr,prices+weather,2,18,synthetic,pinball_p10,158.68340993173425,7
tft_cqr,prices+weather,2,18,synthetic,pinball_p50,297.2752828384208,7
tft_cqr,prices+weather,2,18,synthetic,pinball_p90,141.66231922494586,7
tft_cqr,prices+weather,2,18,synthetic,pinball_mean,199.20700399836696,7
tft_cqr,prices+weather,2,18,synthetic,mape_p50_pct,22.171005308903023,7
tft_cqr,prices+weather,2,18,synthetic,coverage_p10_p90_pct,50.0,7
tft_cqr,prices+weather,2,18,synthetic,n,112.0,7
tft_cqr,prices+weather,3,18,synthetic,pinball_p10,158.30614492579843,7
tft_cqr,prices+weather,3,18,synthetic,pinball_p50,332.14043676188237,7
tft_cqr,prices+weather,3,18,synthetic,pinball_p90,179.67675718390538,7
tft_cqr,prices+weather,3,18,synthetic,pinball_mean,223.3744462905287,7
tft_cqr,prices+weather,3,18,synthetic,mape_p50_pct,24.557476111367592,7
tft_cqr,prices+weather,3,18,synthetic,coverage_p10_p90_pct,55.35714285714286,7
tft_cqr,prices+weather,3,18,synthetic,n,112.0,7
tft_cqr,prices+weather,4,18,synthetic,pinball_p10,128.844921075884,7
tft_cqr,prices+weather,4,18,synthetic,pinball_p50,336.0948432436557,7
tft_cqr,prices+weather,4,18,synthetic,pinball_p90,185.0736419161471,7
tft_cqr,prices+weather,4,18,synthetic,pinball_mean,216.67113541189556,7
tft_cqr,prices+weather,4,18,synthetic,mape_p50_pct,24.229985018117027,7
tft_cqr,prices+weather,4,18,synthetic,coverage_p10_p90_pct,58.03571428571429,7
tft_cqr,prices+weather,4,18,synthetic,n,112.0,7
tft_cqr,prices+weather,spike_14d,18,synthetic,spike_events,29.0,7
tft_cqr,prices+weather,spike_14d,18,synthetic,spike_recall,0.0,7
tft_cqr,prices+weather,spike_14d,18,synthetic,spike_precision,0.0,7
tft_cqr,prices+weather,spike_14d,18,synthetic,spike_false_alarm_rate,0.024096385542168676,7
tft_cqr,prices+weather,spike_14d,18,synthetic,spike_brier,0.2433339870160815,7
seasonal_naive,prices+weather,1,ALL,synthetic,pinball_p10,94.15321814369764,1
seasonal_naive,prices+weather,1,ALL,synthetic,pinball_p50,261.65669793329187,1
seasonal_naive,prices+weather,1,ALL,synthetic,pinball_p90,141.1451200307559,1
seasonal_naive,prices+weather,1,ALL,synthetic,pinball_mean,165.6516787025818,1
seasonal_naive,prices+weather,1,ALL,synthetic,mape_p50_pct,18.772893161202404,1
seasonal_naive,prices+weather,1,ALL,synthetic,coverage_p10_p90_pct,87.47514910536779,1
seasonal_naive,prices+weather,1,ALL,synthetic,n,2012.0,1
seasonal_naive,prices+weather,2,ALL,synthetic,pinball_p10,113.40399101828123,1
seasonal_naive,prices+weather,2,ALL,synthetic,pinball_p50,331.4213955890313,1
seasonal_naive,prices+weather,2,ALL,synthetic,pinball_p90,192.49312284271252,1
seasonal_naive,prices+weather,2,ALL,synthetic,pinball_mean,212.43950315000836,1
seasonal_naive,prices+weather,2,ALL,synthetic,mape_p50_pct,23.408302721062018,1
seasonal_naive,prices+weather,2,ALL,synthetic,coverage_p10_p90_pct,89.06560636182903,1
seasonal_naive,prices+weather,2,ALL,synthetic,n,2012.0,1
seasonal_naive,prices+weather,3,ALL,synthetic,pinball_p10,122.03354088465387,1
seasonal_naive,prices+weather,3,ALL,synthetic,pinball_p50,363.1380595096815,1
seasonal_naive,prices+weather,3,ALL,synthetic,pinball_p90,222.59495887447088,1
seasonal_naive,prices+weather,3,ALL,synthetic,pinball_mean,235.92218642293543,1
seasonal_naive,prices+weather,3,ALL,synthetic,mape_p50_pct,25.92579692503549,1
seasonal_naive,prices+weather,3,ALL,synthetic,coverage_p10_p90_pct,90.70576540755468,1
seasonal_naive,prices+weather,3,ALL,synthetic,n,2012.0,1
seasonal_naive,prices+weather,4,ALL,synthetic,pinball_p10,128.15994481174076,1
seasonal_naive,prices+weather,4,ALL,synthetic,pinball_p50,366.04878786054513,1
seasonal_naive,prices+weather,4,ALL,synthetic,pinball_p90,227.51002748534773,1
seasonal_naive,prices+weather,4,ALL,synthetic,pinball_mean,240.57292005254453,1
seasonal_naive,prices+weather,4,ALL,synthetic,mape_p50_pct,26.637715391003898,1
seasonal_naive,prices+weather,4,ALL,synthetic,coverage_p10_p90_pct,92.34592445328032,1
seasonal_naive,prices+weather,4,ALL,synthetic,n,2012.0,1
seasonal_naive,prices+weather,spike_14d,ALL,synthetic,spike_events,483.0,1
seasonal_naive,prices+weather,spike_14d,ALL,synthetic,spike_recall,0.0,1
seasonal_naive,prices+weather,spike_14d,ALL,synthetic,spike_precision,,1
seasonal_naive,prices+weather,spike_14d,ALL,synthetic,spike_false_alarm_rate,0.0,1
seasonal_naive,prices+weather,spike_14d,ALL,synthetic,spike_brier,0.1852310129318197,1
seasonal_naive,prices+weather,1,1,synthetic,pinball_p10,85.34268378236877,1
seasonal_naive,prices+weather,1,1,synthetic,pinball_p50,226.55314862311943,1
seasonal_naive,prices+weather,1,1,synthetic,pinball_p90,143.8498569664074,1
seasonal_naive,prices+weather,1,1,synthetic,pinball_mean,151.91522979063186,1
seasonal_naive,prices+weather,1,1,synthetic,mape_p50_pct,20.612023579103486,1
seasonal_naive,prices+weather,1,1,synthetic,coverage_p10_p90_pct,78.57142857142857,1
seasonal_naive,prices+weather,1,1,synthetic,n,112.0,1
seasonal_naive,prices+weather,2,1,synthetic,pinball_p10,82.82671119722006,1
seasonal_naive,prices+weather,2,1,synthetic,pinball_p50,289.575467308781,1
seasonal_naive,prices+weather,2,1,synthetic,pinball_p90,203.78901273203536,1
seasonal_naive,prices+weather,2,1,synthetic,pinball_mean,192.06373041267884,1
seasonal_naive,prices+weather,2,1,synthetic,mape_p50_pct,25.79412554611299,1
seasonal_naive,prices+weather,2,1,synthetic,coverage_p10_p90_pct,89.28571428571429,1
seasonal_naive,prices+weather,2,1,synthetic,n,112.0,1
seasonal_naive,prices+weather,3,1,synthetic,pinball_p10,94.0084331358466,1
seasonal_naive,prices+weather,3,1,synthetic,pinball_p50,324.601686554397,1
seasonal_naive,prices+weather,3,1,synthetic,pinball_p90,225.76619714408747,1
seasonal_naive,prices+weather,3,1,synthetic,pinball_mean,214.7921056114437,1
seasonal_naive,prices+weather,3,1,synthetic,mape_p50_pct,28.74705498827553,1
seasonal_naive,prices+weather,3,1,synthetic,coverage_p10_p90_pct,83.92857142857143,1
seasonal_naive,prices+weather,3,1,synthetic,n,112.0,1
seasonal_naive,prices+weather,4,1,synthetic,pinball_p10,102.30144365830127,1
seasonal_naive,prices+weather,4,1,synthetic,pinball_p50,375.953488199346,1
seasonal_naive,prices+weather,4,1,synthetic,pinball_p90,218.68832843436516,1
seasonal_naive,prices+weather,4,1,synthetic,pinball_mean,232.31442009733746,1
seasonal_naive,prices+weather,4,1,synthetic,mape_p50_pct,34.50826254905505,1
seasonal_naive,prices+weather,4,1,synthetic,coverage_p10_p90_pct,83.92857142857143,1
seasonal_naive,prices+weather,4,1,synthetic,n,112.0,1
seasonal_naive,prices+weather,spike_14d,1,synthetic,spike_events,31.0,1
seasonal_naive,prices+weather,spike_14d,1,synthetic,spike_recall,0.0,1
seasonal_naive,prices+weather,spike_14d,1,synthetic,spike_precision,,1
seasonal_naive,prices+weather,spike_14d,1,synthetic,spike_false_alarm_rate,0.0,1
seasonal_naive,prices+weather,spike_14d,1,synthetic,spike_brier,0.19998331683056395,1
seasonal_naive,prices+weather,1,2,synthetic,pinball_p10,72.50861827603838,1
seasonal_naive,prices+weather,1,2,synthetic,pinball_p50,218.89122174229155,1
seasonal_naive,prices+weather,1,2,synthetic,pinball_p90,135.3842918890442,1
seasonal_naive,prices+weather,1,2,synthetic,pinball_mean,142.26137730245804,1
seasonal_naive,prices+weather,1,2,synthetic,mape_p50_pct,18.20828356047877,1
seasonal_naive,prices+weather,1,2,synthetic,coverage_p10_p90_pct,88.39285714285714,1
seasonal_naive,prices+weather,1,2,synthetic,n,112.0,1
seasonal_naive,prices+weather,2,2,synthetic,pinball_p10,92.25081918301132,1
seasonal_naive,prices+weather,2,2,synthetic,pinball_p50,269.6017752411279,1
seasonal_naive,prices+weather,2,2,synthetic,pinball_p90,185.48273103223877,1
seasonal_naive,prices+weather,2,2,synthetic,pinball_mean,182.44510848545931,1
seasonal_naive,prices+weather,2,2,synthetic,mape_p50_pct,21.101715173846987,1
seasonal_naive,prices+weather,2,2,synthetic,coverage_p10_p90_pct,90.17857142857143,1
seasonal_naive,prices+weather,2,2,synthetic,n,112.0,1
seasonal_naive,prices+weather,3,2,synthetic,pinball_p10,103.32877710877119,1
seasonal_naive,prices+weather,3,2,synthetic,pinball_p50,309.3751008080734,1
seasonal_naive,prices+weather,3,2,synthetic,pinball_p90,175.08317899306624,1
seasonal_naive,prices+weather,3,2,synthetic,pinball_mean,195.92901896997026,1
seasonal_naive,prices+weather,3,2,synthetic,mape_p50_pct,24.829763258439623,1
seasonal_naive,prices+weather,3,2,synthetic,coverage_p10_p90_pct,89.28571428571429,1
seasonal_naive,prices+weather,3,2,synthetic,n,112.0,1
seasonal_naive,prices+weather,4,2,synthetic,pinball_p10,112.63997575290571,1
seasonal_naive,prices+weather,4,2,synthetic,pinball_p50,312.9616433328459,1
seasonal_naive,prices+weather,4,2,synthetic,pinball_p90,178.8776506119913,1
seasonal_naive,prices+weather,4,2,synthetic,pinball_mean,201.49308989924762,1
seasonal_naive,prices+weather,4,2,synthetic,mape_p50_pct,25.055654357176994,1
seasonal_naive,prices+weather,4,2,synthetic,coverage_p10_p90_pct,91.96428571428571,1
seasonal_naive,prices+weather,4,2,synthetic,n,112.0,1
seasonal_naive,prices+weather,spike_14d,2,synthetic,spike_events,35.0,1
seasonal_naive,prices+weather,spike_14d,2,synthetic,spike_recall,0.0,1
seasonal_naive,prices+weather,spike_14d,2,synthetic,spike_precision,,1
seasonal_naive,prices+weather,spike_14d,2,synthetic,spike_false_alarm_rate,0.0,1
seasonal_naive,prices+weather,spike_14d,2,synthetic,spike_brier,0.21563422161808887,1
seasonal_naive,prices+weather,1,3,synthetic,pinball_p10,84.74256354330016,1
seasonal_naive,prices+weather,1,3,synthetic,pinball_p50,210.94207391841297,1
seasonal_naive,prices+weather,1,3,synthetic,pinball_p90,119.65448860991222,1
seasonal_naive,prices+weather,1,3,synthetic,pinball_mean,138.44637535720844,1
seasonal_naive,prices+weather,1,3,synthetic,mape_p50_pct,17.142207908385622,1
seasonal_naive,prices+weather,1,3,synthetic,coverage_p10_p90_pct,90.9090909090909,1
seasonal_naive,prices+weather,1,3,synthetic,n,110.0,1
seasonal_naive,prices+weather,2,3,synthetic,pinball_p10,98.563471580317,1
seasonal_naive,prices+weather,2,3,synthetic,pinball_p50,186.3660235080042,1
seasonal_naive,prices+weather,2,3,synthetic,pinball_p90,153.78377350855132,1
seasonal_naive,prices+weather,2,3,synthetic,pinball_mean,146.2377561989575,1
seasonal_naive,prices+weather,2,3,synthetic,mape_p50_pct,15.793389755060355,1
seasonal_naive,prices+weather,2,3,synthetic,coverage_p10_p90_pct,95.45454545454545,1
seasonal_naive,prices+weather,2,3,synthetic,n,110.0,1
seasonal_naive,prices+weather,3,3,synthetic,pinball_p10,107.38004151699512,1
seasonal_naive,prices+weather,3,3,synthetic,pinball_p50,202.29966190069996,1
seasonal_naive,prices+weather,3,3,synthetic,pinball_p90,177.9161183364439,1
seasonal_naive,prices+weather,3,3,synthetic,pinball_mean,162.531940584713,1
seasonal_naive,prices+weather,3,3,synthetic,mape_p50_pct,16.439137715978518,1
seasonal_naive,prices+weather,3,3,synthetic,coverage_p10_p90_pct,98.18181818181819,1
seasonal_naive,prices+weather,3,3,synthetic,n,110.0,1
seasonal_naive,prices+weather,4,3,synthetic,pinball_p10,114.75534043057753,1
seasonal_naive,prices+weather,4,3,synthetic,pinball_p50,201.48764002749334,1
seasonal_naive,prices+weather,4,3,synthetic,pinball_p90,187.30445687183797,1
seasonal_naive,prices+weather,4,3,synthetic,pinball_mean,167.84914577663628,1
seasonal_naive,prices+weather,4,3,synthetic,mape_p50_pct,16.80092686080103,1
seasonal_naive,prices+weather,4,3,synthetic,coverage_p10_p90_pct,100.0,1
seasonal_naive,prices+weather,4,3,synthetic,n,110.0,1
seasonal_naive,prices+weather,spike_14d,3,synthetic,spike_events,32.0,1
seasonal_naive,prices+weather,spike_14d,3,synthetic,spike_recall,0.0,1
seasonal_naive,prices+weather,spike_14d,3,synthetic,spike_precision,,1
seasonal_naive,prices+weather,spike_14d,3,synthetic,spike_false_alarm_rate,0.0,1
seasonal_naive,prices+weather,spike_14d,3,synthetic,spike_brier,0.22394426574635967,1
seasonal_naive,prices+weather,1,4,synthetic,pinball_p10,92.34416915696787,1
seasonal_naive,prices+weather,1,4,synthetic,pinball_p50,233.08394649834185,1
seasonal_naive,prices+weather,1,4,synthetic,pinball_p90,125.22502507428428,1
seasonal_naive,prices+weather,1,4,synthetic,pinball_mean,150.21771357653134,1
seasonal_naive,prices+weather,1,4,synthetic,mape_p50_pct,17.193546111561776,1
seasonal_naive,prices+weather,1,4,synthetic,coverage_p10_p90_pct,87.5,1
seasonal_naive,prices+weather,1,4,synthetic,n,112.0,1
seasonal_naive,prices+weather,2,4,synthetic,pinball_p10,109.59697336132406,1
seasonal_naive,prices+weather,2,4,synthetic,pinball_p50,308.8627153651268,1
seasonal_naive,prices+weather,2,4,synthetic,pinball_p90,167.60740882305763,1
seasonal_naive,prices+weather,2,4,synthetic,pinball_mean,195.3556991831695,1
seasonal_naive,prices+weather,2,4,synthetic,mape_p50_pct,22.298166814541847,1
seasonal_naive,prices+weather,2,4,synthetic,coverage_p10_p90_pct,89.28571428571429,1
seasonal_naive,prices+weather,2,4,synthetic,n,112.0,1
seasonal_naive,prices+weather,3,4,synthetic,pinball_p10,124.03867233020425,1
seasonal_naive,prices+weather,3,4,synthetic,pinball_p50,335.68241341711126,1
seasonal_naive,prices+weather,3,4,synthetic,pinball_p90,185.54663041715767,1
seasonal_naive,prices+weather,3,4,synthetic,pinball_mean,215.08923872149106,1
seasonal_naive,prices+weather,3,4,synthetic,mape_p50_pct,23.721513829113952,1
seasonal_naive,prices+weather,3,4,synthetic,coverage_p10_p90_pct,93.75,1
seasonal_naive,prices+weather,3,4,synthetic,n,112.0,1
seasonal_naive,prices+weather,4,4,synthetic,pinball_p10,135.1616196139112,1
seasonal_naive,prices+weather,4,4,synthetic,pinball_p50,361.96860222324966,1
seasonal_naive,prices+weather,4,4,synthetic,pinball_p90,205.84053202116502,1
seasonal_naive,prices+weather,4,4,synthetic,pinball_mean,234.32358461944196,1
seasonal_naive,prices+weather,4,4,synthetic,mape_p50_pct,25.318301949944626,1
seasonal_naive,prices+weather,4,4,synthetic,coverage_p10_p90_pct,92.85714285714286,1
seasonal_naive,prices+weather,4,4,synthetic,n,112.0,1
seasonal_naive,prices+weather,spike_14d,4,synthetic,spike_events,29.0,1
seasonal_naive,prices+weather,spike_14d,4,synthetic,spike_recall,0.0,1
seasonal_naive,prices+weather,spike_14d,4,synthetic,spike_precision,,1
seasonal_naive,prices+weather,spike_14d,4,synthetic,spike_false_alarm_rate,0.0,1
seasonal_naive,prices+weather,spike_14d,4,synthetic,spike_brier,0.19230513278042752,1
seasonal_naive,prices+weather,1,5,synthetic,pinball_p10,106.81879607050554,1
seasonal_naive,prices+weather,1,5,synthetic,pinball_p50,306.99264931840105,1
seasonal_naive,prices+weather,1,5,synthetic,pinball_p90,156.71499238266992,1
seasonal_naive,prices+weather,1,5,synthetic,pinball_mean,190.17547925719217,1
seasonal_naive,prices+weather,1,5,synthetic,mape_p50_pct,20.134952942984157,1
seasonal_naive,prices+weather,1,5,synthetic,coverage_p10_p90_pct,87.5,1
seasonal_naive,prices+weather,1,5,synthetic,n,112.0,1
seasonal_naive,prices+weather,2,5,synthetic,pinball_p10,118.95545708308022,1
seasonal_naive,prices+weather,2,5,synthetic,pinball_p50,422.746566235517,1
seasonal_naive,prices+weather,2,5,synthetic,pinball_p90,222.274189053568,1
seasonal_naive,prices+weather,2,5,synthetic,pinball_mean,254.65873745738838,1
seasonal_naive,prices+weather,2,5,synthetic,mape_p50_pct,28.309990237137995,1
seasonal_naive,prices+weather,2,5,synthetic,coverage_p10_p90_pct,79.46428571428571,1
seasonal_naive,prices+weather,2,5,synthetic,n,112.0,1
seasonal_naive,prices+weather,3,5,synthetic,pinball_p10,131.59065754505596,1
seasonal_naive,prices+weather,3,5,synthetic,pinball_p50,477.8019696180775,1
seasonal_naive,prices+weather,3,5,synthetic,pinball_p90,291.42991202255143,1
seasonal_naive,prices+weather,3,5,synthetic,pinball_mean,300.27417972856165,1
seasonal_naive,prices+weather,3,5,synthetic,mape_p50_pct,32.658977412636716,1
seasonal_naive,prices+weather,3,5,synthetic,coverage_p10_p90_pct,82.14285714285714,1
seasonal_naive,prices+weather,3,5,synthetic,n,112.0,1
seasonal_naive,prices+weather,4,5,synthetic,pinball_p10,126.10928200137963,1
seasonal_naive,prices+weather,4,5,synthetic,pinball_p50,465.9363409859469,1
seasonal_naive,prices+weather,4,5,synthetic,pinball_p90,281.6015094191448,1
seasonal_naive,prices+weather,4,5,synthetic,pinball_mean,291.2157108021571,1
seasonal_naive,prices+weather,4,5,synthetic,mape_p50_pct,32.96322929885935,1
seasonal_naive,prices+weather,4,5,synthetic,coverage_p10_p90_pct,91.07142857142857,1
seasonal_naive,prices+weather,4,5,synthetic,n,112.0,1
seasonal_naive,prices+weather,spike_14d,5,synthetic,spike_events,25.0,1
seasonal_naive,prices+weather,spike_14d,5,synthetic,spike_recall,0.0,1
seasonal_naive,prices+weather,spike_14d,5,synthetic,spike_precision,,1
seasonal_naive,prices+weather,spike_14d,5,synthetic,spike_false_alarm_rate,0.0,1
seasonal_naive,prices+weather,spike_14d,5,synthetic,spike_brier,0.1765905368451202,1
seasonal_naive,prices+weather,1,6,synthetic,pinball_p10,100.5263801828398,1
seasonal_naive,prices+weather,1,6,synthetic,pinball_p50,272.31648990963953,1
seasonal_naive,prices+weather,1,6,synthetic,pinball_p90,135.7455095718748,1
seasonal_naive,prices+weather,1,6,synthetic,pinball_mean,169.52945988811803,1
seasonal_naive,prices+weather,1,6,synthetic,mape_p50_pct,17.293389354844514,1
seasonal_naive,prices+weather,1,6,synthetic,coverage_p10_p90_pct,89.28571428571429,1
seasonal_naive,prices+weather,1,6,synthetic,n,112.0,1
seasonal_naive,prices+weather,2,6,synthetic,pinball_p10,128.45838251349284,1
seasonal_naive,prices+weather,2,6,synthetic,pinball_p50,381.3051815676671,1
seasonal_naive,prices+weather,2,6,synthetic,pinball_p90,206.9308858499214,1
seasonal_naive,prices+weather,2,6,synthetic,pinball_mean,238.8981499770271,1
seasonal_naive,prices+weather,2,6,synthetic,mape_p50_pct,23.77371208496011,1
seasonal_naive,prices+weather,2,6,synthetic,coverage_p10_p90_pct,86.60714285714286,1
seasonal_naive,prices+weather,2,6,synthetic,n,112.0,1
seasonal_naive,prices+weather,3,6,synthetic,pinball_p10,131.07240451197345,1
seasonal_naive,prices+weather,3,6,synthetic,pinball_p50,412.8499073295498,1
seasonal_naive,prices+weather,3,6,synthetic,pinball_p90,232.36672173509578,1
seasonal_naive,prices+weather,3,6,synthetic,pinball_mean,258.7630111922063,1
seasonal_naive,prices+weather,3,6,synthetic,mape_p50_pct,26.141173505241206,1
seasonal_naive,prices+weather,3,6,synthetic,coverage_p10_p90_pct,92.85714285714286,1
seasonal_naive,prices+weather,3,6,synthetic,n,112.0,1
seasonal_naive,prices+weather,4,6,synthetic,pinball_p10,140.37885521795488,1
seasonal_naive,prices+weather,4,6,synthetic,pinball_p50,352.3005406447011,1
seasonal_naive,prices+weather,4,6,synthetic,pinball_p90,222.34601094094313,1
seasonal_naive,prices+weather,4,6,synthetic,pinball_mean,238.34180226786634,1
seasonal_naive,prices+weather,4,6,synthetic,mape_p50_pct,22.82536584951864,1
seasonal_naive,prices+weather,4,6,synthetic,coverage_p10_p90_pct,96.42857142857143,1
seasonal_naive,prices+weather,4,6,synthetic,n,112.0,1
seasonal_naive,prices+weather,spike_14d,6,synthetic,spike_events,24.0,1
seasonal_naive,prices+weather,spike_14d,6,synthetic,spike_recall,0.0,1
seasonal_naive,prices+weather,spike_14d,6,synthetic,spike_precision,,1
seasonal_naive,prices+weather,spike_14d,6,synthetic,spike_false_alarm_rate,0.0,1
seasonal_naive,prices+weather,spike_14d,6,synthetic,spike_brier,0.17255356449879317,1
seasonal_naive,prices+weather,1,7,synthetic,pinball_p10,155.31791039196725,1
seasonal_naive,prices+weather,1,7,synthetic,pinball_p50,382.96088849371193,1
seasonal_naive,prices+weather,1,7,synthetic,pinball_p90,199.37705796581167,1
seasonal_naive,prices+weather,1,7,synthetic,pinball_mean,245.88528561716362,1
seasonal_naive,prices+weather,1,7,synthetic,mape_p50_pct,18.146998759193586,1
seasonal_naive,prices+weather,1,7,synthetic,coverage_p10_p90_pct,87.5,1
seasonal_naive,prices+weather,1,7,synthetic,n,112.0,1
seasonal_naive,prices+weather,2,7,synthetic,pinball_p10,200.52619161046184,1
seasonal_naive,prices+weather,2,7,synthetic,pinball_p50,551.2558593819298,1
seasonal_naive,prices+weather,2,7,synthetic,pinball_p90,274.1747142748668,1
seasonal_naive,prices+weather,2,7,synthetic,pinball_mean,341.98558842241954,1
seasonal_naive,prices+weather,2,7,synthetic,mape_p50_pct,25.40709342818032,1
seasonal_naive,prices+weather,2,7,synthetic,coverage_p10_p90_pct,88.39285714285714,1
seasonal_naive,prices+weather,2,7,synthetic,n,112.0,1
seasonal_naive,prices+weather,3,7,synthetic,pinball_p10,225.94503989680902,1
seasonal_naive,prices+weather,3,7,synthetic,pinball_p50,678.9008725843398,1
seasonal_naive,prices+weather,3,7,synthetic,pinball_p90,352.27390382787064,1
seasonal_naive,prices+weather,3,7,synthetic,pinball_mean,419.03993876967314,1
seasonal_naive,prices+weather,3,7,synthetic,mape_p50_pct,31.859051427342884,1
seasonal_naive,prices+weather,3,7,synthetic,coverage_p10_p90_pct,76.78571428571429,1
seasonal_naive,prices+weather,3,7,synthetic,n,112.0,1
seasonal_naive,prices+weather,4,7,synthetic,pinball_p10,247.1173069678487,1
seasonal_naive,prices+weather,4,7,synthetic,pinball_p50,770.9885509868953,1
seasonal_naive,prices+weather,4,7,synthetic,pinball_p90,375.6497600188473,1
seasonal_naive,prices+weather,4,7,synthetic,pinball_mean,464.58520599119714,1
seasonal_naive,prices+weather,4,7,synthetic,mape_p50_pct,36.50153255726423,1
seasonal_naive,prices+weather,4,7,synthetic,coverage_p10_p90_pct,80.35714285714286,1
seasonal_naive,prices+weather,4,7,synthetic,n,112.0,1
seasonal_naive,prices+weather,spike_14d,7,synthetic,spike_events,35.0,1
seasonal_naive,prices+weather,spike_14d,7,synthetic,spike_recall,0.0,1
seasonal_naive,prices+weather,spike_14d,7,synthetic,spike_precision,,1
seasonal_naive,prices+weather,spike_14d,7,synthetic,spike_false_alarm_rate,0.0,1
seasonal_naive,prices+weather,spike_14d,7,synthetic,spike_brier,0.2165021661202669,1
seasonal_naive,prices+weather,1,8,synthetic,pinball_p10,75.80944594126575,1
seasonal_naive,prices+weather,1,8,synthetic,pinball_p50,206.6931128502876,1
seasonal_naive,prices+weather,1,8,synthetic,pinball_p90,105.35586432332119,1
seasonal_naive,prices+weather,1,8,synthetic,pinball_mean,129.2861410382915,1
seasonal_naive,prices+weather,1,8,synthetic,mape_p50_pct,19.328467689812296,1
seasonal_naive,prices+weather,1,8,synthetic,coverage_p10_p90_pct,83.03571428571429,1
seasonal_naive,prices+weather,1,8,synthetic,n,112.0,1
seasonal_naive,prices+weather,2,8,synthetic,pinball_p10,90.95795911579894,1
seasonal_naive,prices+weather,2,8,synthetic,pinball_p50,258.74552333171516,1
seasonal_naive,prices+weather,2,8,synthetic,pinball_p90,126.26487722317236,1
seasonal_naive,prices+weather,2,8,synthetic,pinball_mean,158.65611989022884,1
seasonal_naive,prices+weather,2,8,synthetic,mape_p50_pct,24.26438187751758,1
seasonal_naive,prices+weather,2,8,synthetic,coverage_p10_p90_pct,86.60714285714286,1
seasonal_naive,prices+weather,2,8,synthetic,n,112.0,1
seasonal_naive,prices+weather,3,8,synthetic,pinball_p10,112.51112525691629,1
seasonal_naive,prices+weather,3,8,synthetic,pinball_p50,319.4532009892655,1
seasonal_naive,prices+weather,3,8,synthetic,pinball_p90,162.1831267934145,1
seasonal_naive,prices+weather,3,8,synthetic,pinball_mean,198.04915101319875,1
seasonal_naive,prices+weather,3,8,synthetic,mape_p50_pct,29.916995542992673,1
seasonal_naive,prices+weather,3,8,synthetic,coverage_p10_p90_pct,85.71428571428571,1
seasonal_naive,prices+weather,3,8,synthetic,n,112.0,1
seasonal_naive,prices+weather,4,8,synthetic,pinball_p10,120.55067849415501,1
seasonal_naive,prices+weather,4,8,synthetic,pinball_p50,374.86608591255526,1
seasonal_naive,prices+weather,4,8,synthetic,pinball_p90,187.72107415180065,1
seasonal_naive,prices+weather,4,8,synthetic,pinball_mean,227.71261285283697,1
seasonal_naive,prices+weather,4,8,synthetic,mape_p50_pct,35.77078048823649,1
seasonal_naive,prices+weather,4,8,synthetic,coverage_p10_p90_pct,79.46428571428571,1
seasonal_naive,prices+weather,4,8,synthetic,n,112.0,1
seasonal_naive,prices+weather,spike_14d,8,synthetic,spike_events,27.0,1
seasonal_naive,prices+weather,spike_14d,8,synthetic,spike_recall,0.0,1
seasonal_naive,prices+weather,spike_14d,8,synthetic,spike_precision,,1
seasonal_naive,prices+weather,spike_14d,8,synthetic,spike_false_alarm_rate,0.0,1
seasonal_naive,prices+weather,spike_14d,8,synthetic,spike_brier,0.1844934261293001,1
seasonal_naive,prices+weather,1,9,synthetic,pinball_p10,82.97111255779592,1
seasonal_naive,prices+weather,1,9,synthetic,pinball_p50,267.0976153003029,1
seasonal_naive,prices+weather,1,9,synthetic,pinball_p90,127.69944412667617,1
seasonal_naive,prices+weather,1,9,synthetic,pinball_mean,159.25605732825832,1
seasonal_naive,prices+weather,1,9,synthetic,mape_p50_pct,21.292143482488488,1
seasonal_naive,prices+weather,1,9,synthetic,coverage_p10_p90_pct,83.03571428571429,1
seasonal_naive,prices+weather,1,9,synthetic,n,112.0,1
seasonal_naive,prices+weather,2,9,synthetic,pinball_p10,102.5755888398455,1
seasonal_naive,prices+weather,2,9,synthetic,pinball_p50,309.7102487407851,1
seasonal_naive,prices+weather,2,9,synthetic,pinball_p90,184.34780221283953,1
seasonal_naive,prices+weather,2,9,synthetic,pinball_mean,198.8778799311567,1
seasonal_naive,prices+weather,2,9,synthetic,mape_p50_pct,24.147779420705767,1
seasonal_naive,prices+weather,2,9,synthetic,coverage_p10_p90_pct,83.03571428571429,1
seasonal_naive,prices+weather,2,9,synthetic,n,112.0,1
seasonal_naive,prices+weather,3,9,synthetic,pinball_p10,106.04287791285005,1
seasonal_naive,prices+weather,3,9,synthetic,pinball_p50,371.1626798126703,1
seasonal_naive,prices+weather,3,9,synthetic,pinball_p90,217.66891696519681,1
seasonal_naive,prices+weather,3,9,synthetic,pinball_mean,231.62482489690572,1
seasonal_naive,prices+weather,3,9,synthetic,mape_p50_pct,29.547924523324586,1
seasonal_naive,prices+weather,3,9,synthetic,coverage_p10_p90_pct,87.5,1
seasonal_naive,prices+weather,3,9,synthetic,n,112.0,1
seasonal_naive,prices+weather,4,9,synthetic,pinball_p10,115.88271951395497,1
seasonal_naive,prices+weather,4,9,synthetic,pinball_p50,371.62123311271756,1
seasonal_naive,prices+weather,4,9,synthetic,pinball_p90,186.04139613060423,1
seasonal_naive,prices+weather,4,9,synthetic,pinball_mean,224.5151162524256,1
seasonal_naive,prices+weather,4,9,synthetic,mape_p50_pct,30.319136235403487,1
seasonal_naive,prices+weather,4,9,synthetic,coverage_p10_p90_pct,91.96428571428571,1
seasonal_naive,prices+weather,4,9,synthetic,n,112.0,1
seasonal_naive,prices+weather,spike_14d,9,synthetic,spike_events,27.0,1
seasonal_naive,prices+weather,spike_14d,9,synthetic,spike_recall,0.0,1
seasonal_naive,prices+weather,spike_14d,9,synthetic,spike_precision,,1
seasonal_naive,prices+weather,spike_14d,9,synthetic,spike_false_alarm_rate,0.0,1
seasonal_naive,prices+weather,spike_14d,9,synthetic,spike_brier,0.18420708466835148,1
seasonal_naive,prices+weather,1,10,synthetic,pinball_p10,82.559451441838,1
seasonal_naive,prices+weather,1,10,synthetic,pinball_p50,217.4159285576305,1
seasonal_naive,prices+weather,1,10,synthetic,pinball_p90,117.18145457819813,1
seasonal_naive,prices+weather,1,10,synthetic,pinball_mean,139.05227819255552,1
seasonal_naive,prices+weather,1,10,synthetic,mape_p50_pct,17.347518005696198,1
seasonal_naive,prices+weather,1,10,synthetic,coverage_p10_p90_pct,87.5,1
seasonal_naive,prices+weather,1,10,synthetic,n,112.0,1
seasonal_naive,prices+weather,2,10,synthetic,pinball_p10,97.2053652514113,1
seasonal_naive,prices+weather,2,10,synthetic,pinball_p50,255.5321348705247,1
seasonal_naive,prices+weather,2,10,synthetic,pinball_p90,174.12987735523174,1
seasonal_naive,prices+weather,2,10,synthetic,pinball_mean,175.6224591590559,1
seasonal_naive,prices+weather,2,10,synthetic,mape_p50_pct,19.964361350057104,1
seasonal_naive,prices+weather,2,10,synthetic,coverage_p10_p90_pct,93.75,1
seasonal_naive,prices+weather,2,10,synthetic,n,112.0,1
seasonal_naive,prices+weather,3,10,synthetic,pinball_p10,102.95480810608254,1
seasonal_naive,prices+weather,3,10,synthetic,pinball_p50,239.75691184750372,1
seasonal_naive,prices+weather,3,10,synthetic,pinball_p90,185.2862565443013,1
seasonal_naive,prices+weather,3,10,synthetic,pinball_mean,175.99932549929585,1
seasonal_naive,prices+weather,3,10,synthetic,mape_p50_pct,19.053242323576487,1
seasonal_naive,prices+weather,3,10,synthetic,coverage_p10_p90_pct,99.10714285714286,1
seasonal_naive,prices+weather,3,10,synthetic,n,112.0,1
seasonal_naive,prices+weather,4,10,synthetic,pinball_p10,107.5069136031192,1
seasonal_naive,prices+weather,4,10,synthetic,pinball_p50,245.79405367820866,1
seasonal_naive,prices+weather,4,10,synthetic,pinball_p90,199.9685655003359,1
seasonal_naive,prices+weather,4,10,synthetic,pinball_mean,184.4231775938879,1
seasonal_naive,prices+weather,4,10,synthetic,mape_p50_pct,19.83791214644903,1
seasonal_naive,prices+weather,4,10,synthetic,coverage_p10_p90_pct,100.0,1
seasonal_naive,prices+weather,4,10,synthetic,n,112.0,1
seasonal_naive,prices+weather,spike_14d,10,synthetic,spike_events,19.0,1
seasonal_naive,prices+weather,spike_14d,10,synthetic,spike_recall,0.0,1
seasonal_naive,prices+weather,spike_14d,10,synthetic,spike_precision,,1
seasonal_naive,prices+weather,spike_14d,10,synthetic,spike_false_alarm_rate,0.0,1
seasonal_naive,prices+weather,spike_14d,10,synthetic,spike_brier,0.1523339253163752,1
seasonal_naive,prices+weather,1,11,synthetic,pinball_p10,88.14051749500852,1
seasonal_naive,prices+weather,1,11,synthetic,pinball_p50,268.50260779845456,1
seasonal_naive,prices+weather,1,11,synthetic,pinball_p90,144.13734286221316,1
seasonal_naive,prices+weather,1,11,synthetic,pinball_mean,166.92682271855873,1
seasonal_naive,prices+weather,1,11,synthetic,mape_p50_pct,18.056547144683428,1
seasonal_naive,prices+weather,1,11,synthetic,coverage_p10_p90_pct,90.17857142857143,1
seasonal_naive,prices+weather,1,11,synthetic,n,112.0,1
seasonal_naive,prices+weather,2,11,synthetic,pinball_p10,113.0831824723886,1
seasonal_naive,prices+weather,2,11,synthetic,pinball_p50,358.0932875054701,1
seasonal_naive,prices+weather,2,11,synthetic,pinball_p90,189.55007743451338,1
seasonal_naive,prices+weather,2,11,synthetic,pinball_mean,220.24218247079068,1
seasonal_naive,prices+weather,2,11,synthetic,mape_p50_pct,24.267296979031055,1
seasonal_naive,prices+weather,2,11,synthetic,coverage_p10_p90_pct,91.96428571428571,1
seasonal_naive,prices+weather,2,11,synthetic,n,112.0,1
seasonal_naive,prices+weather,3,11,synthetic,pinball_p10,115.8546339707781,1
seasonal_naive,prices+weather,3,11,synthetic,pinball_p50,327.7687135668331,1
seasonal_naive,prices+weather,3,11,synthetic,pinball_p90,245.42633310441587,1
seasonal_naive,prices+weather,3,11,synthetic,pinball_mean,229.68322688067568,1
seasonal_naive,prices+weather,3,11,synthetic,mape_p50_pct,23.68143514665048,1
seasonal_naive,prices+weather,3,11,synthetic,coverage_p10_p90_pct,94.64285714285714,1
seasonal_naive,prices+weather,3,11,synthetic,n,112.0,1
seasonal_naive,prices+weather,4,11,synthetic,pinball_p10,122.25198918826598,1
seasonal_naive,prices+weather,4,11,synthetic,pinball_p50,356.57423563921697,1
seasonal_naive,prices+weather,4,11,synthetic,pinball_p90,274.13629924386703,1
seasonal_naive,prices+weather,4,11,synthetic,pinball_mean,250.98750802378333,1
seasonal_naive,prices+weather,4,11,synthetic,mape_p50_pct,25.78649868872277,1
seasonal_naive,prices+weather,4,11,synthetic,coverage_p10_p90_pct,94.64285714285714,1
seasonal_naive,prices+weather,4,11,synthetic,n,112.0,1
seasonal_naive,prices+weather,spike_14d,11,synthetic,spike_events,33.0,1
seasonal_naive,prices+weather,spike_14d,11,synthetic,spike_recall,0.0,1
seasonal_naive,prices+weather,spike_14d,11,synthetic,spike_precision,,1
seasonal_naive,prices+weather,spike_14d,11,synthetic,spike_false_alarm_rate,0.0,1
seasonal_naive,prices+weather,spike_14d,11,synthetic,spike_brier,0.20742264136556696,1
seasonal_naive,prices+weather,1,12,synthetic,pinball_p10,102.31613683973337,1
seasonal_naive,prices+weather,1,12,synthetic,pinball_p50,295.59856771519907,1
seasonal_naive,prices+weather,1,12,synthetic,pinball_p90,158.58890050996362,1
seasonal_naive,prices+weather,1,12,synthetic,pinball_mean,185.5012016882987,1
seasonal_naive,prices+weather,1,12,synthetic,mape_p50_pct,17.426174561874944,1
seasonal_naive,prices+weather,1,12,synthetic,coverage_p10_p90_pct,94.64285714285714,1
seasonal_naive,prices+weather,1,12,synthetic,n,112.0,1
seasonal_naive,prices+weather,2,12,synthetic,pinball_p10,126.36999488015017,1
seasonal_naive,prices+weather,2,12,synthetic,pinball_p50,409.2218969974428,1
seasonal_naive,prices+weather,2,12,synthetic,pinball_p90,232.39977970750266,1
seasonal_naive,prices+weather,2,12,synthetic,pinball_mean,255.99722386169856,1
seasonal_naive,prices+weather,2,12,synthetic,mape_p50_pct,24.406171968815134,1
seasonal_naive,prices+weather,2,12,synthetic,coverage_p10_p90_pct,92.85714285714286,1
seasonal_naive,prices+weather,2,12,synthetic,n,112.0,1
seasonal_naive,prices+weather,3,12,synthetic,pinball_p10,136.07334059016242,1
seasonal_naive,prices+weather,3,12,synthetic,pinball_p50,440.1632240072413,1
seasonal_naive,prices+weather,3,12,synthetic,pinball_p90,264.6574838229711,1
seasonal_naive,prices+weather,3,12,synthetic,pinball_mean,280.2980161401249,1
seasonal_naive,prices+weather,3,12,synthetic,mape_p50_pct,26.52807094110357,1
seasonal_naive,prices+weather,3,12,synthetic,coverage_p10_p90_pct,92.85714285714286,1
seasonal_naive,prices+weather,3,12,synthetic,n,112.0,1
seasonal_naive,prices+weather,4,12,synthetic,pinball_p10,145.00390104262956,1
seasonal_naive,prices+weather,4,12,synthetic,pinball_p50,426.94549965160917,1
seasonal_naive,prices+weather,4,12,synthetic,pinball_p90,268.4791976562295,1
seasonal_naive,prices+weather,4,12,synthetic,pinball_mean,280.14286611682274,1
seasonal_naive,prices+weather,4,12,synthetic,mape_p50_pct,26.014821457301796,1
seasonal_naive,prices+weather,4,12,synthetic,coverage_p10_p90_pct,97.32142857142857,1
seasonal_naive,prices+weather,4,12,synthetic,n,112.0,1
seasonal_naive,prices+weather,spike_14d,12,synthetic,spike_events,26.0,1
seasonal_naive,prices+weather,spike_14d,12,synthetic,spike_recall,0.0,1
seasonal_naive,prices+weather,spike_14d,12,synthetic,spike_precision,,1
seasonal_naive,prices+weather,spike_14d,12,synthetic,spike_false_alarm_rate,0.0,1
seasonal_naive,prices+weather,spike_14d,12,synthetic,spike_brier,0.18060494774196378,1
seasonal_naive,prices+weather,1,13,synthetic,pinball_p10,129.75970147393303,1
seasonal_naive,prices+weather,1,13,synthetic,pinball_p50,382.4935540472378,1
seasonal_naive,prices+weather,1,13,synthetic,pinball_p90,203.42125553886737,1
seasonal_naive,prices+weather,1,13,synthetic,pinball_mean,238.55817035334607,1
seasonal_naive,prices+weather,1,13,synthetic,mape_p50_pct,21.50785629744629,1
seasonal_naive,prices+weather,1,13,synthetic,coverage_p10_p90_pct,84.82142857142857,1
seasonal_naive,prices+weather,1,13,synthetic,n,112.0,1
seasonal_naive,prices+weather,2,13,synthetic,pinball_p10,135.4277845796132,1
seasonal_naive,prices+weather,2,13,synthetic,pinball_p50,442.0178165135979,1
seasonal_naive,prices+weather,2,13,synthetic,pinball_p90,272.8689632104957,1
seasonal_naive,prices+weather,2,13,synthetic,pinball_mean,283.43818810123554,1
seasonal_naive,prices+weather,2,13,synthetic,mape_p50_pct,24.389122825082275,1
seasonal_naive,prices+weather,2,13,synthetic,coverage_p10_p90_pct,89.28571428571429,1
seasonal_naive,prices+weather,2,13,synthetic,n,112.0,1
seasonal_naive,prices+weather,3,13,synthetic,pinball_p10,149.5640823699768,1
seasonal_naive,prices+weather,3,13,synthetic,pinball_p50,439.94667251248876,1
seasonal_naive,prices+weather,3,13,synthetic,pinball_p90,277.2598396345214,1
seasonal_naive,prices+weather,3,13,synthetic,pinball_mean,288.9235315056623,1
seasonal_naive,prices+weather,3,13,synthetic,mape_p50_pct,25.57952818599149,1
seasonal_naive,prices+weather,3,13,synthetic,coverage_p10_p90_pct,93.75,1
seasonal_naive,prices+weather,3,13,synthetic,n,112.0,1
seasonal_naive,prices+weather,4,13,synthetic,pinball_p10,155.26989807582655,1
seasonal_naive,prices+weather,4,13,synthetic,pinball_p50,393.3015821975284,1
seasonal_naive,prices+weather,4,13,synthetic,pinball_p90,264.85567693191626,1
seasonal_naive,prices+weather,4,13,synthetic,pinball_mean,271.1423857350904,1
seasonal_naive,prices+weather,4,13,synthetic,mape_p50_pct,23.940135711855255,1
seasonal_naive,prices+weather,4,13,synthetic,coverage_p10_p90_pct,96.42857142857143,1
seasonal_naive,prices+weather,4,13,synthetic,n,112.0,1
seasonal_naive,prices+weather,spike_14d,13,synthetic,spike_events,22.0,1
seasonal_naive,prices+weather,spike_14d,13,synthetic,spike_recall,0.0,1
seasonal_naive,prices+weather,spike_14d,13,synthetic,spike_precision,,1
seasonal_naive,prices+weather,spike_14d,13,synthetic,spike_false_alarm_rate,0.0,1
seasonal_naive,prices+weather,spike_14d,13,synthetic,spike_brier,0.1645986871171914,1
seasonal_naive,prices+weather,1,14,synthetic,pinball_p10,60.14669424236467,1
seasonal_naive,prices+weather,1,14,synthetic,pinball_p50,165.32618489030446,1
seasonal_naive,prices+weather,1,14,synthetic,pinball_p90,85.64756385710805,1
seasonal_naive,prices+weather,1,14,synthetic,pinball_mean,103.70681432992573,1
seasonal_naive,prices+weather,1,14,synthetic,mape_p50_pct,16.76117629630195,1
seasonal_naive,prices+weather,1,14,synthetic,coverage_p10_p90_pct,95.45454545454545,1
seasonal_naive,prices+weather,1,14,synthetic,n,110.0,1
seasonal_naive,prices+weather,2,14,synthetic,pinball_p10,76.30728788388197,1
seasonal_naive,prices+weather,2,14,synthetic,pinball_p50,151.60734948205095,1
seasonal_naive,prices+weather,2,14,synthetic,pinball_p90,111.54956072744628,1
seasonal_naive,prices+weather,2,14,synthetic,pinball_mean,113.15473269779307,1
seasonal_naive,prices+weather,2,14,synthetic,mape_p50_pct,15.46601434143968,1
seasonal_naive,prices+weather,2,14,synthetic,coverage_p10_p90_pct,95.45454545454545,1
seasonal_naive,prices+weather,2,14,synthetic,n,110.0,1
seasonal_naive,prices+weather,3,14,synthetic,pinball_p10,87.11300447038592,1
seasonal_naive,prices+weather,3,14,synthetic,pinball_p50,186.77649124666928,1
seasonal_naive,prices+weather,3,14,synthetic,pinball_p90,117.92630838503443,1
seasonal_naive,prices+weather,3,14,synthetic,pinball_mean,130.60526803402988,1
seasonal_naive,prices+weather,3,14,synthetic,mape_p50_pct,18.417034235485172,1
seasonal_naive,prices+weather,3,14,synthetic,coverage_p10_p90_pct,98.18181818181819,1
seasonal_naive,prices+weather,3,14,synthetic,n,110.0,1
seasonal_naive,prices+weather,4,14,synthetic,pinball_p10,91.81029571070113,1
seasonal_naive,prices+weather,4,14,synthetic,pinball_p50,177.1991202988821,1
seasonal_naive,prices+weather,4,14,synthetic,pinball_p90,125.0261484681839,1
seasonal_naive,prices+weather,4,14,synthetic,pinball_mean,131.3451881592557,1
seasonal_naive,prices+weather,4,14,synthetic,mape_p50_pct,17.614197988398068,1
seasonal_naive,prices+weather,4,14,synthetic,coverage_p10_p90_pct,99.0909090909091,1
seasonal_naive,prices+weather,4,14,synthetic,n,110.0,1
seasonal_naive,prices+weather,spike_14d,14,synthetic,spike_events,18.0,1
seasonal_naive,prices+weather,spike_14d,14,synthetic,spike_recall,0.0,1
seasonal_naive,prices+weather,spike_14d,14,synthetic,spike_precision,,1
seasonal_naive,prices+weather,spike_14d,14,synthetic,spike_false_alarm_rate,0.0,1
seasonal_naive,prices+weather,spike_14d,14,synthetic,spike_brier,0.15985495599163144,1
seasonal_naive,prices+weather,1,15,synthetic,pinball_p10,73.84168563248636,1
seasonal_naive,prices+weather,1,15,synthetic,pinball_p50,195.00388094613828,1
seasonal_naive,prices+weather,1,15,synthetic,pinball_p90,116.91320409260435,1
seasonal_naive,prices+weather,1,15,synthetic,pinball_mean,128.58625689040966,1
seasonal_naive,prices+weather,1,15,synthetic,mape_p50_pct,16.804297483216608,1
seasonal_naive,prices+weather,1,15,synthetic,coverage_p10_p90_pct,89.28571428571429,1
seasonal_naive,prices+weather,1,15,synthetic,n,112.0,1
seasonal_naive,prices+weather,2,15,synthetic,pinball_p10,91.1400406293885,1
seasonal_naive,prices+weather,2,15,synthetic,pinball_p50,240.09915367463046,1
seasonal_naive,prices+weather,2,15,synthetic,pinball_p90,165.24319026741483,1
seasonal_naive,prices+weather,2,15,synthetic,pinball_mean,165.49412819047794,1
seasonal_naive,prices+weather,2,15,synthetic,mape_p50_pct,20.725634289032723,1
seasonal_naive,prices+weather,2,15,synthetic,coverage_p10_p90_pct,88.39285714285714,1
seasonal_naive,prices+weather,2,15,synthetic,n,112.0,1
seasonal_naive,prices+weather,3,15,synthetic,pinball_p10,100.32592455318226,1
seasonal_naive,prices+weather,3,15,synthetic,pinball_p50,253.34492360425185,1
seasonal_naive,prices+weather,3,15,synthetic,pinball_p90,157.20025606465558,1
seasonal_naive,prices+weather,3,15,synthetic,pinball_mean,170.29036807402989,1
seasonal_naive,prices+weather,3,15,synthetic,mape_p50_pct,21.56491599498334,1
seasonal_naive,prices+weather,3,15,synthetic,coverage_p10_p90_pct,94.64285714285714,1
seasonal_naive,prices+weather,3,15,synthetic,n,112.0,1
seasonal_naive,prices+weather,4,15,synthetic,pinball_p10,104.97001894968436,1
seasonal_naive,prices+weather,4,15,synthetic,pinball_p50,261.70622510245784,1
seasonal_naive,prices+weather,4,15,synthetic,pinball_p90,162.80041860639048,1
seasonal_naive,prices+weather,4,15,synthetic,pinball_mean,176.49222088617753,1
seasonal_naive,prices+weather,4,15,synthetic,mape_p50_pct,22.668141476133297,1
seasonal_naive,prices+weather,4,15,synthetic,coverage_p10_p90_pct,97.32142857142857,1
seasonal_naive,prices+weather,4,15,synthetic,n,112.0,1
seasonal_naive,prices+weather,spike_14d,15,synthetic,spike_events,28.0,1
seasonal_naive,prices+weather,spike_14d,15,synthetic,spike_recall,0.0,1
seasonal_naive,prices+weather,spike_14d,15,synthetic,spike_precision,,1
seasonal_naive,prices+weather,spike_14d,15,synthetic,spike_false_alarm_rate,0.0,1
seasonal_naive,prices+weather,spike_14d,15,synthetic,spike_brier,0.18820837030310494,1
seasonal_naive,prices+weather,1,16,synthetic,pinball_p10,76.22677178855659,1
seasonal_naive,prices+weather,1,16,synthetic,pinball_p50,211.7510086938771,1
seasonal_naive,prices+weather,1,16,synthetic,pinball_p90,113.46837028834328,1
seasonal_naive,prices+weather,1,16,synthetic,pinball_mean,133.815383590259,1
seasonal_naive,prices+weather,1,16,synthetic,mape_p50_pct,16.555517304421645,1
seasonal_naive,prices+weather,1,16,synthetic,coverage_p10_p90_pct,94.64285714285714,1
seasonal_naive,prices+weather,1,16,synthetic,n,112.0,1
seasonal_naive,prices+weather,2,16,synthetic,pinball_p10,93.56542595263929,1
seasonal_naive,prices+weather,2,16,synthetic,pinball_p50,234.70974387527514,1
seasonal_naive,prices+weather,2,16,synthetic,pinball_p90,159.98909327203972,1
seasonal_naive,prices+weather,2,16,synthetic,pinball_mean,162.75475436665138,1
seasonal_naive,prices+weather,2,16,synthetic,mape_p50_pct,18.885832415074898,1
seasonal_naive,prices+weather,2,16,synthetic,coverage_p10_p90_pct,94.64285714285714,1
seasonal_naive,prices+weather,2,16,synthetic,n,112.0,1
seasonal_naive,prices+weather,3,16,synthetic,pinball_p10,109.98009007070607,1
seasonal_naive,prices+weather,3,16,synthetic,pinball_p50,259.82918080257787,1
seasonal_naive,prices+weather,3,16,synthetic,pinball_p90,182.98851851833425,1
seasonal_naive,prices+weather,3,16,synthetic,pinball_mean,184.26592979720604,1
seasonal_naive,prices+weather,3,16,synthetic,mape_p50_pct,21.2015174419842,1
seasonal_naive,prices+weather,3,16,synthetic,coverage_p10_p90_pct,95.53571428571429,1
seasonal_naive,prices+weather,3,16,synthetic,n,112.0,1
seasonal_naive,prices+weather,4,16,synthetic,pinball_p10,102.31245303072792,1
seasonal_naive,prices+weather,4,16,synthetic,pinball_p50,274.33176533466485,1
seasonal_naive,prices+weather,4,16,synthetic,pinball_p90,193.77836486275186,1
seasonal_naive,prices+weather,4,16,synthetic,pinball_mean,190.1408610760482,1
seasonal_naive,prices+weather,4,16,synthetic,mape_p50_pct,22.24986862620612,1
seasonal_naive,prices+weather,4,16,synthetic,coverage_p10_p90_pct,97.32142857142857,1
seasonal_naive,prices+weather,4,16,synthetic,n,112.0,1
seasonal_naive,prices+weather,spike_14d,16,synthetic,spike_events,18.0,1
seasonal_naive,prices+weather,spike_14d,16,synthetic,spike_recall,0.0,1
seasonal_naive,prices+weather,spike_14d,16,synthetic,spike_precision,,1
seasonal_naive,prices+weather,spike_14d,16,synthetic,spike_false_alarm_rate,0.0,1
seasonal_naive,prices+weather,spike_14d,16,synthetic,spike_brier,0.1485502677751203,1
seasonal_naive,prices+weather,1,17,synthetic,pinball_p10,112.24994562637127,1
seasonal_naive,prices+weather,1,17,synthetic,pinball_p50,351.1997333849683,1
seasonal_naive,prices+weather,1,17,synthetic,pinball_p90,200.4959404046991,1
seasonal_naive,prices+weather,1,17,synthetic,pinball_mean,221.31520647201287,1
seasonal_naive,prices+weather,1,17,synthetic,mape_p50_pct,23.513754810502018,1
seasonal_naive,prices+weather,1,17,synthetic,coverage_p10_p90_pct,77.67857142857143,1
seasonal_naive,prices+weather,1,17,synthetic,n,112.0,1
seasonal_naive,prices+weather,2,17,synthetic,pinball_p10,140.08015022593733,1
seasonal_naive,prices+weather,2,17,synthetic,pinball_p50,507.3044638297767,1
seasonal_naive,prices+weather,2,17,synthetic,pinball_p90,234.43103371858336,1
seasonal_naive,prices+weather,2,17,synthetic,pinball_mean,293.9385492580991,1
seasonal_naive,prices+weather,2,17,synthetic,mape_p50_pct,34.78384260947713,1
seasonal_naive,prices+weather,2,17,synthetic,coverage_p10_p90_pct,75.0,1
seasonal_naive,prices+weather,2,17,synthetic,n,112.0,1
seasonal_naive,prices+weather,3,17,synthetic,pinball_p10,133.2772382827974,1
seasonal_naive,prices+weather,3,17,synthetic,pinball_p50,563.0765029899325,1
seasonal_naive,prices+weather,3,17,synthetic,pinball_p90,311.2828050954737,1
seasonal_naive,prices+weather,3,17,synthetic,pinball_mean,335.87884878940116,1
seasonal_naive,prices+weather,3,17,synthetic,mape_p50_pct,39.42924199093128,1
seasonal_naive,prices+weather,3,17,synthetic,coverage_p10_p90_pct,80.35714285714286,1
seasonal_naive,prices+weather,3,17,synthetic,n,112.0,1
seasonal_naive,prices+weather,4,17,synthetic,pinball_p10,144.3658401253271,1
seasonal_naive,prices+weather,4,17,synthetic,pinball_p50,504.9580065424274,1
seasonal_naive,prices+weather,4,17,synthetic,pinball_p90,291.5895354828213,1
seasonal_naive,prices+weather,4,17,synthetic,pinball_mean,313.637794050192,1
seasonal_naive,prices+weather,4,17,synthetic,mape_p50_pct,36.37557150170849,1
seasonal_naive,prices+weather,4,17,synthetic,coverage_p10_p90_pct,79.46428571428571,1
seasonal_naive,prices+weather,4,17,synthetic,n,112.0,1
seasonal_naive,prices+weather,spike_14d,17,synthetic,spike_events,31.0,1
seasonal_naive,prices+weather,spike_14d,17,synthetic,spike_recall,0.0,1
seasonal_naive,prices+weather,spike_14d,17,synthetic,spike_precision,,1
seasonal_naive,prices+weather,spike_14d,17,synthetic,spike_false_alarm_rate,0.0,1
seasonal_naive,prices+weather,spike_14d,17,synthetic,spike_brier,0.19998331683056395,1
seasonal_naive,prices+weather,1,18,synthetic,pinball_p10,112.36003538425663,1
seasonal_naive,prices+weather,1,18,synthetic,pinball_p50,294.3721440920443,1
seasonal_naive,prices+weather,1,18,synthetic,pinball_p90,150.37680844741985,1
seasonal_naive,prices+weather,1,18,synthetic,pinball_mean,185.7029959745736,1
seasonal_naive,prices+weather,1,18,synthetic,mape_p50_pct,20.522178713688273,1
seasonal_naive,prices+weather,1,18,synthetic,coverage_p10_p90_pct,84.82142857142857,1
seasonal_naive,prices+weather,1,18,synthetic,n,112.0,1
seasonal_naive,prices+weather,2,18,synthetic,pinball_p10,142.4536015660221,1
seasonal_naive,prices+weather,2,18,synthetic,pinball_p50,383.02867356264113,1
seasonal_naive,prices+weather,2,18,synthetic,pinball_p90,197.9225816323209,1
seasonal_naive,prices+weather,2,18,synthetic,pinball_mean,241.13495225366137,1
seasonal_naive,prices+weather,2,18,synthetic,mape_p50_pct,27.293010696156262,1
seasonal_naive,prices+weather,2,18,synthetic,coverage_p10_p90_pct,93.75,1
seasonal_naive,prices+weather,2,18,synthetic,n,112.0,1
seasonal_naive,prices+weather,3,18,synthetic,pinball_p10,124.6573336553134,1
seasonal_naive,prices+weather,3,18,synthetic,pinball_p50,387.6735296205843,1
seasonal_naive,prices+weather,3,18,synthetic,pinball_p90,241.77983285325016,1
seasonal_naive,prices+weather,3,18,synthetic,pinball_mean,251.3702320430493,1
seasonal_naive,prices+weather,3,18,synthetic,mape_p50_pct,27.044276509826208,1
seasonal_naive,prices+weather,3,18,synthetic,coverage_p10_p90_pct,93.75,1
seasonal_naive,prices+weather,3,18,synthetic,n,112.0,1
seasonal_naive,prices+weather,4,18,synthetic,pinball_p10,117.60200642188079,1
seasonal_naive,prices+weather,4,18,synthetic,pinball_p50,353.67266020130285,1
seasonal_naive,prices+weather,4,18,synthetic,pinball_p90,267.9275434968013,1
seasonal_naive,prices+weather,4,18,synthetic,pinball_mean,246.40073670666166,1
seasonal_naive,prices+weather,4,18,synthetic,mape_p50_pct,24.591748117663823,1
seasonal_naive,prices+weather,4,18,synthetic,coverage_p10_p90_pct,92.85714285714286,1
seasonal_naive,prices+weather,4,18,synthetic,n,112.0,1
seasonal_naive,prices+weather,spike_14d,18,synthetic,spike_events,23.0,1
seasonal_naive,prices+weather,spike_14d,18,synthetic,spike_recall,0.0,1
seasonal_naive,prices+weather,spike_14d,18,synthetic,spike_precision,,1
seasonal_naive,prices+weather,spike_14d,18,synthetic,spike_false_alarm_rate,0.0,1
seasonal_naive,prices+weather,spike_14d,18,synthetic,spike_brier,0.1681736366842801,1
naive,prices+weather,1,ALL,synthetic,pinball_p10,83.3302293619923,1
naive,prices+weather,1,ALL,synthetic,pinball_p50,227.06478805806861,1
naive,prices+weather,1,ALL,synthetic,pinball_p90,117.37060350431985,1
naive,prices+weather,1,ALL,synthetic,pinball_mean,142.5885403081269,1
naive,prices+weather,1,ALL,synthetic,mape_p50_pct,16.021042693058316,1
naive,prices+weather,1,ALL,synthetic,coverage_p10_p90_pct,80.9145129224652,1
naive,prices+weather,1,ALL,synthetic,n,2012.0,1
naive,prices+weather,2,ALL,synthetic,pinball_p10,104.50721986631105,1
naive,prices+weather,2,ALL,synthetic,pinball_p50,308.4749004968425,1
naive,prices+weather,2,ALL,synthetic,pinball_p90,172.29512399227937,1
naive,prices+weather,2,ALL,synthetic,pinball_mean,195.0924147851443,1
naive,prices+weather,2,ALL,synthetic,mape_p50_pct,21.559429341517976,1
naive,prices+weather,2,ALL,synthetic,coverage_p10_p90_pct,82.45526838966202,1
naive,prices+weather,2,ALL,synthetic,n,2012.0,1
naive,prices+weather,3,ALL,synthetic,pinball_p10,123.6273028611481,1
naive,prices+weather,3,ALL,synthetic,pinball_p50,376.2131419777338,1
naive,prices+weather,3,ALL,synthetic,pinball_p90,209.0719451689173,1
naive,prices+weather,3,ALL,synthetic,pinball_mean,236.30413000259975,1
naive,prices+weather,3,ALL,synthetic,mape_p50_pct,26.633956928174747,1
naive,prices+weather,3,ALL,synthetic,coverage_p10_p90_pct,83.15109343936382,1
naive,prices+weather,3,ALL,synthetic,n,2012.0,1
naive,prices+weather,4,ALL,synthetic,pinball_p10,136.36197284623688,1
naive,prices+weather,4,ALL,synthetic,pinball_p50,413.80768165279477,1
naive,prices+weather,4,ALL,synthetic,pinball_p90,229.05819077477412,1
naive,prices+weather,4,ALL,synthetic,pinball_mean,259.7426150912686,1
naive,prices+weather,4,ALL,synthetic,mape_p50_pct,29.99247622365564,1
naive,prices+weather,4,ALL,synthetic,coverage_p10_p90_pct,81.46123260437376,1
naive,prices+weather,4,ALL,synthetic,n,2012.0,1
naive,prices+weather,spike_14d,ALL,synthetic,spike_events,483.0,1
naive,prices+weather,spike_14d,ALL,synthetic,spike_recall,0.0,1
naive,prices+weather,spike_14d,ALL,synthetic,spike_precision,,1
naive,prices+weather,spike_14d,ALL,synthetic,spike_false_alarm_rate,0.0,1
naive,prices+weather,spike_14d,ALL,synthetic,spike_brier,0.1852310129318197,1
naive,prices+weather,1,1,synthetic,pinball_p10,62.70709455249356,1
naive,prices+weather,1,1,synthetic,pinball_p50,177.9040366543011,1
naive,prices+weather,1,1,synthetic,pinball_p90,94.93210891946752,1
naive,prices+weather,1,1,synthetic,pinball_mean,111.84774670875406,1
naive,prices+weather,1,1,synthetic,mape_p50_pct,15.911392790606113,1
naive,prices+weather,1,1,synthetic,coverage_p10_p90_pct,77.67857142857143,1
naive,prices+weather,1,1,synthetic,n,112.0,1
naive,prices+weather,2,1,synthetic,pinball_p10,79.8778960108676,1
naive,prices+weather,2,1,synthetic,pinball_p50,258.91014814742175,1
naive,prices+weather,2,1,synthetic,pinball_p90,146.24103069920045,1
naive,prices+weather,2,1,synthetic,pinball_mean,161.67635828582993,1
naive,prices+weather,2,1,synthetic,mape_p50_pct,23.14002288787146,1
naive,prices+weather,2,1,synthetic,coverage_p10_p90_pct,80.35714285714286,1
naive,prices+weather,2,1,synthetic,n,112.0,1
naive,prices+weather,3,1,synthetic,pinball_p10,101.2317035695014,1
naive,prices+weather,3,1,synthetic,pinball_p50,290.80541348314557,1
naive,prices+weather,3,1,synthetic,pinball_p90,174.19336827886568,1
naive,prices+weather,3,1,synthetic,pinball_mean,188.74349511050423,1
naive,prices+weather,3,1,synthetic,mape_p50_pct,26.03357949531273,1
naive,prices+weather,3,1,synthetic,coverage_p10_p90_pct,83.03571428571429,1
naive,prices+weather,3,1,synthetic,n,112.0,1
naive,prices+weather,4,1,synthetic,pinball_p10,113.62885533169808,1
naive,prices+weather,4,1,synthetic,pinball_p50,338.8285184327818,1
naive,prices+weather,4,1,synthetic,pinball_p90,189.2579985217289,1
naive,prices+weather,4,1,synthetic,pinball_mean,213.90512409540293,1
naive,prices+weather,4,1,synthetic,mape_p50_pct,31.07324035721959,1
naive,prices+weather,4,1,synthetic,coverage_p10_p90_pct,77.67857142857143,1
naive,prices+weather,4,1,synthetic,n,112.0,1
naive,prices+weather,spike_14d,1,synthetic,spike_events,31.0,1
naive,prices+weather,spike_14d,1,synthetic,spike_recall,0.0,1
naive,prices+weather,spike_14d,1,synthetic,spike_precision,,1
naive,prices+weather,spike_14d,1,synthetic,spike_false_alarm_rate,0.0,1
naive,prices+weather,spike_14d,1,synthetic,spike_brier,0.19998331683056395,1
naive,prices+weather,1,2,synthetic,pinball_p10,79.05082742278105,1
naive,prices+weather,1,2,synthetic,pinball_p50,223.93007362823917,1
naive,prices+weather,1,2,synthetic,pinball_p90,120.01376601383838,1
naive,prices+weather,1,2,synthetic,pinball_mean,140.99822235495287,1
naive,prices+weather,1,2,synthetic,mape_p50_pct,19.337319678961105,1
naive,prices+weather,1,2,synthetic,coverage_p10_p90_pct,74.10714285714286,1
naive,prices+weather,1,2,synthetic,n,112.0,1
naive,prices+weather,2,2,synthetic,pinball_p10,89.30121438904949,1
naive,prices+weather,2,2,synthetic,pinball_p50,298.7019113153907,1
naive,prices+weather,2,2,synthetic,pinball_p90,185.4561367525965,1
naive,prices+weather,2,2,synthetic,pinball_mean,191.15308748567892,1
naive,prices+weather,2,2,synthetic,mape_p50_pct,24.69965772114513,1
naive,prices+weather,2,2,synthetic,coverage_p10_p90_pct,75.89285714285714,1
naive,prices+weather,2,2,synthetic,n,112.0,1
naive,prices+weather,3,2,synthetic,pinball_p10,102.75416048479374,1
naive,prices+weather,3,2,synthetic,pinball_p50,364.1584574899035,1
naive,prices+weather,3,2,synthetic,pinball_p90,199.54296146538562,1
naive,prices+weather,3,2,synthetic,pinball_mean,222.15185981336094,1
naive,prices+weather,3,2,synthetic,mape_p50_pct,30.17957489255309,1
naive,prices+weather,3,2,synthetic,coverage_p10_p90_pct,75.89285714285714,1
naive,prices+weather,3,2,synthetic,n,112.0,1
naive,prices+weather,4,2,synthetic,pinball_p10,112.55598849264258,1
naive,prices+weather,4,2,synthetic,pinball_p50,383.5650092092913,1
naive,prices+weather,4,2,synthetic,pinball_p90,214.04362104893966,1
naive,prices+weather,4,2,synthetic,pinball_mean,236.72153958362455,1
naive,prices+weather,4,2,synthetic,mape_p50_pct,32.15111472962121,1
naive,prices+weather,4,2,synthetic,coverage_p10_p90_pct,76.78571428571429,1
naive,prices+weather,4,2,synthetic,n,112.0,1
naive,prices+weather,spike_14d,2,synthetic,spike_events,35.0,1
naive,prices+weather,spike_14d,2,synthetic,spike_recall,0.0,1
naive,prices+weather,spike_14d,2,synthetic,spike_precision,,1
naive,prices+weather,spike_14d,2,synthetic,spike_false_alarm_rate,0.0,1
naive,prices+weather,spike_14d,2,synthetic,spike_brier,0.21563422161808887,1
naive,prices+weather,1,3,synthetic,pinball_p10,107.35123632671608,1
naive,prices+weather,1,3,synthetic,pinball_p50,217.91749842245838,1
naive,prices+weather,1,3,synthetic,pinball_p90,103.75944286228976,1
naive,prices+weather,1,3,synthetic,pinball_mean,143.00939253715472,1
naive,prices+weather,1,3,synthetic,mape_p50_pct,17.508129332663344,1
naive,prices+weather,1,3,synthetic,coverage_p10_p90_pct,76.36363636363637,1
naive,prices+weather,1,3,synthetic,n,110.0,1
naive,prices+weather,2,3,synthetic,pinball_p10,111.02004277048165,1
naive,prices+weather,2,3,synthetic,pinball_p50,271.35955291125106,1
naive,prices+weather,2,3,synthetic,pinball_p90,125.69503404967638,1
naive,prices+weather,2,3,synthetic,pinball_mean,169.3582099104697,1
naive,prices+weather,2,3,synthetic,mape_p50_pct,21.917515351783344,1
naive,prices+weather,2,3,synthetic,coverage_p10_p90_pct,80.9090909090909,1
naive,prices+weather,2,3,synthetic,n,110.0,1
naive,prices+weather,3,3,synthetic,pinball_p10,95.6662903924978,1
naive,prices+weather,3,3,synthetic,pinball_p50,342.90890313368936,1
naive,prices+weather,3,3,synthetic,pinball_p90,155.81251153473175,1
naive,prices+weather,3,3,synthetic,pinball_mean,198.1292350203063,1
naive,prices+weather,3,3,synthetic,mape_p50_pct,26.288961075569812,1
naive,prices+weather,3,3,synthetic,coverage_p10_p90_pct,92.72727272727272,1
naive,prices+weather,3,3,synthetic,n,110.0,1
naive,prices+weather,4,3,synthetic,pinball_p10,120.03152016042364,1
naive,prices+weather,4,3,synthetic,pinball_p50,379.7926839282236,1
naive,prices+weather,4,3,synthetic,pinball_p90,183.78247826856352,1
naive,prices+weather,4,3,synthetic,pinball_mean,227.86889411907023,1
naive,prices+weather,4,3,synthetic,mape_p50_pct,29.816835398826424,1
naive,prices+weather,4,3,synthetic,coverage_p10_p90_pct,89.0909090909091,1
naive,prices+weather,4,3,synthetic,n,110.0,1
naive,prices+weather,spike_14d,3,synthetic,spike_events,32.0,1
naive,prices+weather,spike_14d,3,synthetic,spike_recall,0.0,1
naive,prices+weather,spike_14d,3,synthetic,spike_precision,,1
naive,prices+weather,spike_14d,3,synthetic,spike_false_alarm_rate,0.0,1
naive,prices+weather,spike_14d,3,synthetic,spike_brier,0.22394426574635967,1
naive,prices+weather,1,4,synthetic,pinball_p10,78.62598694484721,1
naive,prices+weather,1,4,synthetic,pinball_p50,205.48132993909826,1
naive,prices+weather,1,4,synthetic,pinball_p90,106.05180802313511,1
naive,prices+weather,1,4,synthetic,pinball_mean,130.05304163569352,1
naive,prices+weather,1,4,synthetic,mape_p50_pct,14.875321827975391,1
naive,prices+weather,1,4,synthetic,coverage_p10_p90_pct,83.03571428571429,1
naive,prices+weather,1,4,synthetic,n,112.0,1
naive,prices+weather,2,4,synthetic,pinball_p10,93.87188705596577,1
naive,prices+weather,2,4,synthetic,pinball_p50,295.43997483114555,1
naive,prices+weather,2,4,synthetic,pinball_p90,133.10088530252875,1
naive,prices+weather,2,4,synthetic,pinball_mean,174.1375823965467,1
naive,prices+weather,2,4,synthetic,mape_p50_pct,21.503476510973837,1
naive,prices+weather,2,4,synthetic,coverage_p10_p90_pct,87.5,1
naive,prices+weather,2,4,synthetic,n,112.0,1
naive,prices+weather,3,4,synthetic,pinball_p10,110.45239449508401,1
naive,prices+weather,3,4,synthetic,pinball_p50,350.5115807615322,1
naive,prices+weather,3,4,synthetic,pinball_p90,156.86251717719298,1
naive,prices+weather,3,4,synthetic,pinball_mean,205.94216414460308,1
naive,prices+weather,3,4,synthetic,mape_p50_pct,25.14902212956061,1
naive,prices+weather,3,4,synthetic,coverage_p10_p90_pct,89.28571428571429,1
naive,prices+weather,3,4,synthetic,n,112.0,1
naive,prices+weather,4,4,synthetic,pinball_p10,122.15695004770825,1
naive,prices+weather,4,4,synthetic,pinball_p50,365.3300360277053,1
naive,prices+weather,4,4,synthetic,pinball_p90,193.03328767022927,1
naive,prices+weather,4,4,synthetic,pinball_mean,226.84009124854762,1
naive,prices+weather,4,4,synthetic,mape_p50_pct,25.67060088513174,1
naive,prices+weather,4,4,synthetic,coverage_p10_p90_pct,88.39285714285714,1
naive,prices+weather,4,4,synthetic,n,112.0,1
naive,prices+weather,spike_14d,4,synthetic,spike_events,29.0,1
naive,prices+weather,spike_14d,4,synthetic,spike_recall,0.0,1
naive,prices+weather,spike_14d,4,synthetic,spike_precision,,1
naive,prices+weather,spike_14d,4,synthetic,spike_false_alarm_rate,0.0,1
naive,prices+weather,spike_14d,4,synthetic,spike_brier,0.19230513278042752,1
naive,prices+weather,1,5,synthetic,pinball_p10,85.07625751324142,1
naive,prices+weather,1,5,synthetic,pinball_p50,233.60163497526491,1
naive,prices+weather,1,5,synthetic,pinball_p90,116.77202513193355,1
naive,prices+weather,1,5,synthetic,pinball_mean,145.14997254014665,1
naive,prices+weather,1,5,synthetic,mape_p50_pct,15.313543992800941,1
naive,prices+weather,1,5,synthetic,coverage_p10_p90_pct,80.35714285714286,1
naive,prices+weather,1,5,synthetic,n,112.0,1
naive,prices+weather,2,5,synthetic,pinball_p10,106.19811848466797,1
naive,prices+weather,2,5,synthetic,pinball_p50,326.67623035160244,1
naive,prices+weather,2,5,synthetic,pinball_p90,173.5761764077781,1
naive,prices+weather,2,5,synthetic,pinball_mean,202.15017508134952,1
naive,prices+weather,2,5,synthetic,mape_p50_pct,21.526556292962308,1
naive,prices+weather,2,5,synthetic,coverage_p10_p90_pct,80.35714285714286,1
naive,prices+weather,2,5,synthetic,n,112.0,1
naive,prices+weather,3,5,synthetic,pinball_p10,124.71068517524908,1
naive,prices+weather,3,5,synthetic,pinball_p50,414.49265926576163,1
naive,prices+weather,3,5,synthetic,pinball_p90,228.23163296530473,1
naive,prices+weather,3,5,synthetic,pinball_mean,255.81165913543848,1
naive,prices+weather,3,5,synthetic,mape_p50_pct,27.66983164296355,1
naive,prices+weather,3,5,synthetic,coverage_p10_p90_pct,82.14285714285714,1
naive,prices+weather,3,5,synthetic,n,112.0,1
naive,prices+weather,4,5,synthetic,pinball_p10,136.81935386444547,1
naive,prices+weather,4,5,synthetic,pinball_p50,475.46299340264216,1
naive,prices+weather,4,5,synthetic,pinball_p90,222.88553117120074,1
naive,prices+weather,4,5,synthetic,pinball_mean,278.3892928127628,1
naive,prices+weather,4,5,synthetic,mape_p50_pct,32.09952756874272,1
naive,prices+weather,4,5,synthetic,coverage_p10_p90_pct,88.39285714285714,1
naive,prices+weather,4,5,synthetic,n,112.0,1
naive,prices+weather,spike_14d,5,synthetic,spike_events,25.0,1
naive,prices+weather,spike_14d,5,synthetic,spike_recall,0.0,1
naive,prices+weather,spike_14d,5,synthetic,spike_precision,,1
naive,prices+weather,spike_14d,5,synthetic,spike_false_alarm_rate,0.0,1
naive,prices+weather,spike_14d,5,synthetic,spike_brier,0.1765905368451202,1
naive,prices+weather,1,6,synthetic,pinball_p10,94.31030606791013,1
naive,prices+weather,1,6,synthetic,pinball_p50,233.49415258953076,1
naive,prices+weather,1,6,synthetic,pinball_p90,109.92383192131423,1
naive,prices+weather,1,6,synthetic,pinball_mean,145.90943019291836,1
naive,prices+weather,1,6,synthetic,mape_p50_pct,14.414417885580516,1
naive,prices+weather,1,6,synthetic,coverage_p10_p90_pct,84.82142857142857,1
naive,prices+weather,1,6,synthetic,n,112.0,1
naive,prices+weather,2,6,synthetic,pinball_p10,109.51104556063274,1
naive,prices+weather,2,6,synthetic,pinball_p50,315.61331201142445,1
naive,prices+weather,2,6,synthetic,pinball_p90,181.38377501640213,1
naive,prices+weather,2,6,synthetic,pinball_mean,202.16937752948647,1
naive,prices+weather,2,6,synthetic,mape_p50_pct,19.27471181752859,1
naive,prices+weather,2,6,synthetic,coverage_p10_p90_pct,84.82142857142857,1
naive,prices+weather,2,6,synthetic,n,112.0,1
naive,prices+weather,3,6,synthetic,pinball_p10,146.75774452025144,1
naive,prices+weather,3,6,synthetic,pinball_p50,361.09875706721834,1
naive,prices+weather,3,6,synthetic,pinball_p90,217.50904247654285,1
naive,prices+weather,3,6,synthetic,pinball_mean,241.7885146880042,1
naive,prices+weather,3,6,synthetic,mape_p50_pct,22.59222066231247,1
naive,prices+weather,3,6,synthetic,coverage_p10_p90_pct,84.82142857142857,1
naive,prices+weather,3,6,synthetic,n,112.0,1
naive,prices+weather,4,6,synthetic,pinball_p10,150.16719470007314,1
naive,prices+weather,4,6,synthetic,pinball_p50,390.5200615544554,1
naive,prices+weather,4,6,synthetic,pinball_p90,234.84569246427128,1
naive,prices+weather,4,6,synthetic,pinball_mean,258.51098290626663,1
naive,prices+weather,4,6,synthetic,mape_p50_pct,24.75321564617748,1
naive,prices+weather,4,6,synthetic,coverage_p10_p90_pct,83.92857142857143,1
naive,prices+weather,4,6,synthetic,n,112.0,1
naive,prices+weather,spike_14d,6,synthetic,spike_events,24.0,1
naive,prices+weather,spike_14d,6,synthetic,spike_recall,0.0,1
naive,prices+weather,spike_14d,6,synthetic,spike_precision,,1
naive,prices+weather,spike_14d,6,synthetic,spike_false_alarm_rate,0.0,1
naive,prices+weather,spike_14d,6,synthetic,spike_brier,0.17255356449879317,1
naive,prices+weather,1,7,synthetic,pinball_p10,118.0593696872844,1
naive,prices+weather,1,7,synthetic,pinball_p50,349.4665453057508,1
naive,prices+weather,1,7,synthetic,pinball_p90,166.89501859084683,1
naive,prices+weather,1,7,synthetic,pinball_mean,211.4736445279607,1
naive,prices+weather,1,7,synthetic,mape_p50_pct,16.6478837090254,1
naive,prices+weather,1,7,synthetic,coverage_p10_p90_pct,74.10714285714286,1
naive,prices+weather,1,7,synthetic,n,112.0,1
naive,prices+weather,2,7,synthetic,pinball_p10,179.4993303522927,1
naive,prices+weather,2,7,synthetic,pinball_p50,509.98616849307444,1
naive,prices+weather,2,7,synthetic,pinball_p90,234.70054273242027,1
naive,prices+weather,2,7,synthetic,pinball_mean,308.06201385926244,1
naive,prices+weather,2,7,synthetic,mape_p50_pct,23.273174827600652,1
naive,prices+weather,2,7,synthetic,coverage_p10_p90_pct,83.03571428571429,1
naive,prices+weather,2,7,synthetic,n,112.0,1
naive,prices+weather,3,7,synthetic,pinball_p10,224.1465350503847,1
naive,prices+weather,3,7,synthetic,pinball_p50,648.756832708721,1
naive,prices+weather,3,7,synthetic,pinball_p90,336.8106598520302,1
naive,prices+weather,3,7,synthetic,pinball_mean,403.23800920371195,1
naive,prices+weather,3,7,synthetic,mape_p50_pct,30.090734970094374,1
naive,prices+weather,3,7,synthetic,coverage_p10_p90_pct,73.21428571428571,1
naive,prices+weather,3,7,synthetic,n,112.0,1
naive,prices+weather,4,7,synthetic,pinball_p10,239.10634679360484,1
naive,prices+weather,4,7,synthetic,pinball_p50,749.4427964437242,1
naive,prices+weather,4,7,synthetic,pinball_p90,413.35684866569864,1
naive,prices+weather,4,7,synthetic,pinball_mean,467.3019973010093,1
naive,prices+weather,4,7,synthetic,mape_p50_pct,35.01529487245413,1
naive,prices+weather,4,7,synthetic,coverage_p10_p90_pct,65.17857142857143,1
naive,prices+weather,4,7,synthetic,n,112.0,1
naive,prices+weather,spike_14d,7,synthetic,spike_events,35.0,1
naive,prices+weather,spike_14d,7,synthetic,spike_recall,0.0,1
naive,prices+weather,spike_14d,7,synthetic,spike_precision,,1
naive,prices+weather,spike_14d,7,synthetic,spike_false_alarm_rate,0.0,1
naive,prices+weather,spike_14d,7,synthetic,spike_brier,0.2165021661202669,1
naive,prices+weather,1,8,synthetic,pinball_p10,70.63367215017264,1
naive,prices+weather,1,8,synthetic,pinball_p50,187.95880559553143,1
naive,prices+weather,1,8,synthetic,pinball_p90,104.36125090824513,1
naive,prices+weather,1,8,synthetic,pinball_mean,120.98457621798305,1
naive,prices+weather,1,8,synthetic,mape_p50_pct,16.545744796269783,1
naive,prices+weather,1,8,synthetic,coverage_p10_p90_pct,78.57142857142857,1
naive,prices+weather,1,8,synthetic,n,112.0,1
naive,prices+weather,2,8,synthetic,pinball_p10,103.1642829552843,1
naive,prices+weather,2,8,synthetic,pinball_p50,249.21742133169488,1
naive,prices+weather,2,8,synthetic,pinball_p90,155.7014016677981,1
naive,prices+weather,2,8,synthetic,pinball_mean,169.3610353182591,1
naive,prices+weather,2,8,synthetic,mape_p50_pct,23.187824730871203,1
naive,prices+weather,2,8,synthetic,coverage_p10_p90_pct,77.67857142857143,1
naive,prices+weather,2,8,synthetic,n,112.0,1
naive,prices+weather,3,8,synthetic,pinball_p10,117.02144980477989,1
naive,prices+weather,3,8,synthetic,pinball_p50,325.54785651361766,1
naive,prices+weather,3,8,synthetic,pinball_p90,184.31927811451143,1
naive,prices+weather,3,8,synthetic,pinball_mean,208.96286147763632,1
naive,prices+weather,3,8,synthetic,mape_p50_pct,30.11442855274515,1
naive,prices+weather,3,8,synthetic,coverage_p10_p90_pct,69.64285714285714,1
naive,prices+weather,3,8,synthetic,n,112.0,1
naive,prices+weather,4,8,synthetic,pinball_p10,135.90712384599013,1
naive,prices+weather,4,8,synthetic,pinball_p50,385.95741752162627,1
naive,prices+weather,4,8,synthetic,pinball_p90,190.60993979780966,1
naive,prices+weather,4,8,synthetic,pinball_mean,237.49149372180872,1
naive,prices+weather,4,8,synthetic,mape_p50_pct,37.24481980432902,1
naive,prices+weather,4,8,synthetic,coverage_p10_p90_pct,73.21428571428571,1
naive,prices+weather,4,8,synthetic,n,112.0,1
naive,prices+weather,spike_14d,8,synthetic,spike_events,27.0,1
naive,prices+weather,spike_14d,8,synthetic,spike_recall,0.0,1
naive,prices+weather,spike_14d,8,synthetic,spike_precision,,1
naive,prices+weather,spike_14d,8,synthetic,spike_false_alarm_rate,0.0,1
naive,prices+weather,spike_14d,8,synthetic,spike_brier,0.1844934261293001,1
naive,prices+weather,1,9,synthetic,pinball_p10,65.63930484303268,1
naive,prices+weather,1,9,synthetic,pinball_p50,230.53684211520826,1
naive,prices+weather,1,9,synthetic,pinball_p90,133.8523339207688,1
naive,prices+weather,1,9,synthetic,pinball_mean,143.3428269596699,1
naive,prices+weather,1,9,synthetic,mape_p50_pct,16.720525307310005,1
naive,prices+weather,1,9,synthetic,coverage_p10_p90_pct,77.67857142857143,1
naive,prices+weather,1,9,synthetic,n,112.0,1
naive,prices+weather,2,9,synthetic,pinball_p10,99.13201505340973,1
naive,prices+weather,2,9,synthetic,pinball_p50,326.6088795706398,1
naive,prices+weather,2,9,synthetic,pinball_p90,201.06056539360068,1
naive,prices+weather,2,9,synthetic,pinball_mean,208.93382000588338,1
naive,prices+weather,2,9,synthetic,mape_p50_pct,23.87982512528301,1
naive,prices+weather,2,9,synthetic,coverage_p10_p90_pct,75.0,1
naive,prices+weather,2,9,synthetic,n,112.0,1
naive,prices+weather,3,9,synthetic,pinball_p10,127.51710956180958,1
naive,prices+weather,3,9,synthetic,pinball_p50,407.21117089395506,1
naive,prices+weather,3,9,synthetic,pinball_p90,254.65400974182197,1
naive,prices+weather,3,9,synthetic,pinball_mean,263.1274300658622,1
naive,prices+weather,3,9,synthetic,mape_p50_pct,31.211566042930322,1
naive,prices+weather,3,9,synthetic,coverage_p10_p90_pct,75.89285714285714,1
naive,prices+weather,3,9,synthetic,n,112.0,1
naive,prices+weather,4,9,synthetic,pinball_p10,148.27025315616655,1
naive,prices+weather,4,9,synthetic,pinball_p50,444.2916856983038,1
naive,prices+weather,4,9,synthetic,pinball_p90,269.5907874351814,1
naive,prices+weather,4,9,synthetic,pinball_mean,287.3842420965506,1
naive,prices+weather,4,9,synthetic,mape_p50_pct,35.163749543385286,1
naive,prices+weather,4,9,synthetic,coverage_p10_p90_pct,66.96428571428571,1
naive,prices+weather,4,9,synthetic,n,112.0,1
naive,prices+weather,spike_14d,9,synthetic,spike_events,27.0,1
naive,prices+weather,spike_14d,9,synthetic,spike_recall,0.0,1
naive,prices+weather,spike_14d,9,synthetic,spike_precision,,1
naive,prices+weather,spike_14d,9,synthetic,spike_false_alarm_rate,0.0,1
naive,prices+weather,spike_14d,9,synthetic,spike_brier,0.18420708466835148,1
naive,prices+weather,1,10,synthetic,pinball_p10,64.3748107317398,1
naive,prices+weather,1,10,synthetic,pinball_p50,156.68760767072914,1
naive,prices+weather,1,10,synthetic,pinball_p90,75.68006328214973,1
naive,prices+weather,1,10,synthetic,pinball_mean,98.91416056153956,1
naive,prices+weather,1,10,synthetic,mape_p50_pct,12.419719167763102,1
naive,prices+weather,1,10,synthetic,coverage_p10_p90_pct,95.53571428571429,1
naive,prices+weather,1,10,synthetic,n,112.0,1
naive,prices+weather,2,10,synthetic,pinball_p10,79.31222892335634,1
naive,prices+weather,2,10,synthetic,pinball_p50,200.71046946976577,1
naive,prices+weather,2,10,synthetic,pinball_p90,111.94945749613132,1
naive,prices+weather,2,10,synthetic,pinball_mean,130.65738529641783,1
naive,prices+weather,2,10,synthetic,mape_p50_pct,15.841773620510802,1
naive,prices+weather,2,10,synthetic,coverage_p10_p90_pct,100.0,1
naive,prices+weather,2,10,synthetic,n,112.0,1
naive,prices+weather,3,10,synthetic,pinball_p10,95.59821190307535,1
naive,prices+weather,3,10,synthetic,pinball_p50,238.77515465416815,1
naive,prices+weather,3,10,synthetic,pinball_p90,147.2227915089134,1
naive,prices+weather,3,10,synthetic,pinball_mean,160.53205268871898,1
naive,prices+weather,3,10,synthetic,mape_p50_pct,19.422168473091514,1
naive,prices+weather,3,10,synthetic,coverage_p10_p90_pct,95.53571428571429,1
naive,prices+weather,3,10,synthetic,n,112.0,1
naive,prices+weather,4,10,synthetic,pinball_p10,101.7341985803538,1
naive,prices+weather,4,10,synthetic,pinball_p50,270.63751214837714,1
naive,prices+weather,4,10,synthetic,pinball_p90,175.10450214100857,1
naive,prices+weather,4,10,synthetic,pinball_mean,182.49207095657982,1
naive,prices+weather,4,10,synthetic,mape_p50_pct,22.40658594138962,1
naive,prices+weather,4,10,synthetic,coverage_p10_p90_pct,92.85714285714286,1
naive,prices+weather,4,10,synthetic,n,112.0,1
naive,prices+weather,spike_14d,10,synthetic,spike_events,19.0,1
naive,prices+weather,spike_14d,10,synthetic,spike_recall,0.0,1
naive,prices+weather,spike_14d,10,synthetic,spike_precision,,1
naive,prices+weather,spike_14d,10,synthetic,spike_false_alarm_rate,0.0,1
naive,prices+weather,spike_14d,10,synthetic,spike_brier,0.1523339253163752,1
naive,prices+weather,1,11,synthetic,pinball_p10,103.59542516075125,1
naive,prices+weather,1,11,synthetic,pinball_p50,247.91678097011894,1
naive,prices+weather,1,11,synthetic,pinball_p90,114.88604973313407,1
naive,prices+weather,1,11,synthetic,pinball_mean,155.46608528800144,1
naive,prices+weather,1,11,synthetic,mape_p50_pct,16.503951138056212,1
naive,prices+weather,1,11,synthetic,coverage_p10_p90_pct,76.78571428571429,1
naive,prices+weather,1,11,synthetic,n,112.0,1
naive,prices+weather,2,11,synthetic,pinball_p10,117.05666565400057,1
naive,prices+weather,2,11,synthetic,pinball_p50,365.0643627338016,1
naive,prices+weather,2,11,synthetic,pinball_p90,163.5395904565782,1
naive,prices+weather,2,11,synthetic,pinball_mean,215.22020628146015,1
naive,prices+weather,2,11,synthetic,mape_p50_pct,24.377922585645777,1
naive,prices+weather,2,11,synthetic,coverage_p10_p90_pct,73.21428571428571,1
naive,prices+weather,2,11,synthetic,n,112.0,1
naive,prices+weather,3,11,synthetic,pinball_p10,166.0259362365313,1
naive,prices+weather,3,11,synthetic,pinball_p50,431.4594271516842,1
naive,prices+weather,3,11,synthetic,pinball_p90,208.55761886500113,1
naive,prices+weather,3,11,synthetic,pinball_mean,268.68099408440554,1
naive,prices+weather,3,11,synthetic,mape_p50_pct,30.221507611810683,1
naive,prices+weather,3,11,synthetic,coverage_p10_p90_pct,79.46428571428571,1
naive,prices+weather,3,11,synthetic,n,112.0,1
naive,prices+weather,4,11,synthetic,pinball_p10,186.06261925199397,1
naive,prices+weather,4,11,synthetic,pinball_p50,489.55186139257376,1
naive,prices+weather,4,11,synthetic,pinball_p90,233.2212539476173,1
naive,prices+weather,4,11,synthetic,pinball_mean,302.94524486406164,1
naive,prices+weather,4,11,synthetic,mape_p50_pct,35.996824846755885,1
naive,prices+weather,4,11,synthetic,coverage_p10_p90_pct,74.10714285714286,1
naive,prices+weather,4,11,synthetic,n,112.0,1
naive,prices+weather,spike_14d,11,synthetic,spike_events,33.0,1
naive,prices+weather,spike_14d,11,synthetic,spike_recall,0.0,1
naive,prices+weather,spike_14d,11,synthetic,spike_precision,,1
naive,prices+weather,spike_14d,11,synthetic,spike_false_alarm_rate,0.0,1
naive,prices+weather,spike_14d,11,synthetic,spike_brier,0.20742264136556696,1
naive,prices+weather,1,12,synthetic,pinball_p10,94.04298738766272,1
naive,prices+weather,1,12,synthetic,pinball_p50,295.93207910418636,1
naive,prices+weather,1,12,synthetic,pinball_p90,149.71069783936778,1
naive,prices+weather,1,12,synthetic,pinball_mean,179.8952547770723,1
naive,prices+weather,1,12,synthetic,mape_p50_pct,16.746011172780353,1
naive,prices+weather,1,12,synthetic,coverage_p10_p90_pct,78.57142857142857,1
naive,prices+weather,1,12,synthetic,n,112.0,1
naive,prices+weather,2,12,synthetic,pinball_p10,126.06304252672605,1
naive,prices+weather,2,12,synthetic,pinball_p50,445.1944766211237,1
naive,prices+weather,2,12,synthetic,pinball_p90,250.92420650452647,1
naive,prices+weather,2,12,synthetic,pinball_mean,274.06057521745873,1
naive,prices+weather,2,12,synthetic,mape_p50_pct,25.093687369244027,1
naive,prices+weather,2,12,synthetic,coverage_p10_p90_pct,77.67857142857143,1
naive,prices+weather,2,12,synthetic,n,112.0,1
naive,prices+weather,3,12,synthetic,pinball_p10,165.6603244525044,1
naive,prices+weather,3,12,synthetic,pinball_p50,530.2693686132775,1
naive,prices+weather,3,12,synthetic,pinball_p90,326.25245920051447,1
naive,prices+weather,3,12,synthetic,pinball_mean,340.7273840887654,1
naive,prices+weather,3,12,synthetic,mape_p50_pct,30.912996210375475,1
naive,prices+weather,3,12,synthetic,coverage_p10_p90_pct,75.0,1
naive,prices+weather,3,12,synthetic,n,112.0,1
naive,prices+weather,4,12,synthetic,pinball_p10,175.6741474618418,1
naive,prices+weather,4,12,synthetic,pinball_p50,563.0649833824916,1
naive,prices+weather,4,12,synthetic,pinball_p90,336.49506479314243,1
naive,prices+weather,4,12,synthetic,pinball_mean,358.41139854582525,1
naive,prices+weather,4,12,synthetic,mape_p50_pct,33.39155996673396,1
naive,prices+weather,4,12,synthetic,coverage_p10_p90_pct,69.64285714285714,1
naive,prices+weather,4,12,synthetic,n,112.0,1
naive,prices+weather,spike_14d,12,synthetic,spike_events,26.0,1
naive,prices+weather,spike_14d,12,synthetic,spike_recall,0.0,1
naive,prices+weather,spike_14d,12,synthetic,spike_precision,,1
naive,prices+weather,spike_14d,12,synthetic,spike_false_alarm_rate,0.0,1
naive,prices+weather,spike_14d,12,synthetic,spike_brier,0.18060494774196378,1
naive,prices+weather,1,13,synthetic,pinball_p10,120.9818504020061,1
naive,prices+weather,1,13,synthetic,pinball_p50,318.2495528006795,1
naive,prices+weather,1,13,synthetic,pinball_p90,219.78627674808467,1
naive,prices+weather,1,13,synthetic,pinball_mean,219.6725599835901,1
naive,prices+weather,1,13,synthetic,mape_p50_pct,17.897092017413367,1
naive,prices+weather,1,13,synthetic,coverage_p10_p90_pct,78.57142857142857,1
naive,prices+weather,1,13,synthetic,n,112.0,1
naive,prices+weather,2,13,synthetic,pinball_p10,133.52757499330983,1
naive,prices+weather,2,13,synthetic,pinball_p50,410.49569481929365,1
naive,prices+weather,2,13,synthetic,pinball_p90,319.40935525903427,1
naive,prices+weather,2,13,synthetic,pinball_mean,287.8108750238793,1
naive,prices+weather,2,13,synthetic,mape_p50_pct,21.99794208904303,1
naive,prices+weather,2,13,synthetic,coverage_p10_p90_pct,79.46428571428571,1
naive,prices+weather,2,13,synthetic,n,112.0,1
naive,prices+weather,3,13,synthetic,pinball_p10,154.2094486228356,1
naive,prices+weather,3,13,synthetic,pinball_p50,520.0714919100843,1
naive,prices+weather,3,13,synthetic,pinball_p90,320.29464564835354,1
naive,prices+weather,3,13,synthetic,pinball_mean,331.52519539375777,1
naive,prices+weather,3,13,synthetic,mape_p50_pct,29.424012027122664,1
naive,prices+weather,3,13,synthetic,coverage_p10_p90_pct,73.21428571428571,1
naive,prices+weather,3,13,synthetic,n,112.0,1
naive,prices+weather,4,13,synthetic,pinball_p10,178.90448619358963,1
naive,prices+weather,4,13,synthetic,pinball_p50,601.8369657590143,1
naive,prices+weather,4,13,synthetic,pinball_p90,301.16364729732896,1
naive,prices+weather,4,13,synthetic,pinball_mean,360.63503308331093,1
naive,prices+weather,4,13,synthetic,mape_p50_pct,34.45180595822895,1
naive,prices+weather,4,13,synthetic,coverage_p10_p90_pct,72.32142857142857,1
naive,prices+weather,4,13,synthetic,n,112.0,1
naive,prices+weather,spike_14d,13,synthetic,spike_events,22.0,1
naive,prices+weather,spike_14d,13,synthetic,spike_recall,0.0,1
naive,prices+weather,spike_14d,13,synthetic,spike_precision,,1
naive,prices+weather,spike_14d,13,synthetic,spike_false_alarm_rate,0.0,1
naive,prices+weather,spike_14d,13,synthetic,spike_brier,0.1645986871171914,1
naive,prices+weather,1,14,synthetic,pinball_p10,48.644077688542204,1
naive,prices+weather,1,14,synthetic,pinball_p50,131.47402231324727,1
naive,prices+weather,1,14,synthetic,pinball_p90,63.56505875554034,1
naive,prices+weather,1,14,synthetic,pinball_mean,81.22771958577661,1
naive,prices+weather,1,14,synthetic,mape_p50_pct,13.218592305833305,1
naive,prices+weather,1,14,synthetic,coverage_p10_p90_pct,91.81818181818183,1
naive,prices+weather,1,14,synthetic,n,110.0,1
naive,prices+weather,2,14,synthetic,pinball_p10,62.42180231809678,1
naive,prices+weather,2,14,synthetic,pinball_p50,162.89162982032173,1
naive,prices+weather,2,14,synthetic,pinball_p90,93.0328253643172,1
naive,prices+weather,2,14,synthetic,pinball_mean,106.11541916757858,1
naive,prices+weather,2,14,synthetic,mape_p50_pct,16.552734289374484,1
naive,prices+weather,2,14,synthetic,coverage_p10_p90_pct,90.9090909090909,1
naive,prices+weather,2,14,synthetic,n,110.0,1
naive,prices+weather,3,14,synthetic,pinball_p10,79.76440511067904,1
naive,prices+weather,3,14,synthetic,pinball_p50,227.07146466405828,1
naive,prices+weather,3,14,synthetic,pinball_p90,120.46851569060814,1
naive,prices+weather,3,14,synthetic,pinball_mean,142.43479515511515,1
naive,prices+weather,3,14,synthetic,mape_p50_pct,23.00430552965581,1
naive,prices+weather,3,14,synthetic,coverage_p10_p90_pct,90.0,1
naive,prices+weather,3,14,synthetic,n,110.0,1
naive,prices+weather,4,14,synthetic,pinball_p10,90.28952593629748,1
naive,prices+weather,4,14,synthetic,pinball_p50,271.1919616847199,1
naive,prices+weather,4,14,synthetic,pinball_p90,144.67617325604093,1
naive,prices+weather,4,14,synthetic,pinball_mean,168.7192202923528,1
naive,prices+weather,4,14,synthetic,mape_p50_pct,28.17005927993257,1
naive,prices+weather,4,14,synthetic,coverage_p10_p90_pct,86.36363636363636,1
naive,prices+weather,4,14,synthetic,n,110.0,1
naive,prices+weather,spike_14d,14,synthetic,spike_events,18.0,1
naive,prices+weather,spike_14d,14,synthetic,spike_recall,0.0,1
naive,prices+weather,spike_14d,14,synthetic,spike_precision,,1
naive,prices+weather,spike_14d,14,synthetic,spike_false_alarm_rate,0.0,1
naive,prices+weather,spike_14d,14,synthetic,spike_brier,0.15985495599163144,1
naive,prices+weather,1,15,synthetic,pinball_p10,63.20342119324914,1
naive,prices+weather,1,15,synthetic,pinball_p50,198.16027023237552,1
naive,prices+weather,1,15,synthetic,pinball_p90,94.66789666278987,1
naive,prices+weather,1,15,synthetic,pinball_mean,118.67719602947152,1
naive,prices+weather,1,15,synthetic,mape_p50_pct,16.730268685652852,1
naive,prices+weather,1,15,synthetic,coverage_p10_p90_pct,82.14285714285714,1
naive,prices+weather,1,15,synthetic,n,112.0,1
naive,prices+weather,2,15,synthetic,pinball_p10,80.14385059134659,1
naive,prices+weather,2,15,synthetic,pinball_p50,231.47349488466878,1
naive,prices+weather,2,15,synthetic,pinball_p90,140.87549497429177,1
naive,prices+weather,2,15,synthetic,pinball_mean,150.83094681676906,1
naive,prices+weather,2,15,synthetic,mape_p50_pct,19.815046576941082,1
naive,prices+weather,2,15,synthetic,coverage_p10_p90_pct,88.39285714285714,1
naive,prices+weather,2,15,synthetic,n,112.0,1
naive,prices+weather,3,15,synthetic,pinball_p10,84.7485905392101,1
naive,prices+weather,3,15,synthetic,pinball_p50,279.1965815462747,1
naive,prices+weather,3,15,synthetic,pinball_p90,157.31150558109286,1
naive,prices+weather,3,15,synthetic,pinball_mean,173.75222588885921,1
naive,prices+weather,3,15,synthetic,mape_p50_pct,23.76221170945948,1
naive,prices+weather,3,15,synthetic,coverage_p10_p90_pct,91.96428571428571,1
naive,prices+weather,3,15,synthetic,n,112.0,1
naive,prices+weather,4,15,synthetic,pinball_p10,87.74905670197994,1
naive,prices+weather,4,15,synthetic,pinball_p50,301.9253265150064,1
naive,prices+weather,4,15,synthetic,pinball_p90,174.9441580075626,1
naive,prices+weather,4,15,synthetic,pinball_mean,188.20618040818297,1
naive,prices+weather,4,15,synthetic,mape_p50_pct,26.558894041658267,1
naive,prices+weather,4,15,synthetic,coverage_p10_p90_pct,93.75,1
naive,prices+weather,4,15,synthetic,n,112.0,1
naive,prices+weather,spike_14d,15,synthetic,spike_events,28.0,1
naive,prices+weather,spike_14d,15,synthetic,spike_recall,0.0,1
naive,prices+weather,spike_14d,15,synthetic,spike_precision,,1
naive,prices+weather,spike_14d,15,synthetic,spike_false_alarm_rate,0.0,1
naive,prices+weather,spike_14d,15,synthetic,spike_brier,0.18820837030310494,1
naive,prices+weather,1,16,synthetic,pinball_p10,65.20197457301757,1
naive,prices+weather,1,16,synthetic,pinball_p50,169.25120223163145,1
naive,prices+weather,1,16,synthetic,pinball_p90,87.5758471823345,1
naive,prices+weather,1,16,synthetic,pinball_mean,107.34300799566118,1
naive,prices+weather,1,16,synthetic,mape_p50_pct,13.24315268485458,1
naive,prices+weather,1,16,synthetic,coverage_p10_p90_pct,91.07142857142857,1
naive,prices+weather,1,16,synthetic,n,112.0,1
naive,prices+weather,2,16,synthetic,pinball_p10,73.18625345392577,1
naive,prices+weather,2,16,synthetic,pinball_p50,170.96139824588187,1
naive,prices+weather,2,16,synthetic,pinball_p90,122.0177165887312,1
naive,prices+weather,2,16,synthetic,pinball_mean,122.05512276284628,1
naive,prices+weather,2,16,synthetic,mape_p50_pct,13.578650178685875,1
naive,prices+weather,2,16,synthetic,coverage_p10_p90_pct,96.42857142857143,1
naive,prices+weather,2,16,synthetic,n,112.0,1
naive,prices+weather,3,16,synthetic,pinball_p10,81.85529913222341,1
naive,prices+weather,3,16,synthetic,pinball_p50,180.93497111013247,1
naive,prices+weather,3,16,synthetic,pinball_p90,154.1029199051493,1
naive,prices+weather,3,16,synthetic,pinball_mean,138.96439671583505,1
naive,prices+weather,3,16,synthetic,mape_p50_pct,14.88466688188492,1
naive,prices+weather,3,16,synthetic,coverage_p10_p90_pct,100.0,1
naive,prices+weather,3,16,synthetic,n,112.0,1
naive,prices+weather,4,16,synthetic,pinball_p10,89.00534564585791,1
naive,prices+weather,4,16,synthetic,pinball_p50,190.10140022581962,1
naive,prices+weather,4,16,synthetic,pinball_p90,183.8629687535708,1
naive,prices+weather,4,16,synthetic,pinball_mean,154.32323820841611,1
naive,prices+weather,4,16,synthetic,mape_p50_pct,16.386114328128937,1
naive,prices+weather,4,16,synthetic,coverage_p10_p90_pct,98.21428571428571,1
naive,prices+weather,4,16,synthetic,n,112.0,1
naive,prices+weather,spike_14d,16,synthetic,spike_events,18.0,1
naive,prices+weather,spike_14d,16,synthetic,spike_recall,0.0,1
naive,prices+weather,spike_14d,16,synthetic,spike_precision,,1
naive,prices+weather,spike_14d,16,synthetic,spike_false_alarm_rate,0.0,1
naive,prices+weather,spike_14d,16,synthetic,spike_brier,0.1485502677751203,1
naive,prices+weather,1,17,synthetic,pinball_p10,95.42568844952568,1
naive,prices+weather,1,17,synthetic,pinball_p50,269.7994819062787,1
naive,prices+weather,1,17,synthetic,pinball_p90,143.35661134883466,1
naive,prices+weather,1,17,synthetic,pinball_mean,169.52726056821302,1
naive,prices+weather,1,17,synthetic,mape_p50_pct,18.22271885571126,1
naive,prices+weather,1,17,synthetic,coverage_p10_p90_pct,72.32142857142857,1
naive,prices+weather,1,17,synthetic,n,112.0,1
naive,prices+weather,2,17,synthetic,pinball_p10,116.02817677733005,1
naive,prices+weather,2,17,synthetic,pinball_p50,395.2485380120991,1
naive,prices+weather,2,17,synthetic,pinball_p90,202.6594567059594,1
naive,prices+weather,2,17,synthetic,pinball_mean,237.97872383179617,1
naive,prices+weather,2,17,synthetic,mape_p50_pct,26.36268980711241,1
naive,prices+weather,2,17,synthetic,coverage_p10_p90_pct,68.75,1
naive,prices+weather,2,17,synthetic,n,112.0,1
naive,prices+weather,3,17,synthetic,pinball_p10,130.28769473721815,1
naive,prices+weather,3,17,synthetic,pinball_p50,462.4455386041406,1
naive,prices+weather,3,17,synthetic,pinball_p90,223.1567913198872,1
naive,prices+weather,3,17,synthetic,pinball_mean,271.96334155374865,1
naive,prices+weather,3,17,synthetic,mape_p50_pct,31.439897185079186,1
naive,prices+weather,3,17,synthetic,coverage_p10_p90_pct,75.0,1
naive,prices+weather,3,17,synthetic,n,112.0,1
naive,prices+weather,4,17,synthetic,pinball_p10,149.7709066010803,1
naive,prices+weather,4,17,synthetic,pinball_p50,462.7393987044288,1
naive,prices+weather,4,17,synthetic,pinball_p90,232.04258389874417,1
naive,prices+weather,4,17,synthetic,pinball_mean,281.5176297347511,1
naive,prices+weather,4,17,synthetic,mape_p50_pct,33.0409534687491,1
naive,prices+weather,4,17,synthetic,coverage_p10_p90_pct,78.57142857142857,1
naive,prices+weather,4,17,synthetic,n,112.0,1
naive,prices+weather,spike_14d,17,synthetic,spike_events,31.0,1
naive,prices+weather,spike_14d,17,synthetic,spike_recall,0.0,1
naive,prices+weather,spike_14d,17,synthetic,spike_precision,,1
naive,prices+weather,spike_14d,17,synthetic,spike_false_alarm_rate,0.0,1
naive,prices+weather,spike_14d,17,synthetic,spike_brier,0.19998331683056395,1
naive,prices+weather,1,18,synthetic,pinball_p10,82.82938840823165,1
naive,prices+weather,1,18,synthetic,pinball_p50,237.5339461730973,1
naive,prices+weather,1,18,synthetic,pinball_p90,105.67690549456049,1
naive,prices+weather,1,18,synthetic,pinball_mean,142.0134133586298,1
naive,prices+weather,1,18,synthetic,mape_p50_pct,16.099494487441696,1
naive,prices+weather,1,18,synthetic,coverage_p10_p90_pct,83.03571428571429,1
naive,prices+weather,1,18,synthetic,n,112.0,1
naive,prices+weather,2,18,synthetic,pinball_p10,121.17930481849693,1
naive,prices+weather,2,18,synthetic,pinball_p50,314.7320700464553,1
naive,prices+weather,2,18,synthetic,pinball_p90,157.741037836412,1
naive,prices+weather,2,18,synthetic,pinball_mean,197.88413756712143,1
naive,prices+weather,2,18,synthetic,mape_p50_pct,21.96350548899876,1
naive,prices+weather,2,18,synthetic,coverage_p10_p90_pct,83.92857142857143,1
naive,prices+weather,2,18,synthetic,n,112.0,1
naive,prices+weather,3,18,synthetic,pinball_p10,115.60089788669504,1
naive,prices+weather,3,18,synthetic,pinball_p50,392.8629632393132,1
naive,prices+weather,3,18,synthetic,pinball_p90,195.458518301881,1
naive,prices+weather,3,18,synthetic,pinball_mean,234.64079314262975,1
naive,prices+weather,3,18,synthetic,mape_p50_pct,26.938563770853523,1
naive,prices+weather,3,18,synthetic,coverage_p10_p90_pct,90.17857142857143,1
naive,prices+weather,3,18,synthetic,n,112.0,1
naive,prices+weather,4,18,synthetic,pinball_p10,115.56730097373517,1
naive,prices+weather,4,18,synthetic,pinball_p50,381.14353776032266,1
naive,prices+weather,4,18,synthetic,pinball_p90,227.81558019970666,1
naive,prices+weather,4,18,synthetic,pinball_mean,241.50880631125483,1
naive,prices+weather,4,18,synthetic,mape_p50_pct,26.43769578532681,1
naive,prices+weather,4,18,synthetic,coverage_p10_p90_pct,91.07142857142857,1
naive,prices+weather,4,18,synthetic,n,112.0,1
naive,prices+weather,spike_14d,18,synthetic,spike_events,23.0,1
naive,prices+weather,spike_14d,18,synthetic,spike_recall,0.0,1
naive,prices+weather,spike_14d,18,synthetic,spike_precision,,1
naive,prices+weather,spike_14d,18,synthetic,spike_false_alarm_rate,0.0,1
naive,prices+weather,spike_14d,18,synthetic,spike_brier,0.1681736366842801,1
lightgbm_v1,prices+weather,1,ALL,synthetic,pinball_p10,81.26057657961078,1
lightgbm_v1,prices+weather,1,ALL,synthetic,pinball_p50,211.03396901150518,1
lightgbm_v1,prices+weather,1,ALL,synthetic,pinball_p90,125.21955012646475,1
lightgbm_v1,prices+weather,1,ALL,synthetic,pinball_mean,139.17136523919356,1
lightgbm_v1,prices+weather,1,ALL,synthetic,mape_p50_pct,14.987451946153454,1
lightgbm_v1,prices+weather,1,ALL,synthetic,coverage_p10_p90_pct,74.70178926441352,1
lightgbm_v1,prices+weather,1,ALL,synthetic,n,2012.0,1
lightgbm_v1,prices+weather,2,ALL,synthetic,pinball_p10,105.10646657218811,1
lightgbm_v1,prices+weather,2,ALL,synthetic,pinball_p50,268.7544641565614,1
lightgbm_v1,prices+weather,2,ALL,synthetic,pinball_p90,192.2300495776678,1
lightgbm_v1,prices+weather,2,ALL,synthetic,pinball_mean,188.69699343547245,1
lightgbm_v1,prices+weather,2,ALL,synthetic,mape_p50_pct,19.074565249989615,1
lightgbm_v1,prices+weather,2,ALL,synthetic,coverage_p10_p90_pct,66.00397614314116,1
lightgbm_v1,prices+weather,2,ALL,synthetic,n,2012.0,1
lightgbm_v1,prices+weather,3,ALL,synthetic,pinball_p10,114.78973743348467,1
lightgbm_v1,prices+weather,3,ALL,synthetic,pinball_p50,315.09858903551503,1
lightgbm_v1,prices+weather,3,ALL,synthetic,pinball_p90,270.51488745815857,1
lightgbm_v1,prices+weather,3,ALL,synthetic,pinball_mean,233.46773797571942,1
lightgbm_v1,prices+weather,3,ALL,synthetic,mape_p50_pct,22.3493312850956,1
lightgbm_v1,prices+weather,3,ALL,synthetic,coverage_p10_p90_pct,60.288270377733596,1
lightgbm_v1,prices+weather,3,ALL,synthetic,n,2012.0,1
lightgbm_v1,prices+weather,4,ALL,synthetic,pinball_p10,127.87388893233067,1
lightgbm_v1,prices+weather,4,ALL,synthetic,pinball_p50,343.2587840337565,1
lightgbm_v1,prices+weather,4,ALL,synthetic,pinball_p90,315.70477949986434,1
lightgbm_v1,prices+weather,4,ALL,synthetic,pinball_mean,262.2791508219838,1
lightgbm_v1,prices+weather,4,ALL,synthetic,mape_p50_pct,24.503016924360423,1
lightgbm_v1,prices+weather,4,ALL,synthetic,coverage_p10_p90_pct,58.94632206759444,1
lightgbm_v1,prices+weather,4,ALL,synthetic,n,2012.0,1
lightgbm_v1,prices+weather,spike_14d,ALL,synthetic,spike_events,483.0,1
lightgbm_v1,prices+weather,spike_14d,ALL,synthetic,spike_recall,0.10144927536231885,1
lightgbm_v1,prices+weather,spike_14d,ALL,synthetic,spike_precision,0.21212121212121213,1
lightgbm_v1,prices+weather,spike_14d,ALL,synthetic,spike_false_alarm_rate,0.12109115103127079,1
lightgbm_v1,prices+weather,spike_14d,ALL,synthetic,spike_brier,0.20681870354452253,1
lightgbm_v1,prices+weather,1,1,synthetic,pinball_p10,51.65727343249004,1
lightgbm_v1,prices+weather,1,1,synthetic,pinball_p50,148.22729353766547,1
lightgbm_v1,prices+weather,1,1,synthetic,pinball_p90,102.19424954704986,1
lightgbm_v1,prices+weather,1,1,synthetic,pinball_mean,100.69293883906846,1
lightgbm_v1,prices+weather,1,1,synthetic,mape_p50_pct,13.009645839842229,1
lightgbm_v1,prices+weather,1,1,synthetic,coverage_p10_p90_pct,76.78571428571429,1
lightgbm_v1,prices+weather,1,1,synthetic,n,112.0,1
lightgbm_v1,prices+weather,2,1,synthetic,pinball_p10,66.95056720572383,1
lightgbm_v1,prices+weather,2,1,synthetic,pinball_p50,189.3218201807388,1
lightgbm_v1,prices+weather,2,1,synthetic,pinball_p90,155.56533315564528,1
lightgbm_v1,prices+weather,2,1,synthetic,pinball_mean,137.27924018070266,1
lightgbm_v1,prices+weather,2,1,synthetic,mape_p50_pct,16.775635625177358,1
lightgbm_v1,prices+weather,2,1,synthetic,coverage_p10_p90_pct,72.32142857142857,1
lightgbm_v1,prices+weather,2,1,synthetic,n,112.0,1
lightgbm_v1,prices+weather,3,1,synthetic,pinball_p10,68.14033575620617,1
lightgbm_v1,prices+weather,3,1,synthetic,pinball_p50,187.00235292465885,1
lightgbm_v1,prices+weather,3,1,synthetic,pinball_p90,204.31254016583165,1
lightgbm_v1,prices+weather,3,1,synthetic,pinball_mean,153.15174294889889,1
lightgbm_v1,prices+weather,3,1,synthetic,mape_p50_pct,15.79497844801025,1
lightgbm_v1,prices+weather,3,1,synthetic,coverage_p10_p90_pct,68.75,1
lightgbm_v1,prices+weather,3,1,synthetic,n,112.0,1
lightgbm_v1,prices+weather,4,1,synthetic,pinball_p10,75.40209470972965,1
lightgbm_v1,prices+weather,4,1,synthetic,pinball_p50,213.47212419492004,1
lightgbm_v1,prices+weather,4,1,synthetic,pinball_p90,242.63512470605522,1
lightgbm_v1,prices+weather,4,1,synthetic,pinball_mean,177.1697812035683,1
lightgbm_v1,prices+weather,4,1,synthetic,mape_p50_pct,18.101648149658114,1
lightgbm_v1,prices+weather,4,1,synthetic,coverage_p10_p90_pct,66.96428571428571,1
lightgbm_v1,prices+weather,4,1,synthetic,n,112.0,1
lightgbm_v1,prices+weather,spike_14d,1,synthetic,spike_events,31.0,1
lightgbm_v1,prices+weather,spike_14d,1,synthetic,spike_recall,0.16129032258064516,1
lightgbm_v1,prices+weather,spike_14d,1,synthetic,spike_precision,0.625,1
lightgbm_v1,prices+weather,spike_14d,1,synthetic,spike_false_alarm_rate,0.037037037037037035,1
lightgbm_v1,prices+weather,spike_14d,1,synthetic,spike_brier,0.20105338448144647,1
lightgbm_v1,prices+weather,1,2,synthetic,pinball_p10,80.14838314465722,1
lightgbm_v1,prices+weather,1,2,synthetic,pinball_p50,194.49686598520202,1
lightgbm_v1,prices+weather,1,2,synthetic,pinball_p90,121.27205343960567,1
lightgbm_v1,prices+weather,1,2,synthetic,pinball_mean,131.97243418982163,1
lightgbm_v1,prices+weather,1,2,synthetic,mape_p50_pct,17.070851878968295,1
lightgbm_v1,prices+weather,1,2,synthetic,coverage_p10_p90_pct,74.10714285714286,1
lightgbm_v1,prices+weather,1,2,synthetic,n,112.0,1
lightgbm_v1,prices+weather,2,2,synthetic,pinball_p10,99.0222004806254,1
lightgbm_v1,prices+weather,2,2,synthetic,pinball_p50,251.61654022897977,1
lightgbm_v1,prices+weather,2,2,synthetic,pinball_p90,199.09385027986067,1
lightgbm_v1,prices+weather,2,2,synthetic,pinball_mean,183.24419699648863,1
lightgbm_v1,prices+weather,2,2,synthetic,mape_p50_pct,20.973729993590855,1
lightgbm_v1,prices+weather,2,2,synthetic,coverage_p10_p90_pct,62.5,1
lightgbm_v1,prices+weather,2,2,synthetic,n,112.0,1
lightgbm_v1,prices+weather,3,2,synthetic,pinball_p10,108.23680801440004,1
lightgbm_v1,prices+weather,3,2,synthetic,pinball_p50,277.8303153486363,1
lightgbm_v1,prices+weather,3,2,synthetic,pinball_p90,275.52372400166666,1
lightgbm_v1,prices+weather,3,2,synthetic,pinball_mean,220.530282454901,1
lightgbm_v1,prices+weather,3,2,synthetic,mape_p50_pct,23.31164153941835,1
lightgbm_v1,prices+weather,3,2,synthetic,coverage_p10_p90_pct,62.5,1
lightgbm_v1,prices+weather,3,2,synthetic,n,112.0,1
lightgbm_v1,prices+weather,4,2,synthetic,pinball_p10,127.10401241834822,1
lightgbm_v1,prices+weather,4,2,synthetic,pinball_p50,309.73704823753326,1
lightgbm_v1,prices+weather,4,2,synthetic,pinball_p90,313.73408218677804,1
lightgbm_v1,prices+weather,4,2,synthetic,pinball_mean,250.1917142808865,1
lightgbm_v1,prices+weather,4,2,synthetic,mape_p50_pct,26.39306823304069,1
lightgbm_v1,prices+weather,4,2,synthetic,coverage_p10_p90_pct,59.82142857142857,1
lightgbm_v1,prices+weather,4,2,synthetic,n,112.0,1
lightgbm_v1,prices+weather,spike_14d,2,synthetic,spike_events,35.0,1
lightgbm_v1,prices+weather,spike_14d,2,synthetic,spike_recall,0.05714285714285714,1
lightgbm_v1,prices+weather,spike_14d,2,synthetic,spike_precision,0.2857142857142857,1
lightgbm_v1,prices+weather,spike_14d,2,synthetic,spike_false_alarm_rate,0.06493506493506493,1
lightgbm_v1,prices+weather,spike_14d,2,synthetic,spike_brier,0.2106761768103144,1
lightgbm_v1,prices+weather,1,3,synthetic,pinball_p10,103.85883200413714,1
lightgbm_v1,prices+weather,1,3,synthetic,pinball_p50,212.74476440372254,1
lightgbm_v1,prices+weather,1,3,synthetic,pinball_p90,107.68361498805048,1
lightgbm_v1,prices+weather,1,3,synthetic,pinball_mean,141.4290704653034,1
lightgbm_v1,prices+weather,1,3,synthetic,mape_p50_pct,16.973146109702373,1
lightgbm_v1,prices+weather,1,3,synthetic,coverage_p10_p90_pct,73.63636363636363,1
lightgbm_v1,prices+weather,1,3,synthetic,n,110.0,1
lightgbm_v1,prices+weather,2,3,synthetic,pinball_p10,118.58319509283172,1
lightgbm_v1,prices+weather,2,3,synthetic,pinball_p50,256.72352401429276,1
lightgbm_v1,prices+weather,2,3,synthetic,pinball_p90,132.56717366002573,1
lightgbm_v1,prices+weather,2,3,synthetic,pinball_mean,169.29129758905006,1
lightgbm_v1,prices+weather,2,3,synthetic,mape_p50_pct,20.3934728833185,1
lightgbm_v1,prices+weather,2,3,synthetic,coverage_p10_p90_pct,66.36363636363637,1
lightgbm_v1,prices+weather,2,3,synthetic,n,110.0,1
lightgbm_v1,prices+weather,3,3,synthetic,pinball_p10,97.98769954496353,1
lightgbm_v1,prices+weather,3,3,synthetic,pinball_p50,303.03667129897457,1
lightgbm_v1,prices+weather,3,3,synthetic,pinball_p90,227.79243043055598,1
lightgbm_v1,prices+weather,3,3,synthetic,pinball_mean,209.60560042483135,1
lightgbm_v1,prices+weather,3,3,synthetic,mape_p50_pct,23.54839371829963,1
lightgbm_v1,prices+weather,3,3,synthetic,coverage_p10_p90_pct,58.18181818181818,1
lightgbm_v1,prices+weather,3,3,synthetic,n,110.0,1
lightgbm_v1,prices+weather,4,3,synthetic,pinball_p10,109.08451994619507,1
lightgbm_v1,prices+weather,4,3,synthetic,pinball_p50,348.5775517464739,1
lightgbm_v1,prices+weather,4,3,synthetic,pinball_p90,271.6707691180776,1
lightgbm_v1,prices+weather,4,3,synthetic,pinball_mean,243.11094693691552,1
lightgbm_v1,prices+weather,4,3,synthetic,mape_p50_pct,27.321172973662943,1
lightgbm_v1,prices+weather,4,3,synthetic,coverage_p10_p90_pct,58.18181818181818,1
lightgbm_v1,prices+weather,4,3,synthetic,n,110.0,1
lightgbm_v1,prices+weather,spike_14d,3,synthetic,spike_events,32.0,1
lightgbm_v1,prices+weather,spike_14d,3,synthetic,spike_recall,0.0,1
lightgbm_v1,prices+weather,spike_14d,3,synthetic,spike_precision,0.0,1
lightgbm_v1,prices+weather,spike_14d,3,synthetic,spike_false_alarm_rate,0.06153846153846154,1
lightgbm_v1,prices+weather,spike_14d,3,synthetic,spike_brier,0.25926650752015507,1
lightgbm_v1,prices+weather,1,4,synthetic,pinball_p10,62.51719116708311,1
lightgbm_v1,prices+weather,1,4,synthetic,pinball_p50,196.2073410014435,1
lightgbm_v1,prices+weather,1,4,synthetic,pinball_p90,122.94434723192141,1
lightgbm_v1,prices+weather,1,4,synthetic,pinball_mean,127.22295980014934,1
lightgbm_v1,prices+weather,1,4,synthetic,mape_p50_pct,14.224092908884217,1
lightgbm_v1,prices+weather,1,4,synthetic,coverage_p10_p90_pct,82.14285714285714,1
lightgbm_v1,prices+weather,1,4,synthetic,n,112.0,1
lightgbm_v1,prices+weather,2,4,synthetic,pinball_p10,76.07657154541094,1
lightgbm_v1,prices+weather,2,4,synthetic,pinball_p50,239.68315753429948,1
lightgbm_v1,prices+weather,2,4,synthetic,pinball_p90,147.52202395556523,1
lightgbm_v1,prices+weather,2,4,synthetic,pinball_mean,154.42725101175856,1
lightgbm_v1,prices+weather,2,4,synthetic,mape_p50_pct,17.703260495091484,1
lightgbm_v1,prices+weather,2,4,synthetic,coverage_p10_p90_pct,68.75,1
lightgbm_v1,prices+weather,2,4,synthetic,n,112.0,1
lightgbm_v1,prices+weather,3,4,synthetic,pinball_p10,84.82233001155828,1
lightgbm_v1,prices+weather,3,4,synthetic,pinball_p50,274.28349303508526,1
lightgbm_v1,prices+weather,3,4,synthetic,pinball_p90,218.5103927718644,1
lightgbm_v1,prices+weather,3,4,synthetic,pinball_mean,192.53873860616932,1
lightgbm_v1,prices+weather,3,4,synthetic,mape_p50_pct,19.687078905170985,1
lightgbm_v1,prices+weather,3,4,synthetic,coverage_p10_p90_pct,69.64285714285714,1
lightgbm_v1,prices+weather,3,4,synthetic,n,112.0,1
lightgbm_v1,prices+weather,4,4,synthetic,pinball_p10,99.11938793009985,1
lightgbm_v1,prices+weather,4,4,synthetic,pinball_p50,257.21408538305093,1
lightgbm_v1,prices+weather,4,4,synthetic,pinball_p90,257.34716997825655,1
lightgbm_v1,prices+weather,4,4,synthetic,pinball_mean,204.56021443046907,1
lightgbm_v1,prices+weather,4,4,synthetic,mape_p50_pct,17.800309585800665,1
lightgbm_v1,prices+weather,4,4,synthetic,coverage_p10_p90_pct,74.10714285714286,1
lightgbm_v1,prices+weather,4,4,synthetic,n,112.0,1
lightgbm_v1,prices+weather,spike_14d,4,synthetic,spike_events,29.0,1
lightgbm_v1,prices+weather,spike_14d,4,synthetic,spike_recall,0.1724137931034483,1
lightgbm_v1,prices+weather,spike_14d,4,synthetic,spike_precision,0.29411764705882354,1
lightgbm_v1,prices+weather,spike_14d,4,synthetic,spike_false_alarm_rate,0.14457831325301204,1
lightgbm_v1,prices+weather,spike_14d,4,synthetic,spike_brier,0.23841060417202725,1
lightgbm_v1,prices+weather,1,5,synthetic,pinball_p10,80.50594163536503,1
lightgbm_v1,prices+weather,1,5,synthetic,pinball_p50,226.21411876910855,1
lightgbm_v1,prices+weather,1,5,synthetic,pinball_p90,131.6259965467792,1
lightgbm_v1,prices+weather,1,5,synthetic,pinball_mean,146.11535231708424,1
lightgbm_v1,prices+weather,1,5,synthetic,mape_p50_pct,15.220068427028895,1
lightgbm_v1,prices+weather,1,5,synthetic,coverage_p10_p90_pct,74.10714285714286,1
lightgbm_v1,prices+weather,1,5,synthetic,n,112.0,1
lightgbm_v1,prices+weather,2,5,synthetic,pinball_p10,112.75704126243348,1
lightgbm_v1,prices+weather,2,5,synthetic,pinball_p50,295.46746025163105,1
lightgbm_v1,prices+weather,2,5,synthetic,pinball_p90,222.58349933581044,1
lightgbm_v1,prices+weather,2,5,synthetic,pinball_mean,210.26933361662498,1
lightgbm_v1,prices+weather,2,5,synthetic,mape_p50_pct,20.085818805158155,1
lightgbm_v1,prices+weather,2,5,synthetic,coverage_p10_p90_pct,59.82142857142857,1
lightgbm_v1,prices+weather,2,5,synthetic,n,112.0,1
lightgbm_v1,prices+weather,3,5,synthetic,pinball_p10,128.01337890177334,1
lightgbm_v1,prices+weather,3,5,synthetic,pinball_p50,352.9049353228333,1
lightgbm_v1,prices+weather,3,5,synthetic,pinball_p90,328.92441116190747,1
lightgbm_v1,prices+weather,3,5,synthetic,pinball_mean,269.947575128838,1
lightgbm_v1,prices+weather,3,5,synthetic,mape_p50_pct,23.95010734323713,1
lightgbm_v1,prices+weather,3,5,synthetic,coverage_p10_p90_pct,50.0,1
lightgbm_v1,prices+weather,3,5,synthetic,n,112.0,1
lightgbm_v1,prices+weather,4,5,synthetic,pinball_p10,156.59257816226227,1
lightgbm_v1,prices+weather,4,5,synthetic,pinball_p50,403.27303104905707,1
lightgbm_v1,prices+weather,4,5,synthetic,pinball_p90,369.73096497058503,1
lightgbm_v1,prices+weather,4,5,synthetic,pinball_mean,309.8655247273014,1
lightgbm_v1,prices+weather,4,5,synthetic,mape_p50_pct,27.5016451309944,1
lightgbm_v1,prices+weather,4,5,synthetic,coverage_p10_p90_pct,49.107142857142854,1
lightgbm_v1,prices+weather,4,5,synthetic,n,112.0,1
lightgbm_v1,prices+weather,spike_14d,5,synthetic,spike_events,25.0,1
lightgbm_v1,prices+weather,spike_14d,5,synthetic,spike_recall,0.2,1
lightgbm_v1,prices+weather,spike_14d,5,synthetic,spike_precision,0.2,1
lightgbm_v1,prices+weather,spike_14d,5,synthetic,spike_false_alarm_rate,0.22988505747126436,1
lightgbm_v1,prices+weather,spike_14d,5,synthetic,spike_brier,0.22045792749558663,1
lightgbm_v1,prices+weather,1,6,synthetic,pinball_p10,89.89377102454333,1
lightgbm_v1,prices+weather,1,6,synthetic,pinball_p50,215.93251503456628,1
lightgbm_v1,prices+weather,1,6,synthetic,pinball_p90,117.55299671264918,1
lightgbm_v1,prices+weather,1,6,synthetic,pinball_mean,141.12642759058627,1
lightgbm_v1,prices+weather,1,6,synthetic,mape_p50_pct,13.457698178155816,1
lightgbm_v1,prices+weather,1,6,synthetic,coverage_p10_p90_pct,78.57142857142857,1
lightgbm_v1,prices+weather,1,6,synthetic,n,112.0,1
lightgbm_v1,prices+weather,2,6,synthetic,pinball_p10,94.26128884395443,1
lightgbm_v1,prices+weather,2,6,synthetic,pinball_p50,262.1559898074384,1
lightgbm_v1,prices+weather,2,6,synthetic,pinball_p90,206.50838390882078,1
lightgbm_v1,prices+weather,2,6,synthetic,pinball_mean,187.6418875200712,1
lightgbm_v1,prices+weather,2,6,synthetic,mape_p50_pct,16.088778690638698,1
lightgbm_v1,prices+weather,2,6,synthetic,coverage_p10_p90_pct,72.32142857142857,1
lightgbm_v1,prices+weather,2,6,synthetic,n,112.0,1
lightgbm_v1,prices+weather,3,6,synthetic,pinball_p10,121.29147316093862,1
lightgbm_v1,prices+weather,3,6,synthetic,pinball_p50,287.82186005332574,1
lightgbm_v1,prices+weather,3,6,synthetic,pinball_p90,289.87721179758245,1
lightgbm_v1,prices+weather,3,6,synthetic,pinball_mean,232.99684833728224,1
lightgbm_v1,prices+weather,3,6,synthetic,mape_p50_pct,17.75473675503127,1
lightgbm_v1,prices+weather,3,6,synthetic,coverage_p10_p90_pct,66.07142857142857,1
lightgbm_v1,prices+weather,3,6,synthetic,n,112.0,1
lightgbm_v1,prices+weather,4,6,synthetic,pinball_p10,113.77778094612457,1
lightgbm_v1,prices+weather,4,6,synthetic,pinball_p50,321.04966570887984,1
lightgbm_v1,prices+weather,4,6,synthetic,pinball_p90,316.3378069782442,1
lightgbm_v1,prices+weather,4,6,synthetic,pinball_mean,250.3884178777495,1
lightgbm_v1,prices+weather,4,6,synthetic,mape_p50_pct,19.975422562234858,1
lightgbm_v1,prices+weather,4,6,synthetic,coverage_p10_p90_pct,67.85714285714286,1
lightgbm_v1,prices+weather,4,6,synthetic,n,112.0,1
lightgbm_v1,prices+weather,spike_14d,6,synthetic,spike_events,24.0,1
lightgbm_v1,prices+weather,spike_14d,6,synthetic,spike_recall,0.08333333333333333,1
lightgbm_v1,prices+weather,spike_14d,6,synthetic,spike_precision,0.2,1
lightgbm_v1,prices+weather,spike_14d,6,synthetic,spike_false_alarm_rate,0.09090909090909091,1
lightgbm_v1,prices+weather,spike_14d,6,synthetic,spike_brier,0.20364190869035143,1
lightgbm_v1,prices+weather,1,7,synthetic,pinball_p10,116.33577590484386,1
lightgbm_v1,prices+weather,1,7,synthetic,pinball_p50,343.461776874249,1
lightgbm_v1,prices+weather,1,7,synthetic,pinball_p90,219.18362761718558,1
lightgbm_v1,prices+weather,1,7,synthetic,pinball_mean,226.3270601320928,1
lightgbm_v1,prices+weather,1,7,synthetic,mape_p50_pct,15.924051729582041,1
lightgbm_v1,prices+weather,1,7,synthetic,coverage_p10_p90_pct,66.07142857142857,1
lightgbm_v1,prices+weather,1,7,synthetic,n,112.0,1
lightgbm_v1,prices+weather,2,7,synthetic,pinball_p10,153.23264278067654,1
lightgbm_v1,prices+weather,2,7,synthetic,pinball_p50,458.27784118737145,1
lightgbm_v1,prices+weather,2,7,synthetic,pinball_p90,342.44218406606217,1
lightgbm_v1,prices+weather,2,7,synthetic,pinball_mean,317.9842226780367,1
lightgbm_v1,prices+weather,2,7,synthetic,mape_p50_pct,20.056757359098444,1
lightgbm_v1,prices+weather,2,7,synthetic,coverage_p10_p90_pct,55.35714285714286,1
lightgbm_v1,prices+weather,2,7,synthetic,n,112.0,1
lightgbm_v1,prices+weather,3,7,synthetic,pinball_p10,152.16740869693453,1
lightgbm_v1,prices+weather,3,7,synthetic,pinball_p50,557.0454487390916,1
lightgbm_v1,prices+weather,3,7,synthetic,pinball_p90,524.8006280368155,1
lightgbm_v1,prices+weather,3,7,synthetic,pinball_mean,411.33782849094723,1
lightgbm_v1,prices+weather,3,7,synthetic,mape_p50_pct,24.24013788688299,1
lightgbm_v1,prices+weather,3,7,synthetic,coverage_p10_p90_pct,51.78571428571429,1
lightgbm_v1,prices+weather,3,7,synthetic,n,112.0,1
lightgbm_v1,prices+weather,4,7,synthetic,pinball_p10,165.85439774894513,1
lightgbm_v1,prices+weather,4,7,synthetic,pinball_p50,606.4636250830121,1
lightgbm_v1,prices+weather,4,7,synthetic,pinball_p90,668.4441694454605,1
lightgbm_v1,prices+weather,4,7,synthetic,pinball_mean,480.2540640924726,1
lightgbm_v1,prices+weather,4,7,synthetic,mape_p50_pct,26.24800623744237,1
lightgbm_v1,prices+weather,4,7,synthetic,coverage_p10_p90_pct,50.89285714285714,1
lightgbm_v1,prices+weather,4,7,synthetic,n,112.0,1
lightgbm_v1,prices+weather,spike_14d,7,synthetic,spike_events,35.0,1
lightgbm_v1,prices+weather,spike_14d,7,synthetic,spike_recall,0.0,1
lightgbm_v1,prices+weather,spike_14d,7,synthetic,spike_precision,0.0,1
lightgbm_v1,prices+weather,spike_14d,7,synthetic,spike_false_alarm_rate,0.09090909090909091,1
lightgbm_v1,prices+weather,spike_14d,7,synthetic,spike_brier,0.2775958089281044,1
lightgbm_v1,prices+weather,1,8,synthetic,pinball_p10,61.897570805058,1
lightgbm_v1,prices+weather,1,8,synthetic,pinball_p50,161.3596207734454,1
lightgbm_v1,prices+weather,1,8,synthetic,pinball_p90,106.39919564775536,1
lightgbm_v1,prices+weather,1,8,synthetic,pinball_mean,109.88546240875291,1
lightgbm_v1,prices+weather,1,8,synthetic,mape_p50_pct,14.245115536510658,1
lightgbm_v1,prices+weather,1,8,synthetic,coverage_p10_p90_pct,73.21428571428571,1
lightgbm_v1,prices+weather,1,8,synthetic,n,112.0,1
lightgbm_v1,prices+weather,2,8,synthetic,pinball_p10,90.91362834871471,1
lightgbm_v1,prices+weather,2,8,synthetic,pinball_p50,200.37064997262482,1
lightgbm_v1,prices+weather,2,8,synthetic,pinball_p90,151.039857706364,1
lightgbm_v1,prices+weather,2,8,synthetic,pinball_mean,147.44137867590118,1
lightgbm_v1,prices+weather,2,8,synthetic,mape_p50_pct,18.396419628274014,1
lightgbm_v1,prices+weather,2,8,synthetic,coverage_p10_p90_pct,68.75,1
lightgbm_v1,prices+weather,2,8,synthetic,n,112.0,1
lightgbm_v1,prices+weather,3,8,synthetic,pinball_p10,91.51693272317975,1
lightgbm_v1,prices+weather,3,8,synthetic,pinball_p50,237.44637050124024,1
lightgbm_v1,prices+weather,3,8,synthetic,pinball_p90,222.69255211099627,1
lightgbm_v1,prices+weather,3,8,synthetic,pinball_mean,183.88528511180542,1
lightgbm_v1,prices+weather,3,8,synthetic,mape_p50_pct,21.616014845268847,1
lightgbm_v1,prices+weather,3,8,synthetic,coverage_p10_p90_pct,56.25,1
lightgbm_v1,prices+weather,3,8,synthetic,n,112.0,1
lightgbm_v1,prices+weather,4,8,synthetic,pinball_p10,123.83832745961367,1
lightgbm_v1,prices+weather,4,8,synthetic,pinball_p50,267.1327890467985,1
lightgbm_v1,prices+weather,4,8,synthetic,pinball_p90,262.0042312416737,1
lightgbm_v1,prices+weather,4,8,synthetic,pinball_mean,217.65844924936195,1
lightgbm_v1,prices+weather,4,8,synthetic,mape_p50_pct,24.40646122790426,1
lightgbm_v1,prices+weather,4,8,synthetic,coverage_p10_p90_pct,50.0,1
lightgbm_v1,prices+weather,4,8,synthetic,n,112.0,1
lightgbm_v1,prices+weather,spike_14d,8,synthetic,spike_events,27.0,1
lightgbm_v1,prices+weather,spike_14d,8,synthetic,spike_recall,0.037037037037037035,1
lightgbm_v1,prices+weather,spike_14d,8,synthetic,spike_precision,0.1111111111111111,1
lightgbm_v1,prices+weather,spike_14d,8,synthetic,spike_false_alarm_rate,0.09411764705882353,1
lightgbm_v1,prices+weather,spike_14d,8,synthetic,spike_brier,0.19355819770399632,1
lightgbm_v1,prices+weather,1,9,synthetic,pinball_p10,68.07908925158793,1
lightgbm_v1,prices+weather,1,9,synthetic,pinball_p50,202.44734244242605,1
lightgbm_v1,prices+weather,1,9,synthetic,pinball_p90,147.69577235405313,1
lightgbm_v1,prices+weather,1,9,synthetic,pinball_mean,139.4074013493557,1
lightgbm_v1,prices+weather,1,9,synthetic,mape_p50_pct,15.098932569451012,1
lightgbm_v1,prices+weather,1,9,synthetic,coverage_p10_p90_pct,75.89285714285714,1
lightgbm_v1,prices+weather,1,9,synthetic,n,112.0,1
lightgbm_v1,prices+weather,2,9,synthetic,pinball_p10,92.08354962357272,1
lightgbm_v1,prices+weather,2,9,synthetic,pinball_p50,271.91381331383576,1
lightgbm_v1,prices+weather,2,9,synthetic,pinball_p90,227.89274977857707,1
lightgbm_v1,prices+weather,2,9,synthetic,pinball_mean,197.29670423866185,1
lightgbm_v1,prices+weather,2,9,synthetic,mape_p50_pct,20.450563278235137,1
lightgbm_v1,prices+weather,2,9,synthetic,coverage_p10_p90_pct,57.14285714285714,1
lightgbm_v1,prices+weather,2,9,synthetic,n,112.0,1
lightgbm_v1,prices+weather,3,9,synthetic,pinball_p10,118.18112664235221,1
lightgbm_v1,prices+weather,3,9,synthetic,pinball_p50,320.8200414840042,1
lightgbm_v1,prices+weather,3,9,synthetic,pinball_p90,299.79591405836993,1
lightgbm_v1,prices+weather,3,9,synthetic,pinball_mean,246.26569406157546,1
lightgbm_v1,prices+weather,3,9,synthetic,mape_p50_pct,24.692618863975515,1
lightgbm_v1,prices+weather,3,9,synthetic,coverage_p10_p90_pct,52.67857142857143,1
lightgbm_v1,prices+weather,3,9,synthetic,n,112.0,1
lightgbm_v1,prices+weather,4,9,synthetic,pinball_p10,135.53246728391045,1
lightgbm_v1,prices+weather,4,9,synthetic,pinball_p50,328.34957219184696,1
lightgbm_v1,prices+weather,4,9,synthetic,pinball_p90,339.49030156044256,1
lightgbm_v1,prices+weather,4,9,synthetic,pinball_mean,267.7907803454,1
lightgbm_v1,prices+weather,4,9,synthetic,mape_p50_pct,25.092879952528207,1
lightgbm_v1,prices+weather,4,9,synthetic,coverage_p10_p90_pct,51.78571428571429,1
lightgbm_v1,prices+weather,4,9,synthetic,n,112.0,1
lightgbm_v1,prices+weather,spike_14d,9,synthetic,spike_events,27.0,1
lightgbm_v1,prices+weather,spike_14d,9,synthetic,spike_recall,0.0,1
lightgbm_v1,prices+weather,spike_14d,9,synthetic,spike_precision,0.0,1
lightgbm_v1,prices+weather,spike_14d,9,synthetic,spike_false_alarm_rate,0.11764705882352941,1
lightgbm_v1,prices+weather,spike_14d,9,synthetic,spike_brier,0.22348368199553464,1
lightgbm_v1,prices+weather,1,10,synthetic,pinball_p10,66.16452286028432,1
lightgbm_v1,prices+weather,1,10,synthetic,pinball_p50,148.49171559569035,1
lightgbm_v1,prices+weather,1,10,synthetic,pinball_p90,88.26781881125052,1
lightgbm_v1,prices+weather,1,10,synthetic,pinball_mean,100.97468575574173,1
lightgbm_v1,prices+weather,1,10,synthetic,mape_p50_pct,11.9399040562378,1
lightgbm_v1,prices+weather,1,10,synthetic,coverage_p10_p90_pct,80.35714285714286,1
lightgbm_v1,prices+weather,1,10,synthetic,n,112.0,1
lightgbm_v1,prices+weather,2,10,synthetic,pinball_p10,84.78596868293211,1
lightgbm_v1,prices+weather,2,10,synthetic,pinball_p50,214.10408631001525,1
lightgbm_v1,prices+weather,2,10,synthetic,pinball_p90,117.16706512657511,1
lightgbm_v1,prices+weather,2,10,synthetic,pinball_mean,138.6857067065075,1
lightgbm_v1,prices+weather,2,10,synthetic,mape_p50_pct,17.11794454720135,1
lightgbm_v1,prices+weather,2,10,synthetic,coverage_p10_p90_pct,77.67857142857143,1
lightgbm_v1,prices+weather,2,10,synthetic,n,112.0,1
lightgbm_v1,prices+weather,3,10,synthetic,pinball_p10,85.79039803972319,1
lightgbm_v1,prices+weather,3,10,synthetic,pinball_p50,257.481488565355,1
lightgbm_v1,prices+weather,3,10,synthetic,pinball_p90,177.8140743172803,1
lightgbm_v1,prices+weather,3,10,synthetic,pinball_mean,173.69532030745282,1
lightgbm_v1,prices+weather,3,10,synthetic,mape_p50_pct,20.98783977811541,1
lightgbm_v1,prices+weather,3,10,synthetic,coverage_p10_p90_pct,71.42857142857143,1
lightgbm_v1,prices+weather,3,10,synthetic,n,112.0,1
lightgbm_v1,prices+weather,4,10,synthetic,pinball_p10,89.75342036424487,1
lightgbm_v1,prices+weather,4,10,synthetic,pinball_p50,290.60958463986447,1
lightgbm_v1,prices+weather,4,10,synthetic,pinball_p90,205.86922411692458,1
lightgbm_v1,prices+weather,4,10,synthetic,pinball_mean,195.41074304034464,1
lightgbm_v1,prices+weather,4,10,synthetic,mape_p50_pct,23.587731042078534,1
lightgbm_v1,prices+weather,4,10,synthetic,coverage_p10_p90_pct,61.60714285714286,1
lightgbm_v1,prices+weather,4,10,synthetic,n,112.0,1
lightgbm_v1,prices+weather,spike_14d,10,synthetic,spike_events,19.0,1
lightgbm_v1,prices+weather,spike_14d,10,synthetic,spike_recall,0.3684210526315789,1
lightgbm_v1,prices+weather,spike_14d,10,synthetic,spike_precision,0.3333333333333333,1
lightgbm_v1,prices+weather,spike_14d,10,synthetic,spike_false_alarm_rate,0.15053763440860216,1
lightgbm_v1,prices+weather,spike_14d,10,synthetic,spike_brier,0.15736389791607427,1
lightgbm_v1,prices+weather,1,11,synthetic,pinball_p10,117.02344533597042,1
lightgbm_v1,prices+weather,1,11,synthetic,pinball_p50,259.4914764602425,1
lightgbm_v1,prices+weather,1,11,synthetic,pinball_p90,118.16656267697897,1
lightgbm_v1,prices+weather,1,11,synthetic,pinball_mean,164.8938281577306,1
lightgbm_v1,prices+weather,1,11,synthetic,mape_p50_pct,17.81646036284843,1
lightgbm_v1,prices+weather,1,11,synthetic,coverage_p10_p90_pct,67.85714285714286,1
lightgbm_v1,prices+weather,1,11,synthetic,n,112.0,1
lightgbm_v1,prices+weather,2,11,synthetic,pinball_p10,151.40525714265385,1
lightgbm_v1,prices+weather,2,11,synthetic,pinball_p50,352.77167323265303,1
lightgbm_v1,prices+weather,2,11,synthetic,pinball_p90,205.89903732080475,1
lightgbm_v1,prices+weather,2,11,synthetic,pinball_mean,236.69198923203723,1
lightgbm_v1,prices+weather,2,11,synthetic,mape_p50_pct,24.459260075922625,1
lightgbm_v1,prices+weather,2,11,synthetic,coverage_p10_p90_pct,55.35714285714286,1
lightgbm_v1,prices+weather,2,11,synthetic,n,112.0,1
lightgbm_v1,prices+weather,3,11,synthetic,pinball_p10,200.46102243376495,1
lightgbm_v1,prices+weather,3,11,synthetic,pinball_p50,411.8436342562679,1
lightgbm_v1,prices+weather,3,11,synthetic,pinball_p90,301.27971042258775,1
lightgbm_v1,prices+weather,3,11,synthetic,pinball_mean,304.5281223708735,1
lightgbm_v1,prices+weather,3,11,synthetic,mape_p50_pct,28.531520715988613,1
lightgbm_v1,prices+weather,3,11,synthetic,coverage_p10_p90_pct,52.67857142857143,1
lightgbm_v1,prices+weather,3,11,synthetic,n,112.0,1
lightgbm_v1,prices+weather,4,11,synthetic,pinball_p10,229.20780436108785,1
lightgbm_v1,prices+weather,4,11,synthetic,pinball_p50,457.866862420304,1
lightgbm_v1,prices+weather,4,11,synthetic,pinball_p90,350.6970947031047,1
lightgbm_v1,prices+weather,4,11,synthetic,pinball_mean,345.9239204948322,1
lightgbm_v1,prices+weather,4,11,synthetic,mape_p50_pct,32.1543331559246,1
lightgbm_v1,prices+weather,4,11,synthetic,coverage_p10_p90_pct,56.25,1
lightgbm_v1,prices+weather,4,11,synthetic,n,112.0,1
lightgbm_v1,prices+weather,spike_14d,11,synthetic,spike_events,33.0,1
lightgbm_v1,prices+weather,spike_14d,11,synthetic,spike_recall,0.12121212121212122,1
lightgbm_v1,prices+weather,spike_14d,11,synthetic,spike_precision,0.16,1
lightgbm_v1,prices+weather,spike_14d,11,synthetic,spike_false_alarm_rate,0.26582278481012656,1
lightgbm_v1,prices+weather,spike_14d,11,synthetic,spike_brier,0.23394951141608944,1
lightgbm_v1,prices+weather,1,12,synthetic,pinball_p10,89.09001725768356,1
lightgbm_v1,prices+weather,1,12,synthetic,pinball_p50,254.9413746950879,1
lightgbm_v1,prices+weather,1,12,synthetic,pinball_p90,168.6161636226519,1
lightgbm_v1,prices+weather,1,12,synthetic,pinball_mean,170.8825185251411,1
lightgbm_v1,prices+weather,1,12,synthetic,mape_p50_pct,14.375859405443,1
lightgbm_v1,prices+weather,1,12,synthetic,coverage_p10_p90_pct,73.21428571428571,1
lightgbm_v1,prices+weather,1,12,synthetic,n,112.0,1
lightgbm_v1,prices+weather,2,12,synthetic,pinball_p10,131.37363886330218,1
lightgbm_v1,prices+weather,2,12,synthetic,pinball_p50,336.79885027051466,1
lightgbm_v1,prices+weather,2,12,synthetic,pinball_p90,286.97870773527075,1
lightgbm_v1,prices+weather,2,12,synthetic,pinball_mean,251.71706562302919,1
lightgbm_v1,prices+weather,2,12,synthetic,mape_p50_pct,18.61659413748234,1
lightgbm_v1,prices+weather,2,12,synthetic,coverage_p10_p90_pct,59.82142857142857,1
lightgbm_v1,prices+weather,2,12,synthetic,n,112.0,1
lightgbm_v1,prices+weather,3,12,synthetic,pinball_p10,140.22984319598862,1
lightgbm_v1,prices+weather,3,12,synthetic,pinball_p50,404.78516182695876,1
lightgbm_v1,prices+weather,3,12,synthetic,pinball_p90,406.7480708153854,1
lightgbm_v1,prices+weather,3,12,synthetic,pinball_mean,317.2543586127776,1
lightgbm_v1,prices+weather,3,12,synthetic,mape_p50_pct,23.002363071063524,1
lightgbm_v1,prices+weather,3,12,synthetic,coverage_p10_p90_pct,52.67857142857143,1
lightgbm_v1,prices+weather,3,12,synthetic,n,112.0,1
lightgbm_v1,prices+weather,4,12,synthetic,pinball_p10,141.89980590920092,1
lightgbm_v1,prices+weather,4,12,synthetic,pinball_p50,458.3908209889974,1
lightgbm_v1,prices+weather,4,12,synthetic,pinball_p90,459.0081411961222,1
lightgbm_v1,prices+weather,4,12,synthetic,pinball_mean,353.0995893647735,1
lightgbm_v1,prices+weather,4,12,synthetic,mape_p50_pct,26.147119704098547,1
lightgbm_v1,prices+weather,4,12,synthetic,coverage_p10_p90_pct,51.78571428571429,1
lightgbm_v1,prices+weather,4,12,synthetic,n,112.0,1
lightgbm_v1,prices+weather,spike_14d,12,synthetic,spike_events,26.0,1
lightgbm_v1,prices+weather,spike_14d,12,synthetic,spike_recall,0.23076923076923078,1
lightgbm_v1,prices+weather,spike_14d,12,synthetic,spike_precision,0.35294117647058826,1
lightgbm_v1,prices+weather,spike_14d,12,synthetic,spike_false_alarm_rate,0.12790697674418605,1
lightgbm_v1,prices+weather,spike_14d,12,synthetic,spike_brier,0.1852826689255749,1
lightgbm_v1,prices+weather,1,13,synthetic,pinball_p10,120.41762602927535,1
lightgbm_v1,prices+weather,1,13,synthetic,pinball_p50,291.8771756204929,1
lightgbm_v1,prices+weather,1,13,synthetic,pinball_p90,216.68205204225387,1
lightgbm_v1,prices+weather,1,13,synthetic,pinball_mean,209.65895123067403,1
lightgbm_v1,prices+weather,1,13,synthetic,mape_p50_pct,16.655837068952298,1
lightgbm_v1,prices+weather,1,13,synthetic,coverage_p10_p90_pct,70.53571428571429,1
lightgbm_v1,prices+weather,1,13,synthetic,n,112.0,1
lightgbm_v1,prices+weather,2,13,synthetic,pinball_p10,146.44568864939166,1
lightgbm_v1,prices+weather,2,13,synthetic,pinball_p50,370.3296165617932,1
lightgbm_v1,prices+weather,2,13,synthetic,pinball_p90,319.7732194239439,1
lightgbm_v1,prices+weather,2,13,synthetic,pinball_mean,278.84950821170963,1
lightgbm_v1,prices+weather,2,13,synthetic,mape_p50_pct,20.904934315025763,1
lightgbm_v1,prices+weather,2,13,synthetic,coverage_p10_p90_pct,70.53571428571429,1
lightgbm_v1,prices+weather,2,13,synthetic,n,112.0,1
lightgbm_v1,prices+weather,3,13,synthetic,pinball_p10,177.88335808828535,1
lightgbm_v1,prices+weather,3,13,synthetic,pinball_p50,454.0040142155391,1
lightgbm_v1,prices+weather,3,13,synthetic,pinball_p90,383.17563313591717,1
lightgbm_v1,prices+weather,3,13,synthetic,pinball_mean,338.3543351465805,1
lightgbm_v1,prices+weather,3,13,synthetic,mape_p50_pct,26.010234252245645,1
lightgbm_v1,prices+weather,3,13,synthetic,coverage_p10_p90_pct,53.57142857142857,1
lightgbm_v1,prices+weather,3,13,synthetic,n,112.0,1
lightgbm_v1,prices+weather,4,13,synthetic,pinball_p10,186.48229718118992,1
lightgbm_v1,prices+weather,4,13,synthetic,pinball_p50,484.22532341202765,1
lightgbm_v1,prices+weather,4,13,synthetic,pinball_p90,430.2369482319363,1
lightgbm_v1,prices+weather,4,13,synthetic,pinball_mean,366.98152294171797,1
lightgbm_v1,prices+weather,4,13,synthetic,mape_p50_pct,27.50653090828919,1
lightgbm_v1,prices+weather,4,13,synthetic,coverage_p10_p90_pct,44.642857142857146,1
lightgbm_v1,prices+weather,4,13,synthetic,n,112.0,1
lightgbm_v1,prices+weather,spike_14d,13,synthetic,spike_events,22.0,1
lightgbm_v1,prices+weather,spike_14d,13,synthetic,spike_recall,0.13636363636363635,1
lightgbm_v1,prices+weather,spike_14d,13,synthetic,spike_precision,0.15789473684210525,1
lightgbm_v1,prices+weather,spike_14d,13,synthetic,spike_false_alarm_rate,0.17777777777777778,1
lightgbm_v1,prices+weather,spike_14d,13,synthetic,spike_brier,0.18666072661776983,1
lightgbm_v1,prices+weather,1,14,synthetic,pinball_p10,50.42929596417798,1
lightgbm_v1,prices+weather,1,14,synthetic,pinball_p50,133.97392328203517,1
lightgbm_v1,prices+weather,1,14,synthetic,pinball_p90,74.03979328376428,1
lightgbm_v1,prices+weather,1,14,synthetic,pinball_mean,86.1476708433258,1
lightgbm_v1,prices+weather,1,14,synthetic,mape_p50_pct,13.658229166178904,1
lightgbm_v1,prices+weather,1,14,synthetic,coverage_p10_p90_pct,80.9090909090909,1
lightgbm_v1,prices+weather,1,14,synthetic,n,110.0,1
lightgbm_v1,prices+weather,2,14,synthetic,pinball_p10,79.23459621806836,1
lightgbm_v1,prices+weather,2,14,synthetic,pinball_p50,187.67895358593276,1
lightgbm_v1,prices+weather,2,14,synthetic,pinball_p90,124.49391252968631,1
lightgbm_v1,prices+weather,2,14,synthetic,pinball_mean,130.46915411122916,1
lightgbm_v1,prices+weather,2,14,synthetic,mape_p50_pct,19.939914321715573,1
lightgbm_v1,prices+weather,2,14,synthetic,coverage_p10_p90_pct,70.9090909090909,1
lightgbm_v1,prices+weather,2,14,synthetic,n,110.0,1
lightgbm_v1,prices+weather,3,14,synthetic,pinball_p10,94.52542301663327,1
lightgbm_v1,prices+weather,3,14,synthetic,pinball_p50,229.97728815907232,1
lightgbm_v1,prices+weather,3,14,synthetic,pinball_p90,166.65451261326675,1
lightgbm_v1,prices+weather,3,14,synthetic,pinball_mean,163.71907459632413,1
lightgbm_v1,prices+weather,3,14,synthetic,mape_p50_pct,24.383015239431547,1
lightgbm_v1,prices+weather,3,14,synthetic,coverage_p10_p90_pct,60.909090909090914,1
lightgbm_v1,prices+weather,3,14,synthetic,n,110.0,1
lightgbm_v1,prices+weather,4,14,synthetic,pinball_p10,112.49328438543166,1
lightgbm_v1,prices+weather,4,14,synthetic,pinball_p50,266.74691836211895,1
lightgbm_v1,prices+weather,4,14,synthetic,pinball_p90,210.6111103885033,1
lightgbm_v1,prices+weather,4,14,synthetic,pinball_mean,196.61710437868464,1
lightgbm_v1,prices+weather,4,14,synthetic,mape_p50_pct,28.4016748964868,1
lightgbm_v1,prices+weather,4,14,synthetic,coverage_p10_p90_pct,53.63636363636364,1
lightgbm_v1,prices+weather,4,14,synthetic,n,110.0,1
lightgbm_v1,prices+weather,spike_14d,14,synthetic,spike_events,18.0,1
lightgbm_v1,prices+weather,spike_14d,14,synthetic,spike_recall,0.05555555555555555,1
lightgbm_v1,prices+weather,spike_14d,14,synthetic,spike_precision,0.045454545454545456,1
lightgbm_v1,prices+weather,spike_14d,14,synthetic,spike_false_alarm_rate,0.26582278481012656,1
lightgbm_v1,prices+weather,spike_14d,14,synthetic,spike_brier,0.24859434770202335,1
lightgbm_v1,prices+weather,1,15,synthetic,pinball_p10,60.703094560442004,1
lightgbm_v1,prices+weather,1,15,synthetic,pinball_p50,188.10636115976072,1
lightgbm_v1,prices+weather,1,15,synthetic,pinball_p90,95.96941808656064,1
lightgbm_v1,prices+weather,1,15,synthetic,pinball_mean,114.92629126892113,1
lightgbm_v1,prices+weather,1,15,synthetic,mape_p50_pct,16.058786983519457,1
lightgbm_v1,prices+weather,1,15,synthetic,coverage_p10_p90_pct,68.75,1
lightgbm_v1,prices+weather,1,15,synthetic,n,112.0,1
lightgbm_v1,prices+weather,2,15,synthetic,pinball_p10,81.11922762265496,1
lightgbm_v1,prices+weather,2,15,synthetic,pinball_p50,203.59558499543326,1
lightgbm_v1,prices+weather,2,15,synthetic,pinball_p90,136.33683347630472,1
lightgbm_v1,prices+weather,2,15,synthetic,pinball_mean,140.35054869813098,1
lightgbm_v1,prices+weather,2,15,synthetic,mape_p50_pct,17.796190660987392,1
lightgbm_v1,prices+weather,2,15,synthetic,coverage_p10_p90_pct,65.17857142857143,1
lightgbm_v1,prices+weather,2,15,synthetic,n,112.0,1
lightgbm_v1,prices+weather,3,15,synthetic,pinball_p10,70.95189102926732,1
lightgbm_v1,prices+weather,3,15,synthetic,pinball_p50,226.6076393969026,1
lightgbm_v1,prices+weather,3,15,synthetic,pinball_p90,172.48969187232504,1
lightgbm_v1,prices+weather,3,15,synthetic,pinball_mean,156.68307409949833,1
lightgbm_v1,prices+weather,3,15,synthetic,mape_p50_pct,19.832810583288524,1
lightgbm_v1,prices+weather,3,15,synthetic,coverage_p10_p90_pct,60.71428571428571,1
lightgbm_v1,prices+weather,3,15,synthetic,n,112.0,1
lightgbm_v1,prices+weather,4,15,synthetic,pinball_p10,86.04221343301853,1
lightgbm_v1,prices+weather,4,15,synthetic,pinball_p50,243.70800173849835,1
lightgbm_v1,prices+weather,4,15,synthetic,pinball_p90,196.65566268092425,1
lightgbm_v1,prices+weather,4,15,synthetic,pinball_mean,175.4686259508137,1
lightgbm_v1,prices+weather,4,15,synthetic,mape_p50_pct,21.863715398631772,1
lightgbm_v1,prices+weather,4,15,synthetic,coverage_p10_p90_pct,67.85714285714286,1
lightgbm_v1,prices+weather,4,15,synthetic,n,112.0,1
lightgbm_v1,prices+weather,spike_14d,15,synthetic,spike_events,28.0,1
lightgbm_v1,prices+weather,spike_14d,15,synthetic,spike_recall,0.21428571428571427,1
lightgbm_v1,prices+weather,spike_14d,15,synthetic,spike_precision,0.6,1
lightgbm_v1,prices+weather,spike_14d,15,synthetic,spike_false_alarm_rate,0.047619047619047616,1
lightgbm_v1,prices+weather,spike_14d,15,synthetic,spike_brier,0.1834549577340054,1
lightgbm_v1,prices+weather,1,16,synthetic,pinball_p10,63.09206450081261,1
lightgbm_v1,prices+weather,1,16,synthetic,pinball_p50,161.21486664674512,1
lightgbm_v1,prices+weather,1,16,synthetic,pinball_p90,89.47996586187266,1
lightgbm_v1,prices+weather,1,16,synthetic,pinball_mean,104.5956323364768,1
lightgbm_v1,prices+weather,1,16,synthetic,mape_p50_pct,12.629734289829294,1
lightgbm_v1,prices+weather,1,16,synthetic,coverage_p10_p90_pct,80.35714285714286,1
lightgbm_v1,prices+weather,1,16,synthetic,n,112.0,1
lightgbm_v1,prices+weather,2,16,synthetic,pinball_p10,62.386254128409895,1
lightgbm_v1,prices+weather,2,16,synthetic,pinball_p50,171.9838987436527,1
lightgbm_v1,prices+weather,2,16,synthetic,pinball_p90,124.00975814205754,1
lightgbm_v1,prices+weather,2,16,synthetic,pinball_mean,119.45997033804004,1
lightgbm_v1,prices+weather,2,16,synthetic,mape_p50_pct,13.975051302669272,1
lightgbm_v1,prices+weather,2,16,synthetic,coverage_p10_p90_pct,78.57142857142857,1
lightgbm_v1,prices+weather,2,16,synthetic,n,112.0,1
lightgbm_v1,prices+weather,3,16,synthetic,pinball_p10,60.054564967481404,1
lightgbm_v1,prices+weather,3,16,synthetic,pinball_p50,182.84754492390837,1
lightgbm_v1,prices+weather,3,16,synthetic,pinball_p90,155.97356821654466,1
lightgbm_v1,prices+weather,3,16,synthetic,pinball_mean,132.95855936931147,1
lightgbm_v1,prices+weather,3,16,synthetic,mape_p50_pct,15.643928869254495,1
lightgbm_v1,prices+weather,3,16,synthetic,coverage_p10_p90_pct,81.25,1
lightgbm_v1,prices+weather,3,16,synthetic,n,112.0,1
lightgbm_v1,prices+weather,4,16,synthetic,pinball_p10,71.63816436612737,1
lightgbm_v1,prices+weather,4,16,synthetic,pinball_p50,230.73792944730266,1
lightgbm_v1,prices+weather,4,16,synthetic,pinball_p90,188.85698264628314,1
lightgbm_v1,prices+weather,4,16,synthetic,pinball_mean,163.7443588199044,1
lightgbm_v1,prices+weather,4,16,synthetic,mape_p50_pct,20.182827441770797,1
lightgbm_v1,prices+weather,4,16,synthetic,coverage_p10_p90_pct,75.0,1
lightgbm_v1,prices+weather,4,16,synthetic,n,112.0,1
lightgbm_v1,prices+weather,spike_14d,16,synthetic,spike_events,18.0,1
lightgbm_v1,prices+weather,spike_14d,16,synthetic,spike_recall,0.0,1
lightgbm_v1,prices+weather,spike_14d,16,synthetic,spike_precision,0.0,1
lightgbm_v1,prices+weather,spike_14d,16,synthetic,spike_false_alarm_rate,0.0851063829787234,1
lightgbm_v1,prices+weather,spike_14d,16,synthetic,spike_brier,0.16351473752324727,1
lightgbm_v1,prices+weather,1,17,synthetic,pinball_p10,89.92876816531096,1
lightgbm_v1,prices+weather,1,17,synthetic,pinball_p50,250.09254671974477,1
lightgbm_v1,prices+weather,1,17,synthetic,pinball_p90,130.44578336680246,1
lightgbm_v1,prices+weather,1,17,synthetic,pinball_mean,156.82236608395274,1
lightgbm_v1,prices+weather,1,17,synthetic,mape_p50_pct,17.200854634983934,1
lightgbm_v1,prices+weather,1,17,synthetic,coverage_p10_p90_pct,69.64285714285714,1
lightgbm_v1,prices+weather,1,17,synthetic,n,112.0,1
lightgbm_v1,prices+weather,2,17,synthetic,pinball_p10,131.9533673767899,1
lightgbm_v1,prices+weather,2,17,synthetic,pinball_p50,311.4232219803507,1
lightgbm_v1,prices+weather,2,17,synthetic,pinball_p90,205.48918283296803,1
lightgbm_v1,prices+weather,2,17,synthetic,pinball_mean,216.2885907300362,1
lightgbm_v1,prices+weather,2,17,synthetic,mape_p50_pct,21.25305751605157,1
lightgbm_v1,prices+weather,2,17,synthetic,coverage_p10_p90_pct,56.25,1
lightgbm_v1,prices+weather,2,17,synthetic,n,112.0,1
lightgbm_v1,prices+weather,3,17,synthetic,pinball_p10,137.94718007909563,1
lightgbm_v1,prices+weather,3,17,synthetic,pinball_p50,359.41610240176846,1
lightgbm_v1,prices+weather,3,17,synthetic,pinball_p90,279.14516673947236,1
lightgbm_v1,prices+weather,3,17,synthetic,pinball_mean,258.83614974011215,1
lightgbm_v1,prices+weather,3,17,synthetic,mape_p50_pct,24.761185003742128,1
lightgbm_v1,prices+weather,3,17,synthetic,coverage_p10_p90_pct,58.92857142857143,1
lightgbm_v1,prices+weather,3,17,synthetic,n,112.0,1
lightgbm_v1,prices+weather,4,17,synthetic,pinball_p10,148.5534134297127,1
lightgbm_v1,prices+weather,4,17,synthetic,pinball_p50,349.90500678513035,1
lightgbm_v1,prices+weather,4,17,synthetic,pinball_p90,313.90598977132635,1
lightgbm_v1,prices+weather,4,17,synthetic,pinball_mean,270.7881366620565,1
lightgbm_v1,prices+weather,4,17,synthetic,mape_p50_pct,24.298798399221873,1
lightgbm_v1,prices+weather,4,17,synthetic,coverage_p10_p90_pct,59.82142857142857,1
lightgbm_v1,prices+weather,4,17,synthetic,n,112.0,1
lightgbm_v1,prices+weather,spike_14d,17,synthetic,spike_events,31.0,1
lightgbm_v1,prices+weather,spike_14d,17,synthetic,spike_recall,0.03225806451612903,1
lightgbm_v1,prices+weather,spike_14d,17,synthetic,spike_precision,0.14285714285714285,1
lightgbm_v1,prices+weather,spike_14d,17,synthetic,spike_false_alarm_rate,0.07407407407407407,1
lightgbm_v1,prices+weather,spike_14d,17,synthetic,spike_brier,0.18785248064761548,1
lightgbm_v1,prices+weather,1,18,synthetic,pinball_p10,90.80069708229088,1
lightgbm_v1,prices+weather,1,18,synthetic,pinball_p50,207.9848408780143,1
lightgbm_v1,prices+weather,1,18,synthetic,pinball_p90,94.50542451094618,1
lightgbm_v1,prices+weather,1,18,synthetic,pinball_mean,131.09698749041712,1
lightgbm_v1,prices+weather,1,18,synthetic,mape_p50_pct,14.226588587921704,1
lightgbm_v1,prices+weather,1,18,synthetic,coverage_p10_p90_pct,78.57142857142857,1
lightgbm_v1,prices+weather,1,18,synthetic,n,112.0,1
lightgbm_v1,prices+weather,2,18,synthetic,pinball_p10,119.11037261278457,1
lightgbm_v1,prices+weather,2,18,synthetic,pinball_p50,261.70105745524654,1
lightgbm_v1,prices+weather,2,18,synthetic,pinball_p90,152.50313758929263,1
lightgbm_v1,prices+weather,2,18,synthetic,pinball_mean,177.77152255244127,1
lightgbm_v1,prices+weather,2,18,synthetic,mape_p50_pct,18.39379544819336,1
lightgbm_v1,prices+weather,2,18,synthetic,coverage_p10_p90_pct,70.53571428571429,1
lightgbm_v1,prices+weather,2,18,synthetic,n,112.0,1
lightgbm_v1,prices+weather,3,18,synthetic,pinball_p10,127.35220035186765,1
lightgbm_v1,prices+weather,3,18,synthetic,pinball_p50,344.8848255675592,1
lightgbm_v1,prices+weather,3,18,synthetic,pinball_p90,231.14019100933325,1
lightgbm_v1,prices+weather,3,18,synthetic,pinball_mean,234.45907230958673,1
lightgbm_v1,prices+weather,3,18,synthetic,mape_p50_pct,24.597084927359138,1
lightgbm_v1,prices+weather,3,18,synthetic,coverage_p10_p90_pct,57.14285714285714,1
lightgbm_v1,prices+weather,3,18,synthetic,n,112.0,1
lightgbm_v1,prices+weather,4,18,synthetic,pinball_p10,128.74385264790504,1
lightgbm_v1,prices+weather,4,18,synthetic,pinball_p50,339.92686685110647,1
lightgbm_v1,prices+weather,4,18,synthetic,pinball_p90,282.7872628001973,1
lightgbm_v1,prices+weather,4,18,synthetic,pinball_mean,250.4859940997363,1
lightgbm_v1,prices+weather,4,18,synthetic,mape_p50_pct,24.190902746244557,1
lightgbm_v1,prices+weather,4,18,synthetic,coverage_p10_p90_pct,61.60714285714286,1
lightgbm_v1,prices+weather,4,18,synthetic,n,112.0,1
lightgbm_v1,prices+weather,spike_14d,18,synthetic,spike_events,23.0,1
lightgbm_v1,prices+weather,spike_14d,18,synthetic,spike_recall,0.043478260869565216,1
lightgbm_v1,prices+weather,spike_14d,18,synthetic,spike_precision,0.2,1
lightgbm_v1,prices+weather,spike_14d,18,synthetic,spike_false_alarm_rate,0.0449438202247191,1
lightgbm_v1,prices+weather,spike_14d,18,synthetic,spike_brier,0.16053834932503333,1
tft_raw,prices+weather,1,ALL,synthetic,pinball_p10,90.57346007826035,1
tft_raw,prices+weather,1,ALL,synthetic,pinball_p50,253.8091679977532,1
tft_raw,prices+weather,1,ALL,synthetic,pinball_p90,167.91911314716026,1
tft_raw,prices+weather,1,ALL,synthetic,pinball_mean,170.7672470743913,1
tft_raw,prices+weather,1,ALL,synthetic,mape_p50_pct,17.85184491304156,1
tft_raw,prices+weather,1,ALL,synthetic,coverage_p10_p90_pct,69.28429423459245,1
tft_raw,prices+weather,1,ALL,synthetic,n,2012.0,1
tft_raw,prices+weather,2,ALL,synthetic,pinball_p10,141.7788470615422,1
tft_raw,prices+weather,2,ALL,synthetic,pinball_p50,345.3441742753721,1
tft_raw,prices+weather,2,ALL,synthetic,pinball_p90,226.87876913572944,1
tft_raw,prices+weather,2,ALL,synthetic,pinball_mean,238.00059682421457,1
tft_raw,prices+weather,2,ALL,synthetic,mape_p50_pct,24.929733562211723,1
tft_raw,prices+weather,2,ALL,synthetic,coverage_p10_p90_pct,59.741550695825055,1
tft_raw,prices+weather,2,ALL,synthetic,n,2012.0,1
tft_raw,prices+weather,3,ALL,synthetic,pinball_p10,204.99166587031925,1
tft_raw,prices+weather,3,ALL,synthetic,pinball_p50,438.7126556815965,1
tft_raw,prices+weather,3,ALL,synthetic,pinball_p90,263.8332698504854,1
tft_raw,prices+weather,3,ALL,synthetic,pinball_mean,302.51253046746706,1
tft_raw,prices+weather,3,ALL,synthetic,mape_p50_pct,32.426805588428316,1
tft_raw,prices+weather,3,ALL,synthetic,coverage_p10_p90_pct,52.43538767395626,1
tft_raw,prices+weather,3,ALL,synthetic,n,2012.0,1
tft_raw,prices+weather,4,ALL,synthetic,pinball_p10,238.88972425728866,1
tft_raw,prices+weather,4,ALL,synthetic,pinball_p50,503.17640441611076,1
tft_raw,prices+weather,4,ALL,synthetic,pinball_p90,289.7489043410441,1
tft_raw,prices+weather,4,ALL,synthetic,pinball_mean,343.93834433814783,1
tft_raw,prices+weather,4,ALL,synthetic,mape_p50_pct,37.814417391294946,1
tft_raw,prices+weather,4,ALL,synthetic,coverage_p10_p90_pct,49.005964214711724,1
tft_raw,prices+weather,4,ALL,synthetic,n,2012.0,1
tft_raw,prices+weather,spike_14d,ALL,synthetic,spike_events,483.0,1
tft_raw,prices+weather,spike_14d,ALL,synthetic,spike_recall,0.18840579710144928,1
tft_raw,prices+weather,spike_14d,ALL,synthetic,spike_precision,0.24863387978142076,1
tft_raw,prices+weather,spike_14d,ALL,synthetic,spike_false_alarm_rate,0.18296739853626082,1
tft_raw,prices+weather,spike_14d,ALL,synthetic,spike_brier,0.2696245313039532,1
tft_raw,prices+weather,1,1,synthetic,pinball_p10,56.92990222387333,1
tft_raw,prices+weather,1,1,synthetic,pinball_p50,146.55146957455105,1
tft_raw,prices+weather,1,1,synthetic,pinball_p90,122.85067065801607,1
tft_raw,prices+weather,1,1,synthetic,pinball_mean,108.77734748548016,1
tft_raw,prices+weather,1,1,synthetic,mape_p50_pct,12.793688109061987,1
tft_raw,prices+weather,1,1,synthetic,coverage_p10_p90_pct,83.92857142857143,1
tft_raw,prices+weather,1,1,synthetic,n,112.0,1
tft_raw,prices+weather,2,1,synthetic,pinball_p10,62.27380983537307,1
tft_raw,prices+weather,2,1,synthetic,pinball_p50,179.2779970922606,1
tft_raw,prices+weather,2,1,synthetic,pinball_p90,150.0033770853924,1
tft_raw,prices+weather,2,1,synthetic,pinball_mean,130.51839467100868,1
tft_raw,prices+weather,2,1,synthetic,mape_p50_pct,15.592332729306424,1
tft_raw,prices+weather,2,1,synthetic,coverage_p10_p90_pct,80.35714285714286,1
tft_raw,prices+weather,2,1,synthetic,n,112.0,1
tft_raw,prices+weather,3,1,synthetic,pinball_p10,60.26167633229894,1
tft_raw,prices+weather,3,1,synthetic,pinball_p50,220.6792780840558,1
tft_raw,prices+weather,3,1,synthetic,pinball_p90,157.41688764730034,1
tft_raw,prices+weather,3,1,synthetic,pinball_mean,146.11928068788504,1
tft_raw,prices+weather,3,1,synthetic,mape_p50_pct,19.45086966135657,1
tft_raw,prices+weather,3,1,synthetic,coverage_p10_p90_pct,77.67857142857143,1
tft_raw,prices+weather,3,1,synthetic,n,112.0,1
tft_raw,prices+weather,4,1,synthetic,pinball_p10,78.54519299730565,1
tft_raw,prices+weather,4,1,synthetic,pinball_p50,274.7357318641819,1
tft_raw,prices+weather,4,1,synthetic,pinball_p90,170.03206599294455,1
tft_raw,prices+weather,4,1,synthetic,pinball_mean,174.43766361814403,1
tft_raw,prices+weather,4,1,synthetic,mape_p50_pct,25.28044669615468,1
tft_raw,prices+weather,4,1,synthetic,coverage_p10_p90_pct,73.21428571428571,1
tft_raw,prices+weather,4,1,synthetic,n,112.0,1
tft_raw,prices+weather,spike_14d,1,synthetic,spike_events,31.0,1
tft_raw,prices+weather,spike_14d,1,synthetic,spike_recall,0.22580645161290322,1
tft_raw,prices+weather,spike_14d,1,synthetic,spike_precision,0.7777777777777778,1
tft_raw,prices+weather,spike_14d,1,synthetic,spike_false_alarm_rate,0.024691358024691357,1
tft_raw,prices+weather,spike_14d,1,synthetic,spike_brier,0.22980152830719974,1
tft_raw,prices+weather,1,2,synthetic,pinball_p10,88.84911957801884,1
tft_raw,prices+weather,1,2,synthetic,pinball_p50,215.26620485718644,1
tft_raw,prices+weather,1,2,synthetic,pinball_p90,175.43191561322828,1
tft_raw,prices+weather,1,2,synthetic,pinball_mean,159.8490800161445,1
tft_raw,prices+weather,1,2,synthetic,mape_p50_pct,17.523011046610527,1
tft_raw,prices+weather,1,2,synthetic,coverage_p10_p90_pct,64.28571428571429,1
tft_raw,prices+weather,1,2,synthetic,n,112.0,1
tft_raw,prices+weather,2,2,synthetic,pinball_p10,84.47226858870269,1
tft_raw,prices+weather,2,2,synthetic,pinball_p50,242.36058458643146,1
tft_raw,prices+weather,2,2,synthetic,pinball_p90,239.84160813999713,1
tft_raw,prices+weather,2,2,synthetic,pinball_mean,188.89148710504375,1
tft_raw,prices+weather,2,2,synthetic,mape_p50_pct,19.566665694532595,1
tft_raw,prices+weather,2,2,synthetic,coverage_p10_p90_pct,66.07142857142857,1
tft_raw,prices+weather,2,2,synthetic,n,112.0,1
tft_raw,prices+weather,3,2,synthetic,pinball_p10,94.07642590592097,1
tft_raw,prices+weather,3,2,synthetic,pinball_p50,290.83507717606835,1
tft_raw,prices+weather,3,2,synthetic,pinball_p90,283.4586778141638,1
tft_raw,prices+weather,3,2,synthetic,pinball_mean,222.79006029871775,1
tft_raw,prices+weather,3,2,synthetic,mape_p50_pct,24.363964925866668,1
tft_raw,prices+weather,3,2,synthetic,coverage_p10_p90_pct,59.82142857142857,1
tft_raw,prices+weather,3,2,synthetic,n,112.0,1
tft_raw,prices+weather,4,2,synthetic,pinball_p10,118.0774375647732,1
tft_raw,prices+weather,4,2,synthetic,pinball_p50,401.31638901210806,1
tft_raw,prices+weather,4,2,synthetic,pinball_p90,320.5443921000338,1
tft_raw,prices+weather,4,2,synthetic,pinball_mean,279.97940622563834,1
tft_raw,prices+weather,4,2,synthetic,mape_p50_pct,34.66917617464757,1
tft_raw,prices+weather,4,2,synthetic,coverage_p10_p90_pct,51.78571428571429,1
tft_raw,prices+weather,4,2,synthetic,n,112.0,1
tft_raw,prices+weather,spike_14d,2,synthetic,spike_events,35.0,1
tft_raw,prices+weather,spike_14d,2,synthetic,spike_recall,0.37142857142857144,1
tft_raw,prices+weather,spike_14d,2,synthetic,spike_precision,0.9285714285714286,1
tft_raw,prices+weather,spike_14d,2,synthetic,spike_false_alarm_rate,0.012987012987012988,1
tft_raw,prices+weather,spike_14d,2,synthetic,spike_brier,0.22044986853726847,1
tft_raw,prices+weather,1,3,synthetic,pinball_p10,103.72476753585129,1
tft_raw,prices+weather,1,3,synthetic,pinball_p50,263.9397663134289,1
tft_raw,prices+weather,1,3,synthetic,pinball_p90,151.3575343735589,1
tft_raw,prices+weather,1,3,synthetic,pinball_mean,173.00735607427973,1
tft_raw,prices+weather,1,3,synthetic,mape_p50_pct,20.593070129838722,1
tft_raw,prices+weather,1,3,synthetic,coverage_p10_p90_pct,63.63636363636363,1
tft_raw,prices+weather,1,3,synthetic,n,110.0,1
tft_raw,prices+weather,2,3,synthetic,pinball_p10,99.38194849368249,1
tft_raw,prices+weather,2,3,synthetic,pinball_p50,289.7762860096525,1
tft_raw,prices+weather,2,3,synthetic,pinball_p90,180.651032383986,1
tft_raw,prices+weather,2,3,synthetic,pinball_mean,189.93642229577367,1
tft_raw,prices+weather,2,3,synthetic,mape_p50_pct,22.431605380357194,1
tft_raw,prices+weather,2,3,synthetic,coverage_p10_p90_pct,57.27272727272727,1
tft_raw,prices+weather,2,3,synthetic,n,110.0,1
tft_raw,prices+weather,3,3,synthetic,pinball_p10,112.76070360654127,1
tft_raw,prices+weather,3,3,synthetic,pinball_p50,344.0412101866467,1
tft_raw,prices+weather,3,3,synthetic,pinball_p90,216.0077709386588,1
tft_raw,prices+weather,3,3,synthetic,pinball_mean,224.2698949106156,1
tft_raw,prices+weather,3,3,synthetic,mape_p50_pct,27.083821081787775,1
tft_raw,prices+weather,3,3,synthetic,coverage_p10_p90_pct,52.72727272727272,1
tft_raw,prices+weather,3,3,synthetic,n,110.0,1
tft_raw,prices+weather,4,3,synthetic,pinball_p10,135.64951379164486,1
tft_raw,prices+weather,4,3,synthetic,pinball_p50,386.39224977121347,1
tft_raw,prices+weather,4,3,synthetic,pinball_p90,226.27721846035897,1
tft_raw,prices+weather,4,3,synthetic,pinball_mean,249.4396606744058,1
tft_raw,prices+weather,4,3,synthetic,mape_p50_pct,30.83685357061874,1
tft_raw,prices+weather,4,3,synthetic,coverage_p10_p90_pct,46.36363636363636,1
tft_raw,prices+weather,4,3,synthetic,n,110.0,1
tft_raw,prices+weather,spike_14d,3,synthetic,spike_events,32.0,1
tft_raw,prices+weather,spike_14d,3,synthetic,spike_recall,0.1875,1
tft_raw,prices+weather,spike_14d,3,synthetic,spike_precision,0.3333333333333333,1
tft_raw,prices+weather,spike_14d,3,synthetic,spike_false_alarm_rate,0.18461538461538463,1
tft_raw,prices+weather,spike_14d,3,synthetic,spike_brier,0.3221867984924169,1
tft_raw,prices+weather,1,4,synthetic,pinball_p10,60.08309462841847,1
tft_raw,prices+weather,1,4,synthetic,pinball_p50,154.8995926265532,1
tft_raw,prices+weather,1,4,synthetic,pinball_p90,111.61059377815033,1
tft_raw,prices+weather,1,4,synthetic,pinball_mean,108.86442701104068,1
tft_raw,prices+weather,1,4,synthetic,mape_p50_pct,10.944564943954445,1
tft_raw,prices+weather,1,4,synthetic,coverage_p10_p90_pct,82.14285714285714,1
tft_raw,prices+weather,1,4,synthetic,n,112.0,1
tft_raw,prices+weather,2,4,synthetic,pinball_p10,64.78069416190581,1
tft_raw,prices+weather,2,4,synthetic,pinball_p50,199.25423099397327,1
tft_raw,prices+weather,2,4,synthetic,pinball_p90,122.10150644960348,1
tft_raw,prices+weather,2,4,synthetic,pinball_mean,128.7121438684942,1
tft_raw,prices+weather,2,4,synthetic,mape_p50_pct,14.149016087912347,1
tft_raw,prices+weather,2,4,synthetic,coverage_p10_p90_pct,77.67857142857143,1
tft_raw,prices+weather,2,4,synthetic,n,112.0,1
tft_raw,prices+weather,3,4,synthetic,pinball_p10,71.79185916594462,1
tft_raw,prices+weather,3,4,synthetic,pinball_p50,235.16325527713374,1
tft_raw,prices+weather,3,4,synthetic,pinball_p90,126.48537225452515,1
tft_raw,prices+weather,3,4,synthetic,pinball_mean,144.4801622325345,1
tft_raw,prices+weather,3,4,synthetic,mape_p50_pct,16.642869878409712,1
tft_raw,prices+weather,3,4,synthetic,coverage_p10_p90_pct,78.57142857142857,1
tft_raw,prices+weather,3,4,synthetic,n,112.0,1
tft_raw,prices+weather,4,4,synthetic,pinball_p10,92.73383672923099,1
tft_raw,prices+weather,4,4,synthetic,pinball_p50,253.56278691332415,1
tft_raw,prices+weather,4,4,synthetic,pinball_p90,137.42630094053948,1
tft_raw,prices+weather,4,4,synthetic,pinball_mean,161.24097486103153,1
tft_raw,prices+weather,4,4,synthetic,mape_p50_pct,18.33010716815356,1
tft_raw,prices+weather,4,4,synthetic,coverage_p10_p90_pct,79.46428571428571,1
tft_raw,prices+weather,4,4,synthetic,n,112.0,1
tft_raw,prices+weather,spike_14d,4,synthetic,spike_events,29.0,1
tft_raw,prices+weather,spike_14d,4,synthetic,spike_recall,0.13793103448275862,1
tft_raw,prices+weather,spike_14d,4,synthetic,spike_precision,1.0,1
tft_raw,prices+weather,spike_14d,4,synthetic,spike_false_alarm_rate,0.0,1
tft_raw,prices+weather,spike_14d,4,synthetic,spike_brier,0.20758421069396832,1
tft_raw,prices+weather,1,5,synthetic,pinball_p10,105.73623598231656,1
tft_raw,prices+weather,1,5,synthetic,pinball_p50,320.16028670452016,1
tft_raw,prices+weather,1,5,synthetic,pinball_p90,226.053867227632,1
tft_raw,prices+weather,1,5,synthetic,pinball_mean,217.31679663815623,1
tft_raw,prices+weather,1,5,synthetic,mape_p50_pct,22.35717903830168,1
tft_raw,prices+weather,1,5,synthetic,coverage_p10_p90_pct,59.82142857142857,1
tft_raw,prices+weather,1,5,synthetic,n,112.0,1
tft_raw,prices+weather,2,5,synthetic,pinball_p10,293.4954950002154,1
tft_raw,prices+weather,2,5,synthetic,pinball_p50,539.5549311684284,1
tft_raw,prices+weather,2,5,synthetic,pinball_p90,336.1035933973066,1
tft_raw,prices+weather,2,5,synthetic,pinball_mean,389.71800652198345,1
tft_raw,prices+weather,2,5,synthetic,mape_p50_pct,39.825732906503674,1
tft_raw,prices+weather,2,5,synthetic,coverage_p10_p90_pct,48.214285714285715,1
tft_raw,prices+weather,2,5,synthetic,n,112.0,1
tft_raw,prices+weather,3,5,synthetic,pinball_p10,479.07212052838116,1
tft_raw,prices+weather,3,5,synthetic,pinball_p50,716.4380417109751,1
tft_raw,prices+weather,3,5,synthetic,pinball_p90,391.66152956771253,1
tft_raw,prices+weather,3,5,synthetic,pinball_mean,529.0572306023563,1
tft_raw,prices+weather,3,5,synthetic,mape_p50_pct,54.54266922520643,1
tft_raw,prices+weather,3,5,synthetic,coverage_p10_p90_pct,40.17857142857143,1
tft_raw,prices+weather,3,5,synthetic,n,112.0,1
tft_raw,prices+weather,4,5,synthetic,pinball_p10,438.96736781228236,1
tft_raw,prices+weather,4,5,synthetic,pinball_p50,686.0683406299405,1
tft_raw,prices+weather,4,5,synthetic,pinball_p90,389.4607509519935,1
tft_raw,prices+weather,4,5,synthetic,pinball_mean,504.83215313140545,1
tft_raw,prices+weather,4,5,synthetic,mape_p50_pct,51.026772948761234,1
tft_raw,prices+weather,4,5,synthetic,coverage_p10_p90_pct,37.5,1
tft_raw,prices+weather,4,5,synthetic,n,112.0,1
tft_raw,prices+weather,spike_14d,5,synthetic,spike_events,25.0,1
tft_raw,prices+weather,spike_14d,5,synthetic,spike_recall,0.2,1
tft_raw,prices+weather,spike_14d,5,synthetic,spike_precision,0.14705882352941177,1
tft_raw,prices+weather,spike_14d,5,synthetic,spike_false_alarm_rate,0.3333333333333333,1
tft_raw,prices+weather,spike_14d,5,synthetic,spike_brier,0.358114318302514,1
tft_raw,prices+weather,1,6,synthetic,pinball_p10,89.75883078425412,1
tft_raw,prices+weather,1,6,synthetic,pinball_p50,298.4254059317374,1
tft_raw,prices+weather,1,6,synthetic,pinball_p90,219.5332007974958,1
tft_raw,prices+weather,1,6,synthetic,pinball_mean,202.57247917116243,1
tft_raw,prices+weather,1,6,synthetic,mape_p50_pct,19.222193381391595,1
tft_raw,prices+weather,1,6,synthetic,coverage_p10_p90_pct,72.32142857142857,1
tft_raw,prices+weather,1,6,synthetic,n,112.0,1
tft_raw,prices+weather,2,6,synthetic,pinball_p10,151.8387906162339,1
tft_raw,prices+weather,2,6,synthetic,pinball_p50,450.49652441835315,1
tft_raw,prices+weather,2,6,synthetic,pinball_p90,291.18292399033095,1
tft_raw,prices+weather,2,6,synthetic,pinball_mean,297.83941300830594,1
tft_raw,prices+weather,2,6,synthetic,mape_p50_pct,29.36937217316461,1
tft_raw,prices+weather,2,6,synthetic,coverage_p10_p90_pct,52.67857142857143,1
tft_raw,prices+weather,2,6,synthetic,n,112.0,1
tft_raw,prices+weather,3,6,synthetic,pinball_p10,399.44537984343464,1
tft_raw,prices+weather,3,6,synthetic,pinball_p50,706.9040157428301,1
tft_raw,prices+weather,3,6,synthetic,pinball_p90,353.98047240713186,1
tft_raw,prices+weather,3,6,synthetic,pinball_mean,486.77662266446555,1
tft_raw,prices+weather,3,6,synthetic,mape_p50_pct,47.77715219100471,1
tft_raw,prices+weather,3,6,synthetic,coverage_p10_p90_pct,44.642857142857146,1
tft_raw,prices+weather,3,6,synthetic,n,112.0,1
tft_raw,prices+weather,4,6,synthetic,pinball_p10,462.6115964557861,1
tft_raw,prices+weather,4,6,synthetic,pinball_p50,781.3165963493664,1
tft_raw,prices+weather,4,6,synthetic,pinball_p90,366.4609949722513,1
tft_raw,prices+weather,4,6,synthetic,pinball_mean,536.7963959258012,1
tft_raw,prices+weather,4,6,synthetic,mape_p50_pct,52.673216164541245,1
tft_raw,prices+weather,4,6,synthetic,coverage_p10_p90_pct,42.857142857142854,1
tft_raw,prices+weather,4,6,synthetic,n,112.0,1
tft_raw,prices+weather,spike_14d,6,synthetic,spike_events,24.0,1
tft_raw,prices+weather,spike_14d,6,synthetic,spike_recall,0.125,1
tft_raw,prices+weather,spike_14d,6,synthetic,spike_precision,0.08823529411764706,1
tft_raw,prices+weather,spike_14d,6,synthetic,spike_false_alarm_rate,0.3522727272727273,1
tft_raw,prices+weather,spike_14d,6,synthetic,spike_brier,0.35868866788572706,1
tft_raw,prices+weather,1,7,synthetic,pinball_p10,146.54058938580323,1
tft_raw,prices+weather,1,7,synthetic,pinball_p50,423.94430177380565,1
tft_raw,prices+weather,1,7,synthetic,pinball_p90,266.41382962716705,1
tft_raw,prices+weather,1,7,synthetic,pinball_mean,278.9662402622586,1
tft_raw,prices+weather,1,7,synthetic,mape_p50_pct,18.4762282272432,1
tft_raw,prices+weather,1,7,synthetic,coverage_p10_p90_pct,69.64285714285714,1
tft_raw,prices+weather,1,7,synthetic,n,112.0,1
tft_raw,prices+weather,2,7,synthetic,pinball_p10,155.15920116570192,1
tft_raw,prices+weather,2,7,synthetic,pinball_p50,518.3314403225112,1
tft_raw,prices+weather,2,7,synthetic,pinball_p90,418.72424113430105,1
tft_raw,prices+weather,2,7,synthetic,pinball_mean,364.07162754083805,1
tft_raw,prices+weather,2,7,synthetic,mape_p50_pct,22.403890599905775,1
tft_raw,prices+weather,2,7,synthetic,coverage_p10_p90_pct,60.71428571428571,1
tft_raw,prices+weather,2,7,synthetic,n,112.0,1
tft_raw,prices+weather,3,7,synthetic,pinball_p10,169.2420739524011,1
tft_raw,prices+weather,3,7,synthetic,pinball_p50,607.7933621344574,1
tft_raw,prices+weather,3,7,synthetic,pinball_p90,539.6170443895111,1
tft_raw,prices+weather,3,7,synthetic,pinball_mean,438.8841601587899,1
tft_raw,prices+weather,3,7,synthetic,mape_p50_pct,26.704873668461538,1
tft_raw,prices+weather,3,7,synthetic,coverage_p10_p90_pct,55.35714285714286,1
tft_raw,prices+weather,3,7,synthetic,n,112.0,1
tft_raw,prices+weather,4,7,synthetic,pinball_p10,167.45390172869844,1
tft_raw,prices+weather,4,7,synthetic,pinball_p50,673.3160830704113,1
tft_raw,prices+weather,4,7,synthetic,pinball_p90,624.0198983289945,1
tft_raw,prices+weather,4,7,synthetic,pinball_mean,488.26329437603476,1
tft_raw,prices+weather,4,7,synthetic,mape_p50_pct,29.63008037336609,1
tft_raw,prices+weather,4,7,synthetic,coverage_p10_p90_pct,55.35714285714286,1
tft_raw,prices+weather,4,7,synthetic,n,112.0,1
tft_raw,prices+weather,spike_14d,7,synthetic,spike_events,35.0,1
tft_raw,prices+weather,spike_14d,7,synthetic,spike_recall,0.0,1
tft_raw,prices+weather,spike_14d,7,synthetic,spike_precision,0.0,1
tft_raw,prices+weather,spike_14d,7,synthetic,spike_false_alarm_rate,0.05194805194805195,1
tft_raw,prices+weather,spike_14d,7,synthetic,spike_brier,0.3423987286995661,1
tft_raw,prices+weather,1,8,synthetic,pinball_p10,57.11065089531074,1
tft_raw,prices+weather,1,8,synthetic,pinball_p50,207.0152348336795,1
tft_raw,prices+weather,1,8,synthetic,pinball_p90,145.3934924882721,1
tft_raw,prices+weather,1,8,synthetic,pinball_mean,136.5064594057541,1
tft_raw,prices+weather,1,8,synthetic,mape_p50_pct,18.821424680848434,1
tft_raw,prices+weather,1,8,synthetic,coverage_p10_p90_pct,76.78571428571429,1
tft_raw,prices+weather,1,8,synthetic,n,112.0,1
tft_raw,prices+weather,2,8,synthetic,pinball_p10,66.34885027968315,1
tft_raw,prices+weather,2,8,synthetic,pinball_p50,255.14816150624878,1
tft_raw,prices+weather,2,8,synthetic,pinball_p90,176.8558788262192,1
tft_raw,prices+weather,2,8,synthetic,pinball_mean,166.11763020405036,1
tft_raw,prices+weather,2,8,synthetic,mape_p50_pct,23.741334530708315,1
tft_raw,prices+weather,2,8,synthetic,coverage_p10_p90_pct,61.60714285714286,1
tft_raw,prices+weather,2,8,synthetic,n,112.0,1
tft_raw,prices+weather,3,8,synthetic,pinball_p10,72.58245623102725,1
tft_raw,prices+weather,3,8,synthetic,pinball_p50,294.3002343801389,1
tft_raw,prices+weather,3,8,synthetic,pinball_p90,196.42857067810422,1
tft_raw,prices+weather,3,8,synthetic,pinball_mean,187.77042042975677,1
tft_raw,prices+weather,3,8,synthetic,mape_p50_pct,27.750861414913615,1
tft_raw,prices+weather,3,8,synthetic,coverage_p10_p90_pct,55.35714285714286,1
tft_raw,prices+weather,3,8,synthetic,n,112.0,1
tft_raw,prices+weather,4,8,synthetic,pinball_p10,105.02166925809229,1
tft_raw,prices+weather,4,8,synthetic,pinball_p50,364.66696295657226,1
tft_raw,prices+weather,4,8,synthetic,pinball_p90,219.64969597191273,1
tft_raw,prices+weather,4,8,synthetic,pinball_mean,229.7794427288591,1
tft_raw,prices+weather,4,8,synthetic,mape_p50_pct,35.726512347497454,1
tft_raw,prices+weather,4,8,synthetic,coverage_p10_p90_pct,47.32142857142857,1
tft_raw,prices+weather,4,8,synthetic,n,112.0,1
tft_raw,prices+weather,spike_14d,8,synthetic,spike_events,27.0,1
tft_raw,prices+weather,spike_14d,8,synthetic,spike_recall,0.037037037037037035,1
tft_raw,prices+weather,spike_14d,8,synthetic,spike_precision,0.043478260869565216,1
tft_raw,prices+weather,spike_14d,8,synthetic,spike_false_alarm_rate,0.25882352941176473,1
tft_raw,prices+weather,spike_14d,8,synthetic,spike_brier,0.29329383558559474,1
tft_raw,prices+weather,1,9,synthetic,pinball_p10,74.09766887522356,1
tft_raw,prices+weather,1,9,synthetic,pinball_p50,225.54639289816416,1
tft_raw,prices+weather,1,9,synthetic,pinball_p90,170.92009206412854,1
tft_raw,prices+weather,1,9,synthetic,pinball_mean,156.85471794583876,1
tft_raw,prices+weather,1,9,synthetic,mape_p50_pct,16.8392682336547,1
tft_raw,prices+weather,1,9,synthetic,coverage_p10_p90_pct,76.78571428571429,1
tft_raw,prices+weather,1,9,synthetic,n,112.0,1
tft_raw,prices+weather,2,9,synthetic,pinball_p10,80.97005695278632,1
tft_raw,prices+weather,2,9,synthetic,pinball_p50,258.3116988024289,1
tft_raw,prices+weather,2,9,synthetic,pinball_p90,213.70873351898874,1
tft_raw,prices+weather,2,9,synthetic,pinball_mean,184.33016309140132,1
tft_raw,prices+weather,2,9,synthetic,mape_p50_pct,19.12262997979835,1
tft_raw,prices+weather,2,9,synthetic,coverage_p10_p90_pct,74.10714285714286,1
tft_raw,prices+weather,2,9,synthetic,n,112.0,1
tft_raw,prices+weather,3,9,synthetic,pinball_p10,97.12531818526962,1
tft_raw,prices+weather,3,9,synthetic,pinball_p50,320.2907764419363,1
tft_raw,prices+weather,3,9,synthetic,pinball_p90,230.21338989541385,1
tft_raw,prices+weather,3,9,synthetic,pinball_mean,215.87649484087328,1
tft_raw,prices+weather,3,9,synthetic,mape_p50_pct,24.649368315921087,1
tft_raw,prices+weather,3,9,synthetic,coverage_p10_p90_pct,64.28571428571429,1
tft_raw,prices+weather,3,9,synthetic,n,112.0,1
tft_raw,prices+weather,4,9,synthetic,pinball_p10,107.25618192741506,1
tft_raw,prices+weather,4,9,synthetic,pinball_p50,374.425674901202,1
tft_raw,prices+weather,4,9,synthetic,pinball_p90,251.41546829741628,1
tft_raw,prices+weather,4,9,synthetic,pinball_mean,244.36577504201114,1
tft_raw,prices+weather,4,9,synthetic,mape_p50_pct,29.520305242487872,1
tft_raw,prices+weather,4,9,synthetic,coverage_p10_p90_pct,56.25,1
tft_raw,prices+weather,4,9,synthetic,n,112.0,1
tft_raw,prices+weather,spike_14d,9,synthetic,spike_events,27.0,1
tft_raw,prices+weather,spike_14d,9,synthetic,spike_recall,0.18518518518518517,1
tft_raw,prices+weather,spike_14d,9,synthetic,spike_precision,0.25,1
tft_raw,prices+weather,spike_14d,9,synthetic,spike_false_alarm_rate,0.17647058823529413,1
tft_raw,prices+weather,spike_14d,9,synthetic,spike_brier,0.23499024007561498,1
tft_raw,prices+weather,1,10,synthetic,pinball_p10,68.79469680755865,1
tft_raw,prices+weather,1,10,synthetic,pinball_p50,216.97771199289943,1
tft_raw,prices+weather,1,10,synthetic,pinball_p90,121.26031107123303,1
tft_raw,prices+weather,1,10,synthetic,pinball_mean,135.6775732905637,1
tft_raw,prices+weather,1,10,synthetic,mape_p50_pct,17.346147816719743,1
tft_raw,prices+weather,1,10,synthetic,coverage_p10_p90_pct,60.71428571428571,1
tft_raw,prices+weather,1,10,synthetic,n,112.0,1
tft_raw,prices+weather,2,10,synthetic,pinball_p10,174.72375818655948,1
tft_raw,prices+weather,2,10,synthetic,pinball_p50,378.09396811781363,1
tft_raw,prices+weather,2,10,synthetic,pinball_p90,192.5186317492603,1
tft_raw,prices+weather,2,10,synthetic,pinball_mean,248.44545268454445,1
tft_raw,prices+weather,2,10,synthetic,mape_p50_pct,30.654508344341856,1
tft_raw,prices+weather,2,10,synthetic,coverage_p10_p90_pct,37.5,1
tft_raw,prices+weather,2,10,synthetic,n,112.0,1
tft_raw,prices+weather,3,10,synthetic,pinball_p10,304.72143190684807,1
tft_raw,prices+weather,3,10,synthetic,pinball_p50,500.2201109028147,1
tft_raw,prices+weather,3,10,synthetic,pinball_p90,230.13042054159123,1
tft_raw,prices+weather,3,10,synthetic,pinball_mean,345.02398778375135,1
tft_raw,prices+weather,3,10,synthetic,mape_p50_pct,41.3066862542424,1
tft_raw,prices+weather,3,10,synthetic,coverage_p10_p90_pct,32.142857142857146,1
tft_raw,prices+weather,3,10,synthetic,n,112.0,1
tft_raw,prices+weather,4,10,synthetic,pinball_p10,295.7493768841358,1
tft_raw,prices+weather,4,10,synthetic,pinball_p50,501.8005963362431,1
tft_raw,prices+weather,4,10,synthetic,pinball_p90,240.511024569885,1
tft_raw,prices+weather,4,10,synthetic,pinball_mean,346.0203325967546,1
tft_raw,prices+weather,4,10,synthetic,mape_p50_pct,41.23886947917559,1
tft_raw,prices+weather,4,10,synthetic,coverage_p10_p90_pct,31.25,1
tft_raw,prices+weather,4,10,synthetic,n,112.0,1
tft_raw,prices+weather,spike_14d,10,synthetic,spike_events,19.0,1
tft_raw,prices+weather,spike_14d,10,synthetic,spike_recall,0.3684210526315789,1
tft_raw,prices+weather,spike_14d,10,synthetic,spike_precision,0.20588235294117646,1
tft_raw,prices+weather,spike_14d,10,synthetic,spike_false_alarm_rate,0.2903225806451613,1
tft_raw,prices+weather,spike_14d,10,synthetic,spike_brier,0.2607510440326447,1
tft_raw,prices+weather,1,11,synthetic,pinball_p10,99.39909529156344,1
tft_raw,prices+weather,1,11,synthetic,pinball_p50,255.01613415573942,1
tft_raw,prices+weather,1,11,synthetic,pinball_p90,177.22339900590015,1
tft_raw,prices+weather,1,11,synthetic,pinball_mean,177.21287615106766,1
tft_raw,prices+weather,1,11,synthetic,mape_p50_pct,17.070848022010374,1
tft_raw,prices+weather,1,11,synthetic,coverage_p10_p90_pct,69.64285714285714,1
tft_raw,prices+weather,1,11,synthetic,n,112.0,1
tft_raw,prices+weather,2,11,synthetic,pinball_p10,99.50224998630178,1
tft_raw,prices+weather,2,11,synthetic,pinball_p50,324.69851911901657,1
tft_raw,prices+weather,2,11,synthetic,pinball_p90,236.4757758519266,1
tft_raw,prices+weather,2,11,synthetic,pinball_mean,220.2255149857483,1
tft_raw,prices+weather,2,11,synthetic,mape_p50_pct,21.566996506029096,1
tft_raw,prices+weather,2,11,synthetic,coverage_p10_p90_pct,62.5,1
tft_raw,prices+weather,2,11,synthetic,n,112.0,1
tft_raw,prices+weather,3,11,synthetic,pinball_p10,114.89370652192942,1
tft_raw,prices+weather,3,11,synthetic,pinball_p50,379.73714981983915,1
tft_raw,prices+weather,3,11,synthetic,pinball_p90,260.42333402494626,1
tft_raw,prices+weather,3,11,synthetic,pinball_mean,251.68473012223828,1
tft_raw,prices+weather,3,11,synthetic,mape_p50_pct,25.643841425145027,1
tft_raw,prices+weather,3,11,synthetic,coverage_p10_p90_pct,51.78571428571429,1
tft_raw,prices+weather,3,11,synthetic,n,112.0,1
tft_raw,prices+weather,4,11,synthetic,pinball_p10,129.89701234478667,1
tft_raw,prices+weather,4,11,synthetic,pinball_p50,432.94428002446114,1
tft_raw,prices+weather,4,11,synthetic,pinball_p90,311.8962518594144,1
tft_raw,prices+weather,4,11,synthetic,pinball_mean,291.5791814095541,1
tft_raw,prices+weather,4,11,synthetic,mape_p50_pct,30.000968633183362,1
tft_raw,prices+weather,4,11,synthetic,coverage_p10_p90_pct,50.89285714285714,1
tft_raw,prices+weather,4,11,synthetic,n,112.0,1
tft_raw,prices+weather,spike_14d,11,synthetic,spike_events,33.0,1
tft_raw,prices+weather,spike_14d,11,synthetic,spike_recall,0.48484848484848486,1
tft_raw,prices+weather,spike_14d,11,synthetic,spike_precision,0.5714285714285714,1
tft_raw,prices+weather,spike_14d,11,synthetic,spike_false_alarm_rate,0.1518987341772152,1
tft_raw,prices+weather,spike_14d,11,synthetic,spike_brier,0.21664945597202853,1
tft_raw,prices+weather,1,12,synthetic,pinball_p10,116.98100077300138,1
tft_raw,prices+weather,1,12,synthetic,pinball_p50,333.4477156633523,1
tft_raw,prices+weather,1,12,synthetic,pinball_p90,265.1297781432596,1
tft_raw,prices+weather,1,12,synthetic,pinball_mean,238.51949819320444,1
tft_raw,prices+weather,1,12,synthetic,mape_p50_pct,18.33584308805821,1
tft_raw,prices+weather,1,12,synthetic,coverage_p10_p90_pct,64.28571428571429,1
tft_raw,prices+weather,1,12,synthetic,n,112.0,1
tft_raw,prices+weather,2,12,synthetic,pinball_p10,208.89980035162586,1
tft_raw,prices+weather,2,12,synthetic,pinball_p50,456.4960178765751,1
tft_raw,prices+weather,2,12,synthetic,pinball_p90,353.61023553472506,1
tft_raw,prices+weather,2,12,synthetic,pinball_mean,339.668684587642,1
tft_raw,prices+weather,2,12,synthetic,mape_p50_pct,26.512187356544686,1
tft_raw,prices+weather,2,12,synthetic,coverage_p10_p90_pct,51.78571428571429,1
tft_raw,prices+weather,2,12,synthetic,n,112.0,1
tft_raw,prices+weather,3,12,synthetic,pinball_p10,337.67650430199956,1
tft_raw,prices+weather,3,12,synthetic,pinball_p50,646.5058105633636,1
tft_raw,prices+weather,3,12,synthetic,pinball_p90,469.6061125557945,1
tft_raw,prices+weather,3,12,synthetic,pinball_mean,484.5961424737192,1
tft_raw,prices+weather,3,12,synthetic,mape_p50_pct,40.73711603843716,1
tft_raw,prices+weather,3,12,synthetic,coverage_p10_p90_pct,47.32142857142857,1
tft_raw,prices+weather,3,12,synthetic,n,112.0,1
tft_raw,prices+weather,4,12,synthetic,pinball_p10,452.33269163897387,1
tft_raw,prices+weather,4,12,synthetic,pinball_p50,852.9938928102767,1
tft_raw,prices+weather,4,12,synthetic,pinball_p90,576.8984006220547,1
tft_raw,prices+weather,4,12,synthetic,pinball_mean,627.4083283571018,1
tft_raw,prices+weather,4,12,synthetic,mape_p50_pct,55.596155069706846,1
tft_raw,prices+weather,4,12,synthetic,coverage_p10_p90_pct,41.07142857142857,1
tft_raw,prices+weather,4,12,synthetic,n,112.0,1
tft_raw,prices+weather,spike_14d,12,synthetic,spike_events,26.0,1
tft_raw,prices+weather,spike_14d,12,synthetic,spike_recall,0.0,1
tft_raw,prices+weather,spike_14d,12,synthetic,spike_precision,0.0,1
tft_raw,prices+weather,spike_14d,12,synthetic,spike_false_alarm_rate,0.18604651162790697,1
tft_raw,prices+weather,spike_14d,12,synthetic,spike_brier,0.3010415782686369,1
tft_raw,prices+weather,1,13,synthetic,pinball_p10,124.64661192559508,1
tft_raw,prices+weather,1,13,synthetic,pinball_p50,445.05586057585936,1
tft_raw,prices+weather,1,13,synthetic,pinball_p90,321.35074388560105,1
tft_raw,prices+weather,1,13,synthetic,pinball_mean,297.01773879568515,1
tft_raw,prices+weather,1,13,synthetic,mape_p50_pct,26.2754027794791,1
tft_raw,prices+weather,1,13,synthetic,coverage_p10_p90_pct,68.75,1
tft_raw,prices+weather,1,13,synthetic,n,112.0,1
tft_raw,prices+weather,2,13,synthetic,pinball_p10,303.63483742743404,1
tft_raw,prices+weather,2,13,synthetic,pinball_p50,684.1301868110776,1
tft_raw,prices+weather,2,13,synthetic,pinball_p90,421.0199088253271,1
tft_raw,prices+weather,2,13,synthetic,pinball_mean,469.59497768794625,1
tft_raw,prices+weather,2,13,synthetic,mape_p50_pct,43.22237093784156,1
tft_raw,prices+weather,2,13,synthetic,coverage_p10_p90_pct,49.107142857142854,1
tft_raw,prices+weather,2,13,synthetic,n,112.0,1
tft_raw,prices+weather,3,13,synthetic,pinball_p10,415.01109988655196,1
tft_raw,prices+weather,3,13,synthetic,pinball_p50,830.8112311971317,1
tft_raw,prices+weather,3,13,synthetic,pinball_p90,449.44331554685056,1
tft_raw,prices+weather,3,13,synthetic,pinball_mean,565.0885488768448,1
tft_raw,prices+weather,3,13,synthetic,mape_p50_pct,53.16626221670818,1
tft_raw,prices+weather,3,13,synthetic,coverage_p10_p90_pct,33.92857142857143,1
tft_raw,prices+weather,3,13,synthetic,n,112.0,1
tft_raw,prices+weather,4,13,synthetic,pinball_p10,556.6344547378587,1
tft_raw,prices+weather,4,13,synthetic,pinball_p50,968.4132737563335,1
tft_raw,prices+weather,4,13,synthetic,pinball_p90,469.3535737221321,1
tft_raw,prices+weather,4,13,synthetic,pinball_mean,664.800434072108,1
tft_raw,prices+weather,4,13,synthetic,mape_p50_pct,62.179999069771895,1
tft_raw,prices+weather,4,13,synthetic,coverage_p10_p90_pct,33.035714285714285,1
tft_raw,prices+weather,4,13,synthetic,n,112.0,1
tft_raw,prices+weather,spike_14d,13,synthetic,spike_events,22.0,1
tft_raw,prices+weather,spike_14d,13,synthetic,spike_recall,0.09090909090909091,1
tft_raw,prices+weather,spike_14d,13,synthetic,spike_precision,0.0625,1
tft_raw,prices+weather,spike_14d,13,synthetic,spike_false_alarm_rate,0.3333333333333333,1
tft_raw,prices+weather,spike_14d,13,synthetic,spike_brier,0.30997412894185816,1
tft_raw,prices+weather,1,14,synthetic,pinball_p10,65.81893159671513,1
tft_raw,prices+weather,1,14,synthetic,pinball_p50,175.3265640190256,1
tft_raw,prices+weather,1,14,synthetic,pinball_p90,86.19450200811721,1
tft_raw,prices+weather,1,14,synthetic,pinball_mean,109.11333254128597,1
tft_raw,prices+weather,1,14,synthetic,mape_p50_pct,18.519180611141355,1
tft_raw,prices+weather,1,14,synthetic,coverage_p10_p90_pct,75.45454545454545,1
tft_raw,prices+weather,1,14,synthetic,n,110.0,1
tft_raw,prices+weather,2,14,synthetic,pinball_p10,133.32857263484098,1
tft_raw,prices+weather,2,14,synthetic,pinball_p50,275.80240902039066,1
tft_raw,prices+weather,2,14,synthetic,pinball_p90,123.02289202435007,1
tft_raw,prices+weather,2,14,synthetic,pinball_mean,177.38462455986055,1
tft_raw,prices+weather,2,14,synthetic,mape_p50_pct,30.414382575785393,1
tft_raw,prices+weather,2,14,synthetic,coverage_p10_p90_pct,53.63636363636364,1
tft_raw,prices+weather,2,14,synthetic,n,110.0,1
tft_raw,prices+weather,3,14,synthetic,pinball_p10,183.36135505274606,1
tft_raw,prices+weather,3,14,synthetic,pinball_p50,340.8036665094181,1
tft_raw,prices+weather,3,14,synthetic,pinball_p90,146.630661582199,1
tft_raw,prices+weather,3,14,synthetic,pinball_mean,223.59856104812104,1
tft_raw,prices+weather,3,14,synthetic,mape_p50_pct,37.95879528338028,1
tft_raw,prices+weather,3,14,synthetic,coverage_p10_p90_pct,38.18181818181819,1
tft_raw,prices+weather,3,14,synthetic,n,110.0,1
tft_raw,prices+weather,4,14,synthetic,pinball_p10,271.65438447168685,1
tft_raw,prices+weather,4,14,synthetic,pinball_p50,447.9646752109102,1
tft_raw,prices+weather,4,14,synthetic,pinball_p90,185.67488687670826,1
tft_raw,prices+weather,4,14,synthetic,pinball_mean,301.76464885310173,1
tft_raw,prices+weather,4,14,synthetic,mape_p50_pct,51.14002473189822,1
tft_raw,prices+weather,4,14,synthetic,coverage_p10_p90_pct,30.0,1
tft_raw,prices+weather,4,14,synthetic,n,110.0,1
tft_raw,prices+weather,spike_14d,14,synthetic,spike_events,18.0,1
tft_raw,prices+weather,spike_14d,14,synthetic,spike_recall,0.0,1
tft_raw,prices+weather,spike_14d,14,synthetic,spike_precision,0.0,1
tft_raw,prices+weather,spike_14d,14,synthetic,spike_false_alarm_rate,0.31645569620253167,1
tft_raw,prices+weather,spike_14d,14,synthetic,spike_brier,0.3392178691064311,1
tft_raw,prices+weather,1,15,synthetic,pinball_p10,72.74839348364004,1
tft_raw,prices+weather,1,15,synthetic,pinball_p50,180.00027244370017,1
tft_raw,prices+weather,1,15,synthetic,pinball_p90,92.95110197387741,1
tft_raw,prices+weather,1,15,synthetic,pinball_mean,115.23325596707254,1
tft_raw,prices+weather,1,15,synthetic,mape_p50_pct,15.392672990403389,1
tft_raw,prices+weather,1,15,synthetic,coverage_p10_p90_pct,63.39285714285714,1
tft_raw,prices+weather,1,15,synthetic,n,112.0,1
tft_raw,prices+weather,2,15,synthetic,pinball_p10,89.36191847311508,1
tft_raw,prices+weather,2,15,synthetic,pinball_p50,232.09332263992988,1
tft_raw,prices+weather,2,15,synthetic,pinball_p90,109.57713137089733,1
tft_raw,prices+weather,2,15,synthetic,pinball_mean,143.67745749464743,1
tft_raw,prices+weather,2,15,synthetic,mape_p50_pct,20.530113832812063,1
tft_raw,prices+weather,2,15,synthetic,coverage_p10_p90_pct,65.17857142857143,1
tft_raw,prices+weather,2,15,synthetic,n,112.0,1
tft_raw,prices+weather,3,15,synthetic,pinball_p10,109.31600213864934,1
tft_raw,prices+weather,3,15,synthetic,pinball_p50,266.0817461300006,1
tft_raw,prices+weather,3,15,synthetic,pinball_p90,123.38609776220778,1
tft_raw,prices+weather,3,15,synthetic,pinball_mean,166.2612820102859,1
tft_raw,prices+weather,3,15,synthetic,mape_p50_pct,23.949530195571718,1
tft_raw,prices+weather,3,15,synthetic,coverage_p10_p90_pct,62.5,1
tft_raw,prices+weather,3,15,synthetic,n,112.0,1
tft_raw,prices+weather,4,15,synthetic,pinball_p10,129.19667611295537,1
tft_raw,prices+weather,4,15,synthetic,pinball_p50,296.1094997492156,1
tft_raw,prices+weather,4,15,synthetic,pinball_p90,128.76470289776464,1
tft_raw,prices+weather,4,15,synthetic,pinball_mean,184.69029291997856,1
tft_raw,prices+weather,4,15,synthetic,mape_p50_pct,27.140086261638448,1
tft_raw,prices+weather,4,15,synthetic,coverage_p10_p90_pct,57.14285714285714,1
tft_raw,prices+weather,4,15,synthetic,n,112.0,1
tft_raw,prices+weather,spike_14d,15,synthetic,spike_events,28.0,1
tft_raw,prices+weather,spike_14d,15,synthetic,spike_recall,0.21428571428571427,1
tft_raw,prices+weather,spike_14d,15,synthetic,spike_precision,0.4,1
tft_raw,prices+weather,spike_14d,15,synthetic,spike_false_alarm_rate,0.10714285714285714,1
tft_raw,prices+weather,spike_14d,15,synthetic,spike_brier,0.20926924774006078,1
tft_raw,prices+weather,1,16,synthetic,pinball_p10,90.13747627373836,1
tft_raw,prices+weather,1,16,synthetic,pinball_p50,190.37047641947726,1
tft_raw,prices+weather,1,16,synthetic,pinball_p90,96.44135811222957,1
tft_raw,prices+weather,1,16,synthetic,pinball_mean,125.64977026848173,1
tft_raw,prices+weather,1,16,synthetic,mape_p50_pct,15.464605245400667,1
tft_raw,prices+weather,1,16,synthetic,coverage_p10_p90_pct,66.07142857142857,1
tft_raw,prices+weather,1,16,synthetic,n,112.0,1
tft_raw,prices+weather,2,16,synthetic,pinball_p10,145.3483006238609,1
tft_raw,prices+weather,2,16,synthetic,pinball_p50,233.0564674049803,1
tft_raw,prices+weather,2,16,synthetic,pinball_p90,126.58890552708579,1
tft_raw,prices+weather,2,16,synthetic,pinball_mean,168.33122451864233,1
tft_raw,prices+weather,2,16,synthetic,mape_p50_pct,19.693941954877552,1
tft_raw,prices+weather,2,16,synthetic,coverage_p10_p90_pct,59.82142857142857,1
tft_raw,prices+weather,2,16,synthetic,n,112.0,1
tft_raw,prices+weather,3,16,synthetic,pinball_p10,222.2860516489101,1
tft_raw,prices+weather,3,16,synthetic,pinball_p50,324.3577402338377,1
tft_raw,prices+weather,3,16,synthetic,pinball_p90,138.70343009312327,1
tft_raw,prices+weather,3,16,synthetic,pinball_mean,228.44907399195702,1
tft_raw,prices+weather,3,16,synthetic,mape_p50_pct,28.595957439429355,1
tft_raw,prices+weather,3,16,synthetic,coverage_p10_p90_pct,54.46428571428571,1
tft_raw,prices+weather,3,16,synthetic,n,112.0,1
tft_raw,prices+weather,4,16,synthetic,pinball_p10,282.7488726068833,1
tft_raw,prices+weather,4,16,synthetic,pinball_p50,401.98177885920757,1
tft_raw,prices+weather,4,16,synthetic,pinball_p90,147.10500040980833,1
tft_raw,prices+weather,4,16,synthetic,pinball_mean,277.2785506252997,1
tft_raw,prices+weather,4,16,synthetic,mape_p50_pct,35.92425774584433,1
tft_raw,prices+weather,4,16,synthetic,coverage_p10_p90_pct,50.89285714285714,1
tft_raw,prices+weather,4,16,synthetic,n,112.0,1
tft_raw,prices+weather,spike_14d,16,synthetic,spike_events,18.0,1
tft_raw,prices+weather,spike_14d,16,synthetic,spike_recall,0.05555555555555555,1
tft_raw,prices+weather,spike_14d,16,synthetic,spike_precision,0.06666666666666667,1
tft_raw,prices+weather,spike_14d,16,synthetic,spike_false_alarm_rate,0.14893617021276595,1
tft_raw,prices+weather,spike_14d,16,synthetic,spike_brier,0.23921432322710207,1
tft_raw,prices+weather,1,17,synthetic,pinball_p10,108.51757229243383,1
tft_raw,prices+weather,1,17,synthetic,pinball_p50,292.1150602116815,1
tft_raw,prices+weather,1,17,synthetic,pinball_p90,179.2922728622819,1
tft_raw,prices+weather,1,17,synthetic,pinball_mean,193.3083017887991,1
tft_raw,prices+weather,1,17,synthetic,mape_p50_pct,20.135911789882485,1
tft_raw,prices+weather,1,17,synthetic,coverage_p10_p90_pct,60.71428571428571,1
tft_raw,prices+weather,1,17,synthetic,n,112.0,1
tft_raw,prices+weather,2,17,synthetic,pinball_p10,211.6690290735974,1
tft_raw,prices+weather,2,17,synthetic,pinball_p50,432.9691437684864,1
tft_raw,prices+weather,2,17,synthetic,pinball_p90,265.8103234770559,1
tft_raw,prices+weather,2,17,synthetic,pinball_mean,303.4828321063799,1
tft_raw,prices+weather,2,17,synthetic,mape_p50_pct,31.152486293669618,1
tft_raw,prices+weather,2,17,synthetic,coverage_p10_p90_pct,50.0,1
tft_raw,prices+weather,2,17,synthetic,n,112.0,1
tft_raw,prices+weather,3,17,synthetic,pinball_p10,259.434466222226,1
tft_raw,prices+weather,3,17,synthetic,pinball_p50,527.1588154796995,1
tft_raw,prices+weather,3,17,synthetic,pinball_p90,293.0779955361091,1
tft_raw,prices+weather,3,17,synthetic,pinball_mean,359.8904257460115,1
tft_raw,prices+weather,3,17,synthetic,mape_p50_pct,38.1503906940841,1
tft_raw,prices+weather,3,17,synthetic,coverage_p10_p90_pct,42.857142857142854,1
tft_raw,prices+weather,3,17,synthetic,n,112.0,1
tft_raw,prices+weather,4,17,synthetic,pinball_p10,270.96036923042954,1
tft_raw,prices+weather,4,17,synthetic,pinball_p50,557.9285064617405,1
tft_raw,prices+weather,4,17,synthetic,pinball_p90,296.31905640051593,1
tft_raw,prices+weather,4,17,synthetic,pinball_mean,375.069310697562,1
tft_raw,prices+weather,4,17,synthetic,mape_p50_pct,40.3343655468324,1
tft_raw,prices+weather,4,17,synthetic,coverage_p10_p90_pct,48.214285714285715,1
tft_raw,prices+weather,4,17,synthetic,n,112.0,1
tft_raw,prices+weather,spike_14d,17,synthetic,spike_events,31.0,1
tft_raw,prices+weather,spike_14d,17,synthetic,spike_recall,0.25806451612903225,1
tft_raw,prices+weather,spike_14d,17,synthetic,spike_precision,0.2962962962962963,1
tft_raw,prices+weather,spike_14d,17,synthetic,spike_false_alarm_rate,0.2345679012345679,1
tft_raw,prices+weather,spike_14d,17,synthetic,spike_brier,0.274404525957248,1
tft_raw,prices+weather,1,18,synthetic,pinball_p10,100.24044269994248,1
tft_raw,prices+weather,1,18,synthetic,pinball_p50,223.2860014344988,1
tft_raw,prices+weather,1,18,synthetic,pinball_p90,91.38026242458129,1
tft_raw,prices+weather,1,18,synthetic,pinball_mean,138.30223551967418,1
tft_raw,prices+weather,1,18,synthetic,mape_p50_pct,15.282835459942051,1
tft_raw,prices+weather,1,18,synthetic,coverage_p10_p90_pct,68.75,1
tft_raw,prices+weather,1,18,synthetic,n,112.0,1
tft_raw,prices+weather,2,18,synthetic,pinball_p10,125.92168002409372,1
tft_raw,prices+weather,2,18,synthetic,pinball_p50,264.1091463424121,1
tft_raw,prices+weather,2,18,synthetic,pinball_p90,123.34108062310611,1
tft_raw,prices+weather,2,18,synthetic,pinball_mean,171.12396899653731,1
tft_raw,prices+weather,2,18,synthetic,mape_p50_pct,18.838966964857715,1
tft_raw,prices+weather,2,18,synthetic,coverage_p10_p90_pct,66.96428571428571,1
tft_raw,prices+weather,2,18,synthetic,n,112.0,1
tft_raw,prices+weather,3,18,synthetic,pinball_p10,184.7581172153564,1
tft_raw,prices+weather,3,18,synthetic,pinball_p50,341.2673439650481,1
tft_raw,prices+weather,3,18,synthetic,pinball_p90,139.38084358803465,1
tft_raw,prices+weather,3,18,synthetic,pinball_mean,221.8021015894797,1
tft_raw,prices+weather,3,18,synthetic,mape_p50_pct,25.21084577443168,1
tft_raw,prices+weather,3,18,synthetic,coverage_p10_p90_pct,51.78571428571429,1
tft_raw,prices+weather,3,18,synthetic,n,112.0,1
tft_raw,prices+weather,4,18,synthetic,pinball_p10,203.26600836948424,1
tft_raw,prices+weather,4,18,synthetic,pinball_p50,398.1666057445335,1
tft_raw,prices+weather,4,18,synthetic,pinball_p90,150.67870720433322,1
tft_raw,prices+weather,4,18,synthetic,pinball_mean,250.70377377278365,1
tft_raw,prices+weather,4,18,synthetic,mape_p50_pct,29.524673739028216,1
tft_raw,prices+weather,4,18,synthetic,coverage_p10_p90_pct,49.107142857142854,1
tft_raw,prices+weather,4,18,synthetic,n,112.0,1
tft_raw,prices+weather,spike_14d,18,synthetic,spike_events,23.0,1
tft_raw,prices+weather,spike_14d,18,synthetic,spike_recall,0.30434782608695654,1
tft_raw,prices+weather,spike_14d,18,synthetic,spike_precision,0.5,1
tft_raw,prices+weather,spike_14d,18,synthetic,spike_false_alarm_rate,0.07865168539325842,1
tft_raw,prices+weather,spike_14d,18,synthetic,spike_brier,0.15157131931370585,1
tft_cqr,prices+weather,1,ALL,synthetic,pinball_p10,116.7691824011326,1
tft_cqr,prices+weather,1,ALL,synthetic,pinball_p50,253.8091679977532,1
tft_cqr,prices+weather,1,ALL,synthetic,pinball_p90,164.11225182616565,1
tft_cqr,prices+weather,1,ALL,synthetic,pinball_mean,178.2302007416838,1
tft_cqr,prices+weather,1,ALL,synthetic,mape_p50_pct,17.85184491304156,1
tft_cqr,prices+weather,1,ALL,synthetic,coverage_p10_p90_pct,71.17296222664015,1
tft_cqr,prices+weather,1,ALL,synthetic,n,2012.0,1
tft_cqr,prices+weather,2,ALL,synthetic,pinball_p10,212.11873071988654,1
tft_cqr,prices+weather,2,ALL,synthetic,pinball_p50,345.3441742753721,1
tft_cqr,prices+weather,2,ALL,synthetic,pinball_p90,228.58931163963737,1
tft_cqr,prices+weather,2,ALL,synthetic,pinball_mean,262.01740554496536,1
tft_cqr,prices+weather,2,ALL,synthetic,mape_p50_pct,24.929733562211723,1
tft_cqr,prices+weather,2,ALL,synthetic,coverage_p10_p90_pct,60.98409542743539,1
tft_cqr,prices+weather,2,ALL,synthetic,n,2012.0,1
tft_cqr,prices+weather,3,ALL,synthetic,pinball_p10,307.1747069538068,1
tft_cqr,prices+weather,3,ALL,synthetic,pinball_p50,438.7126556815965,1
tft_cqr,prices+weather,3,ALL,synthetic,pinball_p90,281.9607193514734,1
tft_cqr,prices+weather,3,ALL,synthetic,pinball_mean,342.61602732895886,1
tft_cqr,prices+weather,3,ALL,synthetic,mape_p50_pct,32.426805588428316,1
tft_cqr,prices+weather,3,ALL,synthetic,coverage_p10_p90_pct,51.14314115308151,1
tft_cqr,prices+weather,3,ALL,synthetic,n,2012.0,1
tft_cqr,prices+weather,4,ALL,synthetic,pinball_p10,381.0089937414831,1
tft_cqr,prices+weather,4,ALL,synthetic,pinball_p50,503.17640441611076,1
tft_cqr,prices+weather,4,ALL,synthetic,pinball_p90,347.957710311594,1
tft_cqr,prices+weather,4,ALL,synthetic,pinball_mean,410.7143694897293,1
tft_cqr,prices+weather,4,ALL,synthetic,mape_p50_pct,37.814417391294946,1
tft_cqr,prices+weather,4,ALL,synthetic,coverage_p10_p90_pct,40.85487077534791,1
tft_cqr,prices+weather,4,ALL,synthetic,n,2012.0,1
tft_cqr,prices+weather,spike_14d,ALL,synthetic,spike_events,483.0,1
tft_cqr,prices+weather,spike_14d,ALL,synthetic,spike_recall,0.18840579710144928,1
tft_cqr,prices+weather,spike_14d,ALL,synthetic,spike_precision,0.24863387978142076,1
tft_cqr,prices+weather,spike_14d,ALL,synthetic,spike_false_alarm_rate,0.18296739853626082,1
tft_cqr,prices+weather,spike_14d,ALL,synthetic,spike_brier,0.2696245313039532,1
tft_cqr,prices+weather,1,1,synthetic,pinball_p10,60.87373512747062,1
tft_cqr,prices+weather,1,1,synthetic,pinball_p50,146.55146957455105,1
tft_cqr,prices+weather,1,1,synthetic,pinball_p90,127.15988419186654,1
tft_cqr,prices+weather,1,1,synthetic,pinball_mean,111.52836296462941,1
tft_cqr,prices+weather,1,1,synthetic,mape_p50_pct,12.793688109061987,1
tft_cqr,prices+weather,1,1,synthetic,coverage_p10_p90_pct,79.46428571428571,1
tft_cqr,prices+weather,1,1,synthetic,n,112.0,1
tft_cqr,prices+weather,2,1,synthetic,pinball_p10,74.42323861942785,1
tft_cqr,prices+weather,2,1,synthetic,pinball_p50,179.2779970922606,1
tft_cqr,prices+weather,2,1,synthetic,pinball_p90,156.34367498766696,1
tft_cqr,prices+weather,2,1,synthetic,pinball_mean,136.68163689978513,1
tft_cqr,prices+weather,2,1,synthetic,mape_p50_pct,15.592332729306424,1
tft_cqr,prices+weather,2,1,synthetic,coverage_p10_p90_pct,75.89285714285714,1
tft_cqr,prices+weather,2,1,synthetic,n,112.0,1
tft_cqr,prices+weather,3,1,synthetic,pinball_p10,78.15727823126589,1
tft_cqr,prices+weather,3,1,synthetic,pinball_p50,220.6792780840558,1
tft_cqr,prices+weather,3,1,synthetic,pinball_p90,176.16644867692958,1
tft_cqr,prices+weather,3,1,synthetic,pinball_mean,158.33433499741707,1
tft_cqr,prices+weather,3,1,synthetic,mape_p50_pct,19.45086966135657,1
tft_cqr,prices+weather,3,1,synthetic,coverage_p10_p90_pct,69.64285714285714,1
tft_cqr,prices+weather,3,1,synthetic,n,112.0,1
tft_cqr,prices+weather,4,1,synthetic,pinball_p10,109.56589498819702,1
tft_cqr,prices+weather,4,1,synthetic,pinball_p50,274.7357318641819,1
tft_cqr,prices+weather,4,1,synthetic,pinball_p90,218.95260617606223,1
tft_cqr,prices+weather,4,1,synthetic,pinball_mean,201.0847443428137,1
tft_cqr,prices+weather,4,1,synthetic,mape_p50_pct,25.28044669615468,1
tft_cqr,prices+weather,4,1,synthetic,coverage_p10_p90_pct,57.14285714285714,1
tft_cqr,prices+weather,4,1,synthetic,n,112.0,1
tft_cqr,prices+weather,spike_14d,1,synthetic,spike_events,31.0,1
tft_cqr,prices+weather,spike_14d,1,synthetic,spike_recall,0.22580645161290322,1
tft_cqr,prices+weather,spike_14d,1,synthetic,spike_precision,0.7777777777777778,1
tft_cqr,prices+weather,spike_14d,1,synthetic,spike_false_alarm_rate,0.024691358024691357,1
tft_cqr,prices+weather,spike_14d,1,synthetic,spike_brier,0.22980152830719974,1
tft_cqr,prices+weather,1,2,synthetic,pinball_p10,105.9397173874166,1
tft_cqr,prices+weather,1,2,synthetic,pinball_p50,215.26620485718644,1
tft_cqr,prices+weather,1,2,synthetic,pinball_p90,156.80753033173207,1
tft_cqr,prices+weather,1,2,synthetic,pinball_mean,159.33781752544505,1
tft_cqr,prices+weather,1,2,synthetic,mape_p50_pct,17.523011046610527,1
tft_cqr,prices+weather,1,2,synthetic,coverage_p10_p90_pct,73.21428571428571,1
tft_cqr,prices+weather,1,2,synthetic,n,112.0,1
tft_cqr,prices+weather,2,2,synthetic,pinball_p10,112.6494925726423,1
tft_cqr,prices+weather,2,2,synthetic,pinball_p50,242.36058458643146,1
tft_cqr,prices+weather,2,2,synthetic,pinball_p90,226.7823843093102,1
tft_cqr,prices+weather,2,2,synthetic,pinball_mean,193.93082048946133,1
tft_cqr,prices+weather,2,2,synthetic,mape_p50_pct,19.566665694532595,1
tft_cqr,prices+weather,2,2,synthetic,coverage_p10_p90_pct,64.28571428571429,1
tft_cqr,prices+weather,2,2,synthetic,n,112.0,1
tft_cqr,prices+weather,3,2,synthetic,pinball_p10,126.3920899231151,1
tft_cqr,prices+weather,3,2,synthetic,pinball_p50,290.83507717606835,1
tft_cqr,prices+weather,3,2,synthetic,pinball_p90,270.8691961815579,1
tft_cqr,prices+weather,3,2,synthetic,pinball_mean,229.36545442691377,1
tft_cqr,prices+weather,3,2,synthetic,mape_p50_pct,24.363964925866668,1
tft_cqr,prices+weather,3,2,synthetic,coverage_p10_p90_pct,53.57142857142857,1
tft_cqr,prices+weather,3,2,synthetic,n,112.0,1
tft_cqr,prices+weather,4,2,synthetic,pinball_p10,217.1434820782878,1
tft_cqr,prices+weather,4,2,synthetic,pinball_p50,401.31638901210806,1
tft_cqr,prices+weather,4,2,synthetic,pinball_p90,347.54572945693116,1
tft_cqr,prices+weather,4,2,synthetic,pinball_mean,322.00186684910904,1
tft_cqr,prices+weather,4,2,synthetic,mape_p50_pct,34.66917617464757,1
tft_cqr,prices+weather,4,2,synthetic,coverage_p10_p90_pct,36.607142857142854,1
tft_cqr,prices+weather,4,2,synthetic,n,112.0,1
tft_cqr,prices+weather,spike_14d,2,synthetic,spike_events,35.0,1
tft_cqr,prices+weather,spike_14d,2,synthetic,spike_recall,0.37142857142857144,1
tft_cqr,prices+weather,spike_14d,2,synthetic,spike_precision,0.9285714285714286,1
tft_cqr,prices+weather,spike_14d,2,synthetic,spike_false_alarm_rate,0.012987012987012988,1
tft_cqr,prices+weather,spike_14d,2,synthetic,spike_brier,0.22044986853726847,1
tft_cqr,prices+weather,1,3,synthetic,pinball_p10,139.41723568111726,1
tft_cqr,prices+weather,1,3,synthetic,pinball_p50,263.9397663134289,1
tft_cqr,prices+weather,1,3,synthetic,pinball_p90,136.1505128966566,1
tft_cqr,prices+weather,1,3,synthetic,pinball_mean,179.83583829706762,1
tft_cqr,prices+weather,1,3,synthetic,mape_p50_pct,20.593070129838722,1
tft_cqr,prices+weather,1,3,synthetic,coverage_p10_p90_pct,66.36363636363637,1
tft_cqr,prices+weather,1,3,synthetic,n,110.0,1
tft_cqr,prices+weather,2,3,synthetic,pinball_p10,175.96047179047417,1
tft_cqr,prices+weather,2,3,synthetic,pinball_p50,289.7762860096525,1
tft_cqr,prices+weather,2,3,synthetic,pinball_p90,163.10418111079144,1
tft_cqr,prices+weather,2,3,synthetic,pinball_mean,209.61364630363937,1
tft_cqr,prices+weather,2,3,synthetic,mape_p50_pct,22.431605380357194,1
tft_cqr,prices+weather,2,3,synthetic,coverage_p10_p90_pct,59.09090909090909,1
tft_cqr,prices+weather,2,3,synthetic,n,110.0,1
tft_cqr,prices+weather,3,3,synthetic,pinball_p10,209.32573647052533,1
tft_cqr,prices+weather,3,3,synthetic,pinball_p50,344.0412101866467,1
tft_cqr,prices+weather,3,3,synthetic,pinball_p90,207.39344722988122,1
tft_cqr,prices+weather,3,3,synthetic,pinball_mean,253.58679796235108,1
tft_cqr,prices+weather,3,3,synthetic,mape_p50_pct,27.083821081787775,1
tft_cqr,prices+weather,3,3,synthetic,coverage_p10_p90_pct,47.27272727272727,1
tft_cqr,prices+weather,3,3,synthetic,n,110.0,1
tft_cqr,prices+weather,4,3,synthetic,pinball_p10,264.30251882926945,1
tft_cqr,prices+weather,4,3,synthetic,pinball_p50,386.39224977121347,1
tft_cqr,prices+weather,4,3,synthetic,pinball_p90,242.69240923186413,1
tft_cqr,prices+weather,4,3,synthetic,pinball_mean,297.7957259441157,1
tft_cqr,prices+weather,4,3,synthetic,mape_p50_pct,30.83685357061874,1
tft_cqr,prices+weather,4,3,synthetic,coverage_p10_p90_pct,39.09090909090909,1
tft_cqr,prices+weather,4,3,synthetic,n,110.0,1
tft_cqr,prices+weather,spike_14d,3,synthetic,spike_events,32.0,1
tft_cqr,prices+weather,spike_14d,3,synthetic,spike_recall,0.1875,1
tft_cqr,prices+weather,spike_14d,3,synthetic,spike_precision,0.3333333333333333,1
tft_cqr,prices+weather,spike_14d,3,synthetic,spike_false_alarm_rate,0.18461538461538463,1
tft_cqr,prices+weather,spike_14d,3,synthetic,spike_brier,0.3221867984924169,1
tft_cqr,prices+weather,1,4,synthetic,pinball_p10,64.25864197115689,1
tft_cqr,prices+weather,1,4,synthetic,pinball_p50,154.8995926265532,1
tft_cqr,prices+weather,1,4,synthetic,pinball_p90,125.47236038029746,1
tft_cqr,prices+weather,1,4,synthetic,pinball_mean,114.87686499266918,1
tft_cqr,prices+weather,1,4,synthetic,mape_p50_pct,10.944564943954445,1
tft_cqr,prices+weather,1,4,synthetic,coverage_p10_p90_pct,79.46428571428571,1
tft_cqr,prices+weather,1,4,synthetic,n,112.0,1
tft_cqr,prices+weather,2,4,synthetic,pinball_p10,80.16465598112303,1
tft_cqr,prices+weather,2,4,synthetic,pinball_p50,199.25423099397327,1
tft_cqr,prices+weather,2,4,synthetic,pinball_p90,140.80875047865447,1
tft_cqr,prices+weather,2,4,synthetic,pinball_mean,140.07587915125026,1
tft_cqr,prices+weather,2,4,synthetic,mape_p50_pct,14.149016087912347,1
tft_cqr,prices+weather,2,4,synthetic,coverage_p10_p90_pct,72.32142857142857,1
tft_cqr,prices+weather,2,4,synthetic,n,112.0,1
tft_cqr,prices+weather,3,4,synthetic,pinball_p10,87.47948945378563,1
tft_cqr,prices+weather,3,4,synthetic,pinball_p50,235.16325527713374,1
tft_cqr,prices+weather,3,4,synthetic,pinball_p90,157.1086912144858,1
tft_cqr,prices+weather,3,4,synthetic,pinball_mean,159.91714531513506,1
tft_cqr,prices+weather,3,4,synthetic,mape_p50_pct,16.642869878409712,1
tft_cqr,prices+weather,3,4,synthetic,coverage_p10_p90_pct,75.0,1
tft_cqr,prices+weather,3,4,synthetic,n,112.0,1
tft_cqr,prices+weather,4,4,synthetic,pinball_p10,131.98876393070722,1
tft_cqr,prices+weather,4,4,synthetic,pinball_p50,253.56278691332415,1
tft_cqr,prices+weather,4,4,synthetic,pinball_p90,182.11739239052253,1
tft_cqr,prices+weather,4,4,synthetic,pinball_mean,189.2229810781846,1
tft_cqr,prices+weather,4,4,synthetic,mape_p50_pct,18.33010716815356,1
tft_cqr,prices+weather,4,4,synthetic,coverage_p10_p90_pct,66.07142857142857,1
tft_cqr,prices+weather,4,4,synthetic,n,112.0,1
tft_cqr,prices+weather,spike_14d,4,synthetic,spike_events,29.0,1
tft_cqr,prices+weather,spike_14d,4,synthetic,spike_recall,0.13793103448275862,1
tft_cqr,prices+weather,spike_14d,4,synthetic,spike_precision,1.0,1
tft_cqr,prices+weather,spike_14d,4,synthetic,spike_false_alarm_rate,0.0,1
tft_cqr,prices+weather,spike_14d,4,synthetic,spike_brier,0.20758421069396832,1
tft_cqr,prices+weather,1,5,synthetic,pinball_p10,165.9198712470458,1
tft_cqr,prices+weather,1,5,synthetic,pinball_p50,320.16028670452016,1
tft_cqr,prices+weather,1,5,synthetic,pinball_p90,209.8892487599933,1
tft_cqr,prices+weather,1,5,synthetic,pinball_mean,231.9898022371864,1
tft_cqr,prices+weather,1,5,synthetic,mape_p50_pct,22.35717903830168,1
tft_cqr,prices+weather,1,5,synthetic,coverage_p10_p90_pct,58.92857142857143,1
tft_cqr,prices+weather,1,5,synthetic,n,112.0,1
tft_cqr,prices+weather,2,5,synthetic,pinball_p10,416.17280075726654,1
tft_cqr,prices+weather,2,5,synthetic,pinball_p50,539.5549311684284,1
tft_cqr,prices+weather,2,5,synthetic,pinball_p90,335.9209900131626,1
tft_cqr,prices+weather,2,5,synthetic,pinball_mean,430.54957397961925,1
tft_cqr,prices+weather,2,5,synthetic,mape_p50_pct,39.825732906503674,1
tft_cqr,prices+weather,2,5,synthetic,coverage_p10_p90_pct,52.67857142857143,1
tft_cqr,prices+weather,2,5,synthetic,n,112.0,1
tft_cqr,prices+weather,3,5,synthetic,pinball_p10,663.3531408187149,1
tft_cqr,prices+weather,3,5,synthetic,pinball_p50,716.4380417109751,1
tft_cqr,prices+weather,3,5,synthetic,pinball_p90,426.35434879123346,1
tft_cqr,prices+weather,3,5,synthetic,pinball_mean,602.0485104403078,1
tft_cqr,prices+weather,3,5,synthetic,mape_p50_pct,54.54266922520643,1
tft_cqr,prices+weather,3,5,synthetic,coverage_p10_p90_pct,45.535714285714285,1
tft_cqr,prices+weather,3,5,synthetic,n,112.0,1
tft_cqr,prices+weather,4,5,synthetic,pinball_p10,651.3462916570508,1
tft_cqr,prices+weather,4,5,synthetic,pinball_p50,686.0683406299405,1
tft_cqr,prices+weather,4,5,synthetic,pinball_p90,463.4307367294341,1
tft_cqr,prices+weather,4,5,synthetic,pinball_mean,600.2817896721418,1
tft_cqr,prices+weather,4,5,synthetic,mape_p50_pct,51.026772948761234,1
tft_cqr,prices+weather,4,5,synthetic,coverage_p10_p90_pct,38.392857142857146,1
tft_cqr,prices+weather,4,5,synthetic,n,112.0,1
tft_cqr,prices+weather,spike_14d,5,synthetic,spike_events,25.0,1
tft_cqr,prices+weather,spike_14d,5,synthetic,spike_recall,0.2,1
tft_cqr,prices+weather,spike_14d,5,synthetic,spike_precision,0.14705882352941177,1
tft_cqr,prices+weather,spike_14d,5,synthetic,spike_false_alarm_rate,0.3333333333333333,1
tft_cqr,prices+weather,spike_14d,5,synthetic,spike_brier,0.358114318302514,1
tft_cqr,prices+weather,1,6,synthetic,pinball_p10,110.53521477013742,1
tft_cqr,prices+weather,1,6,synthetic,pinball_p50,298.4254059317374,1
tft_cqr,prices+weather,1,6,synthetic,pinball_p90,223.91663563229835,1
tft_cqr,prices+weather,1,6,synthetic,pinball_mean,210.95908544472437,1
tft_cqr,prices+weather,1,6,synthetic,mape_p50_pct,19.222193381391595,1
tft_cqr,prices+weather,1,6,synthetic,coverage_p10_p90_pct,67.85714285714286,1
tft_cqr,prices+weather,1,6,synthetic,n,112.0,1
tft_cqr,prices+weather,2,6,synthetic,pinball_p10,273.4348113998148,1
tft_cqr,prices+weather,2,6,synthetic,pinball_p50,450.49652441835315,1
tft_cqr,prices+weather,2,6,synthetic,pinball_p90,312.64046223140673,1
tft_cqr,prices+weather,2,6,synthetic,pinball_mean,345.52393268319156,1
tft_cqr,prices+weather,2,6,synthetic,mape_p50_pct,29.36937217316461,1
tft_cqr,prices+weather,2,6,synthetic,coverage_p10_p90_pct,47.32142857142857,1
tft_cqr,prices+weather,2,6,synthetic,n,112.0,1
tft_cqr,prices+weather,3,6,synthetic,pinball_p10,601.3967471321669,1
tft_cqr,prices+weather,3,6,synthetic,pinball_p50,706.9040157428301,1
tft_cqr,prices+weather,3,6,synthetic,pinball_p90,426.5925164441066,1
tft_cqr,prices+weather,3,6,synthetic,pinball_mean,578.2977597730345,1
tft_cqr,prices+weather,3,6,synthetic,mape_p50_pct,47.77715219100471,1
tft_cqr,prices+weather,3,6,synthetic,coverage_p10_p90_pct,43.75,1
tft_cqr,prices+weather,3,6,synthetic,n,112.0,1
tft_cqr,prices+weather,4,6,synthetic,pinball_p10,722.2565036145161,1
tft_cqr,prices+weather,4,6,synthetic,pinball_p50,781.3165963493664,1
tft_cqr,prices+weather,4,6,synthetic,pinball_p90,493.4085512322803,1
tft_cqr,prices+weather,4,6,synthetic,pinball_mean,665.6605503987208,1
tft_cqr,prices+weather,4,6,synthetic,mape_p50_pct,52.673216164541245,1
tft_cqr,prices+weather,4,6,synthetic,coverage_p10_p90_pct,33.035714285714285,1
tft_cqr,prices+weather,4,6,synthetic,n,112.0,1
tft_cqr,prices+weather,spike_14d,6,synthetic,spike_events,24.0,1
tft_cqr,prices+weather,spike_14d,6,synthetic,spike_recall,0.125,1
tft_cqr,prices+weather,spike_14d,6,synthetic,spike_precision,0.08823529411764706,1
tft_cqr,prices+weather,spike_14d,6,synthetic,spike_false_alarm_rate,0.3522727272727273,1
tft_cqr,prices+weather,spike_14d,6,synthetic,spike_brier,0.35868866788572706,1
tft_cqr,prices+weather,1,7,synthetic,pinball_p10,153.29535102286846,1
tft_cqr,prices+weather,1,7,synthetic,pinball_p50,423.94430177380565,1
tft_cqr,prices+weather,1,7,synthetic,pinball_p90,215.82884797002265,1
tft_cqr,prices+weather,1,7,synthetic,pinball_mean,264.35616692223226,1
tft_cqr,prices+weather,1,7,synthetic,mape_p50_pct,18.4762282272432,1
tft_cqr,prices+weather,1,7,synthetic,coverage_p10_p90_pct,75.0,1
tft_cqr,prices+weather,1,7,synthetic,n,112.0,1
tft_cqr,prices+weather,2,7,synthetic,pinball_p10,189.27272842496797,1
tft_cqr,prices+weather,2,7,synthetic,pinball_p50,518.3314403225112,1
tft_cqr,prices+weather,2,7,synthetic,pinball_p90,334.78243985155495,1
tft_cqr,prices+weather,2,7,synthetic,pinball_mean,347.46220286634474,1
tft_cqr,prices+weather,2,7,synthetic,mape_p50_pct,22.403890599905775,1
tft_cqr,prices+weather,2,7,synthetic,coverage_p10_p90_pct,66.07142857142857,1
tft_cqr,prices+weather,2,7,synthetic,n,112.0,1
tft_cqr,prices+weather,3,7,synthetic,pinball_p10,213.20839060527467,1
tft_cqr,prices+weather,3,7,synthetic,pinball_p50,607.7933621344574,1
tft_cqr,prices+weather,3,7,synthetic,pinball_p90,476.229442158626,1
tft_cqr,prices+weather,3,7,synthetic,pinball_mean,432.4103982994527,1
tft_cqr,prices+weather,3,7,synthetic,mape_p50_pct,26.704873668461538,1
tft_cqr,prices+weather,3,7,synthetic,coverage_p10_p90_pct,50.89285714285714,1
tft_cqr,prices+weather,3,7,synthetic,n,112.0,1
tft_cqr,prices+weather,4,7,synthetic,pinball_p10,238.5777749149442,1
tft_cqr,prices+weather,4,7,synthetic,pinball_p50,673.3160830704113,1
tft_cqr,prices+weather,4,7,synthetic,pinball_p90,623.2053711722444,1
tft_cqr,prices+weather,4,7,synthetic,pinball_mean,511.6997430525333,1
tft_cqr,prices+weather,4,7,synthetic,mape_p50_pct,29.63008037336609,1
tft_cqr,prices+weather,4,7,synthetic,coverage_p10_p90_pct,46.42857142857143,1
tft_cqr,prices+weather,4,7,synthetic,n,112.0,1
tft_cqr,prices+weather,spike_14d,7,synthetic,spike_events,35.0,1
tft_cqr,prices+weather,spike_14d,7,synthetic,spike_recall,0.0,1
tft_cqr,prices+weather,spike_14d,7,synthetic,spike_precision,0.0,1
tft_cqr,prices+weather,spike_14d,7,synthetic,spike_false_alarm_rate,0.05194805194805195,1
tft_cqr,prices+weather,spike_14d,7,synthetic,spike_brier,0.3423987286995661,1
tft_cqr,prices+weather,1,8,synthetic,pinball_p10,72.20872573842779,1
tft_cqr,prices+weather,1,8,synthetic,pinball_p50,207.0152348336795,1
tft_cqr,prices+weather,1,8,synthetic,pinball_p90,133.75153750861696,1
tft_cqr,prices+weather,1,8,synthetic,pinball_mean,137.65849936024142,1
tft_cqr,prices+weather,1,8,synthetic,mape_p50_pct,18.821424680848434,1
tft_cqr,prices+weather,1,8,synthetic,coverage_p10_p90_pct,68.75,1
tft_cqr,prices+weather,1,8,synthetic,n,112.0,1
tft_cqr,prices+weather,2,8,synthetic,pinball_p10,103.18370409383806,1
tft_cqr,prices+weather,2,8,synthetic,pinball_p50,255.14816150624878,1
tft_cqr,prices+weather,2,8,synthetic,pinball_p90,165.70469195457977,1
tft_cqr,prices+weather,2,8,synthetic,pinball_mean,174.67885251822221,1
tft_cqr,prices+weather,2,8,synthetic,mape_p50_pct,23.741334530708315,1
tft_cqr,prices+weather,2,8,synthetic,coverage_p10_p90_pct,59.82142857142857,1
tft_cqr,prices+weather,2,8,synthetic,n,112.0,1
tft_cqr,prices+weather,3,8,synthetic,pinball_p10,124.44087712671724,1
tft_cqr,prices+weather,3,8,synthetic,pinball_p50,294.3002343801389,1
tft_cqr,prices+weather,3,8,synthetic,pinball_p90,194.12656067629504,1
tft_cqr,prices+weather,3,8,synthetic,pinball_mean,204.2892240610504,1
tft_cqr,prices+weather,3,8,synthetic,mape_p50_pct,27.750861414913615,1
tft_cqr,prices+weather,3,8,synthetic,coverage_p10_p90_pct,43.75,1
tft_cqr,prices+weather,3,8,synthetic,n,112.0,1
tft_cqr,prices+weather,4,8,synthetic,pinball_p10,196.20712174369925,1
tft_cqr,prices+weather,4,8,synthetic,pinball_p50,364.66696295657226,1
tft_cqr,prices+weather,4,8,synthetic,pinball_p90,242.93565773911092,1
tft_cqr,prices+weather,4,8,synthetic,pinball_mean,267.9365808131275,1
tft_cqr,prices+weather,4,8,synthetic,mape_p50_pct,35.726512347497454,1
tft_cqr,prices+weather,4,8,synthetic,coverage_p10_p90_pct,31.25,1
tft_cqr,prices+weather,4,8,synthetic,n,112.0,1
tft_cqr,prices+weather,spike_14d,8,synthetic,spike_events,27.0,1
tft_cqr,prices+weather,spike_14d,8,synthetic,spike_recall,0.037037037037037035,1
tft_cqr,prices+weather,spike_14d,8,synthetic,spike_precision,0.043478260869565216,1
tft_cqr,prices+weather,spike_14d,8,synthetic,spike_false_alarm_rate,0.25882352941176473,1
tft_cqr,prices+weather,spike_14d,8,synthetic,spike_brier,0.29329383558559474,1
tft_cqr,prices+weather,1,9,synthetic,pinball_p10,83.45257690047013,1
tft_cqr,prices+weather,1,9,synthetic,pinball_p50,225.54639289816416,1
tft_cqr,prices+weather,1,9,synthetic,pinball_p90,168.93067264554134,1
tft_cqr,prices+weather,1,9,synthetic,pinball_mean,159.3098808147252,1
tft_cqr,prices+weather,1,9,synthetic,mape_p50_pct,16.8392682336547,1
tft_cqr,prices+weather,1,9,synthetic,coverage_p10_p90_pct,74.10714285714286,1
tft_cqr,prices+weather,1,9,synthetic,n,112.0,1
tft_cqr,prices+weather,2,9,synthetic,pinball_p10,116.82446794460036,1
tft_cqr,prices+weather,2,9,synthetic,pinball_p50,258.3116988024289,1
tft_cqr,prices+weather,2,9,synthetic,pinball_p90,211.68415213365213,1
tft_cqr,prices+weather,2,9,synthetic,pinball_mean,195.60677296022712,1
tft_cqr,prices+weather,2,9,synthetic,mape_p50_pct,19.12262997979835,1
tft_cqr,prices+weather,2,9,synthetic,coverage_p10_p90_pct,66.07142857142857,1
tft_cqr,prices+weather,2,9,synthetic,n,112.0,1
tft_cqr,prices+weather,3,9,synthetic,pinball_p10,151.8631695342683,1
tft_cqr,prices+weather,3,9,synthetic,pinball_p50,320.2907764419363,1
tft_cqr,prices+weather,3,9,synthetic,pinball_p90,238.25889304188027,1
tft_cqr,prices+weather,3,9,synthetic,pinball_mean,236.80427967269497,1
tft_cqr,prices+weather,3,9,synthetic,mape_p50_pct,24.649368315921087,1
tft_cqr,prices+weather,3,9,synthetic,coverage_p10_p90_pct,56.25,1
tft_cqr,prices+weather,3,9,synthetic,n,112.0,1
tft_cqr,prices+weather,4,9,synthetic,pinball_p10,205.53836576170312,1
tft_cqr,prices+weather,4,9,synthetic,pinball_p50,374.425674901202,1
tft_cqr,prices+weather,4,9,synthetic,pinball_p90,295.36283368112606,1
tft_cqr,prices+weather,4,9,synthetic,pinball_mean,291.7756247813437,1
tft_cqr,prices+weather,4,9,synthetic,mape_p50_pct,29.520305242487872,1
tft_cqr,prices+weather,4,9,synthetic,coverage_p10_p90_pct,41.964285714285715,1
tft_cqr,prices+weather,4,9,synthetic,n,112.0,1
tft_cqr,prices+weather,spike_14d,9,synthetic,spike_events,27.0,1
tft_cqr,prices+weather,spike_14d,9,synthetic,spike_recall,0.18518518518518517,1
tft_cqr,prices+weather,spike_14d,9,synthetic,spike_precision,0.25,1
tft_cqr,prices+weather,spike_14d,9,synthetic,spike_false_alarm_rate,0.17647058823529413,1
tft_cqr,prices+weather,spike_14d,9,synthetic,spike_brier,0.23499024007561498,1
tft_cqr,prices+weather,1,10,synthetic,pinball_p10,93.21557074190231,1
tft_cqr,prices+weather,1,10,synthetic,pinball_p50,216.97771199289943,1
tft_cqr,prices+weather,1,10,synthetic,pinball_p90,123.27687042909214,1
tft_cqr,prices+weather,1,10,synthetic,pinball_mean,144.4900510546313,1
tft_cqr,prices+weather,1,10,synthetic,mape_p50_pct,17.346147816719743,1
tft_cqr,prices+weather,1,10,synthetic,coverage_p10_p90_pct,71.42857142857143,1
tft_cqr,prices+weather,1,10,synthetic,n,112.0,1
tft_cqr,prices+weather,2,10,synthetic,pinball_p10,280.42797269714157,1
tft_cqr,prices+weather,2,10,synthetic,pinball_p50,378.09396811781363,1
tft_cqr,prices+weather,2,10,synthetic,pinball_p90,190.73709760709684,1
tft_cqr,prices+weather,2,10,synthetic,pinball_mean,283.08634614068404,1
tft_cqr,prices+weather,2,10,synthetic,mape_p50_pct,30.654508344341856,1
tft_cqr,prices+weather,2,10,synthetic,coverage_p10_p90_pct,56.25,1
tft_cqr,prices+weather,2,10,synthetic,n,112.0,1
tft_cqr,prices+weather,3,10,synthetic,pinball_p10,462.7479567830893,1
tft_cqr,prices+weather,3,10,synthetic,pinball_p50,500.2201109028147,1
tft_cqr,prices+weather,3,10,synthetic,pinball_p90,248.97526902148476,1
tft_cqr,prices+weather,3,10,synthetic,pinball_mean,403.9811122357963,1
tft_cqr,prices+weather,3,10,synthetic,mape_p50_pct,41.3066862542424,1
tft_cqr,prices+weather,3,10,synthetic,coverage_p10_p90_pct,46.42857142857143,1
tft_cqr,prices+weather,3,10,synthetic,n,112.0,1
tft_cqr,prices+weather,4,10,synthetic,pinball_p10,484.8450869500834,1
tft_cqr,prices+weather,4,10,synthetic,pinball_p50,501.8005963362431,1
tft_cqr,prices+weather,4,10,synthetic,pinball_p90,300.06456199265625,1
tft_cqr,prices+weather,4,10,synthetic,pinball_mean,428.90341509299424,1
tft_cqr,prices+weather,4,10,synthetic,mape_p50_pct,41.23886947917559,1
tft_cqr,prices+weather,4,10,synthetic,coverage_p10_p90_pct,30.357142857142854,1
tft_cqr,prices+weather,4,10,synthetic,n,112.0,1
tft_cqr,prices+weather,spike_14d,10,synthetic,spike_events,19.0,1
tft_cqr,prices+weather,spike_14d,10,synthetic,spike_recall,0.3684210526315789,1
tft_cqr,prices+weather,spike_14d,10,synthetic,spike_precision,0.20588235294117646,1
tft_cqr,prices+weather,spike_14d,10,synthetic,spike_false_alarm_rate,0.2903225806451613,1
tft_cqr,prices+weather,spike_14d,10,synthetic,spike_brier,0.2607510440326447,1
tft_cqr,prices+weather,1,11,synthetic,pinball_p10,114.36108118046107,1
tft_cqr,prices+weather,1,11,synthetic,pinball_p50,255.01613415573942,1
tft_cqr,prices+weather,1,11,synthetic,pinball_p90,175.20377162561348,1
tft_cqr,prices+weather,1,11,synthetic,pinball_mean,181.526995653938,1
tft_cqr,prices+weather,1,11,synthetic,mape_p50_pct,17.070848022010374,1
tft_cqr,prices+weather,1,11,synthetic,coverage_p10_p90_pct,77.67857142857143,1
tft_cqr,prices+weather,1,11,synthetic,n,112.0,1
tft_cqr,prices+weather,2,11,synthetic,pinball_p10,131.45775103765092,1
tft_cqr,prices+weather,2,11,synthetic,pinball_p50,324.69851911901657,1
tft_cqr,prices+weather,2,11,synthetic,pinball_p90,238.00757331946537,1
tft_cqr,prices+weather,2,11,synthetic,pinball_mean,231.3879478253776,1
tft_cqr,prices+weather,2,11,synthetic,mape_p50_pct,21.566996506029096,1
tft_cqr,prices+weather,2,11,synthetic,coverage_p10_p90_pct,64.28571428571429,1
tft_cqr,prices+weather,2,11,synthetic,n,112.0,1
tft_cqr,prices+weather,3,11,synthetic,pinball_p10,153.38458493018157,1
tft_cqr,prices+weather,3,11,synthetic,pinball_p50,379.73714981983915,1
tft_cqr,prices+weather,3,11,synthetic,pinball_p90,266.4943520787777,1
tft_cqr,prices+weather,3,11,synthetic,pinball_mean,266.5386956095995,1
tft_cqr,prices+weather,3,11,synthetic,mape_p50_pct,25.643841425145027,1
tft_cqr,prices+weather,3,11,synthetic,coverage_p10_p90_pct,52.67857142857143,1
tft_cqr,prices+weather,3,11,synthetic,n,112.0,1
tft_cqr,prices+weather,4,11,synthetic,pinball_p10,193.7850967407418,1
tft_cqr,prices+weather,4,11,synthetic,pinball_p50,432.94428002446114,1
tft_cqr,prices+weather,4,11,synthetic,pinball_p90,359.22192484386386,1
tft_cqr,prices+weather,4,11,synthetic,pinball_mean,328.6504338696889,1
tft_cqr,prices+weather,4,11,synthetic,mape_p50_pct,30.000968633183362,1
tft_cqr,prices+weather,4,11,synthetic,coverage_p10_p90_pct,37.5,1
tft_cqr,prices+weather,4,11,synthetic,n,112.0,1
tft_cqr,prices+weather,spike_14d,11,synthetic,spike_events,33.0,1
tft_cqr,prices+weather,spike_14d,11,synthetic,spike_recall,0.48484848484848486,1
tft_cqr,prices+weather,spike_14d,11,synthetic,spike_precision,0.5714285714285714,1
tft_cqr,prices+weather,spike_14d,11,synthetic,spike_false_alarm_rate,0.1518987341772152,1
tft_cqr,prices+weather,spike_14d,11,synthetic,spike_brier,0.21664945597202853,1
tft_cqr,prices+weather,1,12,synthetic,pinball_p10,154.52592748695548,1
tft_cqr,prices+weather,1,12,synthetic,pinball_p50,333.4477156633523,1
tft_cqr,prices+weather,1,12,synthetic,pinball_p90,232.02498916301596,1
tft_cqr,prices+weather,1,12,synthetic,pinball_mean,239.99954410444124,1
tft_cqr,prices+weather,1,12,synthetic,mape_p50_pct,18.33584308805821,1
tft_cqr,prices+weather,1,12,synthetic,coverage_p10_p90_pct,64.28571428571429,1
tft_cqr,prices+weather,1,12,synthetic,n,112.0,1
tft_cqr,prices+weather,2,12,synthetic,pinball_p10,303.76697607101494,1
tft_cqr,prices+weather,2,12,synthetic,pinball_p50,456.4960178765751,1
tft_cqr,prices+weather,2,12,synthetic,pinball_p90,331.4581426572713,1
tft_cqr,prices+weather,2,12,synthetic,pinball_mean,363.9070455349538,1
tft_cqr,prices+weather,2,12,synthetic,mape_p50_pct,26.512187356544686,1
tft_cqr,prices+weather,2,12,synthetic,coverage_p10_p90_pct,63.39285714285714,1
tft_cqr,prices+weather,2,12,synthetic,n,112.0,1
tft_cqr,prices+weather,3,12,synthetic,pinball_p10,486.6431519419162,1
tft_cqr,prices+weather,3,12,synthetic,pinball_p50,646.5058105633636,1
tft_cqr,prices+weather,3,12,synthetic,pinball_p90,470.1120947012119,1
tft_cqr,prices+weather,3,12,synthetic,pinball_mean,534.4203524021639,1
tft_cqr,prices+weather,3,12,synthetic,mape_p50_pct,40.73711603843716,1
tft_cqr,prices+weather,3,12,synthetic,coverage_p10_p90_pct,48.214285714285715,1
tft_cqr,prices+weather,3,12,synthetic,n,112.0,1
tft_cqr,prices+weather,4,12,synthetic,pinball_p10,651.8867914354006,1
tft_cqr,prices+weather,4,12,synthetic,pinball_p50,852.9938928102767,1
tft_cqr,prices+weather,4,12,synthetic,pinball_p90,654.3173806068304,1
tft_cqr,prices+weather,4,12,synthetic,pinball_mean,719.7326882841693,1
tft_cqr,prices+weather,4,12,synthetic,mape_p50_pct,55.596155069706846,1
tft_cqr,prices+weather,4,12,synthetic,coverage_p10_p90_pct,39.285714285714285,1
tft_cqr,prices+weather,4,12,synthetic,n,112.0,1
tft_cqr,prices+weather,spike_14d,12,synthetic,spike_events,26.0,1
tft_cqr,prices+weather,spike_14d,12,synthetic,spike_recall,0.0,1
tft_cqr,prices+weather,spike_14d,12,synthetic,spike_precision,0.0,1
tft_cqr,prices+weather,spike_14d,12,synthetic,spike_false_alarm_rate,0.18604651162790697,1
tft_cqr,prices+weather,spike_14d,12,synthetic,spike_brier,0.3010415782686369,1
tft_cqr,prices+weather,1,13,synthetic,pinball_p10,160.6333203819313,1
tft_cqr,prices+weather,1,13,synthetic,pinball_p50,445.05586057585936,1
tft_cqr,prices+weather,1,13,synthetic,pinball_p90,323.7481292454019,1
tft_cqr,prices+weather,1,13,synthetic,pinball_mean,309.8124367343975,1
tft_cqr,prices+weather,1,13,synthetic,mape_p50_pct,26.2754027794791,1
tft_cqr,prices+weather,1,13,synthetic,coverage_p10_p90_pct,55.35714285714286,1
tft_cqr,prices+weather,1,13,synthetic,n,112.0,1
tft_cqr,prices+weather,2,13,synthetic,pinball_p10,452.38116025633434,1
tft_cqr,prices+weather,2,13,synthetic,pinball_p50,684.1301868110776,1
tft_cqr,prices+weather,2,13,synthetic,pinball_p90,456.17257017187757,1
tft_cqr,prices+weather,2,13,synthetic,pinball_mean,530.8946390797631,1
tft_cqr,prices+weather,2,13,synthetic,mape_p50_pct,43.22237093784156,1
tft_cqr,prices+weather,2,13,synthetic,coverage_p10_p90_pct,41.964285714285715,1
tft_cqr,prices+weather,2,13,synthetic,n,112.0,1
tft_cqr,prices+weather,3,13,synthetic,pinball_p10,630.6408843420967,1
tft_cqr,prices+weather,3,13,synthetic,pinball_p50,830.8112311971317,1
tft_cqr,prices+weather,3,13,synthetic,pinball_p90,492.8472089054136,1
tft_cqr,prices+weather,3,13,synthetic,pinball_mean,651.433108148214,1
tft_cqr,prices+weather,3,13,synthetic,mape_p50_pct,53.16626221670818,1
tft_cqr,prices+weather,3,13,synthetic,coverage_p10_p90_pct,31.25,1
tft_cqr,prices+weather,3,13,synthetic,n,112.0,1
tft_cqr,prices+weather,4,13,synthetic,pinball_p10,850.3446424014081,1
tft_cqr,prices+weather,4,13,synthetic,pinball_p50,968.4132737563335,1
tft_cqr,prices+weather,4,13,synthetic,pinball_p90,580.2115485214748,1
tft_cqr,prices+weather,4,13,synthetic,pinball_mean,799.6564882264055,1
tft_cqr,prices+weather,4,13,synthetic,mape_p50_pct,62.179999069771895,1
tft_cqr,prices+weather,4,13,synthetic,coverage_p10_p90_pct,27.67857142857143,1
tft_cqr,prices+weather,4,13,synthetic,n,112.0,1
tft_cqr,prices+weather,spike_14d,13,synthetic,spike_events,22.0,1
tft_cqr,prices+weather,spike_14d,13,synthetic,spike_recall,0.09090909090909091,1
tft_cqr,prices+weather,spike_14d,13,synthetic,spike_precision,0.0625,1
tft_cqr,prices+weather,spike_14d,13,synthetic,spike_false_alarm_rate,0.3333333333333333,1
tft_cqr,prices+weather,spike_14d,13,synthetic,spike_brier,0.30997412894185816,1
tft_cqr,prices+weather,1,14,synthetic,pinball_p10,91.66370497992897,1
tft_cqr,prices+weather,1,14,synthetic,pinball_p50,175.3265640190256,1
tft_cqr,prices+weather,1,14,synthetic,pinball_p90,99.24159661813965,1
tft_cqr,prices+weather,1,14,synthetic,pinball_mean,122.07728853903139,1
tft_cqr,prices+weather,1,14,synthetic,mape_p50_pct,18.519180611141355,1
tft_cqr,prices+weather,1,14,synthetic,coverage_p10_p90_pct,68.18181818181817,1
tft_cqr,prices+weather,1,14,synthetic,n,110.0,1
tft_cqr,prices+weather,2,14,synthetic,pinball_p10,209.8651454053355,1
tft_cqr,prices+weather,2,14,synthetic,pinball_p50,275.80240902039066,1
tft_cqr,prices+weather,2,14,synthetic,pinball_p90,146.03385235848344,1
tft_cqr,prices+weather,2,14,synthetic,pinball_mean,210.56713559473656,1
tft_cqr,prices+weather,2,14,synthetic,mape_p50_pct,30.414382575785393,1
tft_cqr,prices+weather,2,14,synthetic,coverage_p10_p90_pct,55.45454545454545,1
tft_cqr,prices+weather,2,14,synthetic,n,110.0,1
tft_cqr,prices+weather,3,14,synthetic,pinball_p10,293.0645294609659,1
tft_cqr,prices+weather,3,14,synthetic,pinball_p50,340.8036665094181,1
tft_cqr,prices+weather,3,14,synthetic,pinball_p90,177.563992600472,1
tft_cqr,prices+weather,3,14,synthetic,pinball_mean,270.47739619028533,1
tft_cqr,prices+weather,3,14,synthetic,mape_p50_pct,37.95879528338028,1
tft_cqr,prices+weather,3,14,synthetic,coverage_p10_p90_pct,47.27272727272727,1
tft_cqr,prices+weather,3,14,synthetic,n,110.0,1
tft_cqr,prices+weather,4,14,synthetic,pinball_p10,430.3821953480663,1
tft_cqr,prices+weather,4,14,synthetic,pinball_p50,447.9646752109102,1
tft_cqr,prices+weather,4,14,synthetic,pinball_p90,244.85045961603012,1
tft_cqr,prices+weather,4,14,synthetic,pinball_mean,374.3991100583355,1
tft_cqr,prices+weather,4,14,synthetic,mape_p50_pct,51.14002473189822,1
tft_cqr,prices+weather,4,14,synthetic,coverage_p10_p90_pct,40.0,1
tft_cqr,prices+weather,4,14,synthetic,n,110.0,1
tft_cqr,prices+weather,spike_14d,14,synthetic,spike_events,18.0,1
tft_cqr,prices+weather,spike_14d,14,synthetic,spike_recall,0.0,1
tft_cqr,prices+weather,spike_14d,14,synthetic,spike_precision,0.0,1
tft_cqr,prices+weather,spike_14d,14,synthetic,spike_false_alarm_rate,0.31645569620253167,1
tft_cqr,prices+weather,spike_14d,14,synthetic,spike_brier,0.3392178691064311,1
tft_cqr,prices+weather,1,15,synthetic,pinball_p10,107.3087133590875,1
tft_cqr,prices+weather,1,15,synthetic,pinball_p50,180.00027244370017,1
tft_cqr,prices+weather,1,15,synthetic,pinball_p90,92.83137647080214,1
tft_cqr,prices+weather,1,15,synthetic,pinball_mean,126.7134540911966,1
tft_cqr,prices+weather,1,15,synthetic,mape_p50_pct,15.392672990403389,1
tft_cqr,prices+weather,1,15,synthetic,coverage_p10_p90_pct,76.78571428571429,1
tft_cqr,prices+weather,1,15,synthetic,n,112.0,1
tft_cqr,prices+weather,2,15,synthetic,pinball_p10,162.42942620879143,1
tft_cqr,prices+weather,2,15,synthetic,pinball_p50,232.09332263992988,1
tft_cqr,prices+weather,2,15,synthetic,pinball_p90,128.19891611141884,1
tft_cqr,prices+weather,2,15,synthetic,pinball_mean,174.2405549867134,1
tft_cqr,prices+weather,2,15,synthetic,mape_p50_pct,20.530113832812063,1
tft_cqr,prices+weather,2,15,synthetic,coverage_p10_p90_pct,63.39285714285714,1
tft_cqr,prices+weather,2,15,synthetic,n,112.0,1
tft_cqr,prices+weather,3,15,synthetic,pinball_p10,196.56694724971186,1
tft_cqr,prices+weather,3,15,synthetic,pinball_p50,266.0817461300006,1
tft_cqr,prices+weather,3,15,synthetic,pinball_p90,151.69767032583073,1
tft_cqr,prices+weather,3,15,synthetic,pinball_mean,204.78212123518108,1
tft_cqr,prices+weather,3,15,synthetic,mape_p50_pct,23.949530195571718,1
tft_cqr,prices+weather,3,15,synthetic,coverage_p10_p90_pct,55.35714285714286,1
tft_cqr,prices+weather,3,15,synthetic,n,112.0,1
tft_cqr,prices+weather,4,15,synthetic,pinball_p10,238.5032308212714,1
tft_cqr,prices+weather,4,15,synthetic,pinball_p50,296.1094997492156,1
tft_cqr,prices+weather,4,15,synthetic,pinball_p90,183.50988766879846,1
tft_cqr,prices+weather,4,15,synthetic,pinball_mean,239.37420607976182,1
tft_cqr,prices+weather,4,15,synthetic,mape_p50_pct,27.140086261638448,1
tft_cqr,prices+weather,4,15,synthetic,coverage_p10_p90_pct,46.42857142857143,1
tft_cqr,prices+weather,4,15,synthetic,n,112.0,1
tft_cqr,prices+weather,spike_14d,15,synthetic,spike_events,28.0,1
tft_cqr,prices+weather,spike_14d,15,synthetic,spike_recall,0.21428571428571427,1
tft_cqr,prices+weather,spike_14d,15,synthetic,spike_precision,0.4,1
tft_cqr,prices+weather,spike_14d,15,synthetic,spike_false_alarm_rate,0.10714285714285714,1
tft_cqr,prices+weather,spike_14d,15,synthetic,spike_brier,0.20926924774006078,1
tft_cqr,prices+weather,1,16,synthetic,pinball_p10,144.44814062068477,1
tft_cqr,prices+weather,1,16,synthetic,pinball_p50,190.37047641947726,1
tft_cqr,prices+weather,1,16,synthetic,pinball_p90,115.04149946088619,1
tft_cqr,prices+weather,1,16,synthetic,pinball_mean,149.95337216701608,1
tft_cqr,prices+weather,1,16,synthetic,mape_p50_pct,15.464605245400667,1
tft_cqr,prices+weather,1,16,synthetic,coverage_p10_p90_pct,72.32142857142857,1
tft_cqr,prices+weather,1,16,synthetic,n,112.0,1
tft_cqr,prices+weather,2,16,synthetic,pinball_p10,234.18548127846003,1
tft_cqr,prices+weather,2,16,synthetic,pinball_p50,233.0564674049803,1
tft_cqr,prices+weather,2,16,synthetic,pinball_p90,162.91766756737064,1
tft_cqr,prices+weather,2,16,synthetic,pinball_mean,210.053205416937,1
tft_cqr,prices+weather,2,16,synthetic,mape_p50_pct,19.693941954877552,1
tft_cqr,prices+weather,2,16,synthetic,coverage_p10_p90_pct,64.28571428571429,1
tft_cqr,prices+weather,2,16,synthetic,n,112.0,1
tft_cqr,prices+weather,3,16,synthetic,pinball_p10,346.29760519685016,1
tft_cqr,prices+weather,3,16,synthetic,pinball_p50,324.3577402338377,1
tft_cqr,prices+weather,3,16,synthetic,pinball_p90,199.86237356151088,1
tft_cqr,prices+weather,3,16,synthetic,pinball_mean,290.1725729973996,1
tft_cqr,prices+weather,3,16,synthetic,mape_p50_pct,28.595957439429355,1
tft_cqr,prices+weather,3,16,synthetic,coverage_p10_p90_pct,57.14285714285714,1
tft_cqr,prices+weather,3,16,synthetic,n,112.0,1
tft_cqr,prices+weather,4,16,synthetic,pinball_p10,438.5138352485816,1
tft_cqr,prices+weather,4,16,synthetic,pinball_p50,401.98177885920757,1
tft_cqr,prices+weather,4,16,synthetic,pinball_p90,242.0226539740004,1
tft_cqr,prices+weather,4,16,synthetic,pinball_mean,360.83942269392986,1
tft_cqr,prices+weather,4,16,synthetic,mape_p50_pct,35.92425774584433,1
tft_cqr,prices+weather,4,16,synthetic,coverage_p10_p90_pct,50.0,1
tft_cqr,prices+weather,4,16,synthetic,n,112.0,1
tft_cqr,prices+weather,spike_14d,16,synthetic,spike_events,18.0,1
tft_cqr,prices+weather,spike_14d,16,synthetic,spike_recall,0.05555555555555555,1
tft_cqr,prices+weather,spike_14d,16,synthetic,spike_precision,0.06666666666666667,1
tft_cqr,prices+weather,spike_14d,16,synthetic,spike_false_alarm_rate,0.14893617021276595,1
tft_cqr,prices+weather,spike_14d,16,synthetic,spike_brier,0.23921432322710207,1
tft_cqr,prices+weather,1,17,synthetic,pinball_p10,144.67712162803178,1
tft_cqr,prices+weather,1,17,synthetic,pinball_p50,292.1150602116815,1
tft_cqr,prices+weather,1,17,synthetic,pinball_p90,168.69729130321707,1
tft_cqr,prices+weather,1,17,synthetic,pinball_mean,201.8298243809768,1
tft_cqr,prices+weather,1,17,synthetic,mape_p50_pct,20.135911789882485,1
tft_cqr,prices+weather,1,17,synthetic,coverage_p10_p90_pct,73.21428571428571,1
tft_cqr,prices+weather,1,17,synthetic,n,112.0,1
tft_cqr,prices+weather,2,17,synthetic,pinball_p10,309.9400569905476,1
tft_cqr,prices+weather,2,17,synthetic,pinball_p50,432.9691437684864,1
tft_cqr,prices+weather,2,17,synthetic,pinball_p90,249.446283634516,1
tft_cqr,prices+weather,2,17,synthetic,pinball_mean,330.78516146451665,1
tft_cqr,prices+weather,2,17,synthetic,mape_p50_pct,31.152486293669618,1
tft_cqr,prices+weather,2,17,synthetic,coverage_p10_p90_pct,56.25,1
tft_cqr,prices+weather,2,17,synthetic,n,112.0,1
tft_cqr,prices+weather,3,17,synthetic,pinball_p10,414.3548811949153,1
tft_cqr,prices+weather,3,17,synthetic,pinball_p50,527.1588154796995,1
tft_cqr,prices+weather,3,17,synthetic,pinball_p90,301.7213145052478,1
tft_cqr,prices+weather,3,17,synthetic,pinball_mean,414.4116703932875,1
tft_cqr,prices+weather,3,17,synthetic,mape_p50_pct,38.1503906940841,1
tft_cqr,prices+weather,3,17,synthetic,coverage_p10_p90_pct,42.857142857142854,1
tft_cqr,prices+weather,3,17,synthetic,n,112.0,1
tft_cqr,prices+weather,4,17,synthetic,pinball_p10,466.6807315554375,1
tft_cqr,prices+weather,4,17,synthetic,pinball_p50,557.9285064617405,1
tft_cqr,prices+weather,4,17,synthetic,pinball_p90,353.3409630497682,1
tft_cqr,prices+weather,4,17,synthetic,pinball_mean,459.3167336889821,1
tft_cqr,prices+weather,4,17,synthetic,mape_p50_pct,40.3343655468324,1
tft_cqr,prices+weather,4,17,synthetic,coverage_p10_p90_pct,34.82142857142857,1
tft_cqr,prices+weather,4,17,synthetic,n,112.0,1
tft_cqr,prices+weather,spike_14d,17,synthetic,spike_events,31.0,1
tft_cqr,prices+weather,spike_14d,17,synthetic,spike_recall,0.25806451612903225,1
tft_cqr,prices+weather,spike_14d,17,synthetic,spike_precision,0.2962962962962963,1
tft_cqr,prices+weather,spike_14d,17,synthetic,spike_false_alarm_rate,0.2345679012345679,1
tft_cqr,prices+weather,spike_14d,17,synthetic,spike_brier,0.274404525957248,1
tft_cqr,prices+weather,1,18,synthetic,pinball_p10,135.06675042134194,1
tft_cqr,prices+weather,1,18,synthetic,pinball_p50,223.2860014344988,1
tft_cqr,prices+weather,1,18,synthetic,pinball_p90,124.39005691390325,1
tft_cqr,prices+weather,1,18,synthetic,pinball_mean,160.91426958991465,1
tft_cqr,prices+weather,1,18,synthetic,mape_p50_pct,15.282835459942051,1
tft_cqr,prices+weather,1,18,synthetic,coverage_p10_p90_pct,78.57142857142857,1
tft_cqr,prices+weather,1,18,synthetic,n,112.0,1
tft_cqr,prices+weather,2,18,synthetic,pinball_p10,190.91088563845537,1
tft_cqr,prices+weather,2,18,synthetic,pinball_p50,264.1091463424121,1
tft_cqr,prices+weather,2,18,synthetic,pinball_p90,161.22019705430054,1
tft_cqr,prices+weather,2,18,synthetic,pinball_mean,205.41340967838934,1
tft_cqr,prices+weather,2,18,synthetic,mape_p50_pct,18.838966964857715,1
tft_cqr,prices+weather,2,18,synthetic,coverage_p10_p90_pct,68.75,1
tft_cqr,prices+weather,2,18,synthetic,n,112.0,1
tft_cqr,prices+weather,3,18,synthetic,pinball_p10,287.8279942733862,1
tft_cqr,prices+weather,3,18,synthetic,pinball_p50,341.2673439650481,1
tft_cqr,prices+weather,3,18,synthetic,pinball_p90,189.7233425174236,1
tft_cqr,prices+weather,3,18,synthetic,pinball_mean,272.9395602519526,1
tft_cqr,prices+weather,3,18,synthetic,mape_p50_pct,25.21084577443168,1
tft_cqr,prices+weather,3,18,synthetic,coverage_p10_p90_pct,53.57142857142857,1
tft_cqr,prices+weather,3,18,synthetic,n,112.0,1
tft_cqr,prices+weather,4,18,synthetic,pinball_p10,365.09117944687233,1
tft_cqr,prices+weather,4,18,synthetic,pinball_p50,398.1666057445335,1
tft_cqr,prices+weather,4,18,synthetic,pinball_p90,232.327179101135,1
tft_cqr,prices+weather,4,18,synthetic,pinball_mean,331.8616547641803,1
tft_cqr,prices+weather,4,18,synthetic,mape_p50_pct,29.524673739028216,1
tft_cqr,prices+weather,4,18,synthetic,coverage_p10_p90_pct,39.285714285714285,1
tft_cqr,prices+weather,4,18,synthetic,n,112.0,1
tft_cqr,prices+weather,spike_14d,18,synthetic,spike_events,23.0,1
tft_cqr,prices+weather,spike_14d,18,synthetic,spike_recall,0.30434782608695654,1
tft_cqr,prices+weather,spike_14d,18,synthetic,spike_precision,0.5,1
tft_cqr,prices+weather,spike_14d,18,synthetic,spike_false_alarm_rate,0.07865168539325842,1
tft_cqr,prices+weather,spike_14d,18,synthetic,spike_brier,0.15157131931370585,1
seasonal_naive,prices+weather,1,ALL,synthetic,pinball_p10,113.62181045136758,2
seasonal_naive,prices+weather,1,ALL,synthetic,pinball_p50,338.49845515185376,2
seasonal_naive,prices+weather,1,ALL,synthetic,pinball_p90,197.94328899472475,2
seasonal_naive,prices+weather,1,ALL,synthetic,pinball_mean,216.6878515326487,2
seasonal_naive,prices+weather,1,ALL,synthetic,mape_p50_pct,23.239191139046813,2
seasonal_naive,prices+weather,1,ALL,synthetic,coverage_p10_p90_pct,85.70009930486594,2
seasonal_naive,prices+weather,1,ALL,synthetic,n,2014.0,2
seasonal_naive,prices+weather,2,ALL,synthetic,pinball_p10,155.91909309812607,2
seasonal_naive,prices+weather,2,ALL,synthetic,pinball_p50,471.33107419346857,2
seasonal_naive,prices+weather,2,ALL,synthetic,pinball_p90,306.69128126306913,2
seasonal_naive,prices+weather,2,ALL,synthetic,pinball_mean,311.3138161848879,2
seasonal_naive,prices+weather,2,ALL,synthetic,mape_p50_pct,29.92171932471606,2
seasonal_naive,prices+weather,2,ALL,synthetic,coverage_p10_p90_pct,89.1261171797418,2
seasonal_naive,prices+weather,2,ALL,synthetic,n,2014.0,2
seasonal_naive,prices+weather,3,ALL,synthetic,pinball_p10,182.61335817299238,2
seasonal_naive,prices+weather,3,ALL,synthetic,pinball_p50,597.3016435309083,2
seasonal_naive,prices+weather,3,ALL,synthetic,pinball_p90,371.2038870188923,2
seasonal_naive,prices+weather,3,ALL,synthetic,pinball_mean,383.70629624093107,2
seasonal_naive,prices+weather,3,ALL,synthetic,mape_p50_pct,35.6941987440704,2
seasonal_naive,prices+weather,3,ALL,synthetic,coverage_p10_p90_pct,88.82820258192652,2
seasonal_naive,prices+weather,3,ALL,synthetic,n,2014.0,2
seasonal_naive,prices+weather,4,ALL,synthetic,pinball_p10,208.1475771442982,2
seasonal_naive,prices+weather,4,ALL,synthetic,pinball_p50,708.58009601315,2
seasonal_naive,prices+weather,4,ALL,synthetic,pinball_p90,431.9985771235724,2
seasonal_naive,prices+weather,4,ALL,synthetic,pinball_mean,449.5754167603402,2
seasonal_naive,prices+weather,4,ALL,synthetic,mape_p50_pct,39.641567753277826,2
seasonal_naive,prices+weather,4,ALL,synthetic,coverage_p10_p90_pct,85.40218470705064,2
seasonal_naive,prices+weather,4,ALL,synthetic,n,2014.0,2
seasonal_naive,prices+weather,spike_14d,ALL,synthetic,spike_events,519.0,2
seasonal_naive,prices+weather,spike_14d,ALL,synthetic,spike_recall,0.0,2
seasonal_naive,prices+weather,spike_14d,ALL,synthetic,spike_precision,,2
seasonal_naive,prices+weather,spike_14d,ALL,synthetic,spike_false_alarm_rate,0.0,2
seasonal_naive,prices+weather,spike_14d,ALL,synthetic,spike_brier,0.19525191461875752,2
seasonal_naive,prices+weather,1,1,synthetic,pinball_p10,81.37185621582954,2
seasonal_naive,prices+weather,1,1,synthetic,pinball_p50,264.4722159548666,2
seasonal_naive,prices+weather,1,1,synthetic,pinball_p90,166.17975704184508,2
seasonal_naive,prices+weather,1,1,synthetic,pinball_mean,170.67460973751375,2
seasonal_naive,prices+weather,1,1,synthetic,mape_p50_pct,26.243608902167047,2
seasonal_naive,prices+weather,1,1,synthetic,coverage_p10_p90_pct,77.67857142857143,2
seasonal_naive,prices+weather,1,1,synthetic,n,112.0,2
seasonal_naive,prices+weather,2,1,synthetic,pinball_p10,112.10420462489928,2
seasonal_naive,prices+weather,2,1,synthetic,pinball_p50,377.0010724987943,2
seasonal_naive,prices+weather,2,1,synthetic,pinball_p90,223.36588966193955,2
seasonal_naive,prices+weather,2,1,synthetic,pinball_mean,237.49038892854438,2
seasonal_naive,prices+weather,2,1,synthetic,mape_p50_pct,34.69867414987618,2
seasonal_naive,prices+weather,2,1,synthetic,coverage_p10_p90_pct,85.71428571428571,2
seasonal_naive,prices+weather,2,1,synthetic,n,112.0,2
seasonal_naive,prices+weather,3,1,synthetic,pinball_p10,122.2122493172477,2
seasonal_naive,prices+weather,3,1,synthetic,pinball_p50,498.7213033704775,2
seasonal_naive,prices+weather,3,1,synthetic,pinball_p90,283.69375376139277,2
seasonal_naive,prices+weather,3,1,synthetic,pinball_mean,301.5424354830393,2
seasonal_naive,prices+weather,3,1,synthetic,mape_p50_pct,44.066849968579824,2
seasonal_naive,prices+weather,3,1,synthetic,coverage_p10_p90_pct,85.71428571428571,2
seasonal_naive,prices+weather,3,1,synthetic,n,112.0,2
seasonal_naive,prices+weather,4,1,synthetic,pinball_p10,145.50523909670613,2
seasonal_naive,prices+weather,4,1,synthetic,pinball_p50,623.7993271381991,2
seasonal_naive,prices+weather,4,1,synthetic,pinball_p90,353.1849809162383,2
seasonal_naive,prices+weather,4,1,synthetic,pinball_mean,374.1631823837145,2
seasonal_naive,prices+weather,4,1,synthetic,mape_p50_pct,51.79501730236661,2
seasonal_naive,prices+weather,4,1,synthetic,coverage_p10_p90_pct,74.10714285714286,2
seasonal_naive,prices+weather,4,1,synthetic,n,112.0,2
seasonal_naive,prices+weather,spike_14d,1,synthetic,spike_events,15.0,2
seasonal_naive,prices+weather,spike_14d,1,synthetic,spike_recall,0.0,2
seasonal_naive,prices+weather,spike_14d,1,synthetic,spike_precision,,2
seasonal_naive,prices+weather,spike_14d,1,synthetic,spike_false_alarm_rate,0.0,2
seasonal_naive,prices+weather,spike_14d,1,synthetic,spike_brier,0.1471211477715748,2
seasonal_naive,prices+weather,1,2,synthetic,pinball_p10,103.28359017328418,2
seasonal_naive,prices+weather,1,2,synthetic,pinball_p50,245.43932308076188,2
seasonal_naive,prices+weather,1,2,synthetic,pinball_p90,153.1975992549037,2
seasonal_naive,prices+weather,1,2,synthetic,pinball_mean,167.30683750298326,2
seasonal_naive,prices+weather,1,2,synthetic,mape_p50_pct,21.295487693514154,2
seasonal_naive,prices+weather,1,2,synthetic,coverage_p10_p90_pct,83.92857142857143,2
seasonal_naive,prices+weather,1,2,synthetic,n,112.0,2
seasonal_naive,prices+weather,2,2,synthetic,pinball_p10,115.41999257387758,2
seasonal_naive,prices+weather,2,2,synthetic,pinball_p50,343.68041680646303,2
seasonal_naive,prices+weather,2,2,synthetic,pinball_p90,223.16069725380092,2
seasonal_naive,prices+weather,2,2,synthetic,pinball_mean,227.42036887804716,2
seasonal_naive,prices+weather,2,2,synthetic,mape_p50_pct,27.575781801595063,2
seasonal_naive,prices+weather,2,2,synthetic,coverage_p10_p90_pct,89.28571428571429,2
seasonal_naive,prices+weather,2,2,synthetic,n,112.0,2
seasonal_naive,prices+weather,3,2,synthetic,pinball_p10,142.4940055246462,2
seasonal_naive,prices+weather,3,2,synthetic,pinball_p50,388.43263488968466,2
seasonal_naive,prices+weather,3,2,synthetic,pinball_p90,231.9834609158667,2
seasonal_naive,prices+weather,3,2,synthetic,pinball_mean,254.30336711006586,2
seasonal_naive,prices+weather,3,2,synthetic,mape_p50_pct,29.43123554790287,2
seasonal_naive,prices+weather,3,2,synthetic,coverage_p10_p90_pct,90.17857142857143,2
seasonal_naive,prices+weather,3,2,synthetic,n,112.0,2
seasonal_naive,prices+weather,4,2,synthetic,pinball_p10,164.64304394187985,2
seasonal_naive,prices+weather,4,2,synthetic,pinball_p50,470.61137379535336,2
seasonal_naive,prices+weather,4,2,synthetic,pinball_p90,213.88389901024212,2
seasonal_naive,prices+weather,4,2,synthetic,pinball_mean,283.04610558249175,2
seasonal_naive,prices+weather,4,2,synthetic,mape_p50_pct,33.118453054721314,2
seasonal_naive,prices+weather,4,2,synthetic,coverage_p10_p90_pct,93.75,2
seasonal_naive,prices+weather,4,2,synthetic,n,112.0,2
seasonal_naive,prices+weather,spike_14d,2,synthetic,spike_events,43.0,2
seasonal_naive,prices+weather,spike_14d,2,synthetic,spike_recall,0.0,2
seasonal_naive,prices+weather,spike_14d,2,synthetic,spike_precision,,2
seasonal_naive,prices+weather,spike_14d,2,synthetic,spike_false_alarm_rate,0.0,2
seasonal_naive,prices+weather,spike_14d,2,synthetic,spike_brier,0.24316607649297037,2
seasonal_naive,prices+weather,1,3,synthetic,pinball_p10,94.64996702824916,2
seasonal_naive,prices+weather,1,3,synthetic,pinball_p50,241.54765194269314,2
seasonal_naive,prices+weather,1,3,synthetic,pinball_p90,162.39213407962907,2
seasonal_naive,prices+weather,1,3,synthetic,pinball_mean,166.19658435019048,2
seasonal_naive,prices+weather,1,3,synthetic,mape_p50_pct,17.537007370976017,2
seasonal_naive,prices+weather,1,3,synthetic,coverage_p10_p90_pct,97.32142857142857,2
seasonal_naive,prices+weather,1,3,synthetic,n,112.0,2
seasonal_naive,prices+weather,2,3,synthetic,pinball_p10,135.56034901005506,2
seasonal_naive,prices+weather,2,3,synthetic,pinball_p50,317.5239929610811,2
seasonal_naive,prices+weather,2,3,synthetic,pinball_p90,259.29466792567274,2
seasonal_naive,prices+weather,2,3,synthetic,pinball_mean,237.45966996560296,2
seasonal_naive,prices+weather,2,3,synthetic,mape_p50_pct,19.97123174779095,2
seasonal_naive,prices+weather,2,3,synthetic,coverage_p10_p90_pct,99.10714285714286,2
seasonal_naive,prices+weather,2,3,synthetic,n,112.0,2
seasonal_naive,prices+weather,3,3,synthetic,pinball_p10,165.5855521692899,2
seasonal_naive,prices+weather,3,3,synthetic,pinball_p50,418.59093214380147,2
seasonal_naive,prices+weather,3,3,synthetic,pinball_p90,299.0526202303966,2
seasonal_naive,prices+weather,3,3,synthetic,pinball_mean,294.40970151449596,2
seasonal_naive,prices+weather,3,3,synthetic,mape_p50_pct,26.065917485441865,2
seasonal_naive,prices+weather,3,3,synthetic,coverage_p10_p90_pct,99.10714285714286,2
seasonal_naive,prices+weather,3,3,synthetic,n,112.0,2
seasonal_naive,prices+weather,4,3,synthetic,pinball_p10,187.9384341834616,2
seasonal_naive,prices+weather,4,3,synthetic,pinball_p50,522.3755544140431,2
seasonal_naive,prices+weather,4,3,synthetic,pinball_p90,317.49084609831476,2
seasonal_naive,prices+weather,4,3,synthetic,pinball_mean,342.6016115652731,2
seasonal_naive,prices+weather,4,3,synthetic,mape_p50_pct,30.436992273378582,2
seasonal_naive,prices+weather,4,3,synthetic,coverage_p10_p90_pct,99.10714285714286,2
seasonal_naive,prices+weather,4,3,synthetic,n,112.0,2
seasonal_naive,prices+weather,spike_14d,3,synthetic,spike_events,27.0,2
seasonal_naive,prices+weather,spike_14d,3,synthetic,spike_recall,0.0,2
seasonal_naive,prices+weather,spike_14d,3,synthetic,spike_precision,,2
seasonal_naive,prices+weather,spike_14d,3,synthetic,spike_false_alarm_rate,0.0,2
seasonal_naive,prices+weather,spike_14d,3,synthetic,spike_brier,0.18805185807305555,2
seasonal_naive,prices+weather,1,4,synthetic,pinball_p10,110.53073282999415,2
seasonal_naive,prices+weather,1,4,synthetic,pinball_p50,327.8626436189842,2
seasonal_naive,prices+weather,1,4,synthetic,pinball_p90,194.319977029035,2
seasonal_naive,prices+weather,1,4,synthetic,pinball_mean,210.90445115933775,2
seasonal_naive,prices+weather,1,4,synthetic,mape_p50_pct,20.97421895500487,2
seasonal_naive,prices+weather,1,4,synthetic,coverage_p10_p90_pct,91.07142857142857,2
seasonal_naive,prices+weather,1,4,synthetic,n,112.0,2
seasonal_naive,prices+weather,2,4,synthetic,pinball_p10,145.89843350389802,2
seasonal_naive,prices+weather,2,4,synthetic,pinball_p50,483.1655201372299,2
seasonal_naive,prices+weather,2,4,synthetic,pinball_p90,335.6331719008034,2
seasonal_naive,prices+weather,2,4,synthetic,pinball_mean,321.5657085139771,2
seasonal_naive,prices+weather,2,4,synthetic,mape_p50_pct,28.556412835820655,2
seasonal_naive,prices+weather,2,4,synthetic,coverage_p10_p90_pct,91.07142857142857,2
seasonal_naive,prices+weather,2,4,synthetic,n,112.0,2
seasonal_naive,prices+weather,3,4,synthetic,pinball_p10,184.86405679202184,2
seasonal_naive,prices+weather,3,4,synthetic,pinball_p50,639.0385364940448,2
seasonal_naive,prices+weather,3,4,synthetic,pinball_p90,394.5373606311423,2
seasonal_naive,prices+weather,3,4,synthetic,pinball_mean,406.1466513057364,2
seasonal_naive,prices+weather,3,4,synthetic,mape_p50_pct,36.381355903799125,2
seasonal_naive,prices+weather,3,4,synthetic,coverage_p10_p90_pct,91.07142857142857,2
seasonal_naive,prices+weather,3,4,synthetic,n,112.0,2
seasonal_naive,prices+weather,4,4,synthetic,pinball_p10,199.07089820811066,2
seasonal_naive,prices+weather,4,4,synthetic,pinball_p50,754.8656228970385,2
seasonal_naive,prices+weather,4,4,synthetic,pinball_p90,466.43682997341847,2
seasonal_naive,prices+weather,4,4,synthetic,pinball_mean,473.45778369285586,2
seasonal_naive,prices+weather,4,4,synthetic,mape_p50_pct,40.60361097432798,2
seasonal_naive,prices+weather,4,4,synthetic,coverage_p10_p90_pct,90.17857142857143,2
seasonal_naive,prices+weather,4,4,synthetic,n,112.0,2
seasonal_naive,prices+weather,spike_14d,4,synthetic,spike_events,15.0,2
seasonal_naive,prices+weather,spike_14d,4,synthetic,spike_recall,0.0,2
seasonal_naive,prices+weather,spike_14d,4,synthetic,spike_precision,,2
seasonal_naive,prices+weather,spike_14d,4,synthetic,spike_false_alarm_rate,0.0,2
seasonal_naive,prices+weather,spike_14d,4,synthetic,spike_brier,0.14676760642791065,2
seasonal_naive,prices+weather,1,5,synthetic,pinball_p10,112.72128235287593,2
seasonal_naive,prices+weather,1,5,synthetic,pinball_p50,340.25009713286954,2
seasonal_naive,prices+weather,1,5,synthetic,pinball_p90,213.83881753308623,2
seasonal_naive,prices+weather,1,5,synthetic,pinball_mean,222.27006567294393,2
seasonal_naive,prices+weather,1,5,synthetic,mape_p50_pct,20.774530367055114,2
seasonal_naive,prices+weather,1,5,synthetic,coverage_p10_p90_pct,85.71428571428571,2
seasonal_naive,prices+weather,1,5,synthetic,n,112.0,2
seasonal_naive,prices+weather,2,5,synthetic,pinball_p10,154.37204450579085,2
seasonal_naive,prices+weather,2,5,synthetic,pinball_p50,559.7876548501142,2
seasonal_naive,prices+weather,2,5,synthetic,pinball_p90,317.9577674504375,2
seasonal_naive,prices+weather,2,5,synthetic,pinball_mean,344.03915560211425,2
seasonal_naive,prices+weather,2,5,synthetic,mape_p50_pct,31.430342906854946,2
seasonal_naive,prices+weather,2,5,synthetic,coverage_p10_p90_pct,91.07142857142857,2
seasonal_naive,prices+weather,2,5,synthetic,n,112.0,2
seasonal_naive,prices+weather,3,5,synthetic,pinball_p10,191.9114466409058,2
seasonal_naive,prices+weather,3,5,synthetic,pinball_p50,757.6461482754621,2
seasonal_naive,prices+weather,3,5,synthetic,pinball_p90,396.20787799933635,2
seasonal_naive,prices+weather,3,5,synthetic,pinball_mean,448.5884909719014,2
seasonal_naive,prices+weather,3,5,synthetic,mape_p50_pct,42.347943551332115,2
seasonal_naive,prices+weather,3,5,synthetic,coverage_p10_p90_pct,88.39285714285714,2
seasonal_naive,prices+weather,3,5,synthetic,n,112.0,2
seasonal_naive,prices+weather,4,5,synthetic,pinball_p10,213.0526075778435,2
seasonal_naive,prices+weather,4,5,synthetic,pinball_p50,876.8091781664696,2
seasonal_naive,prices+weather,4,5,synthetic,pinball_p90,520.2830979462507,2
seasonal_naive,prices+weather,4,5,synthetic,pinball_mean,536.7149612301879,2
seasonal_naive,prices+weather,4,5,synthetic,mape_p50_pct,45.93387012417885,2
seasonal_naive,prices+weather,4,5,synthetic,coverage_p10_p90_pct,83.92857142857143,2
seasonal_naive,prices+weather,4,5,synthetic,n,112.0,2
seasonal_naive,prices+weather,spike_14d,5,synthetic,spike_events,44.0,2
seasonal_naive,prices+weather,spike_14d,5,synthetic,spike_recall,0.0,2
seasonal_naive,prices+weather,spike_14d,5,synthetic,spike_precision,,2
seasonal_naive,prices+weather,spike_14d,5,synthetic,spike_false_alarm_rate,0.0,2
seasonal_naive,prices+weather,spike_14d,5,synthetic,spike_brier,0.24722826945137483,2
seasonal_naive,prices+weather,1,6,synthetic,pinball_p10,124.23531311934741,2
seasonal_naive,prices+weather,1,6,synthetic,pinball_p50,407.17495671111067,2
seasonal_naive,prices+weather,1,6,synthetic,pinball_p90,221.49878113669834,2
seasonal_naive,prices+weather,1,6,synthetic,pinball_mean,250.9696836557188,2
seasonal_naive,prices+weather,1,6,synthetic,mape_p50_pct,24.437449561800747,2
seasonal_naive,prices+weather,1,6,synthetic,coverage_p10_p90_pct,85.71428571428571,2
seasonal_naive,prices+weather,1,6,synthetic,n,112.0,2
seasonal_naive,prices+weather,2,6,synthetic,pinball_p10,179.67768533555113,2
seasonal_naive,prices+weather,2,6,synthetic,pinball_p50,528.7242483506424,2
seasonal_naive,prices+weather,2,6,synthetic,pinball_p90,328.8408594162512,2
seasonal_naive,prices+weather,2,6,synthetic,pinball_mean,345.7475977008149,2
seasonal_naive,prices+weather,2,6,synthetic,mape_p50_pct,28.79163833157562,2
seasonal_naive,prices+weather,2,6,synthetic,coverage_p10_p90_pct,91.07142857142857,2
seasonal_naive,prices+weather,2,6,synthetic,n,112.0,2
seasonal_naive,prices+weather,3,6,synthetic,pinball_p10,208.00827955113556,2
seasonal_naive,prices+weather,3,6,synthetic,pinball_p50,559.2720891450391,2
seasonal_naive,prices+weather,3,6,synthetic,pinball_p90,353.5624452721687,2
seasonal_naive,prices+weather,3,6,synthetic,pinball_mean,373.6142713227811,2
seasonal_naive,prices+weather,3,6,synthetic,mape_p50_pct,28.239812825268228,2
seasonal_naive,prices+weather,3,6,synthetic,coverage_p10_p90_pct,96.42857142857143,2
seasonal_naive,prices+weather,3,6,synthetic,n,112.0,2
seasonal_naive,prices+weather,4,6,synthetic,pinball_p10,239.1757026488467,2
seasonal_naive,prices+weather,4,6,synthetic,pinball_p50,695.8581417831358,2
seasonal_naive,prices+weather,4,6,synthetic,pinball_p90,390.549230702805,2
seasonal_naive,prices+weather,4,6,synthetic,pinball_mean,441.8610250449292,2
seasonal_naive,prices+weather,4,6,synthetic,mape_p50_pct,32.887307647782826,2
seasonal_naive,prices+weather,4,6,synthetic,coverage_p10_p90_pct,94.64285714285714,2
seasonal_naive,prices+weather,4,6,synthetic,n,112.0,2
seasonal_naive,prices+weather,spike_14d,6,synthetic,spike_events,24.0,2
seasonal_naive,prices+weather,spike_14d,6,synthetic,spike_recall,0.0,2
seasonal_naive,prices+weather,spike_14d,6,synthetic,spike_precision,,2
seasonal_naive,prices+weather,spike_14d,6,synthetic,spike_false_alarm_rate,0.0,2
seasonal_naive,prices+weather,spike_14d,6,synthetic,spike_brier,0.17757304864537446,2
seasonal_naive,prices+weather,1,7,synthetic,pinball_p10,172.73305329242274,2
seasonal_naive,prices+weather,1,7,synthetic,pinball_p50,429.8654228131471,2
seasonal_naive,prices+weather,1,7,synthetic,pinball_p90,236.320360511685,2
seasonal_naive,prices+weather,1,7,synthetic,pinball_mean,279.6396122057516,2
seasonal_naive,prices+weather,1,7,synthetic,mape_p50_pct,21.88217148525351,2
seasonal_naive,prices+weather,1,7,synthetic,coverage_p10_p90_pct,90.0,2
seasonal_naive,prices+weather,1,7,synthetic,n,110.0,2
seasonal_naive,prices+weather,2,7,synthetic,pinball_p10,210.06910991553244,2
seasonal_naive,prices+weather,2,7,synthetic,pinball_p50,707.3853056217195,2
seasonal_naive,prices+weather,2,7,synthetic,pinball_p90,444.0935501113256,2
seasonal_naive,prices+weather,2,7,synthetic,pinball_mean,453.84932188285916,2
seasonal_naive,prices+weather,2,7,synthetic,mape_p50_pct,32.234833794557346,2
seasonal_naive,prices+weather,2,7,synthetic,coverage_p10_p90_pct,90.9090909090909,2
seasonal_naive,prices+weather,2,7,synthetic,n,110.0,2
seasonal_naive,prices+weather,3,7,synthetic,pinball_p10,239.6348821076948,2
seasonal_naive,prices+weather,3,7,synthetic,pinball_p50,810.7940318040352,2
seasonal_naive,prices+weather,3,7,synthetic,pinball_p90,513.5511095942715,2
seasonal_naive,prices+weather,3,7,synthetic,pinball_mean,521.3266745020005,2
seasonal_naive,prices+weather,3,7,synthetic,mape_p50_pct,33.06371663370226,2
seasonal_naive,prices+weather,3,7,synthetic,coverage_p10_p90_pct,90.0,2
seasonal_naive,prices+weather,3,7,synthetic,n,110.0,2
seasonal_naive,prices+weather,4,7,synthetic,pinball_p10,282.56310365161556,2
seasonal_naive,prices+weather,4,7,synthetic,pinball_p50,880.2287958226941,2
seasonal_naive,prices+weather,4,7,synthetic,pinball_p90,545.2614304847522,2
seasonal_naive,prices+weather,4,7,synthetic,pinball_mean,569.351109986354,2
seasonal_naive,prices+weather,4,7,synthetic,mape_p50_pct,31.828189974353872,2
seasonal_naive,prices+weather,4,7,synthetic,coverage_p10_p90_pct,83.63636363636363,2
seasonal_naive,prices+weather,4,7,synthetic,n,110.0,2
seasonal_naive,prices+weather,spike_14d,7,synthetic,spike_events,29.0,2
seasonal_naive,prices+weather,spike_14d,7,synthetic,spike_recall,0.0,2
seasonal_naive,prices+weather,spike_14d,7,synthetic,spike_precision,,2
seasonal_naive,prices+weather,spike_14d,7,synthetic,spike_false_alarm_rate,0.0,2
seasonal_naive,prices+weather,spike_14d,7,synthetic,spike_brier,0.2108437264144104,2
seasonal_naive,prices+weather,1,8,synthetic,pinball_p10,82.52380035790826,2
seasonal_naive,prices+weather,1,8,synthetic,pinball_p50,234.97617083129177,2
seasonal_naive,prices+weather,1,8,synthetic,pinball_p90,136.96776818444192,2
seasonal_naive,prices+weather,1,8,synthetic,pinball_mean,151.48924645788065,2
seasonal_naive,prices+weather,1,8,synthetic,mape_p50_pct,20.31750098627446,2
seasonal_naive,prices+weather,1,8,synthetic,coverage_p10_p90_pct,90.17857142857143,2
seasonal_naive,prices+weather,1,8,synthetic,n,112.0,2
seasonal_naive,prices+weather,2,8,synthetic,pinball_p10,118.48700090769591,2
seasonal_naive,prices+weather,2,8,synthetic,pinball_p50,325.38173269847033,2
seasonal_naive,prices+weather,2,8,synthetic,pinball_p90,221.6593461447094,2
seasonal_naive,prices+weather,2,8,synthetic,pinball_mean,221.84269325029186,2
seasonal_naive,prices+weather,2,8,synthetic,mape_p50_pct,24.53999183003692,2
seasonal_naive,prices+weather,2,8,synthetic,coverage_p10_p90_pct,90.17857142857143,2
seasonal_naive,prices+weather,2,8,synthetic,n,112.0,2
seasonal_naive,prices+weather,3,8,synthetic,pinball_p10,145.12269282303737,2
seasonal_naive,prices+weather,3,8,synthetic,pinball_p50,423.3916872300082,2
seasonal_naive,prices+weather,3,8,synthetic,pinball_p90,252.29220941401718,2
seasonal_naive,prices+weather,3,8,synthetic,pinball_mean,273.6021964890209,2
seasonal_naive,prices+weather,3,8,synthetic,mape_p50_pct,29.055537656863272,2
seasonal_naive,prices+weather,3,8,synthetic,coverage_p10_p90_pct,93.75,2
seasonal_naive,prices+weather,3,8,synthetic,n,112.0,2
seasonal_naive,prices+weather,4,8,synthetic,pinball_p10,164.02282714838182,2
seasonal_naive,prices+weather,4,8,synthetic,pinball_p50,459.5855223367923,2
seasonal_naive,prices+weather,4,8,synthetic,pinball_p90,314.3673890822796,2
seasonal_naive,prices+weather,4,8,synthetic,pinball_mean,312.65857952248456,2
seasonal_naive,prices+weather,4,8,synthetic,mape_p50_pct,28.925816388269016,2
seasonal_naive,prices+weather,4,8,synthetic,coverage_p10_p90_pct,90.17857142857143,2
seasonal_naive,prices+weather,4,8,synthetic,n,112.0,2
seasonal_naive,prices+weather,spike_14d,8,synthetic,spike_events,24.0,2
seasonal_naive,prices+weather,spike_14d,8,synthetic,spike_recall,0.0,2
seasonal_naive,prices+weather,spike_14d,8,synthetic,spike_precision,,2
seasonal_naive,prices+weather,spike_14d,8,synthetic,spike_false_alarm_rate,0.0,2
seasonal_naive,prices+weather,spike_14d,8,synthetic,spike_brier,0.1777672274964203,2
seasonal_naive,prices+weather,1,9,synthetic,pinball_p10,109.70594701236065,2
seasonal_naive,prices+weather,1,9,synthetic,pinball_p50,284.7738885894727,2
seasonal_naive,prices+weather,1,9,synthetic,pinball_p90,180.18596117438895,2
seasonal_naive,prices+weather,1,9,synthetic,pinball_mean,191.55526559207408,2
seasonal_naive,prices+weather,1,9,synthetic,mape_p50_pct,23.278780006176795,2
seasonal_naive,prices+weather,1,9,synthetic,coverage_p10_p90_pct,81.25,2
seasonal_naive,prices+weather,1,9,synthetic,n,112.0,2
seasonal_naive,prices+weather,2,9,synthetic,pinball_p10,148.12477406026184,2
seasonal_naive,prices+weather,2,9,synthetic,pinball_p50,371.1791473459999,2
seasonal_naive,prices+weather,2,9,synthetic,pinball_p90,239.9138865165587,2
seasonal_naive,prices+weather,2,9,synthetic,pinball_mean,253.07260264094018,2
seasonal_naive,prices+weather,2,9,synthetic,mape_p50_pct,28.510444266002438,2
seasonal_naive,prices+weather,2,9,synthetic,coverage_p10_p90_pct,85.71428571428571,2
seasonal_naive,prices+weather,2,9,synthetic,n,112.0,2
seasonal_naive,prices+weather,3,9,synthetic,pinball_p10,172.45432893122685,2
seasonal_naive,prices+weather,3,9,synthetic,pinball_p50,505.3924063547098,2
seasonal_naive,prices+weather,3,9,synthetic,pinball_p90,367.61331349814293,2
seasonal_naive,prices+weather,3,9,synthetic,pinball_mean,348.48668292802654,2
seasonal_naive,prices+weather,3,9,synthetic,mape_p50_pct,33.83577127972232,2
seasonal_naive,prices+weather,3,9,synthetic,coverage_p10_p90_pct,83.03571428571429,2
seasonal_naive,prices+weather,3,9,synthetic,n,112.0,2
seasonal_naive,prices+weather,4,9,synthetic,pinball_p10,198.7641733821037,2
seasonal_naive,prices+weather,4,9,synthetic,pinball_p50,673.9937084056411,2
seasonal_naive,prices+weather,4,9,synthetic,pinball_p90,527.3839547711408,2
seasonal_naive,prices+weather,4,9,synthetic,pinball_mean,466.71394551962857,2
seasonal_naive,prices+weather,4,9,synthetic,mape_p50_pct,40.37053328443901,2
seasonal_naive,prices+weather,4,9,synthetic,coverage_p10_p90_pct,76.78571428571429,2
seasonal_naive,prices+weather,4,9,synthetic,n,112.0,2
seasonal_naive,prices+weather,spike_14d,9,synthetic,spike_events,35.0,2
seasonal_naive,prices+weather,spike_14d,9,synthetic,spike_recall,0.0,2
seasonal_naive,prices+weather,spike_14d,9,synthetic,spike_precision,,2
seasonal_naive,prices+weather,spike_14d,9,synthetic,spike_false_alarm_rate,0.0,2
seasonal_naive,prices+weather,spike_14d,9,synthetic,spike_brier,0.21522080133865445,2
seasonal_naive,prices+weather,1,10,synthetic,pinball_p10,96.22542682842523,2
seasonal_naive,prices+weather,1,10,synthetic,pinball_p50,337.3669873604545,2
seasonal_naive,prices+weather,1,10,synthetic,pinball_p90,204.0014204121837,2
seasonal_naive,prices+weather,1,10,synthetic,pinball_mean,212.53127820035448,2
seasonal_naive,prices+weather,1,10,synthetic,mape_p50_pct,24.862758428427615,2
seasonal_naive,prices+weather,1,10,synthetic,coverage_p10_p90_pct,83.03571428571429,2
seasonal_naive,prices+weather,1,10,synthetic,n,112.0,2
seasonal_naive,prices+weather,2,10,synthetic,pinball_p10,141.71980059232033,2
seasonal_naive,prices+weather,2,10,synthetic,pinball_p50,466.011543357167,2
seasonal_naive,prices+weather,2,10,synthetic,pinball_p90,379.4209307424057,2
seasonal_naive,prices+weather,2,10,synthetic,pinball_mean,329.05075823063106,2
seasonal_naive,prices+weather,2,10,synthetic,mape_p50_pct,29.381159240515803,2
seasonal_naive,prices+weather,2,10,synthetic,coverage_p10_p90_pct,81.25,2
seasonal_naive,prices+weather,2,10,synthetic,n,112.0,2
seasonal_naive,prices+weather,3,10,synthetic,pinball_p10,176.99672379652026,2
seasonal_naive,prices+weather,3,10,synthetic,pinball_p50,710.9692933366096,2
seasonal_naive,prices+weather,3,10,synthetic,pinball_p90,469.90898516705846,2
seasonal_naive,prices+weather,3,10,synthetic,pinball_mean,452.62500076672944,2
seasonal_naive,prices+weather,3,10,synthetic,mape_p50_pct,42.31171761043738,2
seasonal_naive,prices+weather,3,10,synthetic,coverage_p10_p90_pct,81.25,2
seasonal_naive,prices+weather,3,10,synthetic,n,112.0,2
seasonal_naive,prices+weather,4,10,synthetic,pinball_p10,195.8269955408829,2
seasonal_naive,prices+weather,4,10,synthetic,pinball_p50,759.1562700747254,2
seasonal_naive,prices+weather,4,10,synthetic,pinball_p90,505.36862192161453,2
seasonal_naive,prices+weather,4,10,synthetic,pinball_mean,486.78396251240764,2
seasonal_naive,prices+weather,4,10,synthetic,mape_p50_pct,43.19038006369104,2
seasonal_naive,prices+weather,4,10,synthetic,coverage_p10_p90_pct,76.78571428571429,2
seasonal_naive,prices+weather,4,10,synthetic,n,112.0,2
seasonal_naive,prices+weather,spike_14d,10,synthetic,spike_events,20.0,2
seasonal_naive,prices+weather,spike_14d,10,synthetic,spike_recall,0.0,2
seasonal_naive,prices+weather,spike_14d,10,synthetic,spike_precision,,2
seasonal_naive,prices+weather,spike_14d,10,synthetic,spike_false_alarm_rate,0.0,2
seasonal_naive,prices+weather,spike_14d,10,synthetic,spike_brier,0.16415583638805417,2
seasonal_naive,prices+weather,1,11,synthetic,pinball_p10,157.0313577098453,2
seasonal_naive,prices+weather,1,11,synthetic,pinball_p50,397.7359022853142,2
seasonal_naive,prices+weather,1,11,synthetic,pinball_p90,197.2505946169652,2
seasonal_naive,prices+weather,1,11,synthetic,pinball_mean,250.67261820404156,2
seasonal_naive,prices+weather,1,11,synthetic,mape_p50_pct,24.77125877989322,2
seasonal_naive,prices+weather,1,11,synthetic,coverage_p10_p90_pct,82.14285714285714,2
seasonal_naive,prices+weather,1,11,synthetic,n,112.0,2
seasonal_naive,prices+weather,2,11,synthetic,pinball_p10,207.7632990010331,2
seasonal_naive,prices+weather,2,11,synthetic,pinball_p50,611.3412218083662,2
seasonal_naive,prices+weather,2,11,synthetic,pinball_p90,343.8528086665271,2
seasonal_naive,prices+weather,2,11,synthetic,pinball_mean,387.65244315864214,2
seasonal_naive,prices+weather,2,11,synthetic,mape_p50_pct,35.30276208262711,2
seasonal_naive,prices+weather,2,11,synthetic,coverage_p10_p90_pct,88.39285714285714,2
seasonal_naive,prices+weather,2,11,synthetic,n,112.0,2
seasonal_naive,prices+weather,3,11,synthetic,pinball_p10,252.3057923116366,2
seasonal_naive,prices+weather,3,11,synthetic,pinball_p50,804.2829519263261,2
seasonal_naive,prices+weather,3,11,synthetic,pinball_p90,528.8607381858671,2
seasonal_naive,prices+weather,3,11,synthetic,pinball_mean,528.4831608079432,2
seasonal_naive,prices+weather,3,11,synthetic,mape_p50_pct,40.52369187811102,2
seasonal_naive,prices+weather,3,11,synthetic,coverage_p10_p90_pct,76.78571428571429,2
seasonal_naive,prices+weather,3,11,synthetic,n,112.0,2
seasonal_naive,prices+weather,4,11,synthetic,pinball_p10,268.2897297616879,2
seasonal_naive,prices+weather,4,11,synthetic,pinball_p50,984.4031364113619,2
seasonal_naive,prices+weather,4,11,synthetic,pinball_p90,692.0619602996363,2
seasonal_naive,prices+weather,4,11,synthetic,pinball_mean,648.2516088242287,2
seasonal_naive,prices+weather,4,11,synthetic,mape_p50_pct,44.21318566016565,2
seasonal_naive,prices+weather,4,11,synthetic,coverage_p10_p90_pct,74.10714285714286,2
seasonal_naive,prices+weather,4,11,synthetic,n,112.0,2
seasonal_naive,prices+weather,spike_14d,11,synthetic,spike_events,20.0,2
seasonal_naive,prices+weather,spike_14d,11,synthetic,spike_recall,0.0,2
seasonal_naive,prices+weather,spike_14d,11,synthetic,spike_precision,,2
seasonal_naive,prices+weather,spike_14d,11,synthetic,spike_false_alarm_rate,0.0,2
seasonal_naive,prices+weather,spike_14d,11,synthetic,spike_brier,0.16422690561961323,2
seasonal_naive,prices+weather,1,12,synthetic,pinball_p10,106.5074543158369,2
seasonal_naive,prices+weather,1,12,synthetic,pinball_p50,345.990106172842,2
seasonal_naive,prices+weather,1,12,synthetic,pinball_p90,201.09209047906376,2
seasonal_naive,prices+weather,1,12,synthetic,pinball_mean,217.86321698924758,2
seasonal_naive,prices+weather,1,12,synthetic,mape_p50_pct,21.665062465259314,2
seasonal_naive,prices+weather,1,12,synthetic,coverage_p10_p90_pct,92.85714285714286,2
seasonal_naive,prices+weather,1,12,synthetic,n,112.0,2
seasonal_naive,prices+weather,2,12,synthetic,pinball_p10,158.17902028614068,2
seasonal_naive,prices+weather,2,12,synthetic,pinball_p50,455.76296434517724,2
seasonal_naive,prices+weather,2,12,synthetic,pinball_p90,319.8374631730426,2
seasonal_naive,prices+weather,2,12,synthetic,pinball_mean,311.25981593478684,2
seasonal_naive,prices+weather,2,12,synthetic,mape_p50_pct,26.141741069605466,2
seasonal_naive,prices+weather,2,12,synthetic,coverage_p10_p90_pct,92.85714285714286,2
seasonal_naive,prices+weather,2,12,synthetic,n,112.0,2
seasonal_naive,prices+weather,3,12,synthetic,pinball_p10,187.58464125899778,2
seasonal_naive,prices+weather,3,12,synthetic,pinball_p50,617.1980850460526,2
seasonal_naive,prices+weather,3,12,synthetic,pinball_p90,398.56057070332633,2
seasonal_naive,prices+weather,3,12,synthetic,pinball_mean,401.1144323361256,2
seasonal_naive,prices+weather,3,12,synthetic,mape_p50_pct,32.31795427348086,2
seasonal_naive,prices+weather,3,12,synthetic,coverage_p10_p90_pct,91.07142857142857,2
seasonal_naive,prices+weather,3,12,synthetic,n,112.0,2
seasonal_naive,prices+weather,4,12,synthetic,pinball_p10,239.072060482237,2
seasonal_naive,prices+weather,4,12,synthetic,pinball_p50,771.297043393049,2
seasonal_naive,prices+weather,4,12,synthetic,pinball_p90,473.4100095624603,2
seasonal_naive,prices+weather,4,12,synthetic,pinball_mean,494.59303781258205,2
seasonal_naive,prices+weather,4,12,synthetic,mape_p50_pct,37.4668810296659,2
seasonal_naive,prices+weather,4,12,synthetic,coverage_p10_p90_pct,82.14285714285714,2
seasonal_naive,prices+weather,4,12,synthetic,n,112.0,2
seasonal_naive,prices+weather,spike_14d,12,synthetic,spike_events,19.0,2
seasonal_naive,prices+weather,spike_14d,12,synthetic,spike_recall,0.0,2
seasonal_naive,prices+weather,spike_14d,12,synthetic,spike_precision,,2
seasonal_naive,prices+weather,spike_14d,12,synthetic,spike_false_alarm_rate,0.0,2
seasonal_naive,prices+weather,spike_14d,12,synthetic,spike_brier,0.1607461720339554,2
seasonal_naive,prices+weather,1,13,synthetic,pinball_p10,145.79146748582232,2
seasonal_naive,prices+weather,1,13,synthetic,pinball_p50,526.0593222069848,2
seasonal_naive,prices+weather,1,13,synthetic,pinball_p90,296.14975710310125,2
seasonal_naive,prices+weather,1,13,synthetic,pinball_mean,322.66684893196947,2
seasonal_naive,prices+weather,1,13,synthetic,mape_p50_pct,25.638167864257046,2
seasonal_naive,prices+weather,1,13,synthetic,coverage_p10_p90_pct,81.25,2
seasonal_naive,prices+weather,1,13,synthetic,n,112.0,2
seasonal_naive,prices+weather,2,13,synthetic,pinball_p10,221.42102408487204,2
seasonal_naive,prices+weather,2,13,synthetic,pinball_p50,618.3955743242635,2
seasonal_naive,prices+weather,2,13,synthetic,pinball_p90,394.7730253616309,2
seasonal_naive,prices+weather,2,13,synthetic,pinball_mean,411.52987459025553,2
seasonal_naive,prices+weather,2,13,synthetic,mape_p50_pct,29.799491338420264,2
seasonal_naive,prices+weather,2,13,synthetic,coverage_p10_p90_pct,89.28571428571429,2
seasonal_naive,prices+weather,2,13,synthetic,n,112.0,2
seasonal_naive,prices+weather,3,13,synthetic,pinball_p10,215.47125186841487,2
seasonal_naive,prices+weather,3,13,synthetic,pinball_p50,744.6630121977835,2
seasonal_naive,prices+weather,3,13,synthetic,pinball_p90,509.97756396550955,2
seasonal_naive,prices+weather,3,13,synthetic,pinball_mean,490.03727601056926,2
seasonal_naive,prices+weather,3,13,synthetic,mape_p50_pct,35.1632443866389,2
seasonal_naive,prices+weather,3,13,synthetic,coverage_p10_p90_pct,92.85714285714286,2
seasonal_naive,prices+weather,3,13,synthetic,n,112.0,2
seasonal_naive,prices+weather,4,13,synthetic,pinball_p10,274.8689884493843,2
seasonal_naive,prices+weather,4,13,synthetic,pinball_p50,884.0812599562076,2
seasonal_naive,prices+weather,4,13,synthetic,pinball_p90,529.5836163191282,2
seasonal_naive,prices+weather,4,13,synthetic,pinball_mean,562.8446215749067,2
seasonal_naive,prices+weather,4,13,synthetic,mape_p50_pct,40.577591569403154,2
seasonal_naive,prices+weather,4,13,synthetic,coverage_p10_p90_pct,88.39285714285714,2
seasonal_naive,prices+weather,4,13,synthetic,n,112.0,2
seasonal_naive,prices+weather,spike_14d,13,synthetic,spike_events,34.0,2
seasonal_naive,prices+weather,spike_14d,13,synthetic,spike_recall,0.0,2
seasonal_naive,prices+weather,spike_14d,13,synthetic,spike_precision,,2
seasonal_naive,prices+weather,spike_14d,13,synthetic,spike_false_alarm_rate,0.0,2
seasonal_naive,prices+weather,spike_14d,13,synthetic,spike_brier,0.21189655450201852,2
seasonal_naive,prices+weather,1,14,synthetic,pinball_p10,74.55395934921498,2
seasonal_naive,prices+weather,1,14,synthetic,pinball_p50,253.38135867179855,2
seasonal_naive,prices+weather,1,14,synthetic,pinball_p90,147.62158353390083,2
seasonal_naive,prices+weather,1,14,synthetic,pinball_mean,158.51896718497144,2
seasonal_naive,prices+weather,1,14,synthetic,mape_p50_pct,25.54430567929088,2
seasonal_naive,prices+weather,1,14,synthetic,coverage_p10_p90_pct,80.35714285714286,2
seasonal_naive,prices+weather,1,14,synthetic,n,112.0,2
seasonal_naive,prices+weather,2,14,synthetic,pinball_p10,98.58567968297878,2
seasonal_naive,prices+weather,2,14,synthetic,pinball_p50,340.49590810379465,2
seasonal_naive,prices+weather,2,14,synthetic,pinball_p90,207.00691394408295,2
seasonal_naive,prices+weather,2,14,synthetic,pinball_mean,215.36283391028545,2
seasonal_naive,prices+weather,2,14,synthetic,mape_p50_pct,31.786958298428797,2
seasonal_naive,prices+weather,2,14,synthetic,coverage_p10_p90_pct,90.17857142857143,2
seasonal_naive,prices+weather,2,14,synthetic,n,112.0,2
seasonal_naive,prices+weather,3,14,synthetic,pinball_p10,126.82543976024571,2
seasonal_naive,prices+weather,3,14,synthetic,pinball_p50,420.9846252842987,2
seasonal_naive,prices+weather,3,14,synthetic,pinball_p90,261.6421754386451,2
seasonal_naive,prices+weather,3,14,synthetic,pinball_mean,269.81741349439653,2
seasonal_naive,prices+weather,3,14,synthetic,mape_p50_pct,36.939541933458905,2
seasonal_naive,prices+weather,3,14,synthetic,coverage_p10_p90_pct,91.96428571428571,2
seasonal_naive,prices+weather,3,14,synthetic,n,112.0,2
seasonal_naive,prices+weather,4,14,synthetic,pinball_p10,150.02889877993792,2
seasonal_naive,prices+weather,4,14,synthetic,pinball_p50,509.32353714292395,2
seasonal_naive,prices+weather,4,14,synthetic,pinball_p90,250.1095934570337,2
seasonal_naive,prices+weather,4,14,synthetic,pinball_mean,303.15400979329854,2
seasonal_naive,prices+weather,4,14,synthetic,mape_p50_pct,40.76261795330057,2
seasonal_naive,prices+weather,4,14,synthetic,coverage_p10_p90_pct,91.96428571428571,2
seasonal_naive,prices+weather,4,14,synthetic,n,112.0,2
seasonal_naive,prices+weather,spike_14d,14,synthetic,spike_events,27.0,2
seasonal_naive,prices+weather,spike_14d,14,synthetic,spike_recall,0.0,2
seasonal_naive,prices+weather,spike_14d,14,synthetic,spike_precision,,2
seasonal_naive,prices+weather,spike_14d,14,synthetic,spike_false_alarm_rate,0.0,2
seasonal_naive,prices+weather,spike_14d,14,synthetic,spike_brier,0.1886713626312139,2
seasonal_naive,prices+weather,1,15,synthetic,pinball_p10,88.27509563843738,2
seasonal_naive,prices+weather,1,15,synthetic,pinball_p50,289.11570577976556,2
seasonal_naive,prices+weather,1,15,synthetic,pinball_p90,171.43017107505244,2
seasonal_naive,prices+weather,1,15,synthetic,pinball_mean,182.94032416441846,2
seasonal_naive,prices+weather,1,15,synthetic,mape_p50_pct,23.122843450606688,2
seasonal_naive,prices+weather,1,15,synthetic,coverage_p10_p90_pct,87.5,2
seasonal_naive,prices+weather,1,15,synthetic,n,112.0,2
seasonal_naive,prices+weather,2,15,synthetic,pinball_p10,122.98166976898071,2
seasonal_naive,prices+weather,2,15,synthetic,pinball_p50,319.5912715949015,2
seasonal_naive,prices+weather,2,15,synthetic,pinball_p90,256.39385532250793,2
seasonal_naive,prices+weather,2,15,synthetic,pinball_mean,232.9889322287967,2
seasonal_naive,prices+weather,2,15,synthetic,mape_p50_pct,24.540197706574045,2
seasonal_naive,prices+weather,2,15,synthetic,coverage_p10_p90_pct,91.96428571428571,2
seasonal_naive,prices+weather,2,15,synthetic,n,112.0,2
seasonal_naive,prices+weather,3,15,synthetic,pinball_p10,153.58827202555963,2
seasonal_naive,prices+weather,3,15,synthetic,pinball_p50,355.93443773563195,2
seasonal_naive,prices+weather,3,15,synthetic,pinball_p90,253.65551083879956,2
seasonal_naive,prices+weather,3,15,synthetic,pinball_mean,254.39274019999706,2
seasonal_naive,prices+weather,3,15,synthetic,mape_p50_pct,25.159241242226127,2
seasonal_naive,prices+weather,3,15,synthetic,coverage_p10_p90_pct,91.96428571428571,2
seasonal_naive,prices+weather,3,15,synthetic,n,112.0,2
seasonal_naive,prices+weather,4,15,synthetic,pinball_p10,173.74729998625872,2
seasonal_naive,prices+weather,4,15,synthetic,pinball_p50,478.4074119483445,2
seasonal_naive,prices+weather,4,15,synthetic,pinball_p90,279.82584011578916,2
seasonal_naive,prices+weather,4,15,synthetic,pinball_mean,310.6601840167975,2
seasonal_naive,prices+weather,4,15,synthetic,mape_p50_pct,31.162299116110603,2
seasonal_naive,prices+weather,4,15,synthetic,coverage_p10_p90_pct,94.64285714285714,2
seasonal_naive,prices+weather,4,15,synthetic,n,112.0,2
seasonal_naive,prices+weather,spike_14d,15,synthetic,spike_events,33.0,2
seasonal_naive,prices+weather,spike_14d,15,synthetic,spike_recall,0.0,2
seasonal_naive,prices+weather,spike_14d,15,synthetic,spike_precision,,2
seasonal_naive,prices+weather,spike_14d,15,synthetic,spike_false_alarm_rate,0.0,2
seasonal_naive,prices+weather,spike_14d,15,synthetic,spike_brier,0.20919325770335878,2
seasonal_naive,prices+weather,1,16,synthetic,pinball_p10,140.88945699496145,2
seasonal_naive,prices+weather,1,16,synthetic,pinball_p50,280.67428791669147,2
seasonal_naive,prices+weather,1,16,synthetic,pinball_p90,173.00357292137687,2
seasonal_naive,prices+weather,1,16,synthetic,pinball_mean,198.18910594434328,2
seasonal_naive,prices+weather,1,16,synthetic,mape_p50_pct,22.4505108749988,2
seasonal_naive,prices+weather,1,16,synthetic,coverage_p10_p90_pct,87.5,2
seasonal_naive,prices+weather,1,16,synthetic,n,112.0,2
seasonal_naive,prices+weather,2,16,synthetic,pinball_p10,165.62655712061425,2
seasonal_naive,prices+weather,2,16,synthetic,pinball_p50,391.208949784127,2
seasonal_naive,prices+weather,2,16,synthetic,pinball_p90,268.5802985200348,2
seasonal_naive,prices+weather,2,16,synthetic,pinball_mean,275.13860180825867,2
seasonal_naive,prices+weather,2,16,synthetic,mape_p50_pct,30.087843025380145,2
seasonal_naive,prices+weather,2,16,synthetic,coverage_p10_p90_pct,87.5,2
seasonal_naive,prices+weather,2,16,synthetic,n,112.0,2
seasonal_naive,prices+weather,3,16,synthetic,pinball_p10,162.1229241810319,2
seasonal_naive,prices+weather,3,16,synthetic,pinball_p50,461.57510835667773,2
seasonal_naive,prices+weather,3,16,synthetic,pinball_p90,334.4625798812638,2
seasonal_naive,prices+weather,3,16,synthetic,pinball_mean,319.38687080632445,2
seasonal_naive,prices+weather,3,16,synthetic,mape_p50_pct,33.0604151990093,2
seasonal_naive,prices+weather,3,16,synthetic,coverage_p10_p90_pct,85.71428571428571,2
seasonal_naive,prices+weather,3,16,synthetic,n,112.0,2
seasonal_naive,prices+weather,4,16,synthetic,pinball_p10,184.13289884910265,2
seasonal_naive,prices+weather,4,16,synthetic,pinball_p50,574.6175087703539,2
seasonal_naive,prices+weather,4,16,synthetic,pinball_p90,411.2760497737427,2
seasonal_naive,prices+weather,4,16,synthetic,pinball_mean,390.00881913106645,2
seasonal_naive,prices+weather,4,16,synthetic,mape_p50_pct,39.37607723759044,2
seasonal_naive,prices+weather,4,16,synthetic,coverage_p10_p90_pct,81.25,2
seasonal_naive,prices+weather,4,16,synthetic,n,112.0,2
seasonal_naive,prices+weather,spike_14d,16,synthetic,spike_events,35.0,2
seasonal_naive,prices+weather,spike_14d,16,synthetic,spike_recall,0.0,2
seasonal_naive,prices+weather,spike_14d,16,synthetic,spike_precision,,2
seasonal_naive,prices+weather,spike_14d,16,synthetic,spike_false_alarm_rate,0.0,2
seasonal_naive,prices+weather,spike_14d,16,synthetic,spike_brier,0.21471830808032763,2
seasonal_naive,prices+weather,1,17,synthetic,pinball_p10,116.5795593807841,2
seasonal_naive,prices+weather,1,17,synthetic,pinball_p50,442.3189716552034,2
seasonal_naive,prices+weather,1,17,synthetic,pinball_p90,252.27114942588372,2
seasonal_naive,prices+weather,1,17,synthetic,pinball_mean,270.3898934872904,2
seasonal_naive,prices+weather,1,17,synthetic,mape_p50_pct,27.425634805956754,2
seasonal_naive,prices+weather,1,17,synthetic,coverage_p10_p90_pct,84.82142857142857,2
seasonal_naive,prices+weather,1,17,synthetic,n,112.0,2
seasonal_naive,prices+weather,2,17,synthetic,pinball_p10,189.8959794746898,2
seasonal_naive,prices+weather,2,17,synthetic,pinball_p50,654.6546790004978,2
seasonal_naive,prices+weather,2,17,synthetic,pinball_p90,334.6550703970559,2
seasonal_naive,prices+weather,2,17,synthetic,pinball_mean,393.06857629074784,2
seasonal_naive,prices+weather,2,17,synthetic,mape_p50_pct,40.71629987436378,2
seasonal_naive,prices+weather,2,17,synthetic,coverage_p10_p90_pct,80.35714285714286,2
seasonal_naive,prices+weather,2,17,synthetic,n,112.0,2
seasonal_naive,prices+weather,3,17,synthetic,pinball_p10,250.105119226492,2
seasonal_naive,prices+weather,3,17,synthetic,pinball_p50,875.3852578922906,2
seasonal_naive,prices+weather,3,17,synthetic,pinball_p90,391.8924624114934,2
seasonal_naive,prices+weather,3,17,synthetic,pinball_mean,505.79427984342533,2
seasonal_naive,prices+weather,3,17,synthetic,mape_p50_pct,52.702164780868884,2
seasonal_naive,prices+weather,3,17,synthetic,coverage_p10_p90_pct,81.25,2
seasonal_naive,prices+weather,3,17,synthetic,n,112.0,2
seasonal_naive,prices+weather,4,17,synthetic,pinball_p10,255.03756599317552,2
seasonal_naive,prices+weather,4,17,synthetic,pinball_p50,977.5537623986007,2
seasonal_naive,prices+weather,4,17,synthetic,pinball_p90,465.74088706866735,2
seasonal_naive,prices+weather,4,17,synthetic,pinball_mean,566.1107384868145,2
seasonal_naive,prices+weather,4,17,synthetic,mape_p50_pct,55.00294538772316,2
seasonal_naive,prices+weather,4,17,synthetic,coverage_p10_p90_pct,75.0,2
seasonal_naive,prices+weather,4,17,synthetic,n,112.0,2
seasonal_naive,prices+weather,spike_14d,17,synthetic,spike_events,38.0,2
seasonal_naive,prices+weather,spike_14d,17,synthetic,spike_recall,0.0,2
seasonal_naive,prices+weather,spike_14d,17,synthetic,spike_precision,,2
seasonal_naive,prices+weather,spike_14d,17,synthetic,spike_false_alarm_rate,0.0,2
seasonal_naive,prices+weather,spike_14d,17,synthetic,spike_brier,0.22603339916936527,2
seasonal_naive,prices+weather,1,18,synthetic,pinball_p10,128.63882594689275,2
seasonal_naive,prices+weather,1,18,synthetic,pinball_p50,445.5987330030669,2
seasonal_naive,prices+weather,1,18,synthetic,pinball_p90,255.94301124032103,2
seasonal_naive,prices+weather,1,18,synthetic,pinball_mean,276.7268567300935,2
seasonal_naive,prices+weather,1,18,synthetic,mape_p50_pct,26.059910332111848,2
seasonal_naive,prices+weather,1,18,synthetic,coverage_p10_p90_pct,80.35714285714286,2
seasonal_naive,prices+weather,1,18,synthetic,n,112.0,2
seasonal_naive,prices+weather,2,18,synthetic,pinball_p10,181.62401590310216,2
seasonal_naive,prices+weather,2,18,synthetic,pinball_p50,616.883386026271,2
seasonal_naive,prices+weather,2,18,synthetic,pinball_p90,424.4564721701763,2
seasonal_naive,prices+weather,2,18,synthetic,pinball_mean,407.6546246998498,2
seasonal_naive,prices+weather,2,18,synthetic,mape_p50_pct,34.566449160396445,2
seasonal_naive,prices+weather,2,18,synthetic,coverage_p10_p90_pct,88.39285714285714,2
seasonal_naive,prices+weather,2,18,synthetic,n,112.0,2
seasonal_naive,prices+weather,3,18,synthetic,pinball_p10,190.77103032659198,2
seasonal_naive,prices+weather,3,18,synthetic,pinball_p50,762.9694061497222,2
seasonal_naive,prices+weather,3,18,synthetic,pinball_p90,442.7571431202099,2
seasonal_naive,prices+weather,3,18,synthetic,pinball_mean,465.4991931988414,2
seasonal_naive,prices+weather,3,18,synthetic,mape_p50_pct,41.78249234159589,2
seasonal_naive,prices+weather,3,18,synthetic,coverage_p10_p90_pct,88.39285714285714,2
seasonal_naive,prices+weather,3,18,synthetic,n,112.0,2
seasonal_naive,prices+weather,4,18,synthetic,pinball_p10,212.24476960338194,2
seasonal_naive,prices+weather,4,18,synthetic,pinball_p50,860.539728735506,2
seasonal_naive,prices+weather,4,18,synthetic,pinball_p90,521.7787016736671,2
seasonal_naive,prices+weather,4,18,synthetic,pinball_mean,531.5210666708517,2
seasonal_naive,prices+weather,4,18,synthetic,mape_p50_pct,45.75692591433714,2
seasonal_naive,prices+weather,4,18,synthetic,coverage_p10_p90_pct,86.60714285714286,2
seasonal_naive,prices+weather,4,18,synthetic,n,112.0,2
seasonal_naive,prices+weather,spike_14d,18,synthetic,spike_events,37.0,2
seasonal_naive,prices+weather,spike_14d,18,synthetic,spike_recall,0.0,2
seasonal_naive,prices+weather,spike_14d,18,synthetic,spike_precision,,2
seasonal_naive,prices+weather,spike_14d,18,synthetic,spike_false_alarm_rate,0.0,2
seasonal_naive,prices+weather,spike_14d,18,synthetic,spike_brier,0.22324109397775696,2
naive,prices+weather,1,ALL,synthetic,pinball_p10,92.14563284565298,2
naive,prices+weather,1,ALL,synthetic,pinball_p50,228.17428312088788,2
naive,prices+weather,1,ALL,synthetic,pinball_p90,128.84690508076224,2
naive,prices+weather,1,ALL,synthetic,pinball_mean,149.72227368243435,2
naive,prices+weather,1,ALL,synthetic,mape_p50_pct,16.149406329630516,2
naive,prices+weather,1,ALL,synthetic,coverage_p10_p90_pct,85.99801390268124,2
naive,prices+weather,1,ALL,synthetic,n,2014.0,2
naive,prices+weather,2,ALL,synthetic,pinball_p10,132.20093585858334,2
naive,prices+weather,2,ALL,synthetic,pinball_p50,356.467689377955,2
naive,prices+weather,2,ALL,synthetic,pinball_p90,251.90342323111307,2
naive,prices+weather,2,ALL,synthetic,pinball_mean,246.8573494892171,2
naive,prices+weather,2,ALL,synthetic,mape_p50_pct,22.8186756882603,2
naive,prices+weather,2,ALL,synthetic,coverage_p10_p90_pct,83.01886792452831,2
naive,prices+weather,2,ALL,synthetic,n,2014.0,2
naive,prices+weather,3,ALL,synthetic,pinball_p10,167.09760812818553,2
naive,prices+weather,3,ALL,synthetic,pinball_p50,489.5791537745321,2
naive,prices+weather,3,ALL,synthetic,pinball_p90,341.0464974091428,2
naive,prices+weather,3,ALL,synthetic,pinball_mean,332.5744197706201,2
naive,prices+weather,3,ALL,synthetic,mape_p50_pct,29.2575489705502,2
naive,prices+weather,3,ALL,synthetic,coverage_p10_p90_pct,79.7914597815293,2
naive,prices+weather,3,ALL,synthetic,n,2014.0,2
naive,prices+weather,4,ALL,synthetic,pinball_p10,190.1390864325428,2
naive,prices+weather,4,ALL,synthetic,pinball_p50,618.890850542554,2
naive,prices+weather,4,ALL,synthetic,pinball_p90,426.5542192441581,2
naive,prices+weather,4,ALL,synthetic,pinball_mean,411.86138540641826,2
naive,prices+weather,4,ALL,synthetic,mape_p50_pct,34.605478143303266,2
naive,prices+weather,4,ALL,synthetic,coverage_p10_p90_pct,75.57100297914597,2
naive,prices+weather,4,ALL,synthetic,n,2014.0,2
naive,prices+weather,spike_14d,ALL,synthetic,spike_events,519.0,2
naive,prices+weather,spike_14d,ALL,synthetic,spike_recall,0.0,2
naive,prices+weather,spike_14d,ALL,synthetic,spike_precision,,2
naive,prices+weather,spike_14d,ALL,synthetic,spike_false_alarm_rate,0.0,2
naive,prices+weather,spike_14d,ALL,synthetic,spike_brier,0.19525191461875752,2
naive,prices+weather,1,1,synthetic,pinball_p10,59.20576731535906,2
naive,prices+weather,1,1,synthetic,pinball_p50,118.32877438138516,2
naive,prices+weather,1,1,synthetic,pinball_p90,79.89976407315984,2
naive,prices+weather,1,1,synthetic,pinball_mean,85.8114352566347,2
naive,prices+weather,1,1,synthetic,mape_p50_pct,12.167737673430299,2
naive,prices+weather,1,1,synthetic,coverage_p10_p90_pct,95.53571428571429,2
naive,prices+weather,1,1,synthetic,n,112.0,2
naive,prices+weather,2,1,synthetic,pinball_p10,81.44170127020791,2
naive,prices+weather,2,1,synthetic,pinball_p50,199.85062934807164,2
naive,prices+weather,2,1,synthetic,pinball_p90,171.37295135416065,2
naive,prices+weather,2,1,synthetic,pinball_mean,150.88842732414673,2
naive,prices+weather,2,1,synthetic,mape_p50_pct,17.049275772638712,2
naive,prices+weather,2,1,synthetic,coverage_p10_p90_pct,89.28571428571429,2
naive,prices+weather,2,1,synthetic,n,112.0,2
naive,prices+weather,3,1,synthetic,pinball_p10,103.30575559802277,2
naive,prices+weather,3,1,synthetic,pinball_p50,288.9687781386022,2
naive,prices+weather,3,1,synthetic,pinball_p90,238.49453953876016,2
naive,prices+weather,3,1,synthetic,pinball_mean,210.25635775846172,2
naive,prices+weather,3,1,synthetic,mape_p50_pct,22.827162859169263,2
naive,prices+weather,3,1,synthetic,coverage_p10_p90_pct,86.60714285714286,2
naive,prices+weather,3,1,synthetic,n,112.0,2
naive,prices+weather,4,1,synthetic,pinball_p10,122.06058460938318,2
naive,prices+weather,4,1,synthetic,pinball_p50,377.26832425046405,2
naive,prices+weather,4,1,synthetic,pinball_p90,312.83283005558434,2
naive,prices+weather,4,1,synthetic,pinball_mean,270.7205796384772,2
naive,prices+weather,4,1,synthetic,mape_p50_pct,28.065951920022354,2
naive,prices+weather,4,1,synthetic,coverage_p10_p90_pct,78.57142857142857,2
naive,prices+weather,4,1,synthetic,n,112.0,2
naive,prices+weather,spike_14d,1,synthetic,spike_events,15.0,2
naive,prices+weather,spike_14d,1,synthetic,spike_recall,0.0,2
naive,prices+weather,spike_14d,1,synthetic,spike_precision,,2
naive,prices+weather,spike_14d,1,synthetic,spike_false_alarm_rate,0.0,2
naive,prices+weather,spike_14d,1,synthetic,spike_brier,0.1471211477715748,2
naive,prices+weather,1,2,synthetic,pinball_p10,84.29481154997448,2
naive,prices+weather,1,2,synthetic,pinball_p50,192.1511069049496,2
naive,prices+weather,1,2,synthetic,pinball_p90,97.28457141657984,2
naive,prices+weather,1,2,synthetic,pinball_mean,124.57682995716796,2
naive,prices+weather,1,2,synthetic,mape_p50_pct,17.809025725521398,2
naive,prices+weather,1,2,synthetic,coverage_p10_p90_pct,78.57142857142857,2
naive,prices+weather,1,2,synthetic,n,112.0,2
naive,prices+weather,2,2,synthetic,pinball_p10,125.3669160458834,2
naive,prices+weather,2,2,synthetic,pinball_p50,322.31679208395565,2
naive,prices+weather,2,2,synthetic,pinball_p90,163.72369549773353,2
naive,prices+weather,2,2,synthetic,pinball_mean,203.8024678758575,2
naive,prices+weather,2,2,synthetic,mape_p50_pct,29.346879384571267,2
naive,prices+weather,2,2,synthetic,coverage_p10_p90_pct,74.10714285714286,2
naive,prices+weather,2,2,synthetic,n,112.0,2
naive,prices+weather,3,2,synthetic,pinball_p10,153.36064620377968,2
naive,prices+weather,3,2,synthetic,pinball_p50,423.51577836052576,2
naive,prices+weather,3,2,synthetic,pinball_p90,204.545914158575,2
naive,prices+weather,3,2,synthetic,pinball_mean,260.4741129076268,2
naive,prices+weather,3,2,synthetic,mape_p50_pct,37.165447349105754,2
naive,prices+weather,3,2,synthetic,coverage_p10_p90_pct,68.75,2
naive,prices+weather,3,2,synthetic,n,112.0,2
naive,prices+weather,4,2,synthetic,pinball_p10,160.38652915543733,2
naive,prices+weather,4,2,synthetic,pinball_p50,495.5864190838442,2
naive,prices+weather,4,2,synthetic,pinball_p90,217.09627684101991,2
naive,prices+weather,4,2,synthetic,pinball_mean,291.0230750267672,2
naive,prices+weather,4,2,synthetic,mape_p50_pct,39.61678324842501,2
naive,prices+weather,4,2,synthetic,coverage_p10_p90_pct,66.07142857142857,2
naive,prices+weather,4,2,synthetic,n,112.0,2
naive,prices+weather,spike_14d,2,synthetic,spike_events,43.0,2
naive,prices+weather,spike_14d,2,synthetic,spike_recall,0.0,2
naive,prices+weather,spike_14d,2,synthetic,spike_precision,,2
naive,prices+weather,spike_14d,2,synthetic,spike_false_alarm_rate,0.0,2
naive,prices+weather,spike_14d,2,synthetic,spike_brier,0.24316607649297037,2
naive,prices+weather,1,3,synthetic,pinball_p10,99.33989729298462,2
naive,prices+weather,1,3,synthetic,pinball_p50,227.21453535162846,2
naive,prices+weather,1,3,synthetic,pinball_p90,115.64805997780353,2
naive,prices+weather,1,3,synthetic,pinball_mean,147.40083087413888,2
naive,prices+weather,1,3,synthetic,mape_p50_pct,17.05774100841317,2
naive,prices+weather,1,3,synthetic,coverage_p10_p90_pct,81.25,2
naive,prices+weather,1,3,synthetic,n,112.0,2
naive,prices+weather,2,3,synthetic,pinball_p10,120.57598458320422,2
naive,prices+weather,2,3,synthetic,pinball_p50,360.4110001731762,2
naive,prices+weather,2,3,synthetic,pinball_p90,246.6849802201018,2
naive,prices+weather,2,3,synthetic,pinball_mean,242.55732165882742,2
naive,prices+weather,2,3,synthetic,mape_p50_pct,23.052220564117164,2
naive,prices+weather,2,3,synthetic,coverage_p10_p90_pct,83.92857142857143,2
naive,prices+weather,2,3,synthetic,n,112.0,2
naive,prices+weather,3,3,synthetic,pinball_p10,162.0936021395195,2
naive,prices+weather,3,3,synthetic,pinball_p50,438.56294408327074,2
naive,prices+weather,3,3,synthetic,pinball_p90,257.5902841915378,2
naive,prices+weather,3,3,synthetic,pinball_mean,286.08227680477603,2
naive,prices+weather,3,3,synthetic,mape_p50_pct,27.317350495564725,2
naive,prices+weather,3,3,synthetic,coverage_p10_p90_pct,76.78571428571429,2
naive,prices+weather,3,3,synthetic,n,112.0,2
naive,prices+weather,4,3,synthetic,pinball_p10,172.71650812821846,2
naive,prices+weather,4,3,synthetic,pinball_p50,527.8192253734588,2
naive,prices+weather,4,3,synthetic,pinball_p90,240.32892252948173,2
naive,prices+weather,4,3,synthetic,pinball_mean,313.6215520103863,2
naive,prices+weather,4,3,synthetic,mape_p50_pct,31.82721597693109,2
naive,prices+weather,4,3,synthetic,coverage_p10_p90_pct,80.35714285714286,2
naive,prices+weather,4,3,synthetic,n,112.0,2
naive,prices+weather,spike_14d,3,synthetic,spike_events,27.0,2
naive,prices+weather,spike_14d,3,synthetic,spike_recall,0.0,2
naive,prices+weather,spike_14d,3,synthetic,spike_precision,,2
naive,prices+weather,spike_14d,3,synthetic,spike_false_alarm_rate,0.0,2
naive,prices+weather,spike_14d,3,synthetic,spike_brier,0.18805185807305555,2
naive,prices+weather,1,4,synthetic,pinball_p10,79.39141886747389,2
naive,prices+weather,1,4,synthetic,pinball_p50,198.51554044207754,2
naive,prices+weather,1,4,synthetic,pinball_p90,132.57081761370736,2
naive,prices+weather,1,4,synthetic,pinball_mean,136.8259256410863,2
naive,prices+weather,1,4,synthetic,mape_p50_pct,12.602340009867023,2
naive,prices+weather,1,4,synthetic,coverage_p10_p90_pct,92.85714285714286,2
naive,prices+weather,1,4,synthetic,n,112.0,2
naive,prices+weather,2,4,synthetic,pinball_p10,124.70314060048727,2
naive,prices+weather,2,4,synthetic,pinball_p50,308.3647643596906,2
naive,prices+weather,2,4,synthetic,pinball_p90,268.42072812927523,2
naive,prices+weather,2,4,synthetic,pinball_mean,233.82954436315103,2
naive,prices+weather,2,4,synthetic,mape_p50_pct,17.300341234783698,2
naive,prices+weather,2,4,synthetic,coverage_p10_p90_pct,89.28571428571429,2
naive,prices+weather,2,4,synthetic,n,112.0,2
naive,prices+weather,3,4,synthetic,pinball_p10,154.14843132670845,2
naive,prices+weather,3,4,synthetic,pinball_p50,414.76289377042485,2
naive,prices+weather,3,4,synthetic,pinball_p90,377.5585862853335,2
naive,prices+weather,3,4,synthetic,pinball_mean,315.48997046082224,2
naive,prices+weather,3,4,synthetic,mape_p50_pct,21.328464212443482,2
naive,prices+weather,3,4,synthetic,coverage_p10_p90_pct,85.71428571428571,2
naive,prices+weather,3,4,synthetic,n,112.0,2
naive,prices+weather,4,4,synthetic,pinball_p10,178.98261125539108,2
naive,prices+weather,4,4,synthetic,pinball_p50,521.4158380757627,2
naive,prices+weather,4,4,synthetic,pinball_p90,416.33763278018404,2
naive,prices+weather,4,4,synthetic,pinball_mean,372.24536070377934,2
naive,prices+weather,4,4,synthetic,mape_p50_pct,25.300546479867464,2
naive,prices+weather,4,4,synthetic,coverage_p10_p90_pct,80.35714285714286,2
naive,prices+weather,4,4,synthetic,n,112.0,2
naive,prices+weather,spike_14d,4,synthetic,spike_events,15.0,2
naive,prices+weather,spike_14d,4,synthetic,spike_recall,0.0,2
naive,prices+weather,spike_14d,4,synthetic,spike_precision,,2
naive,prices+weather,spike_14d,4,synthetic,spike_false_alarm_rate,0.0,2
naive,prices+weather,spike_14d,4,synthetic,spike_brier,0.14676760642791065,2
naive,prices+weather,1,5,synthetic,pinball_p10,112.11787793660685,2
naive,prices+weather,1,5,synthetic,pinball_p50,285.0453528193978,2
naive,prices+weather,1,5,synthetic,pinball_p90,148.07582642324874,2
naive,prices+weather,1,5,synthetic,pinball_mean,181.74635239308444,2
naive,prices+weather,1,5,synthetic,mape_p50_pct,18.11590989742006,2
naive,prices+weather,1,5,synthetic,coverage_p10_p90_pct,80.35714285714286,2
naive,prices+weather,1,5,synthetic,n,112.0,2
naive,prices+weather,2,5,synthetic,pinball_p10,176.02485263500083,2
naive,prices+weather,2,5,synthetic,pinball_p50,421.0812083834152,2
naive,prices+weather,2,5,synthetic,pinball_p90,269.1245804276043,2
naive,prices+weather,2,5,synthetic,pinball_mean,288.74354714867343,2
naive,prices+weather,2,5,synthetic,mape_p50_pct,24.6193556281561,2
naive,prices+weather,2,5,synthetic,coverage_p10_p90_pct,79.46428571428571,2
naive,prices+weather,2,5,synthetic,n,112.0,2
naive,prices+weather,3,5,synthetic,pinball_p10,195.2391839329787,2
naive,prices+weather,3,5,synthetic,pinball_p50,533.2315969938486,2
naive,prices+weather,3,5,synthetic,pinball_p90,310.8150729892351,2
naive,prices+weather,3,5,synthetic,pinball_mean,346.42861797202085,2
naive,prices+weather,3,5,synthetic,mape_p50_pct,30.508306796746304,2
naive,prices+weather,3,5,synthetic,coverage_p10_p90_pct,80.35714285714286,2
naive,prices+weather,3,5,synthetic,n,112.0,2
naive,prices+weather,4,5,synthetic,pinball_p10,189.48214596814162,2
naive,prices+weather,4,5,synthetic,pinball_p50,662.5899024319361,2
naive,prices+weather,4,5,synthetic,pinball_p90,409.4881660148709,2
naive,prices+weather,4,5,synthetic,pinball_mean,420.52007147164954,2
naive,prices+weather,4,5,synthetic,mape_p50_pct,35.20639194481934,2
naive,prices+weather,4,5,synthetic,coverage_p10_p90_pct,85.71428571428571,2
naive,prices+weather,4,5,synthetic,n,112.0,2
naive,prices+weather,spike_14d,5,synthetic,spike_events,44.0,2
naive,prices+weather,spike_14d,5,synthetic,spike_recall,0.0,2
naive,prices+weather,spike_14d,5,synthetic,spike_precision,,2
naive,prices+weather,spike_14d,5,synthetic,spike_false_alarm_rate,0.0,2
naive,prices+weather,spike_14d,5,synthetic,spike_brier,0.24722826945137483,2
naive,prices+weather,1,6,synthetic,pinball_p10,92.4965065097622,2
naive,prices+weather,1,6,synthetic,pinball_p50,286.288062449907,2
naive,prices+weather,1,6,synthetic,pinball_p90,149.9555702485077,2
naive,prices+weather,1,6,synthetic,pinball_mean,176.24671306939229,2
naive,prices+weather,1,6,synthetic,mape_p50_pct,16.889380243624537,2
naive,prices+weather,1,6,synthetic,coverage_p10_p90_pct,90.17857142857143,2
naive,prices+weather,1,6,synthetic,n,112.0,2
naive,prices+weather,2,6,synthetic,pinball_p10,139.64495423634608,2
naive,prices+weather,2,6,synthetic,pinball_p50,345.94633316709724,2
naive,prices+weather,2,6,synthetic,pinball_p90,286.9555568471155,2
naive,prices+weather,2,6,synthetic,pinball_mean,257.5156147501862,2
naive,prices+weather,2,6,synthetic,mape_p50_pct,17.975852131698517,2
naive,prices+weather,2,6,synthetic,coverage_p10_p90_pct,88.39285714285714,2
naive,prices+weather,2,6,synthetic,n,112.0,2
naive,prices+weather,3,6,synthetic,pinball_p10,176.2006893961796,2
naive,prices+weather,3,6,synthetic,pinball_p50,482.15851546138026,2
naive,prices+weather,3,6,synthetic,pinball_p90,345.73384977954316,2
naive,prices+weather,3,6,synthetic,pinball_mean,334.69768487903434,2
naive,prices+weather,3,6,synthetic,mape_p50_pct,23.363706296506635,2
naive,prices+weather,3,6,synthetic,coverage_p10_p90_pct,84.82142857142857,2
naive,prices+weather,3,6,synthetic,n,112.0,2
naive,prices+weather,4,6,synthetic,pinball_p10,204.5304017633661,2
naive,prices+weather,4,6,synthetic,pinball_p50,633.703047756108,2
naive,prices+weather,4,6,synthetic,pinball_p90,492.7422160749216,2
naive,prices+weather,4,6,synthetic,pinball_mean,443.65855519813186,2
naive,prices+weather,4,6,synthetic,mape_p50_pct,28.049598345524355,2
naive,prices+weather,4,6,synthetic,coverage_p10_p90_pct,79.46428571428571,2
naive,prices+weather,4,6,synthetic,n,112.0,2
naive,prices+weather,spike_14d,6,synthetic,spike_events,24.0,2
naive,prices+weather,spike_14d,6,synthetic,spike_recall,0.0,2
naive,prices+weather,spike_14d,6,synthetic,spike_precision,,2
naive,prices+weather,spike_14d,6,synthetic,spike_false_alarm_rate,0.0,2
naive,prices+weather,spike_14d,6,synthetic,spike_brier,0.17757304864537446,2
naive,prices+weather,1,7,synthetic,pinball_p10,116.4208746569281,2
naive,prices+weather,1,7,synthetic,pinball_p50,235.32653545470004,2
naive,prices+weather,1,7,synthetic,pinball_p90,143.66489772759567,2
naive,prices+weather,1,7,synthetic,pinball_mean,165.13743594640792,2
naive,prices+weather,1,7,synthetic,mape_p50_pct,12.33373771621222,2
naive,prices+weather,1,7,synthetic,coverage_p10_p90_pct,90.0,2
naive,prices+weather,1,7,synthetic,n,110.0,2
naive,prices+weather,2,7,synthetic,pinball_p10,158.28589051599195,2
naive,prices+weather,2,7,synthetic,pinball_p50,407.67134544734245,2
naive,prices+weather,2,7,synthetic,pinball_p90,315.0111158217896,2
naive,prices+weather,2,7,synthetic,pinball_mean,293.656117261708,2
naive,prices+weather,2,7,synthetic,mape_p50_pct,17.482418170340193,2
naive,prices+weather,2,7,synthetic,coverage_p10_p90_pct,91.81818181818183,2
naive,prices+weather,2,7,synthetic,n,110.0,2
naive,prices+weather,3,7,synthetic,pinball_p10,205.81468855765254,2
naive,prices+weather,3,7,synthetic,pinball_p50,604.5860778748427,2
naive,prices+weather,3,7,synthetic,pinball_p90,472.9922864116718,2
naive,prices+weather,3,7,synthetic,pinball_mean,427.79768428138897,2
naive,prices+weather,3,7,synthetic,mape_p50_pct,23.94202528222541,2
naive,prices+weather,3,7,synthetic,coverage_p10_p90_pct,85.45454545454545,2
naive,prices+weather,3,7,synthetic,n,110.0,2
naive,prices+weather,4,7,synthetic,pinball_p10,239.71369175795758,2
naive,prices+weather,4,7,synthetic,pinball_p50,771.6225551114793,2
naive,prices+weather,4,7,synthetic,pinball_p90,591.7077875050833,2
naive,prices+weather,4,7,synthetic,pinball_mean,534.3480114581733,2
naive,prices+weather,4,7,synthetic,mape_p50_pct,29.062922659544434,2
naive,prices+weather,4,7,synthetic,coverage_p10_p90_pct,80.9090909090909,2
naive,prices+weather,4,7,synthetic,n,110.0,2
naive,prices+weather,spike_14d,7,synthetic,spike_events,29.0,2
naive,prices+weather,spike_14d,7,synthetic,spike_recall,0.0,2
naive,prices+weather,spike_14d,7,synthetic,spike_precision,,2
naive,prices+weather,spike_14d,7,synthetic,spike_false_alarm_rate,0.0,2
naive,prices+weather,spike_14d,7,synthetic,spike_brier,0.2108437264144104,2
naive,prices+weather,1,8,synthetic,pinball_p10,73.19222450729954,2
naive,prices+weather,1,8,synthetic,pinball_p50,164.26577113927365,2
naive,prices+weather,1,8,synthetic,pinball_p90,89.45851185378943,2
naive,prices+weather,1,8,synthetic,pinball_mean,108.97216916678754,2
naive,prices+weather,1,8,synthetic,mape_p50_pct,14.898763885669858,2
naive,prices+weather,1,8,synthetic,coverage_p10_p90_pct,89.28571428571429,2
naive,prices+weather,1,8,synthetic,n,112.0,2
naive,prices+weather,2,8,synthetic,pinball_p10,107.92420627118067,2
naive,prices+weather,2,8,synthetic,pinball_p50,281.7186208832,2
naive,prices+weather,2,8,synthetic,pinball_p90,235.565483809105,2
naive,prices+weather,2,8,synthetic,pinball_mean,208.4027703211619,2
naive,prices+weather,2,8,synthetic,mape_p50_pct,21.062280809386852,2
naive,prices+weather,2,8,synthetic,coverage_p10_p90_pct,80.35714285714286,2
naive,prices+weather,2,8,synthetic,n,112.0,2
naive,prices+weather,3,8,synthetic,pinball_p10,136.45603443047747,2
naive,prices+weather,3,8,synthetic,pinball_p50,371.7865667302184,2
naive,prices+weather,3,8,synthetic,pinball_p90,312.7926578825275,2
naive,prices+weather,3,8,synthetic,pinball_mean,273.67841968107444,2
naive,prices+weather,3,8,synthetic,mape_p50_pct,26.426377639283494,2
naive,prices+weather,3,8,synthetic,coverage_p10_p90_pct,78.57142857142857,2
naive,prices+weather,3,8,synthetic,n,112.0,2
naive,prices+weather,4,8,synthetic,pinball_p10,147.06019943719434,2
naive,prices+weather,4,8,synthetic,pinball_p50,457.07247145946013,2
naive,prices+weather,4,8,synthetic,pinball_p90,337.7985701641484,2
naive,prices+weather,4,8,synthetic,pinball_mean,313.9770803536009,2
naive,prices+weather,4,8,synthetic,mape_p50_pct,30.729104779880196,2
naive,prices+weather,4,8,synthetic,coverage_p10_p90_pct,78.57142857142857,2
naive,prices+weather,4,8,synthetic,n,112.0,2
naive,prices+weather,spike_14d,8,synthetic,spike_events,24.0,2
naive,prices+weather,spike_14d,8,synthetic,spike_recall,0.0,2
naive,prices+weather,spike_14d,8,synthetic,spike_precision,,2
naive,prices+weather,spike_14d,8,synthetic,spike_false_alarm_rate,0.0,2
naive,prices+weather,spike_14d,8,synthetic,spike_brier,0.1777672274964203,2
naive,prices+weather,1,9,synthetic,pinball_p10,80.15300666918601,2
naive,prices+weather,1,9,synthetic,pinball_p50,204.9926092028827,2
naive,prices+weather,1,9,synthetic,pinball_p90,130.7451104262268,2
naive,prices+weather,1,9,synthetic,pinball_mean,138.63024209943185,2
naive,prices+weather,1,9,synthetic,mape_p50_pct,16.370846388176933,2
naive,prices+weather,1,9,synthetic,coverage_p10_p90_pct,81.25,2
naive,prices+weather,1,9,synthetic,n,112.0,2
naive,prices+weather,2,9,synthetic,pinball_p10,114.7788987353722,2
naive,prices+weather,2,9,synthetic,pinball_p50,334.73113966511676,2
naive,prices+weather,2,9,synthetic,pinball_p90,209.01760432637735,2
naive,prices+weather,2,9,synthetic,pinball_mean,219.50921424228878,2
naive,prices+weather,2,9,synthetic,mape_p50_pct,24.504439640323078,2
naive,prices+weather,2,9,synthetic,coverage_p10_p90_pct,81.25,2
naive,prices+weather,2,9,synthetic,n,112.0,2
naive,prices+weather,3,9,synthetic,pinball_p10,144.4411098137741,2
naive,prices+weather,3,9,synthetic,pinball_p50,471.3837857955113,2
naive,prices+weather,3,9,synthetic,pinball_p90,330.63284768158036,2
naive,prices+weather,3,9,synthetic,pinball_mean,315.4859144302886,2
naive,prices+weather,3,9,synthetic,mape_p50_pct,30.61038828584867,2
naive,prices+weather,3,9,synthetic,coverage_p10_p90_pct,81.25,2
naive,prices+weather,3,9,synthetic,n,112.0,2
naive,prices+weather,4,9,synthetic,pinball_p10,175.46899497092048,2
naive,prices+weather,4,9,synthetic,pinball_p50,604.0316002510007,2
naive,prices+weather,4,9,synthetic,pinball_p90,461.3800173422561,2
naive,prices+weather,4,9,synthetic,pinball_mean,413.6268708547257,2
naive,prices+weather,4,9,synthetic,mape_p50_pct,35.865602631059545,2
naive,prices+weather,4,9,synthetic,coverage_p10_p90_pct,71.42857142857143,2
naive,prices+weather,4,9,synthetic,n,112.0,2
naive,prices+weather,spike_14d,9,synthetic,spike_events,35.0,2
naive,prices+weather,spike_14d,9,synthetic,spike_recall,0.0,2
naive,prices+weather,spike_14d,9,synthetic,spike_precision,,2
naive,prices+weather,spike_14d,9,synthetic,spike_false_alarm_rate,0.0,2
naive,prices+weather,spike_14d,9,synthetic,spike_brier,0.21522080133865445,2
naive,prices+weather,1,10,synthetic,pinball_p10,92.9347714588699,2
naive,prices+weather,1,10,synthetic,pinball_p50,204.6409572633013,2
naive,prices+weather,1,10,synthetic,pinball_p90,145.26258876758408,2
naive,prices+weather,1,10,synthetic,pinball_mean,147.6127724965851,2
naive,prices+weather,1,10,synthetic,mape_p50_pct,16.232138612477318,2
naive,prices+weather,1,10,synthetic,coverage_p10_p90_pct,85.71428571428571,2
naive,prices+weather,1,10,synthetic,n,112.0,2
naive,prices+weather,2,10,synthetic,pinball_p10,127.24189955529798,2
naive,prices+weather,2,10,synthetic,pinball_p50,358.8008727856771,2
naive,prices+weather,2,10,synthetic,pinball_p90,359.145457094444,2
naive,prices+weather,2,10,synthetic,pinball_mean,281.72940981180636,2
naive,prices+weather,2,10,synthetic,mape_p50_pct,22.310362293460383,2
naive,prices+weather,2,10,synthetic,coverage_p10_p90_pct,82.14285714285714,2
naive,prices+weather,2,10,synthetic,n,112.0,2
naive,prices+weather,3,10,synthetic,pinball_p10,156.7214901110389,2
naive,prices+weather,3,10,synthetic,pinball_p50,521.5716095611854,2
naive,prices+weather,3,10,synthetic,pinball_p90,530.0633759741919,2
naive,prices+weather,3,10,synthetic,pinball_mean,402.78549188213873,2
naive,prices+weather,3,10,synthetic,mape_p50_pct,29.395513811804314,2
naive,prices+weather,3,10,synthetic,coverage_p10_p90_pct,79.46428571428571,2
naive,prices+weather,3,10,synthetic,n,112.0,2
naive,prices+weather,4,10,synthetic,pinball_p10,179.35753698625837,2
naive,prices+weather,4,10,synthetic,pinball_p50,654.7821543383951,2
naive,prices+weather,4,10,synthetic,pinball_p90,606.6208204608675,2
naive,prices+weather,4,10,synthetic,pinball_mean,480.253503928507,2
naive,prices+weather,4,10,synthetic,mape_p50_pct,36.18955182977086,2
naive,prices+weather,4,10,synthetic,coverage_p10_p90_pct,70.53571428571429,2
naive,prices+weather,4,10,synthetic,n,112.0,2
naive,prices+weather,spike_14d,10,synthetic,spike_events,20.0,2
naive,prices+weather,spike_14d,10,synthetic,spike_recall,0.0,2
naive,prices+weather,spike_14d,10,synthetic,spike_precision,,2
naive,prices+weather,spike_14d,10,synthetic,spike_false_alarm_rate,0.0,2
naive,prices+weather,spike_14d,10,synthetic,spike_brier,0.16415583638805417,2
naive,prices+weather,1,11,synthetic,pinball_p10,98.85640541758065,2
naive,prices+weather,1,11,synthetic,pinball_p50,251.98656325967582,2
naive,prices+weather,1,11,synthetic,pinball_p90,138.46793456744456,2
naive,prices+weather,1,11,synthetic,pinball_mean,163.10363441490034,2
naive,prices+weather,1,11,synthetic,mape_p50_pct,15.356820808409413,2
naive,prices+weather,1,11,synthetic,coverage_p10_p90_pct,85.71428571428571,2
naive,prices+weather,1,11,synthetic,n,112.0,2
naive,prices+weather,2,11,synthetic,pinball_p10,143.84983803253957,2
naive,prices+weather,2,11,synthetic,pinball_p50,435.417557269802,2
naive,prices+weather,2,11,synthetic,pinball_p90,328.42345641435634,2
naive,prices+weather,2,11,synthetic,pinball_mean,302.5636172388993,2
naive,prices+weather,2,11,synthetic,mape_p50_pct,23.357306236941014,2
naive,prices+weather,2,11,synthetic,coverage_p10_p90_pct,85.71428571428571,2
naive,prices+weather,2,11,synthetic,n,112.0,2
naive,prices+weather,3,11,synthetic,pinball_p10,180.63369147015777,2
naive,prices+weather,3,11,synthetic,pinball_p50,628.5370953638578,2
naive,prices+weather,3,11,synthetic,pinball_p90,540.7218736997932,2
naive,prices+weather,3,11,synthetic,pinball_mean,449.9642201779363,2
naive,prices+weather,3,11,synthetic,mape_p50_pct,29.14161252162052,2
naive,prices+weather,3,11,synthetic,coverage_p10_p90_pct,83.92857142857143,2
naive,prices+weather,3,11,synthetic,n,112.0,2
naive,prices+weather,4,11,synthetic,pinball_p10,216.76813978413543,2
naive,prices+weather,4,11,synthetic,pinball_p50,753.5888567740628,2
naive,prices+weather,4,11,synthetic,pinball_p90,674.4529112007847,2
naive,prices+weather,4,11,synthetic,pinball_mean,548.2699692529943,2
naive,prices+weather,4,11,synthetic,mape_p50_pct,31.31765314834727,2
naive,prices+weather,4,11,synthetic,coverage_p10_p90_pct,79.46428571428571,2
naive,prices+weather,4,11,synthetic,n,112.0,2
naive,prices+weather,spike_14d,11,synthetic,spike_events,20.0,2
naive,prices+weather,spike_14d,11,synthetic,spike_recall,0.0,2
naive,prices+weather,spike_14d,11,synthetic,spike_precision,,2
naive,prices+weather,spike_14d,11,synthetic,spike_false_alarm_rate,0.0,2
naive,prices+weather,spike_14d,11,synthetic,spike_brier,0.16422690561961323,2
naive,prices+weather,1,12,synthetic,pinball_p10,92.61093068655519,2
naive,prices+weather,1,12,synthetic,pinball_p50,221.94798749384532,2
naive,prices+weather,1,12,synthetic,pinball_p90,129.3541518005341,2
naive,prices+weather,1,12,synthetic,pinball_mean,147.9710233269782,2
naive,prices+weather,1,12,synthetic,mape_p50_pct,14.389994992334252,2
naive,prices+weather,1,12,synthetic,coverage_p10_p90_pct,89.28571428571429,2
naive,prices+weather,1,12,synthetic,n,112.0,2
naive,prices+weather,2,12,synthetic,pinball_p10,128.33472797735274,2
naive,prices+weather,2,12,synthetic,pinball_p50,317.0732123093191,2
naive,prices+weather,2,12,synthetic,pinball_p90,257.9788352103595,2
naive,prices+weather,2,12,synthetic,pinball_mean,234.46225849901043,2
naive,prices+weather,2,12,synthetic,mape_p50_pct,17.778336541812667,2
naive,prices+weather,2,12,synthetic,coverage_p10_p90_pct,88.39285714285714,2
naive,prices+weather,2,12,synthetic,n,112.0,2
naive,prices+weather,3,12,synthetic,pinball_p10,167.00381470873552,2
naive,prices+weather,3,12,synthetic,pinball_p50,446.66765901453,2
naive,prices+weather,3,12,synthetic,pinball_p90,333.896477816958,2
naive,prices+weather,3,12,synthetic,pinball_mean,315.85598384674114,2
naive,prices+weather,3,12,synthetic,mape_p50_pct,23.03689939019507,2
naive,prices+weather,3,12,synthetic,coverage_p10_p90_pct,87.5,2
naive,prices+weather,3,12,synthetic,n,112.0,2
naive,prices+weather,4,12,synthetic,pinball_p10,193.46352916173478,2
naive,prices+weather,4,12,synthetic,pinball_p50,560.5955463563606,2
naive,prices+weather,4,12,synthetic,pinball_p90,396.645944924153,2
naive,prices+weather,4,12,synthetic,pinball_mean,383.56834014741617,2
naive,prices+weather,4,12,synthetic,mape_p50_pct,26.457695325913072,2
naive,prices+weather,4,12,synthetic,coverage_p10_p90_pct,81.25,2
naive,prices+weather,4,12,synthetic,n,112.0,2
naive,prices+weather,spike_14d,12,synthetic,spike_events,19.0,2
naive,prices+weather,spike_14d,12,synthetic,spike_recall,0.0,2
naive,prices+weather,spike_14d,12,synthetic,spike_precision,,2
naive,prices+weather,spike_14d,12,synthetic,spike_false_alarm_rate,0.0,2
naive,prices+weather,spike_14d,12,synthetic,spike_brier,0.1607461720339554,2
naive,prices+weather,1,13,synthetic,pinball_p10,111.69224099653422,2
naive,prices+weather,1,13,synthetic,pinball_p50,328.31875535430015,2
naive,prices+weather,1,13,synthetic,pinball_p90,150.68011318268893,2
naive,prices+weather,1,13,synthetic,pinball_mean,196.89703651117443,2
naive,prices+weather,1,13,synthetic,mape_p50_pct,17.26608915257594,2
naive,prices+weather,1,13,synthetic,coverage_p10_p90_pct,86.60714285714286,2
naive,prices+weather,1,13,synthetic,n,112.0,2
naive,prices+weather,2,13,synthetic,pinball_p10,170.11652404080527,2
naive,prices+weather,2,13,synthetic,pinball_p50,451.91536757269984,2
naive,prices+weather,2,13,synthetic,pinball_p90,287.494121743251,2
naive,prices+weather,2,13,synthetic,pinball_mean,303.1753377855853,2
naive,prices+weather,2,13,synthetic,mape_p50_pct,23.16745851405888,2
naive,prices+weather,2,13,synthetic,coverage_p10_p90_pct,84.82142857142857,2
naive,prices+weather,2,13,synthetic,n,112.0,2
naive,prices+weather,3,13,synthetic,pinball_p10,239.19493814327967,2
naive,prices+weather,3,13,synthetic,pinball_p50,641.3103971985648,2
naive,prices+weather,3,13,synthetic,pinball_p90,400.91674300521635,2
naive,prices+weather,3,13,synthetic,pinball_mean,427.14069278235365,2
naive,prices+weather,3,13,synthetic,mape_p50_pct,31.399524010934783,2
naive,prices+weather,3,13,synthetic,coverage_p10_p90_pct,77.67857142857143,2
naive,prices+weather,3,13,synthetic,n,112.0,2
naive,prices+weather,4,13,synthetic,pinball_p10,289.0276772095249,2
naive,prices+weather,4,13,synthetic,pinball_p50,895.252068994374,2
naive,prices+weather,4,13,synthetic,pinball_p90,564.7678220866699,2
naive,prices+weather,4,13,synthetic,pinball_mean,583.0158560968563,2
naive,prices+weather,4,13,synthetic,mape_p50_pct,40.83606955879339,2
naive,prices+weather,4,13,synthetic,coverage_p10_p90_pct,73.21428571428571,2
naive,prices+weather,4,13,synthetic,n,112.0,2
naive,prices+weather,spike_14d,13,synthetic,spike_events,34.0,2
naive,prices+weather,spike_14d,13,synthetic,spike_recall,0.0,2
naive,prices+weather,spike_14d,13,synthetic,spike_precision,,2
naive,prices+weather,spike_14d,13,synthetic,spike_false_alarm_rate,0.0,2
naive,prices+weather,spike_14d,13,synthetic,spike_brier,0.21189655450201852,2
naive,prices+weather,1,14,synthetic,pinball_p10,70.34739844176643,2
naive,prices+weather,1,14,synthetic,pinball_p50,157.72449265936493,2
naive,prices+weather,1,14,synthetic,pinball_p90,105.25555240562483,2
naive,prices+weather,1,14,synthetic,pinball_mean,111.1091478355854,2
naive,prices+weather,1,14,synthetic,mape_p50_pct,17.151597020037144,2
naive,prices+weather,1,14,synthetic,coverage_p10_p90_pct,76.78571428571429,2
naive,prices+weather,1,14,synthetic,n,112.0,2
naive,prices+weather,2,14,synthetic,pinball_p10,93.245026652907,2
naive,prices+weather,2,14,synthetic,pinball_p50,258.16572660658784,2
naive,prices+weather,2,14,synthetic,pinball_p90,167.07605128531364,2
naive,prices+weather,2,14,synthetic,pinball_mean,172.82893484826948,2
naive,prices+weather,2,14,synthetic,mape_p50_pct,24.860087355933917,2
naive,prices+weather,2,14,synthetic,coverage_p10_p90_pct,77.67857142857143,2
naive,prices+weather,2,14,synthetic,n,112.0,2
naive,prices+weather,3,14,synthetic,pinball_p10,139.86100846133246,2
naive,prices+weather,3,14,synthetic,pinball_p50,373.40892599643377,2
naive,prices+weather,3,14,synthetic,pinball_p90,260.5407748412767,2
naive,prices+weather,3,14,synthetic,pinball_mean,257.93690309968093,2
naive,prices+weather,3,14,synthetic,mape_p50_pct,31.84301683833059,2
naive,prices+weather,3,14,synthetic,coverage_p10_p90_pct,79.46428571428571,2
naive,prices+weather,3,14,synthetic,n,112.0,2
naive,prices+weather,4,14,synthetic,pinball_p10,161.49312488405948,2
naive,prices+weather,4,14,synthetic,pinball_p50,479.57976221337145,2
naive,prices+weather,4,14,synthetic,pinball_p90,338.0171299943764,2
naive,prices+weather,4,14,synthetic,pinball_mean,326.36333903060245,2
naive,prices+weather,4,14,synthetic,mape_p50_pct,37.5613251909084,2
naive,prices+weather,4,14,synthetic,coverage_p10_p90_pct,66.07142857142857,2
naive,prices+weather,4,14,synthetic,n,112.0,2
naive,prices+weather,spike_14d,14,synthetic,spike_events,27.0,2
naive,prices+weather,spike_14d,14,synthetic,spike_recall,0.0,2
naive,prices+weather,spike_14d,14,synthetic,spike_precision,,2
naive,prices+weather,spike_14d,14,synthetic,spike_false_alarm_rate,0.0,2
naive,prices+weather,spike_14d,14,synthetic,spike_brier,0.1886713626312139,2
naive,prices+weather,1,15,synthetic,pinball_p10,66.72639342960701,2
naive,prices+weather,1,15,synthetic,pinball_p50,207.24604306182064,2
naive,prices+weather,1,15,synthetic,pinball_p90,125.44146831265152,2
naive,prices+weather,1,15,synthetic,pinball_mean,133.13796826802638,2
naive,prices+weather,1,15,synthetic,mape_p50_pct,16.320651708880956,2
naive,prices+weather,1,15,synthetic,coverage_p10_p90_pct,87.5,2
naive,prices+weather,1,15,synthetic,n,112.0,2
naive,prices+weather,2,15,synthetic,pinball_p10,100.38310838432115,2
naive,prices+weather,2,15,synthetic,pinball_p50,283.90386760533914,2
naive,prices+weather,2,15,synthetic,pinball_p90,180.4692484867002,2
naive,prices+weather,2,15,synthetic,pinball_mean,188.2520748254535,2
naive,prices+weather,2,15,synthetic,mape_p50_pct,20.438195668499066,2
naive,prices+weather,2,15,synthetic,coverage_p10_p90_pct,85.71428571428571,2
naive,prices+weather,2,15,synthetic,n,112.0,2
naive,prices+weather,3,15,synthetic,pinball_p10,128.9495824002137,2
naive,prices+weather,3,15,synthetic,pinball_p50,391.9415779136025,2
naive,prices+weather,3,15,synthetic,pinball_p90,198.9496848312618,2
naive,prices+weather,3,15,synthetic,pinball_mean,239.94694838169266,2
naive,prices+weather,3,15,synthetic,mape_p50_pct,26.852421797552083,2
naive,prices+weather,3,15,synthetic,coverage_p10_p90_pct,83.03571428571429,2
naive,prices+weather,3,15,synthetic,n,112.0,2
naive,prices+weather,4,15,synthetic,pinball_p10,146.26253632689028,2
naive,prices+weather,4,15,synthetic,pinball_p50,501.367455617737,2
naive,prices+weather,4,15,synthetic,pinball_p90,281.6047665591633,2
naive,prices+weather,4,15,synthetic,pinball_mean,309.7449195012635,2
naive,prices+weather,4,15,synthetic,mape_p50_pct,33.12743408770375,2
naive,prices+weather,4,15,synthetic,coverage_p10_p90_pct,83.92857142857143,2
naive,prices+weather,4,15,synthetic,n,112.0,2
naive,prices+weather,spike_14d,15,synthetic,spike_events,33.0,2
naive,prices+weather,spike_14d,15,synthetic,spike_recall,0.0,2
naive,prices+weather,spike_14d,15,synthetic,spike_precision,,2
naive,prices+weather,spike_14d,15,synthetic,spike_false_alarm_rate,0.0,2
naive,prices+weather,spike_14d,15,synthetic,spike_brier,0.20919325770335878,2
naive,prices+weather,1,16,synthetic,pinball_p10,126.1090623258892,2
naive,prices+weather,1,16,synthetic,pinball_p50,264.04478840992743,2
naive,prices+weather,1,16,synthetic,pinball_p90,126.31897211553292,2
naive,prices+weather,1,16,synthetic,pinball_mean,172.1576076171165,2
naive,prices+weather,1,16,synthetic,mape_p50_pct,20.690965435285865,2
naive,prices+weather,1,16,synthetic,coverage_p10_p90_pct,88.39285714285714,2
naive,prices+weather,1,16,synthetic,n,112.0,2
naive,prices+weather,2,16,synthetic,pinball_p10,177.9903491219146,2
naive,prices+weather,2,16,synthetic,pinball_p50,385.3140370180703,2
naive,prices+weather,2,16,synthetic,pinball_p90,224.47031395198596,2
naive,prices+weather,2,16,synthetic,pinball_mean,262.59156669732363,2
naive,prices+weather,2,16,synthetic,mape_p50_pct,29.43860790366154,2
naive,prices+weather,2,16,synthetic,coverage_p10_p90_pct,75.0,2
naive,prices+weather,2,16,synthetic,n,112.0,2
naive,prices+weather,3,16,synthetic,pinball_p10,184.0128125755296,2
naive,prices+weather,3,16,synthetic,pinball_p50,496.8014128721963,2
naive,prices+weather,3,16,synthetic,pinball_p90,252.8563177240442,2
naive,prices+weather,3,16,synthetic,pinball_mean,311.22351439059,2
naive,prices+weather,3,16,synthetic,mape_p50_pct,36.25655270557119,2
naive,prices+weather,3,16,synthetic,coverage_p10_p90_pct,75.89285714285714,2
naive,prices+weather,3,16,synthetic,n,112.0,2
naive,prices+weather,4,16,synthetic,pinball_p10,193.1052349027188,2
naive,prices+weather,4,16,synthetic,pinball_p50,638.4829623151238,2
naive,prices+weather,4,16,synthetic,pinball_p90,327.75465570588494,2
naive,prices+weather,4,16,synthetic,pinball_mean,386.4476176412425,2
naive,prices+weather,4,16,synthetic,mape_p50_pct,44.329587660220135,2
naive,prices+weather,4,16,synthetic,coverage_p10_p90_pct,74.10714285714286,2
naive,prices+weather,4,16,synthetic,n,112.0,2
naive,prices+weather,spike_14d,16,synthetic,spike_events,35.0,2
naive,prices+weather,spike_14d,16,synthetic,spike_recall,0.0,2
naive,prices+weather,spike_14d,16,synthetic,spike_precision,,2
naive,prices+weather,spike_14d,16,synthetic,spike_false_alarm_rate,0.0,2
naive,prices+weather,spike_14d,16,synthetic,spike_brier,0.21471830808032763,2
naive,prices+weather,1,17,synthetic,pinball_p10,95.88125155600373,2
naive,prices+weather,1,17,synthetic,pinball_p50,254.13165482234766,2
naive,prices+weather,1,17,synthetic,pinball_p90,123.90633479296571,2
naive,prices+weather,1,17,synthetic,pinball_mean,157.97308039043904,2
naive,prices+weather,1,17,synthetic,mape_p50_pct,16.21640117931233,2
naive,prices+weather,1,17,synthetic,coverage_p10_p90_pct,85.71428571428571,2
naive,prices+weather,1,17,synthetic,n,112.0,2
naive,prices+weather,2,17,synthetic,pinball_p10,137.7936421070841,2
naive,prices+weather,2,17,synthetic,pinball_p50,492.9763651427293,2
naive,prices+weather,2,17,synthetic,pinball_p90,243.0947603497319,2
naive,prices+weather,2,17,synthetic,pinball_mean,291.28825586651516,2
naive,prices+weather,2,17,synthetic,mape_p50_pct,30.070028307421637,2
naive,prices+weather,2,17,synthetic,coverage_p10_p90_pct,76.78571428571429,2
naive,prices+weather,2,17,synthetic,n,112.0,2
naive,prices+weather,3,17,synthetic,pinball_p10,199.1338746064373,2
naive,prices+weather,3,17,synthetic,pinball_p50,663.4079409315664,2
naive,prices+weather,3,17,synthetic,pinball_p90,359.2514229157433,2
naive,prices+weather,3,17,synthetic,pinball_mean,407.2644128179157,2
naive,prices+weather,3,17,synthetic,mape_p50_pct,39.03020508190809,2
naive,prices+weather,3,17,synthetic,coverage_p10_p90_pct,73.21428571428571,2
naive,prices+weather,3,17,synthetic,n,112.0,2
naive,prices+weather,4,17,synthetic,pinball_p10,249.94277255516732,2
naive,prices+weather,4,17,synthetic,pinball_p50,799.8147471528575,2
naive,prices+weather,4,17,synthetic,pinball_p90,498.53080828501487,2
naive,prices+weather,4,17,synthetic,pinball_mean,516.0961093310133,2
naive,prices+weather,4,17,synthetic,mape_p50_pct,44.384167416719464,2
naive,prices+weather,4,17,synthetic,coverage_p10_p90_pct,61.60714285714286,2
naive,prices+weather,4,17,synthetic,n,112.0,2
naive,prices+weather,spike_14d,17,synthetic,spike_events,38.0,2
naive,prices+weather,spike_14d,17,synthetic,spike_recall,0.0,2
naive,prices+weather,spike_14d,17,synthetic,spike_precision,,2
naive,prices+weather,spike_14d,17,synthetic,spike_false_alarm_rate,0.0,2
naive,prices+weather,spike_14d,17,synthetic,spike_brier,0.22603339916936527,2
naive,prices+weather,1,18,synthetic,pinball_p10,107.2840380642883,2
naive,prices+weather,1,18,synthetic,pinball_p50,305.0952844968724,2
naive,prices+weather,1,18,synthetic,pinball_p90,187.51865275962518,2
naive,prices+weather,1,18,synthetic,pinball_mean,199.9659917735953,2
naive,prices+weather,1,18,synthetic,mape_p50_pct,18.751035536175273,2
naive,prices+weather,1,18,synthetic,coverage_p10_p90_pct,83.03571428571429,2
naive,prices+weather,1,18,synthetic,n,112.0,2
naive,prices+weather,2,18,synthetic,pinball_p10,152.3809874503426,2
naive,prices+weather,2,18,synthetic,pinball_p50,451.6739199831397,2
naive,prices+weather,2,18,synthetic,pinball_p90,321.3596002726064,2
naive,prices+weather,2,18,synthetic,pinball_mean,308.4715025686962,2
naive,prices+weather,2,18,synthetic,mape_p50_pct,26.82742591806062,2
naive,prices+weather,2,18,synthetic,coverage_p10_p90_pct,80.35714285714286,2
naive,prices+weather,2,18,synthetic,n,112.0,2
naive,prices+weather,3,18,synthetic,pinball_p10,181.8769688677616,2
naive,prices+weather,3,18,synthetic,pinball_p50,621.8749069542349,2
naive,prices+weather,3,18,synthetic,pinball_p90,412.84041844093645,2
naive,prices+weather,3,18,synthetic,pinball_mean,405.53076475431095,2
naive,prices+weather,3,18,synthetic,mape_p50_pct,36.09598602923033,2
naive,prices+weather,3,18,synthetic,coverage_p10_p90_pct,67.85714285714286,2
naive,prices+weather,3,18,synthetic,n,112.0,2
naive,prices+weather,4,18,synthetic,pinball_p10,203.56659773865366,2
naive,prices+weather,4,18,synthetic,pinball_p50,808.1897240774778,2
naive,prices+weather,4,18,synthetic,pinball_p90,512.8178387321834,2
naive,prices+weather,4,18,synthetic,pinball_mean,508.1913868494383,2
naive,prices+weather,4,18,synthetic,mape_p50_pct,44.872030169941496,2
naive,prices+weather,4,18,synthetic,coverage_p10_p90_pct,68.75,2
naive,prices+weather,4,18,synthetic,n,112.0,2
naive,prices+weather,spike_14d,18,synthetic,spike_events,37.0,2
naive,prices+weather,spike_14d,18,synthetic,spike_recall,0.0,2
naive,prices+weather,spike_14d,18,synthetic,spike_precision,,2
naive,prices+weather,spike_14d,18,synthetic,spike_false_alarm_rate,0.0,2
naive,prices+weather,spike_14d,18,synthetic,spike_brier,0.22324109397775696,2
lightgbm_v1,prices+weather,1,ALL,synthetic,pinball_p10,114.041431863486,2
lightgbm_v1,prices+weather,1,ALL,synthetic,pinball_p50,210.73805169472368,2
lightgbm_v1,prices+weather,1,ALL,synthetic,pinball_p90,122.99349499975901,2
lightgbm_v1,prices+weather,1,ALL,synthetic,pinball_mean,149.2576595193229,2
lightgbm_v1,prices+weather,1,ALL,synthetic,mape_p50_pct,14.852478612051556,2
lightgbm_v1,prices+weather,1,ALL,synthetic,coverage_p10_p90_pct,70.45680238331678,2
lightgbm_v1,prices+weather,1,ALL,synthetic,n,2014.0,2
lightgbm_v1,prices+weather,2,ALL,synthetic,pinball_p10,191.37480489855702,2
lightgbm_v1,prices+weather,2,ALL,synthetic,pinball_p50,314.0469077327433,2
lightgbm_v1,prices+weather,2,ALL,synthetic,pinball_p90,254.77008828174812,2
lightgbm_v1,prices+weather,2,ALL,synthetic,pinball_mean,253.39726697101617,2
lightgbm_v1,prices+weather,2,ALL,synthetic,mape_p50_pct,20.030007155013443,2
lightgbm_v1,prices+weather,2,ALL,synthetic,coverage_p10_p90_pct,62.8103277060576,2
lightgbm_v1,prices+weather,2,ALL,synthetic,n,2014.0,2
lightgbm_v1,prices+weather,3,ALL,synthetic,pinball_p10,250.0826465463463,2
lightgbm_v1,prices+weather,3,ALL,synthetic,pinball_p50,425.1334936672029,2
lightgbm_v1,prices+weather,3,ALL,synthetic,pinball_p90,376.52862539144127,2
lightgbm_v1,prices+weather,3,ALL,synthetic,pinball_mean,350.58158853499685,2
lightgbm_v1,prices+weather,3,ALL,synthetic,mape_p50_pct,24.628549599488068,2
lightgbm_v1,prices+weather,3,ALL,synthetic,coverage_p10_p90_pct,56.007944389275075,2
lightgbm_v1,prices+weather,3,ALL,synthetic,n,2014.0,2
lightgbm_v1,prices+weather,4,ALL,synthetic,pinball_p10,326.7085340637893,2
lightgbm_v1,prices+weather,4,ALL,synthetic,pinball_p50,553.0901912799847,2
lightgbm_v1,prices+weather,4,ALL,synthetic,pinball_p90,474.44639511065725,2
lightgbm_v1,prices+weather,4,ALL,synthetic,pinball_mean,451.41504015147706,2
lightgbm_v1,prices+weather,4,ALL,synthetic,mape_p50_pct,30.093007302298506,2
lightgbm_v1,prices+weather,4,ALL,synthetic,coverage_p10_p90_pct,45.43197616683218,2
lightgbm_v1,prices+weather,4,ALL,synthetic,n,2014.0,2
lightgbm_v1,prices+weather,spike_14d,ALL,synthetic,spike_events,519.0,2
lightgbm_v1,prices+weather,spike_14d,ALL,synthetic,spike_recall,0.17148362235067438,2
lightgbm_v1,prices+weather,spike_14d,ALL,synthetic,spike_precision,0.45408163265306123,2
lightgbm_v1,prices+weather,spike_14d,ALL,synthetic,spike_false_alarm_rate,0.07219973009446694,2
lightgbm_v1,prices+weather,spike_14d,ALL,synthetic,spike_brier,0.1735242762837887,2
lightgbm_v1,prices+weather,1,1,synthetic,pinball_p10,68.12046271280322,2
lightgbm_v1,prices+weather,1,1,synthetic,pinball_p50,108.41205407487799,2
lightgbm_v1,prices+weather,1,1,synthetic,pinball_p90,78.64069091420492,2
lightgbm_v1,prices+weather,1,1,synthetic,pinball_mean,85.05773590062871,2
lightgbm_v1,prices+weather,1,1,synthetic,mape_p50_pct,11.165595429631987,2
lightgbm_v1,prices+weather,1,1,synthetic,coverage_p10_p90_pct,78.57142857142857,2
lightgbm_v1,prices+weather,1,1,synthetic,n,112.0,2
lightgbm_v1,prices+weather,2,1,synthetic,pinball_p10,117.20865065687288,2
lightgbm_v1,prices+weather,2,1,synthetic,pinball_p50,181.4999432910459,2
lightgbm_v1,prices+weather,2,1,synthetic,pinball_p90,182.0915329241679,2
lightgbm_v1,prices+weather,2,1,synthetic,pinball_mean,160.26670895736223,2
lightgbm_v1,prices+weather,2,1,synthetic,mape_p50_pct,16.045159134358375,2
lightgbm_v1,prices+weather,2,1,synthetic,coverage_p10_p90_pct,63.39285714285714,2
lightgbm_v1,prices+weather,2,1,synthetic,n,112.0,2
lightgbm_v1,prices+weather,3,1,synthetic,pinball_p10,164.0690940069557,2
lightgbm_v1,prices+weather,3,1,synthetic,pinball_p50,257.7964268241286,2
lightgbm_v1,prices+weather,3,1,synthetic,pinball_p90,271.37321385360275,2
lightgbm_v1,prices+weather,3,1,synthetic,pinball_mean,231.07957822822902,2
lightgbm_v1,prices+weather,3,1,synthetic,mape_p50_pct,20.737358060160087,2
lightgbm_v1,prices+weather,3,1,synthetic,coverage_p10_p90_pct,56.25,2
lightgbm_v1,prices+weather,3,1,synthetic,n,112.0,2
lightgbm_v1,prices+weather,4,1,synthetic,pinball_p10,215.91688477052432,2
lightgbm_v1,prices+weather,4,1,synthetic,pinball_p50,347.82573355563636,2
lightgbm_v1,prices+weather,4,1,synthetic,pinball_p90,333.8460955025721,2
lightgbm_v1,prices+weather,4,1,synthetic,pinball_mean,299.19623794291095,2
lightgbm_v1,prices+weather,4,1,synthetic,mape_p50_pct,26.966077448585672,2
lightgbm_v1,prices+weather,4,1,synthetic,coverage_p10_p90_pct,45.535714285714285,2
lightgbm_v1,prices+weather,4,1,synthetic,n,112.0,2
lightgbm_v1,prices+weather,spike_14d,1,synthetic,spike_events,15.0,2
lightgbm_v1,prices+weather,spike_14d,1,synthetic,spike_recall,0.13333333333333333,2
lightgbm_v1,prices+weather,spike_14d,1,synthetic,spike_precision,0.11764705882352941,2
lightgbm_v1,prices+weather,spike_14d,1,synthetic,spike_false_alarm_rate,0.15463917525773196,2
lightgbm_v1,prices+weather,spike_14d,1,synthetic,spike_brier,0.15295616892065317,2
lightgbm_v1,prices+weather,1,2,synthetic,pinball_p10,108.55981689263854,2
lightgbm_v1,prices+weather,1,2,synthetic,pinball_p50,170.44667470496736,2
lightgbm_v1,prices+weather,1,2,synthetic,pinball_p90,91.47281078669032,2
lightgbm_v1,prices+weather,1,2,synthetic,pinball_mean,123.4931007947654,2
lightgbm_v1,prices+weather,1,2,synthetic,mape_p50_pct,15.780860472164756,2
lightgbm_v1,prices+weather,1,2,synthetic,coverage_p10_p90_pct,68.75,2
lightgbm_v1,prices+weather,1,2,synthetic,n,112.0,2
lightgbm_v1,prices+weather,2,2,synthetic,pinball_p10,206.4378924886502,2
lightgbm_v1,prices+weather,2,2,synthetic,pinball_p50,271.4122807595921,2
lightgbm_v1,prices+weather,2,2,synthetic,pinball_p90,153.75752813490075,2
lightgbm_v1,prices+weather,2,2,synthetic,pinball_mean,210.5359004610477,2
lightgbm_v1,prices+weather,2,2,synthetic,mape_p50_pct,24.62975538887568,2
lightgbm_v1,prices+weather,2,2,synthetic,coverage_p10_p90_pct,58.92857142857143,2
lightgbm_v1,prices+weather,2,2,synthetic,n,112.0,2
lightgbm_v1,prices+weather,3,2,synthetic,pinball_p10,266.6471737426098,2
lightgbm_v1,prices+weather,3,2,synthetic,pinball_p50,381.95146554554674,2
lightgbm_v1,prices+weather,3,2,synthetic,pinball_p90,243.11332187665306,2
lightgbm_v1,prices+weather,3,2,synthetic,pinball_mean,297.2373203882699,2
lightgbm_v1,prices+weather,3,2,synthetic,mape_p50_pct,32.723067393227694,2
lightgbm_v1,prices+weather,3,2,synthetic,coverage_p10_p90_pct,54.46428571428571,2
lightgbm_v1,prices+weather,3,2,synthetic,n,112.0,2
lightgbm_v1,prices+weather,4,2,synthetic,pinball_p10,314.8213720139655,2
lightgbm_v1,prices+weather,4,2,synthetic,pinball_p50,476.94599998832945,2
lightgbm_v1,prices+weather,4,2,synthetic,pinball_p90,332.5534942927497,2
lightgbm_v1,prices+weather,4,2,synthetic,pinball_mean,374.7736220983482,2
lightgbm_v1,prices+weather,4,2,synthetic,mape_p50_pct,37.171257125740844,2
lightgbm_v1,prices+weather,4,2,synthetic,coverage_p10_p90_pct,46.42857142857143,2
lightgbm_v1,prices+weather,4,2,synthetic,n,112.0,2
lightgbm_v1,prices+weather,spike_14d,2,synthetic,spike_events,43.0,2
lightgbm_v1,prices+weather,spike_14d,2,synthetic,spike_recall,0.37209302325581395,2
lightgbm_v1,prices+weather,spike_14d,2,synthetic,spike_precision,0.9411764705882353,2
lightgbm_v1,prices+weather,spike_14d,2,synthetic,spike_false_alarm_rate,0.014492753623188406,2
lightgbm_v1,prices+weather,spike_14d,2,synthetic,spike_brier,0.1789356580866302,2
lightgbm_v1,prices+weather,1,3,synthetic,pinball_p10,126.67092314884508,2
lightgbm_v1,prices+weather,1,3,synthetic,pinball_p50,204.35793118859783,2
lightgbm_v1,prices+weather,1,3,synthetic,pinball_p90,108.25795852013805,2
lightgbm_v1,prices+weather,1,3,synthetic,pinball_mean,146.42893761919365,2
lightgbm_v1,prices+weather,1,3,synthetic,mape_p50_pct,15.387409704661032,2
lightgbm_v1,prices+weather,1,3,synthetic,coverage_p10_p90_pct,74.10714285714286,2
lightgbm_v1,prices+weather,1,3,synthetic,n,112.0,2
lightgbm_v1,prices+weather,2,3,synthetic,pinball_p10,178.82771107890284,2
lightgbm_v1,prices+weather,2,3,synthetic,pinball_p50,322.5659523078442,2
lightgbm_v1,prices+weather,2,3,synthetic,pinball_p90,241.710990121033,2
lightgbm_v1,prices+weather,2,3,synthetic,pinball_mean,247.70155116926003,2
lightgbm_v1,prices+weather,2,3,synthetic,mape_p50_pct,20.718436877777897,2
lightgbm_v1,prices+weather,2,3,synthetic,coverage_p10_p90_pct,58.92857142857143,2
lightgbm_v1,prices+weather,2,3,synthetic,n,112.0,2
lightgbm_v1,prices+weather,3,3,synthetic,pinball_p10,221.50749960515472,2
lightgbm_v1,prices+weather,3,3,synthetic,pinball_p50,415.84732324918605,2
lightgbm_v1,prices+weather,3,3,synthetic,pinball_p90,292.6796025038375,2
lightgbm_v1,prices+weather,3,3,synthetic,pinball_mean,310.01147511939274,2
lightgbm_v1,prices+weather,3,3,synthetic,mape_p50_pct,25.467392644407926,2
lightgbm_v1,prices+weather,3,3,synthetic,coverage_p10_p90_pct,57.14285714285714,2
lightgbm_v1,prices+weather,3,3,synthetic,n,112.0,2
lightgbm_v1,prices+weather,4,3,synthetic,pinball_p10,261.8225056939378,2
lightgbm_v1,prices+weather,4,3,synthetic,pinball_p50,488.46969600929424,2
lightgbm_v1,prices+weather,4,3,synthetic,pinball_p90,347.89780202005073,2
lightgbm_v1,prices+weather,4,3,synthetic,pinball_mean,366.06333457442753,2
lightgbm_v1,prices+weather,4,3,synthetic,mape_p50_pct,28.288667551212892,2
lightgbm_v1,prices+weather,4,3,synthetic,coverage_p10_p90_pct,53.57142857142857,2
lightgbm_v1,prices+weather,4,3,synthetic,n,112.0,2
lightgbm_v1,prices+weather,spike_14d,3,synthetic,spike_events,27.0,2
lightgbm_v1,prices+weather,spike_14d,3,synthetic,spike_recall,0.25925925925925924,2
lightgbm_v1,prices+weather,spike_14d,3,synthetic,spike_precision,1.0,2
lightgbm_v1,prices+weather,spike_14d,3,synthetic,spike_false_alarm_rate,0.0,2
lightgbm_v1,prices+weather,spike_14d,3,synthetic,spike_brier,0.14039609777986276,2
lightgbm_v1,prices+weather,1,4,synthetic,pinball_p10,71.56955725570718,2
lightgbm_v1,prices+weather,1,4,synthetic,pinball_p50,179.31240465307448,2
lightgbm_v1,prices+weather,1,4,synthetic,pinball_p90,124.51120796289904,2
lightgbm_v1,prices+weather,1,4,synthetic,pinball_mean,125.13105662389357,2
lightgbm_v1,prices+weather,1,4,synthetic,mape_p50_pct,11.260179714087919,2
lightgbm_v1,prices+weather,1,4,synthetic,coverage_p10_p90_pct,77.67857142857143,2
lightgbm_v1,prices+weather,1,4,synthetic,n,112.0,2
lightgbm_v1,prices+weather,2,4,synthetic,pinball_p10,140.8713890927489,2
lightgbm_v1,prices+weather,2,4,synthetic,pinball_p50,270.37879768475375,2
lightgbm_v1,prices+weather,2,4,synthetic,pinball_p90,252.2029275995083,2
lightgbm_v1,prices+weather,2,4,synthetic,pinball_mean,221.1510381256703,2
lightgbm_v1,prices+weather,2,4,synthetic,mape_p50_pct,15.138806809344146,2
lightgbm_v1,prices+weather,2,4,synthetic,coverage_p10_p90_pct,63.39285714285714,2
lightgbm_v1,prices+weather,2,4,synthetic,n,112.0,2
lightgbm_v1,prices+weather,3,4,synthetic,pinball_p10,189.35095938237095,2
lightgbm_v1,prices+weather,3,4,synthetic,pinball_p50,361.7069015941005,2
lightgbm_v1,prices+weather,3,4,synthetic,pinball_p90,362.79302996172555,2
lightgbm_v1,prices+weather,3,4,synthetic,pinball_mean,304.61696364606564,2
lightgbm_v1,prices+weather,3,4,synthetic,mape_p50_pct,18.04468198327882,2
lightgbm_v1,prices+weather,3,4,synthetic,coverage_p10_p90_pct,55.35714285714286,2
lightgbm_v1,prices+weather,3,4,synthetic,n,112.0,2
lightgbm_v1,prices+weather,4,4,synthetic,pinball_p10,239.94121228998114,2
lightgbm_v1,prices+weather,4,4,synthetic,pinball_p50,442.36433168286163,2
lightgbm_v1,prices+weather,4,4,synthetic,pinball_p90,414.46945060593316,2
lightgbm_v1,prices+weather,4,4,synthetic,pinball_mean,365.59166485959196,2
lightgbm_v1,prices+weather,4,4,synthetic,mape_p50_pct,20.904569233855558,2
lightgbm_v1,prices+weather,4,4,synthetic,coverage_p10_p90_pct,41.964285714285715,2
lightgbm_v1,prices+weather,4,4,synthetic,n,112.0,2
lightgbm_v1,prices+weather,spike_14d,4,synthetic,spike_events,15.0,2
lightgbm_v1,prices+weather,spike_14d,4,synthetic,spike_recall,0.0,2
lightgbm_v1,prices+weather,spike_14d,4,synthetic,spike_precision,0.0,2
lightgbm_v1,prices+weather,spike_14d,4,synthetic,spike_false_alarm_rate,0.10309278350515463,2
lightgbm_v1,prices+weather,spike_14d,4,synthetic,spike_brier,0.14634991502148523,2
lightgbm_v1,prices+weather,1,5,synthetic,pinball_p10,157.653099289352,2
lightgbm_v1,prices+weather,1,5,synthetic,pinball_p50,288.59586796565003,2
lightgbm_v1,prices+weather,1,5,synthetic,pinball_p90,149.7310957678658,2
lightgbm_v1,prices+weather,1,5,synthetic,pinball_mean,198.66002100762262,2
lightgbm_v1,prices+weather,1,5,synthetic,mape_p50_pct,18.25595304531769,2
lightgbm_v1,prices+weather,1,5,synthetic,coverage_p10_p90_pct,67.85714285714286,2
lightgbm_v1,prices+weather,1,5,synthetic,n,112.0,2
lightgbm_v1,prices+weather,2,5,synthetic,pinball_p10,266.82024776615987,2
lightgbm_v1,prices+weather,2,5,synthetic,pinball_p50,409.1026580302666,2
lightgbm_v1,prices+weather,2,5,synthetic,pinball_p90,292.21528031442995,2
lightgbm_v1,prices+weather,2,5,synthetic,pinball_mean,322.7127287036188,2
lightgbm_v1,prices+weather,2,5,synthetic,mape_p50_pct,23.750415823865108,2
lightgbm_v1,prices+weather,2,5,synthetic,coverage_p10_p90_pct,65.17857142857143,2
lightgbm_v1,prices+weather,2,5,synthetic,n,112.0,2
lightgbm_v1,prices+weather,3,5,synthetic,pinball_p10,311.2988975936326,2
lightgbm_v1,prices+weather,3,5,synthetic,pinball_p50,468.75039810594484,2
lightgbm_v1,prices+weather,3,5,synthetic,pinball_p90,380.2654710324333,2
lightgbm_v1,prices+weather,3,5,synthetic,pinball_mean,386.7715889106703,2
lightgbm_v1,prices+weather,3,5,synthetic,mape_p50_pct,25.83620470688356,2
lightgbm_v1,prices+weather,3,5,synthetic,coverage_p10_p90_pct,58.03571428571429,2
lightgbm_v1,prices+weather,3,5,synthetic,n,112.0,2
lightgbm_v1,prices+weather,4,5,synthetic,pinball_p10,405.33788175453134,2
lightgbm_v1,prices+weather,4,5,synthetic,pinball_p50,599.4923807195573,2
lightgbm_v1,prices+weather,4,5,synthetic,pinball_p90,452.05439039176605,2
lightgbm_v1,prices+weather,4,5,synthetic,pinball_mean,485.62821762195153,2
lightgbm_v1,prices+weather,4,5,synthetic,mape_p50_pct,31.584008385846175,2
lightgbm_v1,prices+weather,4,5,synthetic,coverage_p10_p90_pct,50.89285714285714,2
lightgbm_v1,prices+weather,4,5,synthetic,n,112.0,2
lightgbm_v1,prices+weather,spike_14d,5,synthetic,spike_events,44.0,2
lightgbm_v1,prices+weather,spike_14d,5,synthetic,spike_recall,0.20454545454545456,2
lightgbm_v1,prices+weather,spike_14d,5,synthetic,spike_precision,0.5,2
lightgbm_v1,prices+weather,spike_14d,5,synthetic,spike_false_alarm_rate,0.1323529411764706,2
lightgbm_v1,prices+weather,spike_14d,5,synthetic,spike_brier,0.24284075534378508,2
lightgbm_v1,prices+weather,1,6,synthetic,pinball_p10,126.23266662983872,2
lightgbm_v1,prices+weather,1,6,synthetic,pinball_p50,251.8232334910554,2
lightgbm_v1,prices+weather,1,6,synthetic,pinball_p90,150.50715903274013,2
lightgbm_v1,prices+weather,1,6,synthetic,pinball_mean,176.18768638454472,2
lightgbm_v1,prices+weather,1,6,synthetic,mape_p50_pct,14.793693817518697,2
lightgbm_v1,prices+weather,1,6,synthetic,coverage_p10_p90_pct,68.75,2
lightgbm_v1,prices+weather,1,6,synthetic,n,112.0,2
lightgbm_v1,prices+weather,2,6,synthetic,pinball_p10,170.63455713746276,2
lightgbm_v1,prices+weather,2,6,synthetic,pinball_p50,301.58113152296454,2
lightgbm_v1,prices+weather,2,6,synthetic,pinball_p90,287.29194753674795,2
lightgbm_v1,prices+weather,2,6,synthetic,pinball_mean,253.1692120657251,2
lightgbm_v1,prices+weather,2,6,synthetic,mape_p50_pct,15.489515362130016,2
lightgbm_v1,prices+weather,2,6,synthetic,coverage_p10_p90_pct,57.14285714285714,2
lightgbm_v1,prices+weather,2,6,synthetic,n,112.0,2
lightgbm_v1,prices+weather,3,6,synthetic,pinball_p10,218.65309349864256,2
lightgbm_v1,prices+weather,3,6,synthetic,pinball_p50,398.0927971164816,2
lightgbm_v1,prices+weather,3,6,synthetic,pinball_p90,389.5820348075658,2
lightgbm_v1,prices+weather,3,6,synthetic,pinball_mean,335.44264180756335,2
lightgbm_v1,prices+weather,3,6,synthetic,mape_p50_pct,18.70325206895698,2
lightgbm_v1,prices+weather,3,6,synthetic,coverage_p10_p90_pct,56.25,2
lightgbm_v1,prices+weather,3,6,synthetic,n,112.0,2
lightgbm_v1,prices+weather,4,6,synthetic,pinball_p10,300.6434353998861,2
lightgbm_v1,prices+weather,4,6,synthetic,pinball_p50,558.7041731787778,2
lightgbm_v1,prices+weather,4,6,synthetic,pinball_p90,544.6336500344551,2
lightgbm_v1,prices+weather,4,6,synthetic,pinball_mean,467.9937528710396,2
lightgbm_v1,prices+weather,4,6,synthetic,mape_p50_pct,23.758413669789036,2
lightgbm_v1,prices+weather,4,6,synthetic,coverage_p10_p90_pct,41.964285714285715,2
lightgbm_v1,prices+weather,4,6,synthetic,n,112.0,2
lightgbm_v1,prices+weather,spike_14d,6,synthetic,spike_events,24.0,2
lightgbm_v1,prices+weather,spike_14d,6,synthetic,spike_recall,0.041666666666666664,2
lightgbm_v1,prices+weather,spike_14d,6,synthetic,spike_precision,1.0,2
lightgbm_v1,prices+weather,spike_14d,6,synthetic,spike_false_alarm_rate,0.0,2
lightgbm_v1,prices+weather,spike_14d,6,synthetic,spike_brier,0.1716722437372805,2
lightgbm_v1,prices+weather,1,7,synthetic,pinball_p10,126.98994014321354,2
lightgbm_v1,prices+weather,1,7,synthetic,pinball_p50,243.18403771969417,2
lightgbm_v1,prices+weather,1,7,synthetic,pinball_p90,133.7881268661442,2
lightgbm_v1,prices+weather,1,7,synthetic,pinball_mean,167.9873682430173,2
lightgbm_v1,prices+weather,1,7,synthetic,mape_p50_pct,12.380606307186573,2
lightgbm_v1,prices+weather,1,7,synthetic,coverage_p10_p90_pct,77.27272727272727,2
lightgbm_v1,prices+weather,1,7,synthetic,n,110.0,2
lightgbm_v1,prices+weather,2,7,synthetic,pinball_p10,200.04590356148321,2
lightgbm_v1,prices+weather,2,7,synthetic,pinball_p50,356.5349137838299,2
lightgbm_v1,prices+weather,2,7,synthetic,pinball_p90,329.1966029408689,2
lightgbm_v1,prices+weather,2,7,synthetic,pinball_mean,295.259140095394,2
lightgbm_v1,prices+weather,2,7,synthetic,mape_p50_pct,14.830388283688208,2
lightgbm_v1,prices+weather,2,7,synthetic,coverage_p10_p90_pct,62.727272727272734,2
lightgbm_v1,prices+weather,2,7,synthetic,n,110.0,2
lightgbm_v1,prices+weather,3,7,synthetic,pinball_p10,297.46890141186395,2
lightgbm_v1,prices+weather,3,7,synthetic,pinball_p50,525.5356659683625,2
lightgbm_v1,prices+weather,3,7,synthetic,pinball_p90,539.9130444692363,2
lightgbm_v1,prices+weather,3,7,synthetic,pinball_mean,454.30587061648765,2
lightgbm_v1,prices+weather,3,7,synthetic,mape_p50_pct,20.20530134656769,2
lightgbm_v1,prices+weather,3,7,synthetic,coverage_p10_p90_pct,55.45454545454545,2
lightgbm_v1,prices+weather,3,7,synthetic,n,110.0,2
lightgbm_v1,prices+weather,4,7,synthetic,pinball_p10,401.6627957840824,2
lightgbm_v1,prices+weather,4,7,synthetic,pinball_p50,715.764770194385,2
lightgbm_v1,prices+weather,4,7,synthetic,pinball_p90,651.8043264978402,2
lightgbm_v1,prices+weather,4,7,synthetic,pinball_mean,589.7439641587692,2
lightgbm_v1,prices+weather,4,7,synthetic,mape_p50_pct,26.020150290639503,2
lightgbm_v1,prices+weather,4,7,synthetic,coverage_p10_p90_pct,50.0,2
lightgbm_v1,prices+weather,4,7,synthetic,n,110.0,2
lightgbm_v1,prices+weather,spike_14d,7,synthetic,spike_events,29.0,2
lightgbm_v1,prices+weather,spike_14d,7,synthetic,spike_recall,0.034482758620689655,2
lightgbm_v1,prices+weather,spike_14d,7,synthetic,spike_precision,0.1111111111111111,2
lightgbm_v1,prices+weather,spike_14d,7,synthetic,spike_false_alarm_rate,0.11764705882352941,2
lightgbm_v1,prices+weather,spike_14d,7,synthetic,spike_brier,0.19468209416567678,2
lightgbm_v1,prices+weather,1,8,synthetic,pinball_p10,79.679682755005,2
lightgbm_v1,prices+weather,1,8,synthetic,pinball_p50,149.96000875348406,2
lightgbm_v1,prices+weather,1,8,synthetic,pinball_p90,86.63436538534678,2
lightgbm_v1,prices+weather,1,8,synthetic,pinball_mean,105.42468563127862,2
lightgbm_v1,prices+weather,1,8,synthetic,mape_p50_pct,13.423971508924431,2
lightgbm_v1,prices+weather,1,8,synthetic,coverage_p10_p90_pct,80.35714285714286,2
lightgbm_v1,prices+weather,1,8,synthetic,n,112.0,2
lightgbm_v1,prices+weather,2,8,synthetic,pinball_p10,140.91425111433946,2
lightgbm_v1,prices+weather,2,8,synthetic,pinball_p50,248.20285740119144,2
lightgbm_v1,prices+weather,2,8,synthetic,pinball_p90,244.96014309708252,2
lightgbm_v1,prices+weather,2,8,synthetic,pinball_mean,211.35908387087113,2
lightgbm_v1,prices+weather,2,8,synthetic,mape_p50_pct,18.621390144848764,2
lightgbm_v1,prices+weather,2,8,synthetic,coverage_p10_p90_pct,74.10714285714286,2
lightgbm_v1,prices+weather,2,8,synthetic,n,112.0,2
lightgbm_v1,prices+weather,3,8,synthetic,pinball_p10,172.1440900152458,2
lightgbm_v1,prices+weather,3,8,synthetic,pinball_p50,304.9617214875833,2
lightgbm_v1,prices+weather,3,8,synthetic,pinball_p90,338.84788764776766,2
lightgbm_v1,prices+weather,3,8,synthetic,pinball_mean,271.98456638353224,2
lightgbm_v1,prices+weather,3,8,synthetic,mape_p50_pct,20.562848848339936,2
lightgbm_v1,prices+weather,3,8,synthetic,coverage_p10_p90_pct,64.28571428571429,2
lightgbm_v1,prices+weather,3,8,synthetic,n,112.0,2
lightgbm_v1,prices+weather,4,8,synthetic,pinball_p10,209.318219201436,2
lightgbm_v1,prices+weather,4,8,synthetic,pinball_p50,384.8185740424447,2
lightgbm_v1,prices+weather,4,8,synthetic,pinball_p90,375.88943131080845,2
lightgbm_v1,prices+weather,4,8,synthetic,pinball_mean,323.34207485156304,2
lightgbm_v1,prices+weather,4,8,synthetic,mape_p50_pct,25.016394408684988,2
lightgbm_v1,prices+weather,4,8,synthetic,coverage_p10_p90_pct,48.214285714285715,2
lightgbm_v1,prices+weather,4,8,synthetic,n,112.0,2
lightgbm_v1,prices+weather,spike_14d,8,synthetic,spike_events,24.0,2
lightgbm_v1,prices+weather,spike_14d,8,synthetic,spike_recall,0.20833333333333334,2
lightgbm_v1,prices+weather,spike_14d,8,synthetic,spike_precision,0.45454545454545453,2
lightgbm_v1,prices+weather,spike_14d,8,synthetic,spike_false_alarm_rate,0.06818181818181818,2
lightgbm_v1,prices+weather,spike_14d,8,synthetic,spike_brier,0.15513770453846482,2
lightgbm_v1,prices+weather,1,9,synthetic,pinball_p10,91.95449503002888,2
lightgbm_v1,prices+weather,1,9,synthetic,pinball_p50,190.0429857753568,2
lightgbm_v1,prices+weather,1,9,synthetic,pinball_p90,124.9728173886742,2
lightgbm_v1,prices+weather,1,9,synthetic,pinball_mean,135.65676606468662,2
lightgbm_v1,prices+weather,1,9,synthetic,mape_p50_pct,15.371769574039382,2
lightgbm_v1,prices+weather,1,9,synthetic,coverage_p10_p90_pct,66.07142857142857,2
lightgbm_v1,prices+weather,1,9,synthetic,n,112.0,2
lightgbm_v1,prices+weather,2,9,synthetic,pinball_p10,164.43458381695996,2
lightgbm_v1,prices+weather,2,9,synthetic,pinball_p50,285.3015687314638,2
lightgbm_v1,prices+weather,2,9,synthetic,pinball_p90,218.76097010864143,2
lightgbm_v1,prices+weather,2,9,synthetic,pinball_mean,222.83237421902174,2
lightgbm_v1,prices+weather,2,9,synthetic,mape_p50_pct,21.182792452627925,2
lightgbm_v1,prices+weather,2,9,synthetic,coverage_p10_p90_pct,63.39285714285714,2
lightgbm_v1,prices+weather,2,9,synthetic,n,112.0,2
lightgbm_v1,prices+weather,3,9,synthetic,pinball_p10,190.4668316848211,2
lightgbm_v1,prices+weather,3,9,synthetic,pinball_p50,386.61855681343087,2
lightgbm_v1,prices+weather,3,9,synthetic,pinball_p90,375.84664225935387,2
lightgbm_v1,prices+weather,3,9,synthetic,pinball_mean,317.6440102525353,2
lightgbm_v1,prices+weather,3,9,synthetic,mape_p50_pct,24.423177228838682,2
lightgbm_v1,prices+weather,3,9,synthetic,coverage_p10_p90_pct,53.57142857142857,2
lightgbm_v1,prices+weather,3,9,synthetic,n,112.0,2
lightgbm_v1,prices+weather,4,9,synthetic,pinball_p10,269.5044589162858,2
lightgbm_v1,prices+weather,4,9,synthetic,pinball_p50,521.0131093933016,2
lightgbm_v1,prices+weather,4,9,synthetic,pinball_p90,508.5368984459457,2
lightgbm_v1,prices+weather,4,9,synthetic,pinball_mean,433.01815558517774,2
lightgbm_v1,prices+weather,4,9,synthetic,mape_p50_pct,31.0310445149304,2
lightgbm_v1,prices+weather,4,9,synthetic,coverage_p10_p90_pct,41.07142857142857,2
lightgbm_v1,prices+weather,4,9,synthetic,n,112.0,2
lightgbm_v1,prices+weather,spike_14d,9,synthetic,spike_events,35.0,2
lightgbm_v1,prices+weather,spike_14d,9,synthetic,spike_recall,0.17142857142857143,2
lightgbm_v1,prices+weather,spike_14d,9,synthetic,spike_precision,0.5454545454545454,2
lightgbm_v1,prices+weather,spike_14d,9,synthetic,spike_false_alarm_rate,0.06493506493506493,2
lightgbm_v1,prices+weather,spike_14d,9,synthetic,spike_brier,0.1861025335461229,2
lightgbm_v1,prices+weather,1,10,synthetic,pinball_p10,108.52305642012391,2
lightgbm_v1,prices+weather,1,10,synthetic,pinball_p50,182.83133942785986,2
lightgbm_v1,prices+weather,1,10,synthetic,pinball_p90,140.477468663553,2
lightgbm_v1,prices+weather,1,10,synthetic,pinball_mean,143.94395483717892,2
lightgbm_v1,prices+weather,1,10,synthetic,mape_p50_pct,14.45123775931485,2
lightgbm_v1,prices+weather,1,10,synthetic,coverage_p10_p90_pct,70.53571428571429,2
lightgbm_v1,prices+weather,1,10,synthetic,n,112.0,2
lightgbm_v1,prices+weather,2,10,synthetic,pinball_p10,178.3897719957756,2
lightgbm_v1,prices+weather,2,10,synthetic,pinball_p50,309.412318105934,2
lightgbm_v1,prices+weather,2,10,synthetic,pinball_p90,367.7344713223737,2
lightgbm_v1,prices+weather,2,10,synthetic,pinball_mean,285.1788538080278,2
lightgbm_v1,prices+weather,2,10,synthetic,mape_p50_pct,18.991176789927618,2
lightgbm_v1,prices+weather,2,10,synthetic,coverage_p10_p90_pct,66.96428571428571,2
lightgbm_v1,prices+weather,2,10,synthetic,n,112.0,2
lightgbm_v1,prices+weather,3,10,synthetic,pinball_p10,230.85858389928677,2
lightgbm_v1,prices+weather,3,10,synthetic,pinball_p50,451.25687969751925,2
lightgbm_v1,prices+weather,3,10,synthetic,pinball_p90,552.0531549663726,2
lightgbm_v1,prices+weather,3,10,synthetic,pinball_mean,411.38953952105953,2
lightgbm_v1,prices+weather,3,10,synthetic,mape_p50_pct,24.615598894624164,2
lightgbm_v1,prices+weather,3,10,synthetic,coverage_p10_p90_pct,53.57142857142857,2
lightgbm_v1,prices+weather,3,10,synthetic,n,112.0,2
lightgbm_v1,prices+weather,4,10,synthetic,pinball_p10,325.5592398589987,2
lightgbm_v1,prices+weather,4,10,synthetic,pinball_p50,584.5952468084555,2
lightgbm_v1,prices+weather,4,10,synthetic,pinball_p90,625.5092577687544,2
lightgbm_v1,prices+weather,4,10,synthetic,pinball_mean,511.88791481206954,2
lightgbm_v1,prices+weather,4,10,synthetic,mape_p50_pct,32.06775933292331,2
lightgbm_v1,prices+weather,4,10,synthetic,coverage_p10_p90_pct,36.607142857142854,2
lightgbm_v1,prices+weather,4,10,synthetic,n,112.0,2
lightgbm_v1,prices+weather,spike_14d,10,synthetic,spike_events,20.0,2
lightgbm_v1,prices+weather,spike_14d,10,synthetic,spike_recall,0.15,2
lightgbm_v1,prices+weather,spike_14d,10,synthetic,spike_precision,0.42857142857142855,2
lightgbm_v1,prices+weather,spike_14d,10,synthetic,spike_false_alarm_rate,0.043478260869565216,2
lightgbm_v1,prices+weather,spike_14d,10,synthetic,spike_brier,0.15614075340453584,2
lightgbm_v1,prices+weather,1,11,synthetic,pinball_p10,99.49480571683863,2
lightgbm_v1,prices+weather,1,11,synthetic,pinball_p50,242.83683422702643,2
lightgbm_v1,prices+weather,1,11,synthetic,pinball_p90,133.83554088579757,2
lightgbm_v1,prices+weather,1,11,synthetic,pinball_mean,158.72239360988755,2
lightgbm_v1,prices+weather,1,11,synthetic,mape_p50_pct,14.59490156283316,2
lightgbm_v1,prices+weather,1,11,synthetic,coverage_p10_p90_pct,70.53571428571429,2
lightgbm_v1,prices+weather,1,11,synthetic,n,112.0,2
lightgbm_v1,prices+weather,2,11,synthetic,pinball_p10,192.18593790156166,2
lightgbm_v1,prices+weather,2,11,synthetic,pinball_p50,362.5122681845357,2
lightgbm_v1,prices+weather,2,11,synthetic,pinball_p90,325.9140533674458,2
lightgbm_v1,prices+weather,2,11,synthetic,pinball_mean,293.5374198178477,2
lightgbm_v1,prices+weather,2,11,synthetic,mape_p50_pct,19.053721680951135,2
lightgbm_v1,prices+weather,2,11,synthetic,coverage_p10_p90_pct,59.82142857142857,2
lightgbm_v1,prices+weather,2,11,synthetic,n,112.0,2
lightgbm_v1,prices+weather,3,11,synthetic,pinball_p10,270.565068973306,2
lightgbm_v1,prices+weather,3,11,synthetic,pinball_p50,546.0976137515338,2
lightgbm_v1,prices+weather,3,11,synthetic,pinball_p90,526.2010896891961,2
lightgbm_v1,prices+weather,3,11,synthetic,pinball_mean,447.62125747134525,2
lightgbm_v1,prices+weather,3,11,synthetic,mape_p50_pct,24.929414171061026,2
lightgbm_v1,prices+weather,3,11,synthetic,coverage_p10_p90_pct,53.57142857142857,2
lightgbm_v1,prices+weather,3,11,synthetic,n,112.0,2
lightgbm_v1,prices+weather,4,11,synthetic,pinball_p10,308.69023008538613,2
lightgbm_v1,prices+weather,4,11,synthetic,pinball_p50,658.9980956525043,2
lightgbm_v1,prices+weather,4,11,synthetic,pinball_p90,640.6828227871522,2
lightgbm_v1,prices+weather,4,11,synthetic,pinball_mean,536.1237161750142,2
lightgbm_v1,prices+weather,4,11,synthetic,mape_p50_pct,26.89177211684017,2
lightgbm_v1,prices+weather,4,11,synthetic,coverage_p10_p90_pct,43.75,2
lightgbm_v1,prices+weather,4,11,synthetic,n,112.0,2
lightgbm_v1,prices+weather,spike_14d,11,synthetic,spike_events,20.0,2
lightgbm_v1,prices+weather,spike_14d,11,synthetic,spike_recall,0.05,2
lightgbm_v1,prices+weather,spike_14d,11,synthetic,spike_precision,0.1111111111111111,2
lightgbm_v1,prices+weather,spike_14d,11,synthetic,spike_false_alarm_rate,0.08695652173913043,2
lightgbm_v1,prices+weather,spike_14d,11,synthetic,spike_brier,0.15120509293307655,2
lightgbm_v1,prices+weather,1,12,synthetic,pinball_p10,95.43688535713207,2
lightgbm_v1,prices+weather,1,12,synthetic,pinball_p50,203.5278335376016,2
lightgbm_v1,prices+weather,1,12,synthetic,pinball_p90,120.71199150102306,2
lightgbm_v1,prices+weather,1,12,synthetic,pinball_mean,139.89223679858557,2
lightgbm_v1,prices+weather,1,12,synthetic,mape_p50_pct,13.024670228968155,2
lightgbm_v1,prices+weather,1,12,synthetic,coverage_p10_p90_pct,76.78571428571429,2
lightgbm_v1,prices+weather,1,12,synthetic,n,112.0,2
lightgbm_v1,prices+weather,2,12,synthetic,pinball_p10,147.50500717331138,2
lightgbm_v1,prices+weather,2,12,synthetic,pinball_p50,267.91567687612235,2
lightgbm_v1,prices+weather,2,12,synthetic,pinball_p90,257.35615959425473,2
lightgbm_v1,prices+weather,2,12,synthetic,pinball_mean,224.25894788122946,2
lightgbm_v1,prices+weather,2,12,synthetic,mape_p50_pct,14.554072071608301,2
lightgbm_v1,prices+weather,2,12,synthetic,coverage_p10_p90_pct,66.07142857142857,2
lightgbm_v1,prices+weather,2,12,synthetic,n,112.0,2
lightgbm_v1,prices+weather,3,12,synthetic,pinball_p10,206.78230398762224,2
lightgbm_v1,prices+weather,3,12,synthetic,pinball_p50,394.6768428003052,2
lightgbm_v1,prices+weather,3,12,synthetic,pinball_p90,388.4567194426918,2
lightgbm_v1,prices+weather,3,12,synthetic,pinball_mean,329.9719554102064,2
lightgbm_v1,prices+weather,3,12,synthetic,mape_p50_pct,19.484343262276706,2
lightgbm_v1,prices+weather,3,12,synthetic,coverage_p10_p90_pct,58.03571428571429,2
lightgbm_v1,prices+weather,3,12,synthetic,n,112.0,2
lightgbm_v1,prices+weather,4,12,synthetic,pinball_p10,278.5528481889866,2
lightgbm_v1,prices+weather,4,12,synthetic,pinball_p50,512.1123699342415,2
lightgbm_v1,prices+weather,4,12,synthetic,pinball_p90,466.6644608135037,2
lightgbm_v1,prices+weather,4,12,synthetic,pinball_mean,419.10989297891064,2
lightgbm_v1,prices+weather,4,12,synthetic,mape_p50_pct,23.48863052762071,2
lightgbm_v1,prices+weather,4,12,synthetic,coverage_p10_p90_pct,50.0,2
lightgbm_v1,prices+weather,4,12,synthetic,n,112.0,2
lightgbm_v1,prices+weather,spike_14d,12,synthetic,spike_events,19.0,2
lightgbm_v1,prices+weather,spike_14d,12,synthetic,spike_recall,0.15789473684210525,2
lightgbm_v1,prices+weather,spike_14d,12,synthetic,spike_precision,1.0,2
lightgbm_v1,prices+weather,spike_14d,12,synthetic,spike_false_alarm_rate,0.0,2
lightgbm_v1,prices+weather,spike_14d,12,synthetic,spike_brier,0.13126579602872063,2
lightgbm_v1,prices+weather,1,13,synthetic,pinball_p10,179.40196938823337,2
lightgbm_v1,prices+weather,1,13,synthetic,pinball_p50,318.0314431723928,2
lightgbm_v1,prices+weather,1,13,synthetic,pinball_p90,143.8519307056209,2
lightgbm_v1,prices+weather,1,13,synthetic,pinball_mean,213.76178108874902,2
lightgbm_v1,prices+weather,1,13,synthetic,mape_p50_pct,16.6295551329317,2
lightgbm_v1,prices+weather,1,13,synthetic,coverage_p10_p90_pct,62.5,2
lightgbm_v1,prices+weather,1,13,synthetic,n,112.0,2
lightgbm_v1,prices+weather,2,13,synthetic,pinball_p10,292.6087636939666,2
lightgbm_v1,prices+weather,2,13,synthetic,pinball_p50,440.9012290655627,2
lightgbm_v1,prices+weather,2,13,synthetic,pinball_p90,272.13144120734495,2
lightgbm_v1,prices+weather,2,13,synthetic,pinball_mean,335.2138113222914,2
lightgbm_v1,prices+weather,2,13,synthetic,mape_p50_pct,22.1225167366486,2
lightgbm_v1,prices+weather,2,13,synthetic,coverage_p10_p90_pct,66.96428571428571,2
lightgbm_v1,prices+weather,2,13,synthetic,n,112.0,2
lightgbm_v1,prices+weather,3,13,synthetic,pinball_p10,385.0699209253956,2
lightgbm_v1,prices+weather,3,13,synthetic,pinball_p50,586.2336497095364,2
lightgbm_v1,prices+weather,3,13,synthetic,pinball_p90,407.8517444392276,2
lightgbm_v1,prices+weather,3,13,synthetic,pinball_mean,459.71843835805316,2
lightgbm_v1,prices+weather,3,13,synthetic,mape_p50_pct,27.11487208820526,2
lightgbm_v1,prices+weather,3,13,synthetic,coverage_p10_p90_pct,57.14285714285714,2
lightgbm_v1,prices+weather,3,13,synthetic,n,112.0,2
lightgbm_v1,prices+weather,4,13,synthetic,pinball_p10,513.2922884855228,2
lightgbm_v1,prices+weather,4,13,synthetic,pinball_p50,823.6465309316546,2
lightgbm_v1,prices+weather,4,13,synthetic,pinball_p90,584.9235182172041,2
lightgbm_v1,prices+weather,4,13,synthetic,pinball_mean,640.6207792114606,2
lightgbm_v1,prices+weather,4,13,synthetic,mape_p50_pct,35.23190378122851,2
lightgbm_v1,prices+weather,4,13,synthetic,coverage_p10_p90_pct,44.642857142857146,2
lightgbm_v1,prices+weather,4,13,synthetic,n,112.0,2
lightgbm_v1,prices+weather,spike_14d,13,synthetic,spike_events,34.0,2
lightgbm_v1,prices+weather,spike_14d,13,synthetic,spike_recall,0.0,2
lightgbm_v1,prices+weather,spike_14d,13,synthetic,spike_precision,0.0,2
lightgbm_v1,prices+weather,spike_14d,13,synthetic,spike_false_alarm_rate,0.14102564102564102,2
lightgbm_v1,prices+weather,spike_14d,13,synthetic,spike_brier,0.23611914251262528,2
lightgbm_v1,prices+weather,1,14,synthetic,pinball_p10,94.54952794788892,2
lightgbm_v1,prices+weather,1,14,synthetic,pinball_p50,150.3305576367665,2
lightgbm_v1,prices+weather,1,14,synthetic,pinball_p90,94.39667039530566,2
lightgbm_v1,prices+weather,1,14,synthetic,pinball_mean,113.09225199332036,2
lightgbm_v1,prices+weather,1,14,synthetic,mape_p50_pct,16.51989992889033,2
lightgbm_v1,prices+weather,1,14,synthetic,coverage_p10_p90_pct,66.07142857142857,2
lightgbm_v1,prices+weather,1,14,synthetic,n,112.0,2
lightgbm_v1,prices+weather,2,14,synthetic,pinball_p10,147.72197368761744,2
lightgbm_v1,prices+weather,2,14,synthetic,pinball_p50,238.2303744513391,2
lightgbm_v1,prices+weather,2,14,synthetic,pinball_p90,177.75840390564204,2
lightgbm_v1,prices+weather,2,14,synthetic,pinball_mean,187.90358401486617,2
lightgbm_v1,prices+weather,2,14,synthetic,mape_p50_pct,22.64384397049217,2
lightgbm_v1,prices+weather,2,14,synthetic,coverage_p10_p90_pct,63.39285714285714,2
lightgbm_v1,prices+weather,2,14,synthetic,n,112.0,2
lightgbm_v1,prices+weather,3,14,synthetic,pinball_p10,175.87452645735831,2
lightgbm_v1,prices+weather,3,14,synthetic,pinball_p50,329.0234004193189,2
lightgbm_v1,prices+weather,3,14,synthetic,pinball_p90,329.5450763683123,2
lightgbm_v1,prices+weather,3,14,synthetic,pinball_mean,278.14766774832987,2
lightgbm_v1,prices+weather,3,14,synthetic,mape_p50_pct,26.032849170684518,2
lightgbm_v1,prices+weather,3,14,synthetic,coverage_p10_p90_pct,59.82142857142857,2
lightgbm_v1,prices+weather,3,14,synthetic,n,112.0,2
lightgbm_v1,prices+weather,4,14,synthetic,pinball_p10,252.67280732397086,2
lightgbm_v1,prices+weather,4,14,synthetic,pinball_p50,449.89381779427765,2
lightgbm_v1,prices+weather,4,14,synthetic,pinball_p90,422.12718229295206,2
lightgbm_v1,prices+weather,4,14,synthetic,pinball_mean,374.89793580373356,2
lightgbm_v1,prices+weather,4,14,synthetic,mape_p50_pct,33.253002891937825,2
lightgbm_v1,prices+weather,4,14,synthetic,coverage_p10_p90_pct,45.535714285714285,2
lightgbm_v1,prices+weather,4,14,synthetic,n,112.0,2
lightgbm_v1,prices+weather,spike_14d,14,synthetic,spike_events,27.0,2
lightgbm_v1,prices+weather,spike_14d,14,synthetic,spike_recall,0.2222222222222222,2
lightgbm_v1,prices+weather,spike_14d,14,synthetic,spike_precision,0.6666666666666666,2
lightgbm_v1,prices+weather,spike_14d,14,synthetic,spike_false_alarm_rate,0.03529411764705882,2
lightgbm_v1,prices+weather,spike_14d,14,synthetic,spike_brier,0.1574080303603096,2
lightgbm_v1,prices+weather,1,15,synthetic,pinball_p10,92.71920932020171,2
lightgbm_v1,prices+weather,1,15,synthetic,pinball_p50,188.98991075312546,2
lightgbm_v1,prices+weather,1,15,synthetic,pinball_p90,120.13768237637626,2
lightgbm_v1,prices+weather,1,15,synthetic,pinball_mean,133.94893414990113,2
lightgbm_v1,prices+weather,1,15,synthetic,mape_p50_pct,15.116287028277469,2
lightgbm_v1,prices+weather,1,15,synthetic,coverage_p10_p90_pct,60.71428571428571,2
lightgbm_v1,prices+weather,1,15,synthetic,n,112.0,2
lightgbm_v1,prices+weather,2,15,synthetic,pinball_p10,146.89021039828688,2
lightgbm_v1,prices+weather,2,15,synthetic,pinball_p50,267.50624722377006,2
lightgbm_v1,prices+weather,2,15,synthetic,pinball_p90,218.40608954683802,2
lightgbm_v1,prices+weather,2,15,synthetic,pinball_mean,210.93418238963167,2
lightgbm_v1,prices+weather,2,15,synthetic,mape_p50_pct,19.212168727116065,2
lightgbm_v1,prices+weather,2,15,synthetic,coverage_p10_p90_pct,49.107142857142854,2
lightgbm_v1,prices+weather,2,15,synthetic,n,112.0,2
lightgbm_v1,prices+weather,3,15,synthetic,pinball_p10,199.18749600651904,2
lightgbm_v1,prices+weather,3,15,synthetic,pinball_p50,368.27630145977537,2
lightgbm_v1,prices+weather,3,15,synthetic,pinball_p90,304.1889255498112,2
lightgbm_v1,prices+weather,3,15,synthetic,pinball_mean,290.5509076720352,2
lightgbm_v1,prices+weather,3,15,synthetic,mape_p50_pct,24.07742037425206,2
lightgbm_v1,prices+weather,3,15,synthetic,coverage_p10_p90_pct,50.0,2
lightgbm_v1,prices+weather,3,15,synthetic,n,112.0,2
lightgbm_v1,prices+weather,4,15,synthetic,pinball_p10,270.6449821258794,2
lightgbm_v1,prices+weather,4,15,synthetic,pinball_p50,476.9214051666126,2
lightgbm_v1,prices+weather,4,15,synthetic,pinball_p90,425.0079376124435,2
lightgbm_v1,prices+weather,4,15,synthetic,pinball_mean,390.8581083016452,2
lightgbm_v1,prices+weather,4,15,synthetic,mape_p50_pct,29.96430544991059,2
lightgbm_v1,prices+weather,4,15,synthetic,coverage_p10_p90_pct,41.964285714285715,2
lightgbm_v1,prices+weather,4,15,synthetic,n,112.0,2
lightgbm_v1,prices+weather,spike_14d,15,synthetic,spike_events,33.0,2
lightgbm_v1,prices+weather,spike_14d,15,synthetic,spike_recall,0.12121212121212122,2
lightgbm_v1,prices+weather,spike_14d,15,synthetic,spike_precision,0.3076923076923077,2
lightgbm_v1,prices+weather,spike_14d,15,synthetic,spike_false_alarm_rate,0.11392405063291139,2
lightgbm_v1,prices+weather,spike_14d,15,synthetic,spike_brier,0.1923159779897905,2
lightgbm_v1,prices+weather,1,16,synthetic,pinball_p10,146.72128356478976,2
lightgbm_v1,prices+weather,1,16,synthetic,pinball_p50,231.18183147258637,2
lightgbm_v1,prices+weather,1,16,synthetic,pinball_p90,112.5880163994642,2
lightgbm_v1,prices+weather,1,16,synthetic,pinball_mean,163.4970438122801,2
lightgbm_v1,prices+weather,1,16,synthetic,mape_p50_pct,18.334614884479635,2
lightgbm_v1,prices+weather,1,16,synthetic,coverage_p10_p90_pct,73.21428571428571,2
lightgbm_v1,prices+weather,1,16,synthetic,n,112.0,2
lightgbm_v1,prices+weather,2,16,synthetic,pinball_p10,230.5673241594008,2
lightgbm_v1,prices+weather,2,16,synthetic,pinball_p50,347.90139664968405,2
lightgbm_v1,prices+weather,2,16,synthetic,pinball_p90,193.15305385493488,2
lightgbm_v1,prices+weather,2,16,synthetic,pinball_mean,257.20725822133994,2
lightgbm_v1,prices+weather,2,16,synthetic,mape_p50_pct,26.59669431825967,2
lightgbm_v1,prices+weather,2,16,synthetic,coverage_p10_p90_pct,67.85714285714286,2
lightgbm_v1,prices+weather,2,16,synthetic,n,112.0,2
lightgbm_v1,prices+weather,3,16,synthetic,pinball_p10,292.55306215401043,2
lightgbm_v1,prices+weather,3,16,synthetic,pinball_p50,401.64497207485925,2
lightgbm_v1,prices+weather,3,16,synthetic,pinball_p90,223.04507652399198,2
lightgbm_v1,prices+weather,3,16,synthetic,pinball_mean,305.7477035842872,2
lightgbm_v1,prices+weather,3,16,synthetic,mape_p50_pct,29.09289272988807,2
lightgbm_v1,prices+weather,3,16,synthetic,coverage_p10_p90_pct,57.14285714285714,2
lightgbm_v1,prices+weather,3,16,synthetic,n,112.0,2
lightgbm_v1,prices+weather,4,16,synthetic,pinball_p10,398.8053494207339,2
lightgbm_v1,prices+weather,4,16,synthetic,pinball_p50,537.7955435431466,2
lightgbm_v1,prices+weather,4,16,synthetic,pinball_p90,288.9112680968212,2
lightgbm_v1,prices+weather,4,16,synthetic,pinball_mean,408.50405368690053,2
lightgbm_v1,prices+weather,4,16,synthetic,mape_p50_pct,36.797711990715015,2
lightgbm_v1,prices+weather,4,16,synthetic,coverage_p10_p90_pct,48.214285714285715,2
lightgbm_v1,prices+weather,4,16,synthetic,n,112.0,2
lightgbm_v1,prices+weather,spike_14d,16,synthetic,spike_events,35.0,2
lightgbm_v1,prices+weather,spike_14d,16,synthetic,spike_recall,0.17142857142857143,2
lightgbm_v1,prices+weather,spike_14d,16,synthetic,spike_precision,0.3333333333333333,2
lightgbm_v1,prices+weather,spike_14d,16,synthetic,spike_false_alarm_rate,0.15584415584415584,2
lightgbm_v1,prices+weather,spike_14d,16,synthetic,spike_brier,0.1996867270845912,2
lightgbm_v1,prices+weather,1,17,synthetic,pinball_p10,110.66567170021233,2
lightgbm_v1,prices+weather,1,17,synthetic,pinball_p50,199.93364578247954,2
lightgbm_v1,prices+weather,1,17,synthetic,pinball_p90,119.87129537128779,2
lightgbm_v1,prices+weather,1,17,synthetic,pinball_mean,143.49020428465988,2
lightgbm_v1,prices+weather,1,17,synthetic,mape_p50_pct,12.882648961217386,2
lightgbm_v1,prices+weather,1,17,synthetic,coverage_p10_p90_pct,69.64285714285714,2
lightgbm_v1,prices+weather,1,17,synthetic,n,112.0,2
lightgbm_v1,prices+weather,2,17,synthetic,pinball_p10,236.69861121024846,2
lightgbm_v1,prices+weather,2,17,synthetic,pinball_p50,355.7529030786304,2
lightgbm_v1,prices+weather,2,17,synthetic,pinball_p90,247.46572662301946,2
lightgbm_v1,prices+weather,2,17,synthetic,pinball_mean,279.97241363729944,2
lightgbm_v1,prices+weather,2,17,synthetic,mape_p50_pct,21.60043477331107,2
lightgbm_v1,prices+weather,2,17,synthetic,coverage_p10_p90_pct,66.96428571428571,2
lightgbm_v1,prices+weather,2,17,synthetic,n,112.0,2
lightgbm_v1,prices+weather,3,17,synthetic,pinball_p10,317.462875001882,2
lightgbm_v1,prices+weather,3,17,synthetic,pinball_p50,507.2332091302183,2
lightgbm_v1,prices+weather,3,17,synthetic,pinball_p90,391.61812519421767,2
lightgbm_v1,prices+weather,3,17,synthetic,pinball_mean,405.4380697754394,2
lightgbm_v1,prices+weather,3,17,synthetic,mape_p50_pct,28.318355691635528,2
lightgbm_v1,prices+weather,3,17,synthetic,coverage_p10_p90_pct,58.03571428571429,2
lightgbm_v1,prices+weather,3,17,synthetic,n,112.0,2
lightgbm_v1,prices+weather,4,17,synthetic,pinball_p10,419.7876674388232,2
lightgbm_v1,prices+weather,4,17,synthetic,pinball_p50,661.176632344604,2
lightgbm_v1,prices+weather,4,17,synthetic,pinball_p90,512.3393722068956,2
lightgbm_v1,prices+weather,4,17,synthetic,pinball_mean,531.1012239967743,2
lightgbm_v1,prices+weather,4,17,synthetic,mape_p50_pct,34.18619181559977,2
lightgbm_v1,prices+weather,4,17,synthetic,coverage_p10_p90_pct,50.0,2
lightgbm_v1,prices+weather,4,17,synthetic,n,112.0,2
lightgbm_v1,prices+weather,spike_14d,17,synthetic,spike_events,38.0,2
lightgbm_v1,prices+weather,spike_14d,17,synthetic,spike_recall,0.18421052631578946,2
lightgbm_v1,prices+weather,spike_14d,17,synthetic,spike_precision,0.5833333333333334,2
lightgbm_v1,prices+weather,spike_14d,17,synthetic,spike_false_alarm_rate,0.06756756756756757,2
lightgbm_v1,prices+weather,spike_14d,17,synthetic,spike_brier,0.18233679556482915,2
lightgbm_v1,prices+weather,1,18,synthetic,pinball_p10,168.03394363203293,2
lightgbm_v1,prices+weather,1,18,synthetic,pinball_p50,290.0657287760181,2
lightgbm_v1,prices+weather,1,18,synthetic,pinball_p90,179.68884235585853,2
lightgbm_v1,prices+weather,1,18,synthetic,pinball_mean,212.59617158796982,2
lightgbm_v1,prices+weather,1,18,synthetic,mape_p50_pct,17.926619379610308,2
lightgbm_v1,prices+weather,1,18,synthetic,coverage_p10_p90_pct,58.92857142857143,2
lightgbm_v1,prices+weather,1,18,synthetic,n,112.0,2
lightgbm_v1,prices+weather,2,18,synthetic,pinball_p10,286.13854228783003,2
lightgbm_v1,prices+weather,2,18,synthetic,pinball_p50,416.89053643461887,2
lightgbm_v1,prices+weather,2,18,synthetic,pinball_p90,325.0833117768588,2
lightgbm_v1,prices+weather,2,18,synthetic,pinball_mean,342.70413016643596,2
lightgbm_v1,prices+weather,2,18,synthetic,mape_p50_pct,25.265989107423298,2
lightgbm_v1,prices+weather,2,18,synthetic,coverage_p10_p90_pct,56.25,2
lightgbm_v1,prices+weather,2,18,synthetic,n,112.0,2
lightgbm_v1,prices+weather,3,18,synthetic,pinball_p10,392.3734426101543,2
lightgbm_v1,prices+weather,3,18,synthetic,pinball_p50,568.4916561957695,2
lightgbm_v1,prices+weather,3,18,synthetic,pinball_p90,463.05867537204904,2
lightgbm_v1,prices+weather,3,18,synthetic,pinball_mean,474.64125805932423,2
lightgbm_v1,prices+weather,3,18,synthetic,mape_p50_pct,32.8658755515515,2
lightgbm_v1,prices+weather,3,18,synthetic,coverage_p10_p90_pct,50.0,2
lightgbm_v1,prices+weather,3,18,synthetic,n,112.0,2
lightgbm_v1,prices+weather,4,18,synthetic,pinball_p10,495.117903354566,2
lightgbm_v1,prices+weather,4,18,synthetic,pinball_p50,717.9899352945375,2
lightgbm_v1,prices+weather,4,18,synthetic,pinball_p90,615.3508590116102,2
lightgbm_v1,prices+weather,4,18,synthetic,pinball_mean,609.4862325535713,2
lightgbm_v1,prices+weather,4,18,synthetic,mape_p50_pct,38.97954131581828,2
lightgbm_v1,prices+weather,4,18,synthetic,coverage_p10_p90_pct,37.5,2
lightgbm_v1,prices+weather,4,18,synthetic,n,112.0,2
lightgbm_v1,prices+weather,spike_14d,18,synthetic,spike_events,37.0,2
lightgbm_v1,prices+weather,spike_14d,18,synthetic,spike_recall,0.32432432432432434,2
lightgbm_v1,prices+weather,spike_14d,18,synthetic,spike_precision,0.9230769230769231,2
lightgbm_v1,prices+weather,spike_14d,18,synthetic,spike_false_alarm_rate,0.013333333333333334,2
lightgbm_v1,prices+weather,spike_14d,18,synthetic,spike_brier,0.15071912241322288,2
tft_raw,prices+weather,1,ALL,synthetic,pinball_p10,149.57626975560422,2
tft_raw,prices+weather,1,ALL,synthetic,pinball_p50,310.5763495869176,2
tft_raw,prices+weather,1,ALL,synthetic,pinball_p90,190.81713601206124,2
tft_raw,prices+weather,1,ALL,synthetic,pinball_mean,216.9899184515277,2
tft_raw,prices+weather,1,ALL,synthetic,mape_p50_pct,21.668673602230275,2
tft_raw,prices+weather,1,ALL,synthetic,coverage_p10_p90_pct,52.08540218470705,2
tft_raw,prices+weather,1,ALL,synthetic,n,2014.0,2
tft_raw,prices+weather,2,ALL,synthetic,pinball_p10,199.22884641901828,2
tft_raw,prices+weather,2,ALL,synthetic,pinball_p50,433.0703326243526,2
tft_raw,prices+weather,2,ALL,synthetic,pinball_p90,336.65758990598164,2
tft_raw,prices+weather,2,ALL,synthetic,pinball_mean,322.98558964978423,2
tft_raw,prices+weather,2,ALL,synthetic,mape_p50_pct,27.54460077124925,2
tft_raw,prices+weather,2,ALL,synthetic,coverage_p10_p90_pct,42.89970208540218,2
tft_raw,prices+weather,2,ALL,synthetic,n,2014.0,2
tft_raw,prices+weather,3,ALL,synthetic,pinball_p10,238.1820956402245,2
tft_raw,prices+weather,3,ALL,synthetic,pinball_p50,542.4652784447482,2
tft_raw,prices+weather,3,ALL,synthetic,pinball_p90,479.54461158695386,2
tft_raw,prices+weather,3,ALL,synthetic,pinball_mean,420.0639952239755,2
tft_raw,prices+weather,3,ALL,synthetic,mape_p50_pct,32.05693683653065,2
tft_raw,prices+weather,3,ALL,synthetic,coverage_p10_p90_pct,36.49453823237339,2
tft_raw,prices+weather,3,ALL,synthetic,n,2014.0,2
tft_raw,prices+weather,4,ALL,synthetic,pinball_p10,252.59959302383365,2
tft_raw,prices+weather,4,ALL,synthetic,pinball_p50,629.2221873127365,2
tft_raw,prices+weather,4,ALL,synthetic,pinball_p90,604.2151135745448,2
tft_raw,prices+weather,4,ALL,synthetic,pinball_mean,495.345631303705,2
tft_raw,prices+weather,4,ALL,synthetic,mape_p50_pct,34.36918599975086,2
tft_raw,prices+weather,4,ALL,synthetic,coverage_p10_p90_pct,32.820258192651444,2
tft_raw,prices+weather,4,ALL,synthetic,n,2014.0,2
tft_raw,prices+weather,spike_14d,ALL,synthetic,spike_events,519.0,2
tft_raw,prices+weather,spike_14d,ALL,synthetic,spike_recall,0.3159922928709056,2
tft_raw,prices+weather,spike_14d,ALL,synthetic,spike_precision,0.5046153846153846,2
tft_raw,prices+weather,spike_14d,ALL,synthetic,spike_false_alarm_rate,0.10863697705802969,2
tft_raw,prices+weather,spike_14d,ALL,synthetic,spike_brier,0.19892751817424442,2
tft_raw,prices+weather,1,1,synthetic,pinball_p10,81.31228670980282,2
tft_raw,prices+weather,1,1,synthetic,pinball_p50,150.9811086875886,2
tft_raw,prices+weather,1,1,synthetic,pinball_p90,62.68539055930963,2
tft_raw,prices+weather,1,1,synthetic,pinball_mean,98.326261985567,2
tft_raw,prices+weather,1,1,synthetic,mape_p50_pct,15.39250174359692,2
tft_raw,prices+weather,1,1,synthetic,coverage_p10_p90_pct,65.17857142857143,2
tft_raw,prices+weather,1,1,synthetic,n,112.0,2
tft_raw,prices+weather,2,1,synthetic,pinball_p10,130.24510228206012,2
tft_raw,prices+weather,2,1,synthetic,pinball_p50,257.14519570464495,2
tft_raw,prices+weather,2,1,synthetic,pinball_p90,151.38251971709465,2
tft_raw,prices+weather,2,1,synthetic,pinball_mean,179.5909392345999,2
tft_raw,prices+weather,2,1,synthetic,mape_p50_pct,23.212424449823413,2
tft_raw,prices+weather,2,1,synthetic,coverage_p10_p90_pct,54.46428571428571,2
tft_raw,prices+weather,2,1,synthetic,n,112.0,2
tft_raw,prices+weather,3,1,synthetic,pinball_p10,188.96407008708928,2
tft_raw,prices+weather,3,1,synthetic,pinball_p50,346.11711828213095,2
tft_raw,prices+weather,3,1,synthetic,pinball_p90,224.68376415635856,2
tft_raw,prices+weather,3,1,synthetic,pinball_mean,253.25498417519293,2
tft_raw,prices+weather,3,1,synthetic,mape_p50_pct,29.53723515831409,2
tft_raw,prices+weather,3,1,synthetic,coverage_p10_p90_pct,41.964285714285715,2
tft_raw,prices+weather,3,1,synthetic,n,112.0,2
tft_raw,prices+weather,4,1,synthetic,pinball_p10,216.88733760444006,2
tft_raw,prices+weather,4,1,synthetic,pinball_p50,404.13369119172273,2
tft_raw,prices+weather,4,1,synthetic,pinball_p90,252.9134160367507,2
tft_raw,prices+weather,4,1,synthetic,pinball_mean,291.31148161097116,2
tft_raw,prices+weather,4,1,synthetic,mape_p50_pct,32.38162003164803,2
tft_raw,prices+weather,4,1,synthetic,coverage_p10_p90_pct,41.07142857142857,2
tft_raw,prices+weather,4,1,synthetic,n,112.0,2
tft_raw,prices+weather,spike_14d,1,synthetic,spike_events,15.0,2
tft_raw,prices+weather,spike_14d,1,synthetic,spike_recall,0.26666666666666666,2
tft_raw,prices+weather,spike_14d,1,synthetic,spike_precision,0.26666666666666666,2
tft_raw,prices+weather,spike_14d,1,synthetic,spike_false_alarm_rate,0.1134020618556701,2
tft_raw,prices+weather,spike_14d,1,synthetic,spike_brier,0.15734613753121116,2
tft_raw,prices+weather,1,2,synthetic,pinball_p10,137.18163624171785,2
tft_raw,prices+weather,1,2,synthetic,pinball_p50,261.8183156844057,2
tft_raw,prices+weather,1,2,synthetic,pinball_p90,116.76214014040553,2
tft_raw,prices+weather,1,2,synthetic,pinball_mean,171.9206973555097,2
tft_raw,prices+weather,1,2,synthetic,mape_p50_pct,24.52174036644505,2
tft_raw,prices+weather,1,2,synthetic,coverage_p10_p90_pct,47.32142857142857,2
tft_raw,prices+weather,1,2,synthetic,n,112.0,2
tft_raw,prices+weather,2,2,synthetic,pinball_p10,246.55567828866154,2
tft_raw,prices+weather,2,2,synthetic,pinball_p50,346.3309364792074,2
tft_raw,prices+weather,2,2,synthetic,pinball_p90,154.8191688803034,2
tft_raw,prices+weather,2,2,synthetic,pinball_mean,249.23526121605747,2
tft_raw,prices+weather,2,2,synthetic,mape_p50_pct,32.01357413733509,2
tft_raw,prices+weather,2,2,synthetic,coverage_p10_p90_pct,43.75,2
tft_raw,prices+weather,2,2,synthetic,n,112.0,2
tft_raw,prices+weather,3,2,synthetic,pinball_p10,345.1261116313572,2
tft_raw,prices+weather,3,2,synthetic,pinball_p50,440.5907148097822,2
tft_raw,prices+weather,3,2,synthetic,pinball_p90,185.5800708328245,2
tft_raw,prices+weather,3,2,synthetic,pinball_mean,323.7656324246546,2
tft_raw,prices+weather,3,2,synthetic,mape_p50_pct,39.2321638485964,2
tft_raw,prices+weather,3,2,synthetic,coverage_p10_p90_pct,41.07142857142857,2
tft_raw,prices+weather,3,2,synthetic,n,112.0,2
tft_raw,prices+weather,4,2,synthetic,pinball_p10,398.26185635969927,2
tft_raw,prices+weather,4,2,synthetic,pinball_p50,557.8435943360009,2
tft_raw,prices+weather,4,2,synthetic,pinball_p90,236.9698462898862,2
tft_raw,prices+weather,4,2,synthetic,pinball_mean,397.6917656618621,2
tft_raw,prices+weather,4,2,synthetic,mape_p50_pct,44.3285293235364,2
tft_raw,prices+weather,4,2,synthetic,coverage_p10_p90_pct,41.964285714285715,2
tft_raw,prices+weather,4,2,synthetic,n,112.0,2
tft_raw,prices+weather,spike_14d,2,synthetic,spike_events,43.0,2
tft_raw,prices+weather,spike_14d,2,synthetic,spike_recall,0.5581395348837209,2
tft_raw,prices+weather,spike_14d,2,synthetic,spike_precision,0.6486486486486487,2
tft_raw,prices+weather,spike_14d,2,synthetic,spike_false_alarm_rate,0.18840579710144928,2
tft_raw,prices+weather,spike_14d,2,synthetic,spike_brier,0.21480528646706057,2
tft_raw,prices+weather,1,3,synthetic,pinball_p10,119.23456979538817,2
tft_raw,prices+weather,1,3,synthetic,pinball_p50,286.4759203018299,2
tft_raw,prices+weather,1,3,synthetic,pinball_p90,160.8993059616869,2
tft_raw,prices+weather,1,3,synthetic,pinball_mean,188.869932019635,2
tft_raw,prices+weather,1,3,synthetic,mape_p50_pct,20.350243167574128,2
tft_raw,prices+weather,1,3,synthetic,coverage_p10_p90_pct,51.78571428571429,2
tft_raw,prices+weather,1,3,synthetic,n,112.0,2
tft_raw,prices+weather,2,3,synthetic,pinball_p10,146.53502913966662,2
tft_raw,prices+weather,2,3,synthetic,pinball_p50,393.7832784798616,2
tft_raw,prices+weather,2,3,synthetic,pinball_p90,342.346325344669,2
tft_raw,prices+weather,2,3,synthetic,pinball_mean,294.2215443213991,2
tft_raw,prices+weather,2,3,synthetic,mape_p50_pct,23.93464489181735,2
tft_raw,prices+weather,2,3,synthetic,coverage_p10_p90_pct,46.42857142857143,2
tft_raw,prices+weather,2,3,synthetic,n,112.0,2
tft_raw,prices+weather,3,3,synthetic,pinball_p10,173.13752744756889,2
tft_raw,prices+weather,3,3,synthetic,pinball_p50,489.9268209637256,2
tft_raw,prices+weather,3,3,synthetic,pinball_p90,468.25436755678845,2
tft_raw,prices+weather,3,3,synthetic,pinball_mean,377.10623865602764,2
tft_raw,prices+weather,3,3,synthetic,mape_p50_pct,28.049388334602416,2
tft_raw,prices+weather,3,3,synthetic,coverage_p10_p90_pct,48.214285714285715,2
tft_raw,prices+weather,3,3,synthetic,n,112.0,2
tft_raw,prices+weather,4,3,synthetic,pinball_p10,175.54116000330183,2
tft_raw,prices+weather,4,3,synthetic,pinball_p50,526.5397943795006,2
tft_raw,prices+weather,4,3,synthetic,pinball_p90,547.3407283952273,2
tft_raw,prices+weather,4,3,synthetic,pinball_mean,416.47389425934324,2
tft_raw,prices+weather,4,3,synthetic,mape_p50_pct,27.903316401820117,2
tft_raw,prices+weather,4,3,synthetic,coverage_p10_p90_pct,47.32142857142857,2
tft_raw,prices+weather,4,3,synthetic,n,112.0,2
tft_raw,prices+weather,spike_14d,3,synthetic,spike_events,27.0,2
tft_raw,prices+weather,spike_14d,3,synthetic,spike_recall,0.14814814814814814,2
tft_raw,prices+weather,spike_14d,3,synthetic,spike_precision,0.8,2
tft_raw,prices+weather,spike_14d,3,synthetic,spike_false_alarm_rate,0.011764705882352941,2
tft_raw,prices+weather,spike_14d,3,synthetic,spike_brier,0.16591811214528268,2
tft_raw,prices+weather,1,4,synthetic,pinball_p10,121.85109997309772,2
tft_raw,prices+weather,1,4,synthetic,pinball_p50,288.2544213119287,2
tft_raw,prices+weather,1,4,synthetic,pinball_p90,175.37373006566045,2
tft_raw,prices+weather,1,4,synthetic,pinball_mean,195.15975045022893,2
tft_raw,prices+weather,1,4,synthetic,mape_p50_pct,18.418882424136157,2
tft_raw,prices+weather,1,4,synthetic,coverage_p10_p90_pct,41.07142857142857,2
tft_raw,prices+weather,1,4,synthetic,n,112.0,2
tft_raw,prices+weather,2,4,synthetic,pinball_p10,178.37751735611417,2
tft_raw,prices+weather,2,4,synthetic,pinball_p50,423.4457967570357,2
tft_raw,prices+weather,2,4,synthetic,pinball_p90,302.60680125132967,2
tft_raw,prices+weather,2,4,synthetic,pinball_mean,301.4767051214932,2
tft_raw,prices+weather,2,4,synthetic,mape_p50_pct,24.942140245446627,2
tft_raw,prices+weather,2,4,synthetic,coverage_p10_p90_pct,27.67857142857143,2
tft_raw,prices+weather,2,4,synthetic,n,112.0,2
tft_raw,prices+weather,3,4,synthetic,pinball_p10,216.57444584975534,2
tft_raw,prices+weather,3,4,synthetic,pinball_p50,519.4298423177052,2
tft_raw,prices+weather,3,4,synthetic,pinball_p90,441.9806873569415,2
tft_raw,prices+weather,3,4,synthetic,pinball_mean,392.661658508134,2
tft_raw,prices+weather,3,4,synthetic,mape_p50_pct,28.698941169883234,2
tft_raw,prices+weather,3,4,synthetic,coverage_p10_p90_pct,25.0,2
tft_raw,prices+weather,3,4,synthetic,n,112.0,2
tft_raw,prices+weather,4,4,synthetic,pinball_p10,233.77993332410577,2
tft_raw,prices+weather,4,4,synthetic,pinball_p50,604.5098278497551,2
tft_raw,prices+weather,4,4,synthetic,pinball_p90,574.5504714831126,2
tft_raw,prices+weather,4,4,synthetic,pinball_mean,470.94674421899117,2
tft_raw,prices+weather,4,4,synthetic,mape_p50_pct,31.262849690386485,2
tft_raw,prices+weather,4,4,synthetic,coverage_p10_p90_pct,24.107142857142858,2
tft_raw,prices+weather,4,4,synthetic,n,112.0,2
tft_raw,prices+weather,spike_14d,4,synthetic,spike_events,15.0,2
tft_raw,prices+weather,spike_14d,4,synthetic,spike_recall,0.0,2
tft_raw,prices+weather,spike_14d,4,synthetic,spike_precision,0.0,2
tft_raw,prices+weather,spike_14d,4,synthetic,spike_false_alarm_rate,0.10309278350515463,2
tft_raw,prices+weather,spike_14d,4,synthetic,spike_brier,0.15404355336218675,2
tft_raw,prices+weather,1,5,synthetic,pinball_p10,141.168257795705,2
tft_raw,prices+weather,1,5,synthetic,pinball_p50,282.1049447648722,2
tft_raw,prices+weather,1,5,synthetic,pinball_p90,163.52378373417955,2
tft_raw,prices+weather,1,5,synthetic,pinball_mean,195.59899543158556,2
tft_raw,prices+weather,1,5,synthetic,mape_p50_pct,18.414123259426805,2
tft_raw,prices+weather,1,5,synthetic,coverage_p10_p90_pct,64.28571428571429,2
tft_raw,prices+weather,1,5,synthetic,n,112.0,2
tft_raw,prices+weather,2,5,synthetic,pinball_p10,197.3126676518516,2
tft_raw,prices+weather,2,5,synthetic,pinball_p50,415.5154204265804,2
tft_raw,prices+weather,2,5,synthetic,pinball_p90,277.7075140160374,2
tft_raw,prices+weather,2,5,synthetic,pinball_mean,296.8452006981565,2
tft_raw,prices+weather,2,5,synthetic,mape_p50_pct,24.3700956877446,2
tft_raw,prices+weather,2,5,synthetic,coverage_p10_p90_pct,47.32142857142857,2
tft_raw,prices+weather,2,5,synthetic,n,112.0,2
tft_raw,prices+weather,3,5,synthetic,pinball_p10,231.2971158005743,2
tft_raw,prices+weather,3,5,synthetic,pinball_p50,488.65248560806333,2
tft_raw,prices+weather,3,5,synthetic,pinball_p90,324.3304435200815,2
tft_raw,prices+weather,3,5,synthetic,pinball_mean,348.093348309573,2
tft_raw,prices+weather,3,5,synthetic,mape_p50_pct,27.56569954111918,2
tft_raw,prices+weather,3,5,synthetic,coverage_p10_p90_pct,39.285714285714285,2
tft_raw,prices+weather,3,5,synthetic,n,112.0,2
tft_raw,prices+weather,4,5,synthetic,pinball_p10,252.53437609657203,2
tft_raw,prices+weather,4,5,synthetic,pinball_p50,525.8033538118641,2
tft_raw,prices+weather,4,5,synthetic,pinball_p90,367.95930808470024,2
tft_raw,prices+weather,4,5,synthetic,pinball_mean,382.0990126643788,2
tft_raw,prices+weather,4,5,synthetic,mape_p50_pct,27.599365857925367,2
tft_raw,prices+weather,4,5,synthetic,coverage_p10_p90_pct,33.92857142857143,2
tft_raw,prices+weather,4,5,synthetic,n,112.0,2
tft_raw,prices+weather,spike_14d,5,synthetic,spike_events,44.0,2
tft_raw,prices+weather,spike_14d,5,synthetic,spike_recall,0.4318181818181818,2
tft_raw,prices+weather,spike_14d,5,synthetic,spike_precision,0.7307692307692307,2
tft_raw,prices+weather,spike_14d,5,synthetic,spike_false_alarm_rate,0.10294117647058823,2
tft_raw,prices+weather,spike_14d,5,synthetic,spike_brier,0.23361347333254284,2
tft_raw,prices+weather,1,6,synthetic,pinball_p10,149.98309677205458,2
tft_raw,prices+weather,1,6,synthetic,pinball_p50,297.0943973600857,2
tft_raw,prices+weather,1,6,synthetic,pinball_p90,162.59718236816846,2
tft_raw,prices+weather,1,6,synthetic,pinball_mean,203.22489216676956,2
tft_raw,prices+weather,1,6,synthetic,mape_p50_pct,17.757208462071635,2
tft_raw,prices+weather,1,6,synthetic,coverage_p10_p90_pct,56.25,2
tft_raw,prices+weather,1,6,synthetic,n,112.0,2
tft_raw,prices+weather,2,6,synthetic,pinball_p10,192.42176499286774,2
tft_raw,prices+weather,2,6,synthetic,pinball_p50,415.5956596787134,2
tft_raw,prices+weather,2,6,synthetic,pinball_p90,292.9215539380827,2
tft_raw,prices+weather,2,6,synthetic,pinball_mean,300.3129928698879,2
tft_raw,prices+weather,2,6,synthetic,mape_p50_pct,22.139183867909757,2
tft_raw,prices+weather,2,6,synthetic,coverage_p10_p90_pct,47.32142857142857,2
tft_raw,prices+weather,2,6,synthetic,n,112.0,2
tft_raw,prices+weather,3,6,synthetic,pinball_p10,226.16802664825568,2
tft_raw,prices+weather,3,6,synthetic,pinball_p50,547.3663737901651,2
tft_raw,prices+weather,3,6,synthetic,pinball_p90,488.47849937992635,2
tft_raw,prices+weather,3,6,synthetic,pinball_mean,420.67096660611577,2
tft_raw,prices+weather,3,6,synthetic,mape_p50_pct,27.232499799551107,2
tft_raw,prices+weather,3,6,synthetic,coverage_p10_p90_pct,37.5,2
tft_raw,prices+weather,3,6,synthetic,n,112.0,2
tft_raw,prices+weather,4,6,synthetic,pinball_p10,264.88554493941575,2
tft_raw,prices+weather,4,6,synthetic,pinball_p50,685.9667958012238,2
tft_raw,prices+weather,4,6,synthetic,pinball_p90,694.1528408480448,2
tft_raw,prices+weather,4,6,synthetic,pinball_mean,548.3350605295615,2
tft_raw,prices+weather,4,6,synthetic,mape_p50_pct,30.503989501516728,2
tft_raw,prices+weather,4,6,synthetic,coverage_p10_p90_pct,32.142857142857146,2
tft_raw,prices+weather,4,6,synthetic,n,112.0,2
tft_raw,prices+weather,spike_14d,6,synthetic,spike_events,24.0,2
tft_raw,prices+weather,spike_14d,6,synthetic,spike_recall,0.25,2
tft_raw,prices+weather,spike_14d,6,synthetic,spike_precision,0.46153846153846156,2
tft_raw,prices+weather,spike_14d,6,synthetic,spike_false_alarm_rate,0.07954545454545454,2
tft_raw,prices+weather,spike_14d,6,synthetic,spike_brier,0.18923396870648015,2
tft_raw,prices+weather,1,7,synthetic,pinball_p10,165.1265820245084,2
tft_raw,prices+weather,1,7,synthetic,pinball_p50,420.6836567088557,2
tft_raw,prices+weather,1,7,synthetic,pinball_p90,340.119039089743,2
tft_raw,prices+weather,1,7,synthetic,pinball_mean,308.6430926077024,2
tft_raw,prices+weather,1,7,synthetic,mape_p50_pct,20.592148404149448,2
tft_raw,prices+weather,1,7,synthetic,coverage_p10_p90_pct,50.0,2
tft_raw,prices+weather,1,7,synthetic,n,110.0,2
tft_raw,prices+weather,2,7,synthetic,pinball_p10,228.59604504187354,2
tft_raw,prices+weather,2,7,synthetic,pinball_p50,603.3641572961556,2
tft_raw,prices+weather,2,7,synthetic,pinball_p90,566.3946963634882,2
tft_raw,prices+weather,2,7,synthetic,pinball_mean,466.11829956717247,2
tft_raw,prices+weather,2,7,synthetic,mape_p50_pct,26.63119931733629,2
tft_raw,prices+weather,2,7,synthetic,coverage_p10_p90_pct,35.45454545454545,2
tft_raw,prices+weather,2,7,synthetic,n,110.0,2
tft_raw,prices+weather,3,7,synthetic,pinball_p10,249.94816933083163,2
tft_raw,prices+weather,3,7,synthetic,pinball_p50,740.033462130441,2
tft_raw,prices+weather,3,7,synthetic,pinball_p90,774.5592828732323,2
tft_raw,prices+weather,3,7,synthetic,pinball_mean,588.1803047781683,2
tft_raw,prices+weather,3,7,synthetic,mape_p50_pct,29.97424867400679,2
tft_raw,prices+weather,3,7,synthetic,coverage_p10_p90_pct,38.18181818181819,2
tft_raw,prices+weather,3,7,synthetic,n,110.0,2
tft_raw,prices+weather,4,7,synthetic,pinball_p10,277.53352748257834,2
tft_raw,prices+weather,4,7,synthetic,pinball_p50,857.1727728976354,2
tft_raw,prices+weather,4,7,synthetic,pinball_p90,963.1666343633233,2
tft_raw,prices+weather,4,7,synthetic,pinball_mean,699.2909782478456,2
tft_raw,prices+weather,4,7,synthetic,mape_p50_pct,32.08506155065488,2
tft_raw,prices+weather,4,7,synthetic,coverage_p10_p90_pct,36.36363636363637,2
tft_raw,prices+weather,4,7,synthetic,n,110.0,2
tft_raw,prices+weather,spike_14d,7,synthetic,spike_events,29.0,2
tft_raw,prices+weather,spike_14d,7,synthetic,spike_recall,0.3103448275862069,2
tft_raw,prices+weather,spike_14d,7,synthetic,spike_precision,0.47368421052631576,2
tft_raw,prices+weather,spike_14d,7,synthetic,spike_false_alarm_rate,0.14705882352941177,2
tft_raw,prices+weather,spike_14d,7,synthetic,spike_brier,0.25380021837680056,2
tft_raw,prices+weather,1,8,synthetic,pinball_p10,127.28194871950245,2
tft_raw,prices+weather,1,8,synthetic,pinball_p50,239.67458855178978,2
tft_raw,prices+weather,1,8,synthetic,pinball_p90,153.3131205260356,2
tft_raw,prices+weather,1,8,synthetic,pinball_mean,173.42321926577594,2
tft_raw,prices+weather,1,8,synthetic,mape_p50_pct,20.78115491344049,2
tft_raw,prices+weather,1,8,synthetic,coverage_p10_p90_pct,64.28571428571429,2
tft_raw,prices+weather,1,8,synthetic,n,112.0,2
tft_raw,prices+weather,2,8,synthetic,pinball_p10,167.68156042854676,2
tft_raw,prices+weather,2,8,synthetic,pinball_p50,343.7759608009229,2
tft_raw,prices+weather,2,8,synthetic,pinball_p90,313.59320714998523,2
tft_raw,prices+weather,2,8,synthetic,pinball_mean,275.0169094598183,2
tft_raw,prices+weather,2,8,synthetic,mape_p50_pct,25.17792974383088,2
tft_raw,prices+weather,2,8,synthetic,coverage_p10_p90_pct,57.14285714285714,2
tft_raw,prices+weather,2,8,synthetic,n,112.0,2
tft_raw,prices+weather,3,8,synthetic,pinball_p10,172.66784555796986,2
tft_raw,prices+weather,3,8,synthetic,pinball_p50,421.40601311799077,2
tft_raw,prices+weather,3,8,synthetic,pinball_p90,450.18632717134057,2
tft_raw,prices+weather,3,8,synthetic,pinball_mean,348.0867286157671,2
tft_raw,prices+weather,3,8,synthetic,mape_p50_pct,28.592392077946716,2
tft_raw,prices+weather,3,8,synthetic,coverage_p10_p90_pct,48.214285714285715,2
tft_raw,prices+weather,3,8,synthetic,n,112.0,2
tft_raw,prices+weather,4,8,synthetic,pinball_p10,166.66754330747997,2
tft_raw,prices+weather,4,8,synthetic,pinball_p50,490.9886788831723,2
tft_raw,prices+weather,4,8,synthetic,pinball_p90,547.8935727851997,2
tft_raw,prices+weather,4,8,synthetic,pinball_mean,401.8499316586173,2
tft_raw,prices+weather,4,8,synthetic,mape_p50_pct,31.215723792780693,2
tft_raw,prices+weather,4,8,synthetic,coverage_p10_p90_pct,33.035714285714285,2
tft_raw,prices+weather,4,8,synthetic,n,112.0,2
tft_raw,prices+weather,spike_14d,8,synthetic,spike_events,24.0,2
tft_raw,prices+weather,spike_14d,8,synthetic,spike_recall,0.3333333333333333,2
tft_raw,prices+weather,spike_14d,8,synthetic,spike_precision,0.7272727272727273,2
tft_raw,prices+weather,spike_14d,8,synthetic,spike_false_alarm_rate,0.03409090909090909,2
tft_raw,prices+weather,spike_14d,8,synthetic,spike_brier,0.17189653931801865,2
tft_raw,prices+weather,1,9,synthetic,pinball_p10,103.63221732978421,2
tft_raw,prices+weather,1,9,synthetic,pinball_p50,202.74127849357208,2
tft_raw,prices+weather,1,9,synthetic,pinball_p90,124.12334551212295,2
tft_raw,prices+weather,1,9,synthetic,pinball_mean,143.49894711182642,2
tft_raw,prices+weather,1,9,synthetic,mape_p50_pct,16.578604432581336,2
tft_raw,prices+weather,1,9,synthetic,coverage_p10_p90_pct,72.32142857142857,2
tft_raw,prices+weather,1,9,synthetic,n,112.0,2
tft_raw,prices+weather,2,9,synthetic,pinball_p10,132.59090176492595,2
tft_raw,prices+weather,2,9,synthetic,pinball_p50,268.61664424839233,2
tft_raw,prices+weather,2,9,synthetic,pinball_p90,191.19554420956698,2
tft_raw,prices+weather,2,9,synthetic,pinball_mean,197.46769674096174,2
tft_raw,prices+weather,2,9,synthetic,mape_p50_pct,19.717192621859468,2
tft_raw,prices+weather,2,9,synthetic,coverage_p10_p90_pct,68.75,2
tft_raw,prices+weather,2,9,synthetic,n,112.0,2
tft_raw,prices+weather,3,9,synthetic,pinball_p10,155.21103737570516,2
tft_raw,prices+weather,3,9,synthetic,pinball_p50,351.2066442464279,2
tft_raw,prices+weather,3,9,synthetic,pinball_p90,323.0525195450541,2
tft_raw,prices+weather,3,9,synthetic,pinball_mean,276.49006705572907,2
tft_raw,prices+weather,3,9,synthetic,mape_p50_pct,22.05684289094183,2
tft_raw,prices+weather,3,9,synthetic,coverage_p10_p90_pct,61.60714285714286,2
tft_raw,prices+weather,3,9,synthetic,n,112.0,2
tft_raw,prices+weather,4,9,synthetic,pinball_p10,185.4620727945774,2
tft_raw,prices+weather,4,9,synthetic,pinball_p50,480.3952325994874,2
tft_raw,prices+weather,4,9,synthetic,pinball_p90,505.84123020747,2
tft_raw,prices+weather,4,9,synthetic,pinball_mean,390.56617853384495,2
tft_raw,prices+weather,4,9,synthetic,mape_p50_pct,26.991723870155006,2
tft_raw,prices+weather,4,9,synthetic,coverage_p10_p90_pct,46.42857142857143,2
tft_raw,prices+weather,4,9,synthetic,n,112.0,2
tft_raw,prices+weather,spike_14d,9,synthetic,spike_events,35.0,2
tft_raw,prices+weather,spike_14d,9,synthetic,spike_recall,0.2,2
tft_raw,prices+weather,spike_14d,9,synthetic,spike_precision,0.7777777777777778,2
tft_raw,prices+weather,spike_14d,9,synthetic,spike_false_alarm_rate,0.025974025974025976,2
tft_raw,prices+weather,spike_14d,9,synthetic,spike_brier,0.20560797530203553,2
tft_raw,prices+weather,1,10,synthetic,pinball_p10,148.0575349878566,2
tft_raw,prices+weather,1,10,synthetic,pinball_p50,306.85759682907894,2
tft_raw,prices+weather,1,10,synthetic,pinball_p90,239.608721178653,2
tft_raw,prices+weather,1,10,synthetic,pinball_mean,231.5079509985295,2
tft_raw,prices+weather,1,10,synthetic,mape_p50_pct,22.631429986324772,2
tft_raw,prices+weather,1,10,synthetic,coverage_p10_p90_pct,54.46428571428571,2
tft_raw,prices+weather,1,10,synthetic,n,112.0,2
tft_raw,prices+weather,2,10,synthetic,pinball_p10,183.85927582673384,2
tft_raw,prices+weather,2,10,synthetic,pinball_p50,454.34079807566275,2
tft_raw,prices+weather,2,10,synthetic,pinball_p90,468.8624298691312,2
tft_raw,prices+weather,2,10,synthetic,pinball_mean,369.0208345905092,2
tft_raw,prices+weather,2,10,synthetic,mape_p50_pct,28.729045888702874,2
tft_raw,prices+weather,2,10,synthetic,coverage_p10_p90_pct,46.42857142857143,2
tft_raw,prices+weather,2,10,synthetic,n,112.0,2
tft_raw,prices+weather,3,10,synthetic,pinball_p10,220.94543950921687,2
tft_raw,prices+weather,3,10,synthetic,pinball_p50,603.9553047337761,2
tft_raw,prices+weather,3,10,synthetic,pinball_p90,664.7778198900326,2
tft_raw,prices+weather,3,10,synthetic,pinball_mean,496.55952137767514,2
tft_raw,prices+weather,3,10,synthetic,mape_p50_pct,35.081220723420756,2
tft_raw,prices+weather,3,10,synthetic,coverage_p10_p90_pct,28.57142857142857,2
tft_raw,prices+weather,3,10,synthetic,n,112.0,2
tft_raw,prices+weather,4,10,synthetic,pinball_p10,245.73894995484514,2
tft_raw,prices+weather,4,10,synthetic,pinball_p50,677.7105597885555,2
tft_raw,prices+weather,4,10,synthetic,pinball_p90,742.0870664220641,2
tft_raw,prices+weather,4,10,synthetic,pinball_mean,555.1788587218216,2
tft_raw,prices+weather,4,10,synthetic,mape_p50_pct,37.89158939510464,2
tft_raw,prices+weather,4,10,synthetic,coverage_p10_p90_pct,18.75,2
tft_raw,prices+weather,4,10,synthetic,n,112.0,2
tft_raw,prices+weather,spike_14d,10,synthetic,spike_events,20.0,2
tft_raw,prices+weather,spike_14d,10,synthetic,spike_recall,0.35,2
tft_raw,prices+weather,spike_14d,10,synthetic,spike_precision,0.6363636363636364,2
tft_raw,prices+weather,spike_14d,10,synthetic,spike_false_alarm_rate,0.043478260869565216,2
tft_raw,prices+weather,spike_14d,10,synthetic,spike_brier,0.13608752417365363,2
tft_raw,prices+weather,1,11,synthetic,pinball_p10,153.30004315928227,2
tft_raw,prices+weather,1,11,synthetic,pinball_p50,370.3635139247689,2
tft_raw,prices+weather,1,11,synthetic,pinball_p90,235.24344153591727,2
tft_raw,prices+weather,1,11,synthetic,pinball_mean,252.96899953998945,2
tft_raw,prices+weather,1,11,synthetic,mape_p50_pct,21.919027752847434,2
tft_raw,prices+weather,1,11,synthetic,coverage_p10_p90_pct,30.357142857142854,2
tft_raw,prices+weather,1,11,synthetic,n,112.0,2
tft_raw,prices+weather,2,11,synthetic,pinball_p10,201.2124195186685,2
tft_raw,prices+weather,2,11,synthetic,pinball_p50,508.9796025226627,2
tft_raw,prices+weather,2,11,synthetic,pinball_p90,439.29952812803265,2
tft_raw,prices+weather,2,11,synthetic,pinball_mean,383.1638500564546,2
tft_raw,prices+weather,2,11,synthetic,mape_p50_pct,27.664732242883066,2
tft_raw,prices+weather,2,11,synthetic,coverage_p10_p90_pct,25.0,2
tft_raw,prices+weather,2,11,synthetic,n,112.0,2
tft_raw,prices+weather,3,11,synthetic,pinball_p10,246.86514564449757,2
tft_raw,prices+weather,3,11,synthetic,pinball_p50,687.6620588462574,2
tft_raw,prices+weather,3,11,synthetic,pinball_p90,713.856907477837,2
tft_raw,prices+weather,3,11,synthetic,pinball_mean,549.4613706561973,2
tft_raw,prices+weather,3,11,synthetic,mape_p50_pct,33.24687105011849,2
tft_raw,prices+weather,3,11,synthetic,coverage_p10_p90_pct,18.75,2
tft_raw,prices+weather,3,11,synthetic,n,112.0,2
tft_raw,prices+weather,4,11,synthetic,pinball_p10,275.396738650621,2
tft_raw,prices+weather,4,11,synthetic,pinball_p50,841.8457629313081,2
tft_raw,prices+weather,4,11,synthetic,pinball_p90,953.8478397632877,2
tft_raw,prices+weather,4,11,synthetic,pinball_mean,690.3634471150722,2
tft_raw,prices+weather,4,11,synthetic,mape_p50_pct,37.85709354384766,2
tft_raw,prices+weather,4,11,synthetic,coverage_p10_p90_pct,11.607142857142858,2
tft_raw,prices+weather,4,11,synthetic,n,112.0,2
tft_raw,prices+weather,spike_14d,11,synthetic,spike_events,20.0,2
tft_raw,prices+weather,spike_14d,11,synthetic,spike_recall,0.2,2
tft_raw,prices+weather,spike_14d,11,synthetic,spike_precision,0.5,2
tft_raw,prices+weather,spike_14d,11,synthetic,spike_false_alarm_rate,0.043478260869565216,2
tft_raw,prices+weather,spike_14d,11,synthetic,spike_brier,0.1557357556265426,2
tft_raw,prices+weather,1,12,synthetic,pinball_p10,104.60494064435231,2
tft_raw,prices+weather,1,12,synthetic,pinball_p50,235.5614594669071,2
tft_raw,prices+weather,1,12,synthetic,pinball_p90,101.77738940281766,2
tft_raw,prices+weather,1,12,synthetic,pinball_mean,147.31459650469236,2
tft_raw,prices+weather,1,12,synthetic,mape_p50_pct,15.24057360677045,2
tft_raw,prices+weather,1,12,synthetic,coverage_p10_p90_pct,58.92857142857143,2
tft_raw,prices+weather,1,12,synthetic,n,112.0,2
tft_raw,prices+weather,2,12,synthetic,pinball_p10,180.1856028643778,2
tft_raw,prices+weather,2,12,synthetic,pinball_p50,371.10917622669615,2
tft_raw,prices+weather,2,12,synthetic,pinball_p90,236.08211084835588,2
tft_raw,prices+weather,2,12,synthetic,pinball_mean,262.4589633131433,2
tft_raw,prices+weather,2,12,synthetic,mape_p50_pct,21.50244185510069,2
tft_raw,prices+weather,2,12,synthetic,coverage_p10_p90_pct,44.642857142857146,2
tft_raw,prices+weather,2,12,synthetic,n,112.0,2
tft_raw,prices+weather,3,12,synthetic,pinball_p10,236.85066973660398,2
tft_raw,prices+weather,3,12,synthetic,pinball_p50,489.52138656844573,2
tft_raw,prices+weather,3,12,synthetic,pinball_p90,347.17060537658625,2
tft_raw,prices+weather,3,12,synthetic,pinball_mean,357.8475538938787,2
tft_raw,prices+weather,3,12,synthetic,mape_p50_pct,26.477237486691745,2
tft_raw,prices+weather,3,12,synthetic,coverage_p10_p90_pct,38.392857142857146,2
tft_raw,prices+weather,3,12,synthetic,n,112.0,2
tft_raw,prices+weather,4,12,synthetic,pinball_p10,200.67502959050802,2
tft_raw,prices+weather,4,12,synthetic,pinball_p50,496.66391571491874,2
tft_raw,prices+weather,4,12,synthetic,pinball_p90,385.3877764023185,2
tft_raw,prices+weather,4,12,synthetic,pinball_mean,360.908907235915,2
tft_raw,prices+weather,4,12,synthetic,mape_p50_pct,24.287357434977856,2
tft_raw,prices+weather,4,12,synthetic,coverage_p10_p90_pct,50.89285714285714,2
tft_raw,prices+weather,4,12,synthetic,n,112.0,2
tft_raw,prices+weather,spike_14d,12,synthetic,spike_events,19.0,2
tft_raw,prices+weather,spike_14d,12,synthetic,spike_recall,0.3684210526315789,2
tft_raw,prices+weather,spike_14d,12,synthetic,spike_precision,0.35,2
tft_raw,prices+weather,spike_14d,12,synthetic,spike_false_alarm_rate,0.13978494623655913,2
tft_raw,prices+weather,spike_14d,12,synthetic,spike_brier,0.1599700940311026,2
tft_raw,prices+weather,1,13,synthetic,pinball_p10,183.37991987269405,2
tft_raw,prices+weather,1,13,synthetic,pinball_p50,455.43163930052054,2
tft_raw,prices+weather,1,13,synthetic,pinball_p90,275.8611753154102,2
tft_raw,prices+weather,1,13,synthetic,pinball_mean,304.8909114962083,2
tft_raw,prices+weather,1,13,synthetic,mape_p50_pct,23.526469089687453,2
tft_raw,prices+weather,1,13,synthetic,coverage_p10_p90_pct,51.78571428571429,2
tft_raw,prices+weather,1,13,synthetic,n,112.0,2
tft_raw,prices+weather,2,13,synthetic,pinball_p10,215.50665349561498,2
tft_raw,prices+weather,2,13,synthetic,pinball_p50,609.6245154570885,2
tft_raw,prices+weather,2,13,synthetic,pinball_p90,495.70441235679107,2
tft_raw,prices+weather,2,13,synthetic,pinball_mean,440.27852710316483,2
tft_raw,prices+weather,2,13,synthetic,mape_p50_pct,29.69701555593916,2
tft_raw,prices+weather,2,13,synthetic,coverage_p10_p90_pct,42.857142857142854,2
tft_raw,prices+weather,2,13,synthetic,n,112.0,2
tft_raw,prices+weather,3,13,synthetic,pinball_p10,255.3630719323085,2
tft_raw,prices+weather,3,13,synthetic,pinball_p50,728.5920239226864,2
tft_raw,prices+weather,3,13,synthetic,pinball_p90,734.4400122197802,2
tft_raw,prices+weather,3,13,synthetic,pinball_mean,572.7983693582584,2
tft_raw,prices+weather,3,13,synthetic,mape_p50_pct,32.75780704731263,2
tft_raw,prices+weather,3,13,synthetic,coverage_p10_p90_pct,33.92857142857143,2
tft_raw,prices+weather,3,13,synthetic,n,112.0,2
tft_raw,prices+weather,4,13,synthetic,pinball_p10,282.74159837922724,2
tft_raw,prices+weather,4,13,synthetic,pinball_p50,902.7650349350024,2
tft_raw,prices+weather,4,13,synthetic,pinball_p90,993.2672294269463,2
tft_raw,prices+weather,4,13,synthetic,pinball_mean,726.2579542470586,2
tft_raw,prices+weather,4,13,synthetic,mape_p50_pct,37.00163500741162,2
tft_raw,prices+weather,4,13,synthetic,coverage_p10_p90_pct,31.25,2
tft_raw,prices+weather,4,13,synthetic,n,112.0,2
tft_raw,prices+weather,spike_14d,13,synthetic,spike_events,34.0,2
tft_raw,prices+weather,spike_14d,13,synthetic,spike_recall,0.058823529411764705,2
tft_raw,prices+weather,spike_14d,13,synthetic,spike_precision,0.10526315789473684,2
tft_raw,prices+weather,spike_14d,13,synthetic,spike_false_alarm_rate,0.21794871794871795,2
tft_raw,prices+weather,spike_14d,13,synthetic,spike_brier,0.27299272632769167,2
tft_raw,prices+weather,1,14,synthetic,pinball_p10,129.5032758290485,2
tft_raw,prices+weather,1,14,synthetic,pinball_p50,220.9112371971832,2
tft_raw,prices+weather,1,14,synthetic,pinball_p90,125.39218444004385,2
tft_raw,prices+weather,1,14,synthetic,pinball_mean,158.60223248875852,2
tft_raw,prices+weather,1,14,synthetic,mape_p50_pct,22.7900753681016,2
tft_raw,prices+weather,1,14,synthetic,coverage_p10_p90_pct,50.89285714285714,2
tft_raw,prices+weather,1,14,synthetic,n,112.0,2
tft_raw,prices+weather,2,14,synthetic,pinball_p10,160.74657624684428,2
tft_raw,prices+weather,2,14,synthetic,pinball_p50,298.0337316879459,2
tft_raw,prices+weather,2,14,synthetic,pinball_p90,201.423589862324,2
tft_raw,prices+weather,2,14,synthetic,pinball_mean,220.06796593237138,2
tft_raw,prices+weather,2,14,synthetic,mape_p50_pct,27.729075699366263,2
tft_raw,prices+weather,2,14,synthetic,coverage_p10_p90_pct,41.964285714285715,2
tft_raw,prices+weather,2,14,synthetic,n,112.0,2
tft_raw,prices+weather,3,14,synthetic,pinball_p10,179.29877511271323,2
tft_raw,prices+weather,3,14,synthetic,pinball_p50,398.4427036125721,2
tft_raw,prices+weather,3,14,synthetic,pinball_p90,381.878445663409,2
tft_raw,prices+weather,3,14,synthetic,pinball_mean,319.8733081295648,2
tft_raw,prices+weather,3,14,synthetic,mape_p50_pct,31.447281386538883,2
tft_raw,prices+weather,3,14,synthetic,coverage_p10_p90_pct,41.07142857142857,2
tft_raw,prices+weather,3,14,synthetic,n,112.0,2
tft_raw,prices+weather,4,14,synthetic,pinball_p10,198.28127889679465,2
tft_raw,prices+weather,4,14,synthetic,pinball_p50,479.0602219765193,2
tft_raw,prices+weather,4,14,synthetic,pinball_p90,524.514706027216,2
tft_raw,prices+weather,4,14,synthetic,pinball_mean,400.61873563350997,2
tft_raw,prices+weather,4,14,synthetic,mape_p50_pct,34.1360055207835,2
tft_raw,prices+weather,4,14,synthetic,coverage_p10_p90_pct,34.82142857142857,2
tft_raw,prices+weather,4,14,synthetic,n,112.0,2
tft_raw,prices+weather,spike_14d,14,synthetic,spike_events,27.0,2
tft_raw,prices+weather,spike_14d,14,synthetic,spike_recall,0.2962962962962963,2
tft_raw,prices+weather,spike_14d,14,synthetic,spike_precision,1.0,2
tft_raw,prices+weather,spike_14d,14,synthetic,spike_false_alarm_rate,0.0,2
tft_raw,prices+weather,spike_14d,14,synthetic,spike_brier,0.1262643733637288,2
tft_raw,prices+weather,1,15,synthetic,pinball_p10,119.62861508054758,2
tft_raw,prices+weather,1,15,synthetic,pinball_p50,301.42204478130327,2
tft_raw,prices+weather,1,15,synthetic,pinball_p90,187.45105543625667,2
tft_raw,prices+weather,1,15,synthetic,pinball_mean,202.83390509936916,2
tft_raw,prices+weather,1,15,synthetic,mape_p50_pct,23.464941871111748,2
tft_raw,prices+weather,1,15,synthetic,coverage_p10_p90_pct,38.392857142857146,2
tft_raw,prices+weather,1,15,synthetic,n,112.0,2
tft_raw,prices+weather,2,15,synthetic,pinball_p10,155.2152426550745,2
tft_raw,prices+weather,2,15,synthetic,pinball_p50,381.7644605104736,2
tft_raw,prices+weather,2,15,synthetic,pinball_p90,341.78331116134603,2
tft_raw,prices+weather,2,15,synthetic,pinball_mean,292.9210047756314,2
tft_raw,prices+weather,2,15,synthetic,mape_p50_pct,26.943747180082028,2
tft_raw,prices+weather,2,15,synthetic,coverage_p10_p90_pct,38.392857142857146,2
tft_raw,prices+weather,2,15,synthetic,n,112.0,2
tft_raw,prices+weather,3,15,synthetic,pinball_p10,170.30073360998585,2
tft_raw,prices+weather,3,15,synthetic,pinball_p50,486.9604175587007,2
tft_raw,prices+weather,3,15,synthetic,pinball_p90,501.72117291647737,2
tft_raw,prices+weather,3,15,synthetic,pinball_mean,386.32744136172136,2
tft_raw,prices+weather,3,15,synthetic,mape_p50_pct,31.264409782584174,2
tft_raw,prices+weather,3,15,synthetic,coverage_p10_p90_pct,34.82142857142857,2
tft_raw,prices+weather,3,15,synthetic,n,112.0,2
tft_raw,prices+weather,4,15,synthetic,pinball_p10,171.61447958932786,2
tft_raw,prices+weather,4,15,synthetic,pinball_p50,550.3686316179364,2
tft_raw,prices+weather,4,15,synthetic,pinball_p90,603.4866783040717,2
tft_raw,prices+weather,4,15,synthetic,pinball_mean,441.8232631704453,2
tft_raw,prices+weather,4,15,synthetic,mape_p50_pct,33.531008436754256,2
tft_raw,prices+weather,4,15,synthetic,coverage_p10_p90_pct,36.607142857142854,2
tft_raw,prices+weather,4,15,synthetic,n,112.0,2
tft_raw,prices+weather,spike_14d,15,synthetic,spike_events,33.0,2
tft_raw,prices+weather,spike_14d,15,synthetic,spike_recall,0.15151515151515152,2
tft_raw,prices+weather,spike_14d,15,synthetic,spike_precision,0.2777777777777778,2
tft_raw,prices+weather,spike_14d,15,synthetic,spike_false_alarm_rate,0.16455696202531644,2
tft_raw,prices+weather,spike_14d,15,synthetic,spike_brier,0.27569031037386527,2
tft_raw,prices+weather,1,16,synthetic,pinball_p10,251.12620655597829,2
tft_raw,prices+weather,1,16,synthetic,pinball_p50,366.90441431192113,2
tft_raw,prices+weather,1,16,synthetic,pinball_p90,204.8037513561522,2
tft_raw,prices+weather,1,16,synthetic,pinball_mean,274.27812407468383,2
tft_raw,prices+weather,1,16,synthetic,mape_p50_pct,29.82324564411552,2
tft_raw,prices+weather,1,16,synthetic,coverage_p10_p90_pct,42.857142857142854,2
tft_raw,prices+weather,1,16,synthetic,n,112.0,2
tft_raw,prices+weather,2,16,synthetic,pinball_p10,277.68606476089536,2
tft_raw,prices+weather,2,16,synthetic,pinball_p50,481.83527576858353,2
tft_raw,prices+weather,2,16,synthetic,pinball_p90,318.2176740835713,2
tft_raw,prices+weather,2,16,synthetic,pinball_mean,359.24633820435,2
tft_raw,prices+weather,2,16,synthetic,mape_p50_pct,36.63281569502772,2
tft_raw,prices+weather,2,16,synthetic,coverage_p10_p90_pct,30.357142857142854,2
tft_raw,prices+weather,2,16,synthetic,n,112.0,2
tft_raw,prices+weather,3,16,synthetic,pinball_p10,292.25178995765793,2
tft_raw,prices+weather,3,16,synthetic,pinball_p50,543.5664250892662,2
tft_raw,prices+weather,3,16,synthetic,pinball_p90,383.5565522053535,2
tft_raw,prices+weather,3,16,synthetic,pinball_mean,406.45825575075924,2
tft_raw,prices+weather,3,16,synthetic,mape_p50_pct,39.26331368245254,2
tft_raw,prices+weather,3,16,synthetic,coverage_p10_p90_pct,27.67857142857143,2
tft_raw,prices+weather,3,16,synthetic,n,112.0,2
tft_raw,prices+weather,4,16,synthetic,pinball_p10,294.6096207265896,2
tft_raw,prices+weather,4,16,synthetic,pinball_p50,617.2882782522167,2
tft_raw,prices+weather,4,16,synthetic,pinball_p90,502.4009722045779,2
tft_raw,prices+weather,4,16,synthetic,pinball_mean,471.43295706112804,2
tft_raw,prices+weather,4,16,synthetic,mape_p50_pct,42.344999805060844,2
tft_raw,prices+weather,4,16,synthetic,coverage_p10_p90_pct,21.428571428571427,2
tft_raw,prices+weather,4,16,synthetic,n,112.0,2
tft_raw,prices+weather,spike_14d,16,synthetic,spike_events,35.0,2
tft_raw,prices+weather,spike_14d,16,synthetic,spike_recall,0.5142857142857142,2
tft_raw,prices+weather,spike_14d,16,synthetic,spike_precision,0.47368421052631576,2
tft_raw,prices+weather,spike_14d,16,synthetic,spike_false_alarm_rate,0.2597402597402597,2
tft_raw,prices+weather,spike_14d,16,synthetic,spike_brier,0.2582881933854965,2
tft_raw,prices+weather,1,17,synthetic,pinball_p10,186.07425861176685,2
tft_raw,prices+weather,1,17,synthetic,pinball_p50,415.23078412604673,2
tft_raw,prices+weather,1,17,synthetic,pinball_p90,293.1022200950666,2
tft_raw,prices+weather,1,17,synthetic,pinball_mean,298.13575427762675,2
tft_raw,prices+weather,1,17,synthetic,mape_p50_pct,27.04661853322417,2
tft_raw,prices+weather,1,17,synthetic,coverage_p10_p90_pct,44.642857142857146,2
tft_raw,prices+weather,1,17,synthetic,n,112.0,2
tft_raw,prices+weather,2,17,synthetic,pinball_p10,248.8963964393572,2
tft_raw,prices+weather,2,17,synthetic,pinball_p50,565.3391431734361,2
tft_raw,prices+weather,2,17,synthetic,pinball_p90,506.5656071489612,2
tft_raw,prices+weather,2,17,synthetic,pinball_mean,440.26704892058484,2
tft_raw,prices+weather,2,17,synthetic,mape_p50_pct,34.69369531108636,2
tft_raw,prices+weather,2,17,synthetic,coverage_p10_p90_pct,31.25,2
tft_raw,prices+weather,2,17,synthetic,n,112.0,2
tft_raw,prices+weather,3,17,synthetic,pinball_p10,297.1599304844176,2
tft_raw,prices+weather,3,17,synthetic,pinball_p50,705.1093704954661,2
tft_raw,prices+weather,3,17,synthetic,pinball_p90,704.5467338276648,2
tft_raw,prices+weather,3,17,synthetic,pinball_mean,568.9386782691828,2
tft_raw,prices+weather,3,17,synthetic,mape_p50_pct,40.293883881682696,2
tft_raw,prices+weather,3,17,synthetic,coverage_p10_p90_pct,24.107142857142858,2
tft_raw,prices+weather,3,17,synthetic,n,112.0,2
tft_raw,prices+weather,4,17,synthetic,pinball_p10,314.25845883464444,2
tft_raw,prices+weather,4,17,synthetic,pinball_p50,841.5501375789756,2
tft_raw,prices+weather,4,17,synthetic,pinball_p90,916.9848723174562,2
tft_raw,prices+weather,4,17,synthetic,pinball_mean,690.931156243692,2
tft_raw,prices+weather,4,17,synthetic,mape_p50_pct,43.661101803633926,2
tft_raw,prices+weather,4,17,synthetic,coverage_p10_p90_pct,18.75,2
tft_raw,prices+weather,4,17,synthetic,n,112.0,2
tft_raw,prices+weather,spike_14d,17,synthetic,spike_events,38.0,2
tft_raw,prices+weather,spike_14d,17,synthetic,spike_recall,0.2631578947368421,2
tft_raw,prices+weather,spike_14d,17,synthetic,spike_precision,0.4,2
tft_raw,prices+weather,spike_14d,17,synthetic,spike_false_alarm_rate,0.20270270270270271,2
tft_raw,prices+weather,spike_14d,17,synthetic,spike_brier,0.2922673950262656,2
tft_raw,prices+weather,1,18,synthetic,pinball_p10,270.2040496454473,2
tft_raw,prices+weather,1,18,synthetic,pinball_p50,489.8291726747512,2
tft_raw,prices+weather,1,18,synthetic,pinball_p90,314.7375769115741,2
tft_raw,prices+weather,1,18,synthetic,pinball_mean,358.25693307725754,2
tft_raw,prices+weather,1,18,synthetic,mape_p50_pct,30.767912150288417,2
tft_raw,prices+weather,1,18,synthetic,coverage_p10_p90_pct,52.67857142857143,2
tft_raw,prices+weather,1,18,synthetic,n,112.0,2
tft_raw,prices+weather,2,18,synthetic,pinball_p10,343.0191510493169,2
tft_raw,prices+weather,2,18,synthetic,pinball_p50,659.7071950991366,2
tft_raw,prices+weather,2,18,synthetic,pinball_p90,463.03307230819763,2
tft_raw,prices+weather,2,18,synthetic,pinball_mean,488.58647281888375,2
tft_raw,prices+weather,2,18,synthetic,mape_p50_pct,40.05554875094641,2
tft_raw,prices+weather,2,18,synthetic,coverage_p10_p90_pct,42.857142857142854,2
tft_raw,prices+weather,2,18,synthetic,n,112.0,2
tft_raw,prices+weather,3,18,synthetic,pinball_p10,429.3579242662932,2
tft_raw,prices+weather,3,18,synthetic,pinball_p50,779.3638491919664,2
tft_raw,prices+weather,3,18,synthetic,pinball_p90,524.0169157255929,2
tft_raw,prices+weather,3,18,synthetic,pinball_mean,577.5795630612841,2
tft_raw,prices+weather,3,18,synthetic,mape_p50_pct,46.21623566174297,2
tft_raw,prices+weather,3,18,synthetic,coverage_p10_p90_pct,28.57142857142857,2
tft_raw,prices+weather,3,18,synthetic,n,112.0,2
tft_raw,prices+weather,4,18,synthetic,pinball_p10,392.3684167238983,2
tft_raw,prices+weather,4,18,synthetic,pinball_p50,789.4636332546213,2
tft_raw,prices+weather,4,18,synthetic,pinball_p90,569.5167035656692,2
tft_raw,prices+weather,4,18,synthetic,pinball_mean,583.7829178480629,2
tft_raw,prices+weather,4,18,synthetic,mape_p50_pct,43.62158909092657,2
tft_raw,prices+weather,4,18,synthetic,coverage_p10_p90_pct,30.357142857142854,2
tft_raw,prices+weather,4,18,synthetic,n,112.0,2
tft_raw,prices+weather,spike_14d,18,synthetic,spike_events,37.0,2
tft_raw,prices+weather,spike_14d,18,synthetic,spike_recall,0.5945945945945946,2
tft_raw,prices+weather,spike_14d,18,synthetic,spike_precision,0.6666666666666666,2
tft_raw,prices+weather,spike_14d,18,synthetic,spike_false_alarm_rate,0.14666666666666667,2
tft_raw,prices+weather,spike_14d,18,synthetic,spike_brier,0.16448271263499073,2
tft_cqr,prices+weather,1,ALL,synthetic,pinball_p10,210.8061090438358,2
tft_cqr,prices+weather,1,ALL,synthetic,pinball_p50,310.5763495869176,2
tft_cqr,prices+weather,1,ALL,synthetic,pinball_p90,168.81329179610282,2
tft_cqr,prices+weather,1,ALL,synthetic,pinball_mean,230.0652501422854,2
tft_cqr,prices+weather,1,ALL,synthetic,mape_p50_pct,21.668673602230275,2
tft_cqr,prices+weather,1,ALL,synthetic,coverage_p10_p90_pct,58.39126117179742,2
tft_cqr,prices+weather,1,ALL,synthetic,n,2014.0,2
tft_cqr,prices+weather,2,ALL,synthetic,pinball_p10,278.73601632349227,2
tft_cqr,prices+weather,2,ALL,synthetic,pinball_p50,433.0703326243526,2
tft_cqr,prices+weather,2,ALL,synthetic,pinball_p90,259.8821286578099,2
tft_cqr,prices+weather,2,ALL,synthetic,pinball_mean,323.8961592018849,2
tft_cqr,prices+weather,2,ALL,synthetic,mape_p50_pct,27.54460077124925,2
tft_cqr,prices+weather,2,ALL,synthetic,coverage_p10_p90_pct,52.43296921549155,2
tft_cqr,prices+weather,2,ALL,synthetic,n,2014.0,2
tft_cqr,prices+weather,3,ALL,synthetic,pinball_p10,338.00583491929217,2
tft_cqr,prices+weather,3,ALL,synthetic,pinball_p50,542.4652784447482,2
tft_cqr,prices+weather,3,ALL,synthetic,pinball_p90,324.86526303080626,2
tft_cqr,prices+weather,3,ALL,synthetic,pinball_mean,401.77879213161555,2
tft_cqr,prices+weather,3,ALL,synthetic,mape_p50_pct,32.05693683653065,2
tft_cqr,prices+weather,3,ALL,synthetic,coverage_p10_p90_pct,42.15491559086395,2
tft_cqr,prices+weather,3,ALL,synthetic,n,2014.0,2
tft_cqr,prices+weather,4,ALL,synthetic,pinball_p10,384.37843372587304,2
tft_cqr,prices+weather,4,ALL,synthetic,pinball_p50,629.2221873127365,2
tft_cqr,prices+weather,4,ALL,synthetic,pinball_p90,382.62020070819307,2
tft_cqr,prices+weather,4,ALL,synthetic,pinball_mean,465.4069405822675,2
tft_cqr,prices+weather,4,ALL,synthetic,mape_p50_pct,34.36918599975086,2
tft_cqr,prices+weather,4,ALL,synthetic,coverage_p10_p90_pct,35.55114200595829,2
tft_cqr,prices+weather,4,ALL,synthetic,n,2014.0,2
tft_cqr,prices+weather,spike_14d,ALL,synthetic,spike_events,519.0,2
tft_cqr,prices+weather,spike_14d,ALL,synthetic,spike_recall,0.3159922928709056,2
tft_cqr,prices+weather,spike_14d,ALL,synthetic,spike_precision,0.5046153846153846,2
tft_cqr,prices+weather,spike_14d,ALL,synthetic,spike_false_alarm_rate,0.10863697705802969,2
tft_cqr,prices+weather,spike_14d,ALL,synthetic,spike_brier,0.19892751817424442,2
tft_cqr,prices+weather,1,1,synthetic,pinball_p10,119.25712490704186,2
tft_cqr,prices+weather,1,1,synthetic,pinball_p50,150.9811086875886,2
tft_cqr,prices+weather,1,1,synthetic,pinball_p90,100.44388571788946,2
tft_cqr,prices+weather,1,1,synthetic,pinball_mean,123.56070643750665,2
tft_cqr,prices+weather,1,1,synthetic,mape_p50_pct,15.39250174359692,2
tft_cqr,prices+weather,1,1,synthetic,coverage_p10_p90_pct,67.85714285714286,2
tft_cqr,prices+weather,1,1,synthetic,n,112.0,2
tft_cqr,prices+weather,2,1,synthetic,pinball_p10,193.51526328467202,2
tft_cqr,prices+weather,2,1,synthetic,pinball_p50,257.14519570464495,2
tft_cqr,prices+weather,2,1,synthetic,pinball_p90,161.26869111482102,2
tft_cqr,prices+weather,2,1,synthetic,pinball_mean,203.976383368046,2
tft_cqr,prices+weather,2,1,synthetic,mape_p50_pct,23.212424449823413,2
tft_cqr,prices+weather,2,1,synthetic,coverage_p10_p90_pct,52.67857142857143,2
tft_cqr,prices+weather,2,1,synthetic,n,112.0,2
tft_cqr,prices+weather,3,1,synthetic,pinball_p10,241.24723235535683,2
tft_cqr,prices+weather,3,1,synthetic,pinball_p50,346.11711828213095,2
tft_cqr,prices+weather,3,1,synthetic,pinball_p90,183.8371560453991,2
tft_cqr,prices+weather,3,1,synthetic,pinball_mean,257.0671688942956,2
tft_cqr,prices+weather,3,1,synthetic,mape_p50_pct,29.53723515831409,2
tft_cqr,prices+weather,3,1,synthetic,coverage_p10_p90_pct,46.42857142857143,2
tft_cqr,prices+weather,3,1,synthetic,n,112.0,2
tft_cqr,prices+weather,4,1,synthetic,pinball_p10,270.81906220971905,2
tft_cqr,prices+weather,4,1,synthetic,pinball_p50,404.13369119172273,2
tft_cqr,prices+weather,4,1,synthetic,pinball_p90,219.08004131984353,2
tft_cqr,prices+weather,4,1,synthetic,pinball_mean,298.01093157376175,2
tft_cqr,prices+weather,4,1,synthetic,mape_p50_pct,32.38162003164803,2
tft_cqr,prices+weather,4,1,synthetic,coverage_p10_p90_pct,45.535714285714285,2
tft_cqr,prices+weather,4,1,synthetic,n,112.0,2
tft_cqr,prices+weather,spike_14d,1,synthetic,spike_events,15.0,2
tft_cqr,prices+weather,spike_14d,1,synthetic,spike_recall,0.26666666666666666,2
tft_cqr,prices+weather,spike_14d,1,synthetic,spike_precision,0.26666666666666666,2
tft_cqr,prices+weather,spike_14d,1,synthetic,spike_false_alarm_rate,0.1134020618556701,2
tft_cqr,prices+weather,spike_14d,1,synthetic,spike_brier,0.15734613753121116,2
tft_cqr,prices+weather,1,2,synthetic,pinball_p10,207.93689367337882,2
tft_cqr,prices+weather,1,2,synthetic,pinball_p50,261.8183156844057,2
tft_cqr,prices+weather,1,2,synthetic,pinball_p90,152.30863621093445,2
tft_cqr,prices+weather,1,2,synthetic,pinball_mean,207.354615189573,2
tft_cqr,prices+weather,1,2,synthetic,mape_p50_pct,24.52174036644505,2
tft_cqr,prices+weather,1,2,synthetic,coverage_p10_p90_pct,46.42857142857143,2
tft_cqr,prices+weather,1,2,synthetic,n,112.0,2
tft_cqr,prices+weather,2,2,synthetic,pinball_p10,321.1987216942398,2
tft_cqr,prices+weather,2,2,synthetic,pinball_p50,346.3309364792074,2
tft_cqr,prices+weather,2,2,synthetic,pinball_p90,204.04630590396908,2
tft_cqr,prices+weather,2,2,synthetic,pinball_mean,290.5253213591388,2
tft_cqr,prices+weather,2,2,synthetic,mape_p50_pct,32.01357413733509,2
tft_cqr,prices+weather,2,2,synthetic,coverage_p10_p90_pct,50.0,2
tft_cqr,prices+weather,2,2,synthetic,n,112.0,2
tft_cqr,prices+weather,3,2,synthetic,pinball_p10,402.87619392155483,2
tft_cqr,prices+weather,3,2,synthetic,pinball_p50,440.5907148097822,2
tft_cqr,prices+weather,3,2,synthetic,pinball_p90,236.93601345889175,2
tft_cqr,prices+weather,3,2,synthetic,pinball_mean,360.13430739674294,2
tft_cqr,prices+weather,3,2,synthetic,mape_p50_pct,39.2321638485964,2
tft_cqr,prices+weather,3,2,synthetic,coverage_p10_p90_pct,52.67857142857143,2
tft_cqr,prices+weather,3,2,synthetic,n,112.0,2
tft_cqr,prices+weather,4,2,synthetic,pinball_p10,476.39183300766746,2
tft_cqr,prices+weather,4,2,synthetic,pinball_p50,557.8435943360009,2
tft_cqr,prices+weather,4,2,synthetic,pinball_p90,324.93274648020855,2
tft_cqr,prices+weather,4,2,synthetic,pinball_mean,453.0560579412923,2
tft_cqr,prices+weather,4,2,synthetic,mape_p50_pct,44.3285293235364,2
tft_cqr,prices+weather,4,2,synthetic,coverage_p10_p90_pct,43.75,2
tft_cqr,prices+weather,4,2,synthetic,n,112.0,2
tft_cqr,prices+weather,spike_14d,2,synthetic,spike_events,43.0,2
tft_cqr,prices+weather,spike_14d,2,synthetic,spike_recall,0.5581395348837209,2
tft_cqr,prices+weather,spike_14d,2,synthetic,spike_precision,0.6486486486486487,2
tft_cqr,prices+weather,spike_14d,2,synthetic,spike_false_alarm_rate,0.18840579710144928,2
tft_cqr,prices+weather,spike_14d,2,synthetic,spike_brier,0.21480528646706057,2
tft_cqr,prices+weather,1,3,synthetic,pinball_p10,155.2284376613433,2
tft_cqr,prices+weather,1,3,synthetic,pinball_p50,286.4759203018299,2
tft_cqr,prices+weather,1,3,synthetic,pinball_p90,121.27638472760144,2
tft_cqr,prices+weather,1,3,synthetic,pinball_mean,187.66024756359153,2
tft_cqr,prices+weather,1,3,synthetic,mape_p50_pct,20.350243167574128,2
tft_cqr,prices+weather,1,3,synthetic,coverage_p10_p90_pct,73.21428571428571,2
tft_cqr,prices+weather,1,3,synthetic,n,112.0,2
tft_cqr,prices+weather,2,3,synthetic,pinball_p10,178.00050950047276,2
tft_cqr,prices+weather,2,3,synthetic,pinball_p50,393.7832784798616,2
tft_cqr,prices+weather,2,3,synthetic,pinball_p90,215.25914653820715,2
tft_cqr,prices+weather,2,3,synthetic,pinball_mean,262.34764483951386,2
tft_cqr,prices+weather,2,3,synthetic,mape_p50_pct,23.93464489181735,2
tft_cqr,prices+weather,2,3,synthetic,coverage_p10_p90_pct,58.92857142857143,2
tft_cqr,prices+weather,2,3,synthetic,n,112.0,2
tft_cqr,prices+weather,3,3,synthetic,pinball_p10,231.63678115176194,2
tft_cqr,prices+weather,3,3,synthetic,pinball_p50,489.9268209637256,2
tft_cqr,prices+weather,3,3,synthetic,pinball_p90,277.80882739555636,2
tft_cqr,prices+weather,3,3,synthetic,pinball_mean,333.12414317034796,2
tft_cqr,prices+weather,3,3,synthetic,mape_p50_pct,28.049388334602416,2
tft_cqr,prices+weather,3,3,synthetic,coverage_p10_p90_pct,46.42857142857143,2
tft_cqr,prices+weather,3,3,synthetic,n,112.0,2
tft_cqr,prices+weather,4,3,synthetic,pinball_p10,247.23586654099077,2
tft_cqr,prices+weather,4,3,synthetic,pinball_p50,526.5397943795006,2
tft_cqr,prices+weather,4,3,synthetic,pinball_p90,305.8133372752148,2
tft_cqr,prices+weather,4,3,synthetic,pinball_mean,359.8629993985687,2
tft_cqr,prices+weather,4,3,synthetic,mape_p50_pct,27.903316401820117,2
tft_cqr,prices+weather,4,3,synthetic,coverage_p10_p90_pct,35.714285714285715,2
tft_cqr,prices+weather,4,3,synthetic,n,112.0,2
tft_cqr,prices+weather,spike_14d,3,synthetic,spike_events,27.0,2
tft_cqr,prices+weather,spike_14d,3,synthetic,spike_recall,0.14814814814814814,2
tft_cqr,prices+weather,spike_14d,3,synthetic,spike_precision,0.8,2
tft_cqr,prices+weather,spike_14d,3,synthetic,spike_false_alarm_rate,0.011764705882352941,2
tft_cqr,prices+weather,spike_14d,3,synthetic,spike_brier,0.16591811214528268,2
tft_cqr,prices+weather,1,4,synthetic,pinball_p10,184.97784309111108,2
tft_cqr,prices+weather,1,4,synthetic,pinball_p50,288.2544213119287,2
tft_cqr,prices+weather,1,4,synthetic,pinball_p90,136.74035696256797,2
tft_cqr,prices+weather,1,4,synthetic,pinball_mean,203.32420712186925,2
tft_cqr,prices+weather,1,4,synthetic,mape_p50_pct,18.418882424136157,2
tft_cqr,prices+weather,1,4,synthetic,coverage_p10_p90_pct,58.92857142857143,2
tft_cqr,prices+weather,1,4,synthetic,n,112.0,2
tft_cqr,prices+weather,2,4,synthetic,pinball_p10,272.4978650890149,2
tft_cqr,prices+weather,2,4,synthetic,pinball_p50,423.4457967570357,2
tft_cqr,prices+weather,2,4,synthetic,pinball_p90,204.65306491059923,2
tft_cqr,prices+weather,2,4,synthetic,pinball_mean,300.1989089188833,2
tft_cqr,prices+weather,2,4,synthetic,mape_p50_pct,24.942140245446627,2
tft_cqr,prices+weather,2,4,synthetic,coverage_p10_p90_pct,49.107142857142854,2
tft_cqr,prices+weather,2,4,synthetic,n,112.0,2
tft_cqr,prices+weather,3,4,synthetic,pinball_p10,297.81924276651324,2
tft_cqr,prices+weather,3,4,synthetic,pinball_p50,519.4298423177052,2
tft_cqr,prices+weather,3,4,synthetic,pinball_p90,238.84678352473665,2
tft_cqr,prices+weather,3,4,synthetic,pinball_mean,352.031956202985,2
tft_cqr,prices+weather,3,4,synthetic,mape_p50_pct,28.698941169883234,2
tft_cqr,prices+weather,3,4,synthetic,coverage_p10_p90_pct,46.42857142857143,2
tft_cqr,prices+weather,3,4,synthetic,n,112.0,2
tft_cqr,prices+weather,4,4,synthetic,pinball_p10,335.93532497943215,2
tft_cqr,prices+weather,4,4,synthetic,pinball_p50,604.5098278497551,2
tft_cqr,prices+weather,4,4,synthetic,pinball_p90,289.7875604003595,2
tft_cqr,prices+weather,4,4,synthetic,pinball_mean,410.0775710765156,2
tft_cqr,prices+weather,4,4,synthetic,mape_p50_pct,31.262849690386485,2
tft_cqr,prices+weather,4,4,synthetic,coverage_p10_p90_pct,41.964285714285715,2
tft_cqr,prices+weather,4,4,synthetic,n,112.0,2
tft_cqr,prices+weather,spike_14d,4,synthetic,spike_events,15.0,2
tft_cqr,prices+weather,spike_14d,4,synthetic,spike_recall,0.0,2
tft_cqr,prices+weather,spike_14d,4,synthetic,spike_precision,0.0,2
tft_cqr,prices+weather,spike_14d,4,synthetic,spike_false_alarm_rate,0.10309278350515463,2
tft_cqr,prices+weather,spike_14d,4,synthetic,spike_brier,0.15404355336218675,2
tft_cqr,prices+weather,1,5,synthetic,pinball_p10,216.1114347774587,2
tft_cqr,prices+weather,1,5,synthetic,pinball_p50,282.1049447648722,2
tft_cqr,prices+weather,1,5,synthetic,pinball_p90,184.38056546032894,2
tft_cqr,prices+weather,1,5,synthetic,pinball_mean,227.5323150008866,2
tft_cqr,prices+weather,1,5,synthetic,mape_p50_pct,18.414123259426805,2
tft_cqr,prices+weather,1,5,synthetic,coverage_p10_p90_pct,58.92857142857143,2
tft_cqr,prices+weather,1,5,synthetic,n,112.0,2
tft_cqr,prices+weather,2,5,synthetic,pinball_p10,294.38767184102625,2
tft_cqr,prices+weather,2,5,synthetic,pinball_p50,415.5154204265804,2
tft_cqr,prices+weather,2,5,synthetic,pinball_p90,242.38309561734073,2
tft_cqr,prices+weather,2,5,synthetic,pinball_mean,317.4287292949825,2
tft_cqr,prices+weather,2,5,synthetic,mape_p50_pct,24.3700956877446,2
tft_cqr,prices+weather,2,5,synthetic,coverage_p10_p90_pct,62.5,2
tft_cqr,prices+weather,2,5,synthetic,n,112.0,2
tft_cqr,prices+weather,3,5,synthetic,pinball_p10,349.38273493246095,2
tft_cqr,prices+weather,3,5,synthetic,pinball_p50,488.65248560806333,2
tft_cqr,prices+weather,3,5,synthetic,pinball_p90,225.44122720687082,2
tft_cqr,prices+weather,3,5,synthetic,pinball_mean,354.49214924913167,2
tft_cqr,prices+weather,3,5,synthetic,mape_p50_pct,27.56569954111918,2
tft_cqr,prices+weather,3,5,synthetic,coverage_p10_p90_pct,58.03571428571429,2
tft_cqr,prices+weather,3,5,synthetic,n,112.0,2
tft_cqr,prices+weather,4,5,synthetic,pinball_p10,371.88799267345706,2
tft_cqr,prices+weather,4,5,synthetic,pinball_p50,525.8033538118641,2
tft_cqr,prices+weather,4,5,synthetic,pinball_p90,216.0639441100149,2
tft_cqr,prices+weather,4,5,synthetic,pinball_mean,371.25176353177875,2
tft_cqr,prices+weather,4,5,synthetic,mape_p50_pct,27.599365857925367,2
tft_cqr,prices+weather,4,5,synthetic,coverage_p10_p90_pct,57.14285714285714,2
tft_cqr,prices+weather,4,5,synthetic,n,112.0,2
tft_cqr,prices+weather,spike_14d,5,synthetic,spike_events,44.0,2
tft_cqr,prices+weather,spike_14d,5,synthetic,spike_recall,0.4318181818181818,2
tft_cqr,prices+weather,spike_14d,5,synthetic,spike_precision,0.7307692307692307,2
tft_cqr,prices+weather,spike_14d,5,synthetic,spike_false_alarm_rate,0.10294117647058823,2
tft_cqr,prices+weather,spike_14d,5,synthetic,spike_brier,0.23361347333254284,2
tft_cqr,prices+weather,1,6,synthetic,pinball_p10,238.2727884169226,2
tft_cqr,prices+weather,1,6,synthetic,pinball_p50,297.0943973600857,2
tft_cqr,prices+weather,1,6,synthetic,pinball_p90,169.26694161171025,2
tft_cqr,prices+weather,1,6,synthetic,pinball_mean,234.87804246290617,2
tft_cqr,prices+weather,1,6,synthetic,mape_p50_pct,17.757208462071635,2
tft_cqr,prices+weather,1,6,synthetic,coverage_p10_p90_pct,62.5,2
tft_cqr,prices+weather,1,6,synthetic,n,112.0,2
tft_cqr,prices+weather,2,6,synthetic,pinball_p10,308.4322626752991,2
tft_cqr,prices+weather,2,6,synthetic,pinball_p50,415.5956596787134,2
tft_cqr,prices+weather,2,6,synthetic,pinball_p90,271.6449631995174,2
tft_cqr,prices+weather,2,6,synthetic,pinball_mean,331.89096185117666,2
tft_cqr,prices+weather,2,6,synthetic,mape_p50_pct,22.139183867909757,2
tft_cqr,prices+weather,2,6,synthetic,coverage_p10_p90_pct,55.35714285714286,2
tft_cqr,prices+weather,2,6,synthetic,n,112.0,2
tft_cqr,prices+weather,3,6,synthetic,pinball_p10,373.64690050382006,2
tft_cqr,prices+weather,3,6,synthetic,pinball_p50,547.3663737901651,2
tft_cqr,prices+weather,3,6,synthetic,pinball_p90,311.409911537539,2
tft_cqr,prices+weather,3,6,synthetic,pinball_mean,410.8077286105081,2
tft_cqr,prices+weather,3,6,synthetic,mape_p50_pct,27.232499799551107,2
tft_cqr,prices+weather,3,6,synthetic,coverage_p10_p90_pct,39.285714285714285,2
tft_cqr,prices+weather,3,6,synthetic,n,112.0,2
tft_cqr,prices+weather,4,6,synthetic,pinball_p10,440.49303399826056,2
tft_cqr,prices+weather,4,6,synthetic,pinball_p50,685.9667958012238,2
tft_cqr,prices+weather,4,6,synthetic,pinball_p90,445.5708689052338,2
tft_cqr,prices+weather,4,6,synthetic,pinball_mean,524.0102329015727,2
tft_cqr,prices+weather,4,6,synthetic,mape_p50_pct,30.503989501516728,2
tft_cqr,prices+weather,4,6,synthetic,coverage_p10_p90_pct,29.464285714285715,2
tft_cqr,prices+weather,4,6,synthetic,n,112.0,2
tft_cqr,prices+weather,spike_14d,6,synthetic,spike_events,24.0,2
tft_cqr,prices+weather,spike_14d,6,synthetic,spike_recall,0.25,2
tft_cqr,prices+weather,spike_14d,6,synthetic,spike_precision,0.46153846153846156,2
tft_cqr,prices+weather,spike_14d,6,synthetic,spike_false_alarm_rate,0.07954545454545454,2
tft_cqr,prices+weather,spike_14d,6,synthetic,spike_brier,0.18923396870648015,2
tft_cqr,prices+weather,1,7,synthetic,pinball_p10,249.20800264908024,2
tft_cqr,prices+weather,1,7,synthetic,pinball_p50,420.6836567088557,2
tft_cqr,prices+weather,1,7,synthetic,pinball_p90,281.7191451872891,2
tft_cqr,prices+weather,1,7,synthetic,pinball_mean,317.20360151507504,2
tft_cqr,prices+weather,1,7,synthetic,mape_p50_pct,20.592148404149448,2
tft_cqr,prices+weather,1,7,synthetic,coverage_p10_p90_pct,54.54545454545454,2
tft_cqr,prices+weather,1,7,synthetic,n,110.0,2
tft_cqr,prices+weather,2,7,synthetic,pinball_p10,342.86981244697046,2
tft_cqr,prices+weather,2,7,synthetic,pinball_p50,603.3641572961556,2
tft_cqr,prices+weather,2,7,synthetic,pinball_p90,396.3075437975661,2
tft_cqr,prices+weather,2,7,synthetic,pinball_mean,447.51383784689733,2
tft_cqr,prices+weather,2,7,synthetic,mape_p50_pct,26.63119931733629,2
tft_cqr,prices+weather,2,7,synthetic,coverage_p10_p90_pct,45.45454545454545,2
tft_cqr,prices+weather,2,7,synthetic,n,110.0,2
tft_cqr,prices+weather,3,7,synthetic,pinball_p10,384.22584896179666,2
tft_cqr,prices+weather,3,7,synthetic,pinball_p50,740.033462130441,2
tft_cqr,prices+weather,3,7,synthetic,pinball_p90,479.1028448650818,2
tft_cqr,prices+weather,3,7,synthetic,pinball_mean,534.4540519857732,2
tft_cqr,prices+weather,3,7,synthetic,mape_p50_pct,29.97424867400679,2
tft_cqr,prices+weather,3,7,synthetic,coverage_p10_p90_pct,35.45454545454545,2
tft_cqr,prices+weather,3,7,synthetic,n,110.0,2
tft_cqr,prices+weather,4,7,synthetic,pinball_p10,407.95164210948946,2
tft_cqr,prices+weather,4,7,synthetic,pinball_p50,857.1727728976354,2
tft_cqr,prices+weather,4,7,synthetic,pinball_p90,550.6799354532183,2
tft_cqr,prices+weather,4,7,synthetic,pinball_mean,605.2681168201143,2
tft_cqr,prices+weather,4,7,synthetic,mape_p50_pct,32.08506155065488,2
tft_cqr,prices+weather,4,7,synthetic,coverage_p10_p90_pct,28.18181818181818,2
tft_cqr,prices+weather,4,7,synthetic,n,110.0,2
tft_cqr,prices+weather,spike_14d,7,synthetic,spike_events,29.0,2
tft_cqr,prices+weather,spike_14d,7,synthetic,spike_recall,0.3103448275862069,2
tft_cqr,prices+weather,spike_14d,7,synthetic,spike_precision,0.47368421052631576,2
tft_cqr,prices+weather,spike_14d,7,synthetic,spike_false_alarm_rate,0.14705882352941177,2
tft_cqr,prices+weather,spike_14d,7,synthetic,spike_brier,0.25380021837680056,2
tft_cqr,prices+weather,1,8,synthetic,pinball_p10,149.9862881869749,2
tft_cqr,prices+weather,1,8,synthetic,pinball_p50,239.67458855178978,2
tft_cqr,prices+weather,1,8,synthetic,pinball_p90,139.93310337022507,2
tft_cqr,prices+weather,1,8,synthetic,pinball_mean,176.53132670299658,2
tft_cqr,prices+weather,1,8,synthetic,mape_p50_pct,20.78115491344049,2
tft_cqr,prices+weather,1,8,synthetic,coverage_p10_p90_pct,67.85714285714286,2
tft_cqr,prices+weather,1,8,synthetic,n,112.0,2
tft_cqr,prices+weather,2,8,synthetic,pinball_p10,196.6746825858144,2
tft_cqr,prices+weather,2,8,synthetic,pinball_p50,343.7759608009229,2
tft_cqr,prices+weather,2,8,synthetic,pinball_p90,268.27705013420143,2
tft_cqr,prices+weather,2,8,synthetic,pinball_mean,269.5758978403129,2
tft_cqr,prices+weather,2,8,synthetic,mape_p50_pct,25.17792974383088,2
tft_cqr,prices+weather,2,8,synthetic,coverage_p10_p90_pct,62.5,2
tft_cqr,prices+weather,2,8,synthetic,n,112.0,2
tft_cqr,prices+weather,3,8,synthetic,pinball_p10,244.531371024708,2
tft_cqr,prices+weather,3,8,synthetic,pinball_p50,421.40601311799077,2
tft_cqr,prices+weather,3,8,synthetic,pinball_p90,335.5479078249197,2
tft_cqr,prices+weather,3,8,synthetic,pinball_mean,333.8284306558728,2
tft_cqr,prices+weather,3,8,synthetic,mape_p50_pct,28.592392077946716,2
tft_cqr,prices+weather,3,8,synthetic,coverage_p10_p90_pct,42.857142857142854,2
tft_cqr,prices+weather,3,8,synthetic,n,112.0,2
tft_cqr,prices+weather,4,8,synthetic,pinball_p10,268.4511152443189,2
tft_cqr,prices+weather,4,8,synthetic,pinball_p50,490.9886788831723,2
tft_cqr,prices+weather,4,8,synthetic,pinball_p90,379.75546874015487,2
tft_cqr,prices+weather,4,8,synthetic,pinball_mean,379.73175428921536,2
tft_cqr,prices+weather,4,8,synthetic,mape_p50_pct,31.215723792780693,2
tft_cqr,prices+weather,4,8,synthetic,coverage_p10_p90_pct,34.82142857142857,2
tft_cqr,prices+weather,4,8,synthetic,n,112.0,2
tft_cqr,prices+weather,spike_14d,8,synthetic,spike_events,24.0,2
tft_cqr,prices+weather,spike_14d,8,synthetic,spike_recall,0.3333333333333333,2
tft_cqr,prices+weather,spike_14d,8,synthetic,spike_precision,0.7272727272727273,2
tft_cqr,prices+weather,spike_14d,8,synthetic,spike_false_alarm_rate,0.03409090909090909,2
tft_cqr,prices+weather,spike_14d,8,synthetic,spike_brier,0.17189653931801865,2
tft_cqr,prices+weather,1,9,synthetic,pinball_p10,142.2027813174406,2
tft_cqr,prices+weather,1,9,synthetic,pinball_p50,202.74127849357208,2
tft_cqr,prices+weather,1,9,synthetic,pinball_p90,136.06246558859493,2
tft_cqr,prices+weather,1,9,synthetic,pinball_mean,160.33550846653588,2
tft_cqr,prices+weather,1,9,synthetic,mape_p50_pct,16.578604432581336,2
tft_cqr,prices+weather,1,9,synthetic,coverage_p10_p90_pct,65.17857142857143,2
tft_cqr,prices+weather,1,9,synthetic,n,112.0,2
tft_cqr,prices+weather,2,9,synthetic,pinball_p10,178.57327335387896,2
tft_cqr,prices+weather,2,9,synthetic,pinball_p50,268.61664424839233,2
tft_cqr,prices+weather,2,9,synthetic,pinball_p90,180.512840990139,2
tft_cqr,prices+weather,2,9,synthetic,pinball_mean,209.23425286413678,2
tft_cqr,prices+weather,2,9,synthetic,mape_p50_pct,19.717192621859468,2
tft_cqr,prices+weather,2,9,synthetic,coverage_p10_p90_pct,63.39285714285714,2
tft_cqr,prices+weather,2,9,synthetic,n,112.0,2
tft_cqr,prices+weather,3,9,synthetic,pinball_p10,240.56951486824565,2
tft_cqr,prices+weather,3,9,synthetic,pinball_p50,351.2066442464279,2
tft_cqr,prices+weather,3,9,synthetic,pinball_p90,248.3744891692741,2
tft_cqr,prices+weather,3,9,synthetic,pinball_mean,280.0502160946492,2
tft_cqr,prices+weather,3,9,synthetic,mape_p50_pct,22.05684289094183,2
tft_cqr,prices+weather,3,9,synthetic,coverage_p10_p90_pct,46.42857142857143,2
tft_cqr,prices+weather,3,9,synthetic,n,112.0,2
tft_cqr,prices+weather,4,9,synthetic,pinball_p10,318.0916160179972,2
tft_cqr,prices+weather,4,9,synthetic,pinball_p50,480.3952325994874,2
tft_cqr,prices+weather,4,9,synthetic,pinball_p90,354.43098217568166,2
tft_cqr,prices+weather,4,9,synthetic,pinball_mean,384.3059435977221,2
tft_cqr,prices+weather,4,9,synthetic,mape_p50_pct,26.991723870155006,2
tft_cqr,prices+weather,4,9,synthetic,coverage_p10_p90_pct,30.357142857142854,2
tft_cqr,prices+weather,4,9,synthetic,n,112.0,2
tft_cqr,prices+weather,spike_14d,9,synthetic,spike_events,35.0,2
tft_cqr,prices+weather,spike_14d,9,synthetic,spike_recall,0.2,2
tft_cqr,prices+weather,spike_14d,9,synthetic,spike_precision,0.7777777777777778,2
tft_cqr,prices+weather,spike_14d,9,synthetic,spike_false_alarm_rate,0.025974025974025976,2
tft_cqr,prices+weather,spike_14d,9,synthetic,spike_brier,0.20560797530203553,2
tft_cqr,prices+weather,1,10,synthetic,pinball_p10,178.9745517283148,2
tft_cqr,prices+weather,1,10,synthetic,pinball_p50,306.85759682907894,2
tft_cqr,prices+weather,1,10,synthetic,pinball_p90,160.89173161525267,2
tft_cqr,prices+weather,1,10,synthetic,pinball_mean,215.57462672421548,2
tft_cqr,prices+weather,1,10,synthetic,mape_p50_pct,22.631429986324772,2
tft_cqr,prices+weather,1,10,synthetic,coverage_p10_p90_pct,58.92857142857143,2
tft_cqr,prices+weather,1,10,synthetic,n,112.0,2
tft_cqr,prices+weather,2,10,synthetic,pinball_p10,239.00451930274426,2
tft_cqr,prices+weather,2,10,synthetic,pinball_p50,454.34079807566275,2
tft_cqr,prices+weather,2,10,synthetic,pinball_p90,330.9248320040729,2
tft_cqr,prices+weather,2,10,synthetic,pinball_mean,341.4233831274933,2
tft_cqr,prices+weather,2,10,synthetic,mape_p50_pct,28.729045888702874,2
tft_cqr,prices+weather,2,10,synthetic,coverage_p10_p90_pct,48.214285714285715,2
tft_cqr,prices+weather,2,10,synthetic,n,112.0,2
tft_cqr,prices+weather,3,10,synthetic,pinball_p10,320.87706230463,2
tft_cqr,prices+weather,3,10,synthetic,pinball_p50,603.9553047337761,2
tft_cqr,prices+weather,3,10,synthetic,pinball_p90,428.8197726338256,2
tft_cqr,prices+weather,3,10,synthetic,pinball_mean,451.21737989074387,2
tft_cqr,prices+weather,3,10,synthetic,mape_p50_pct,35.081220723420756,2
tft_cqr,prices+weather,3,10,synthetic,coverage_p10_p90_pct,31.25,2
tft_cqr,prices+weather,3,10,synthetic,n,112.0,2
tft_cqr,prices+weather,4,10,synthetic,pinball_p10,393.76235093446337,2
tft_cqr,prices+weather,4,10,synthetic,pinball_p50,677.7105597885555,2
tft_cqr,prices+weather,4,10,synthetic,pinball_p90,444.5227741633984,2
tft_cqr,prices+weather,4,10,synthetic,pinball_mean,505.33189496213913,2
tft_cqr,prices+weather,4,10,synthetic,mape_p50_pct,37.89158939510464,2
tft_cqr,prices+weather,4,10,synthetic,coverage_p10_p90_pct,30.357142857142854,2
tft_cqr,prices+weather,4,10,synthetic,n,112.0,2
tft_cqr,prices+weather,spike_14d,10,synthetic,spike_events,20.0,2
tft_cqr,prices+weather,spike_14d,10,synthetic,spike_recall,0.35,2
tft_cqr,prices+weather,spike_14d,10,synthetic,spike_precision,0.6363636363636364,2
tft_cqr,prices+weather,spike_14d,10,synthetic,spike_false_alarm_rate,0.043478260869565216,2
tft_cqr,prices+weather,spike_14d,10,synthetic,spike_brier,0.13608752417365363,2
tft_cqr,prices+weather,1,11,synthetic,pinball_p10,208.51095175368067,2
tft_cqr,prices+weather,1,11,synthetic,pinball_p50,370.3635139247689,2
tft_cqr,prices+weather,1,11,synthetic,pinball_p90,148.4389027594978,2
tft_cqr,prices+weather,1,11,synthetic,pinball_mean,242.43778947931574,2
tft_cqr,prices+weather,1,11,synthetic,mape_p50_pct,21.919027752847434,2
tft_cqr,prices+weather,1,11,synthetic,coverage_p10_p90_pct,58.03571428571429,2
tft_cqr,prices+weather,1,11,synthetic,n,112.0,2
tft_cqr,prices+weather,2,11,synthetic,pinball_p10,278.00834329229485,2
tft_cqr,prices+weather,2,11,synthetic,pinball_p50,508.9796025226627,2
tft_cqr,prices+weather,2,11,synthetic,pinball_p90,241.34332703271502,2
tft_cqr,prices+weather,2,11,synthetic,pinball_mean,342.7770909492242,2
tft_cqr,prices+weather,2,11,synthetic,mape_p50_pct,27.664732242883066,2
tft_cqr,prices+weather,2,11,synthetic,coverage_p10_p90_pct,58.03571428571429,2
tft_cqr,prices+weather,2,11,synthetic,n,112.0,2
tft_cqr,prices+weather,3,11,synthetic,pinball_p10,327.3986938759978,2
tft_cqr,prices+weather,3,11,synthetic,pinball_p50,687.6620588462574,2
tft_cqr,prices+weather,3,11,synthetic,pinball_p90,393.416680825453,2
tft_cqr,prices+weather,3,11,synthetic,pinball_mean,469.4924778492361,2
tft_cqr,prices+weather,3,11,synthetic,mape_p50_pct,33.24687105011849,2
tft_cqr,prices+weather,3,11,synthetic,coverage_p10_p90_pct,49.107142857142854,2
tft_cqr,prices+weather,3,11,synthetic,n,112.0,2
tft_cqr,prices+weather,4,11,synthetic,pinball_p10,385.0795251872623,2
tft_cqr,prices+weather,4,11,synthetic,pinball_p50,841.8457629313081,2
tft_cqr,prices+weather,4,11,synthetic,pinball_p90,497.953291255856,2
tft_cqr,prices+weather,4,11,synthetic,pinball_mean,574.9595264581421,2
tft_cqr,prices+weather,4,11,synthetic,mape_p50_pct,37.85709354384766,2
tft_cqr,prices+weather,4,11,synthetic,coverage_p10_p90_pct,46.42857142857143,2
tft_cqr,prices+weather,4,11,synthetic,n,112.0,2
tft_cqr,prices+weather,spike_14d,11,synthetic,spike_events,20.0,2
tft_cqr,prices+weather,spike_14d,11,synthetic,spike_recall,0.2,2
tft_cqr,prices+weather,spike_14d,11,synthetic,spike_precision,0.5,2
tft_cqr,prices+weather,spike_14d,11,synthetic,spike_false_alarm_rate,0.043478260869565216,2
tft_cqr,prices+weather,spike_14d,11,synthetic,spike_brier,0.1557357556265426,2
tft_cqr,prices+weather,1,12,synthetic,pinball_p10,176.83359791908885,2
tft_cqr,prices+weather,1,12,synthetic,pinball_p50,235.5614594669071,2
tft_cqr,prices+weather,1,12,synthetic,pinball_p90,148.17610652589286,2
tft_cqr,prices+weather,1,12,synthetic,pinball_mean,186.85705463729627,2
tft_cqr,prices+weather,1,12,synthetic,mape_p50_pct,15.24057360677045,2
tft_cqr,prices+weather,1,12,synthetic,coverage_p10_p90_pct,55.35714285714286,2
tft_cqr,prices+weather,1,12,synthetic,n,112.0,2
tft_cqr,prices+weather,2,12,synthetic,pinball_p10,279.75430841124137,2
tft_cqr,prices+weather,2,12,synthetic,pinball_p50,371.10917622669615,2
tft_cqr,prices+weather,2,12,synthetic,pinball_p90,231.29529116928344,2
tft_cqr,prices+weather,2,12,synthetic,pinball_mean,294.0529252690737,2
tft_cqr,prices+weather,2,12,synthetic,mape_p50_pct,21.50244185510069,2
tft_cqr,prices+weather,2,12,synthetic,coverage_p10_p90_pct,47.32142857142857,2
tft_cqr,prices+weather,2,12,synthetic,n,112.0,2
tft_cqr,prices+weather,3,12,synthetic,pinball_p10,326.12944729971593,2
tft_cqr,prices+weather,3,12,synthetic,pinball_p50,489.52138656844573,2
tft_cqr,prices+weather,3,12,synthetic,pinball_p90,290.3909289178311,2
tft_cqr,prices+weather,3,12,synthetic,pinball_mean,368.68058759533096,2
tft_cqr,prices+weather,3,12,synthetic,mape_p50_pct,26.477237486691745,2
tft_cqr,prices+weather,3,12,synthetic,coverage_p10_p90_pct,41.964285714285715,2
tft_cqr,prices+weather,3,12,synthetic,n,112.0,2
tft_cqr,prices+weather,4,12,synthetic,pinball_p10,326.43586196605287,2
tft_cqr,prices+weather,4,12,synthetic,pinball_p50,496.66391571491874,2
tft_cqr,prices+weather,4,12,synthetic,pinball_p90,323.54035677945296,2
tft_cqr,prices+weather,4,12,synthetic,pinball_mean,382.2133781534749,2
tft_cqr,prices+weather,4,12,synthetic,mape_p50_pct,24.287357434977856,2
tft_cqr,prices+weather,4,12,synthetic,coverage_p10_p90_pct,35.714285714285715,2
tft_cqr,prices+weather,4,12,synthetic,n,112.0,2
tft_cqr,prices+weather,spike_14d,12,synthetic,spike_events,19.0,2
tft_cqr,prices+weather,spike_14d,12,synthetic,spike_recall,0.3684210526315789,2
tft_cqr,prices+weather,spike_14d,12,synthetic,spike_precision,0.35,2
tft_cqr,prices+weather,spike_14d,12,synthetic,spike_false_alarm_rate,0.13978494623655913,2
tft_cqr,prices+weather,spike_14d,12,synthetic,spike_brier,0.1599700940311026,2
tft_cqr,prices+weather,1,13,synthetic,pinball_p10,281.18175897386055,2
tft_cqr,prices+weather,1,13,synthetic,pinball_p50,455.43163930052054,2
tft_cqr,prices+weather,1,13,synthetic,pinball_p90,255.17900276162467,2
tft_cqr,prices+weather,1,13,synthetic,pinball_mean,330.5974670120019,2
tft_cqr,prices+weather,1,13,synthetic,mape_p50_pct,23.526469089687453,2
tft_cqr,prices+weather,1,13,synthetic,coverage_p10_p90_pct,55.35714285714286,2
tft_cqr,prices+weather,1,13,synthetic,n,112.0,2
tft_cqr,prices+weather,2,13,synthetic,pinball_p10,344.0289336544508,2
tft_cqr,prices+weather,2,13,synthetic,pinball_p50,609.6245154570885,2
tft_cqr,prices+weather,2,13,synthetic,pinball_p90,398.68391560011753,2
tft_cqr,prices+weather,2,13,synthetic,pinball_mean,450.77912157055226,2
tft_cqr,prices+weather,2,13,synthetic,mape_p50_pct,29.69701555593916,2
tft_cqr,prices+weather,2,13,synthetic,coverage_p10_p90_pct,43.75,2
tft_cqr,prices+weather,2,13,synthetic,n,112.0,2
tft_cqr,prices+weather,3,13,synthetic,pinball_p10,420.2082854276159,2
tft_cqr,prices+weather,3,13,synthetic,pinball_p50,728.5920239226864,2
tft_cqr,prices+weather,3,13,synthetic,pinball_p90,464.28954016357704,2
tft_cqr,prices+weather,3,13,synthetic,pinball_mean,537.6966165046265,2
tft_cqr,prices+weather,3,13,synthetic,mape_p50_pct,32.75780704731263,2
tft_cqr,prices+weather,3,13,synthetic,coverage_p10_p90_pct,34.82142857142857,2
tft_cqr,prices+weather,3,13,synthetic,n,112.0,2
tft_cqr,prices+weather,4,13,synthetic,pinball_p10,521.3956443721108,2
tft_cqr,prices+weather,4,13,synthetic,pinball_p50,902.7650349350024,2
tft_cqr,prices+weather,4,13,synthetic,pinball_p90,598.0572210956972,2
tft_cqr,prices+weather,4,13,synthetic,pinball_mean,674.0726334676034,2
tft_cqr,prices+weather,4,13,synthetic,mape_p50_pct,37.00163500741162,2
tft_cqr,prices+weather,4,13,synthetic,coverage_p10_p90_pct,25.0,2
tft_cqr,prices+weather,4,13,synthetic,n,112.0,2
tft_cqr,prices+weather,spike_14d,13,synthetic,spike_events,34.0,2
tft_cqr,prices+weather,spike_14d,13,synthetic,spike_recall,0.058823529411764705,2
tft_cqr,prices+weather,spike_14d,13,synthetic,spike_precision,0.10526315789473684,2
tft_cqr,prices+weather,spike_14d,13,synthetic,spike_false_alarm_rate,0.21794871794871795,2
tft_cqr,prices+weather,spike_14d,13,synthetic,spike_brier,0.27299272632769167,2
tft_cqr,prices+weather,1,14,synthetic,pinball_p10,160.5718263176405,2
tft_cqr,prices+weather,1,14,synthetic,pinball_p50,220.9112371971832,2
tft_cqr,prices+weather,1,14,synthetic,pinball_p90,100.82955890646217,2
tft_cqr,prices+weather,1,14,synthetic,pinball_mean,160.77087414042862,2
tft_cqr,prices+weather,1,14,synthetic,mape_p50_pct,22.7900753681016,2
tft_cqr,prices+weather,1,14,synthetic,coverage_p10_p90_pct,66.96428571428571,2
tft_cqr,prices+weather,1,14,synthetic,n,112.0,2
tft_cqr,prices+weather,2,14,synthetic,pinball_p10,195.43901802956458,2
tft_cqr,prices+weather,2,14,synthetic,pinball_p50,298.0337316879459,2
tft_cqr,prices+weather,2,14,synthetic,pinball_p90,151.68368133379008,2
tft_cqr,prices+weather,2,14,synthetic,pinball_mean,215.05214368376684,2
tft_cqr,prices+weather,2,14,synthetic,mape_p50_pct,27.729075699366263,2
tft_cqr,prices+weather,2,14,synthetic,coverage_p10_p90_pct,61.60714285714286,2
tft_cqr,prices+weather,2,14,synthetic,n,112.0,2
tft_cqr,prices+weather,3,14,synthetic,pinball_p10,250.0695340810503,2
tft_cqr,prices+weather,3,14,synthetic,pinball_p50,398.4427036125721,2
tft_cqr,prices+weather,3,14,synthetic,pinball_p90,263.16882986652934,2
tft_cqr,prices+weather,3,14,synthetic,pinball_mean,303.89368918671727,2
tft_cqr,prices+weather,3,14,synthetic,mape_p50_pct,31.447281386538883,2
tft_cqr,prices+weather,3,14,synthetic,coverage_p10_p90_pct,46.42857142857143,2
tft_cqr,prices+weather,3,14,synthetic,n,112.0,2
tft_cqr,prices+weather,4,14,synthetic,pinball_p10,273.4481712845535,2
tft_cqr,prices+weather,4,14,synthetic,pinball_p50,479.0602219765193,2
tft_cqr,prices+weather,4,14,synthetic,pinball_p90,338.01905021620433,2
tft_cqr,prices+weather,4,14,synthetic,pinball_mean,363.50914782575904,2
tft_cqr,prices+weather,4,14,synthetic,mape_p50_pct,34.1360055207835,2
tft_cqr,prices+weather,4,14,synthetic,coverage_p10_p90_pct,39.285714285714285,2
tft_cqr,prices+weather,4,14,synthetic,n,112.0,2
tft_cqr,prices+weather,spike_14d,14,synthetic,spike_events,27.0,2
tft_cqr,prices+weather,spike_14d,14,synthetic,spike_recall,0.2962962962962963,2
tft_cqr,prices+weather,spike_14d,14,synthetic,spike_precision,1.0,2
tft_cqr,prices+weather,spike_14d,14,synthetic,spike_false_alarm_rate,0.0,2
tft_cqr,prices+weather,spike_14d,14,synthetic,spike_brier,0.1262643733637288,2
tft_cqr,prices+weather,1,15,synthetic,pinball_p10,187.68381871105626,2
tft_cqr,prices+weather,1,15,synthetic,pinball_p50,301.42204478130327,2
tft_cqr,prices+weather,1,15,synthetic,pinball_p90,143.24235205439126,2
tft_cqr,prices+weather,1,15,synthetic,pinball_mean,210.7827385155836,2
tft_cqr,prices+weather,1,15,synthetic,mape_p50_pct,23.464941871111748,2
tft_cqr,prices+weather,1,15,synthetic,coverage_p10_p90_pct,50.89285714285714,2
tft_cqr,prices+weather,1,15,synthetic,n,112.0,2
tft_cqr,prices+weather,2,15,synthetic,pinball_p10,220.41293684732804,2
tft_cqr,prices+weather,2,15,synthetic,pinball_p50,381.7644605104736,2
tft_cqr,prices+weather,2,15,synthetic,pinball_p90,238.00322454649327,2
tft_cqr,prices+weather,2,15,synthetic,pinball_mean,280.0602073014316,2
tft_cqr,prices+weather,2,15,synthetic,mape_p50_pct,26.943747180082028,2
tft_cqr,prices+weather,2,15,synthetic,coverage_p10_p90_pct,55.35714285714286,2
tft_cqr,prices+weather,2,15,synthetic,n,112.0,2
tft_cqr,prices+weather,3,15,synthetic,pinball_p10,265.8034772603179,2
tft_cqr,prices+weather,3,15,synthetic,pinball_p50,486.9604175587007,2
tft_cqr,prices+weather,3,15,synthetic,pinball_p90,337.8685761466087,2
tft_cqr,prices+weather,3,15,synthetic,pinball_mean,363.54415698854245,2
tft_cqr,prices+weather,3,15,synthetic,mape_p50_pct,31.264409782584174,2
tft_cqr,prices+weather,3,15,synthetic,coverage_p10_p90_pct,36.607142857142854,2
tft_cqr,prices+weather,3,15,synthetic,n,112.0,2
tft_cqr,prices+weather,4,15,synthetic,pinball_p10,283.5912679057449,2
tft_cqr,prices+weather,4,15,synthetic,pinball_p50,550.3686316179364,2
tft_cqr,prices+weather,4,15,synthetic,pinball_p90,353.0215825773631,2
tft_cqr,prices+weather,4,15,synthetic,pinball_mean,395.6604940336815,2
tft_cqr,prices+weather,4,15,synthetic,mape_p50_pct,33.531008436754256,2
tft_cqr,prices+weather,4,15,synthetic,coverage_p10_p90_pct,27.67857142857143,2
tft_cqr,prices+weather,4,15,synthetic,n,112.0,2
tft_cqr,prices+weather,spike_14d,15,synthetic,spike_events,33.0,2
tft_cqr,prices+weather,spike_14d,15,synthetic,spike_recall,0.15151515151515152,2
tft_cqr,prices+weather,spike_14d,15,synthetic,spike_precision,0.2777777777777778,2
tft_cqr,prices+weather,spike_14d,15,synthetic,spike_false_alarm_rate,0.16455696202531644,2
tft_cqr,prices+weather,spike_14d,15,synthetic,spike_brier,0.27569031037386527,2
tft_cqr,prices+weather,1,16,synthetic,pinball_p10,324.9809195556431,2
tft_cqr,prices+weather,1,16,synthetic,pinball_p50,366.90441431192113,2
tft_cqr,prices+weather,1,16,synthetic,pinball_p90,173.37534960313846,2
tft_cqr,prices+weather,1,16,synthetic,pinball_mean,288.4202278235676,2
tft_cqr,prices+weather,1,16,synthetic,mape_p50_pct,29.82324564411552,2
tft_cqr,prices+weather,1,16,synthetic,coverage_p10_p90_pct,48.214285714285715,2
tft_cqr,prices+weather,1,16,synthetic,n,112.0,2
tft_cqr,prices+weather,2,16,synthetic,pinball_p10,386.9713074430512,2
tft_cqr,prices+weather,2,16,synthetic,pinball_p50,481.83527576858353,2
tft_cqr,prices+weather,2,16,synthetic,pinball_p90,273.62289907876027,2
tft_cqr,prices+weather,2,16,synthetic,pinball_mean,380.80982743013163,2
tft_cqr,prices+weather,2,16,synthetic,mape_p50_pct,36.63281569502772,2
tft_cqr,prices+weather,2,16,synthetic,coverage_p10_p90_pct,40.17857142857143,2
tft_cqr,prices+weather,2,16,synthetic,n,112.0,2
tft_cqr,prices+weather,3,16,synthetic,pinball_p10,418.52021329432165,2
tft_cqr,prices+weather,3,16,synthetic,pinball_p50,543.5664250892662,2
tft_cqr,prices+weather,3,16,synthetic,pinball_p90,331.48762563289887,2
tft_cqr,prices+weather,3,16,synthetic,pinball_mean,431.1914213388289,2
tft_cqr,prices+weather,3,16,synthetic,mape_p50_pct,39.26331368245254,2
tft_cqr,prices+weather,3,16,synthetic,coverage_p10_p90_pct,38.392857142857146,2
tft_cqr,prices+weather,3,16,synthetic,n,112.0,2
tft_cqr,prices+weather,4,16,synthetic,pinball_p10,501.796722926273,2
tft_cqr,prices+weather,4,16,synthetic,pinball_p50,617.2882782522167,2
tft_cqr,prices+weather,4,16,synthetic,pinball_p90,345.91822098780955,2
tft_cqr,prices+weather,4,16,synthetic,pinball_mean,488.33440738876635,2
tft_cqr,prices+weather,4,16,synthetic,mape_p50_pct,42.344999805060844,2
tft_cqr,prices+weather,4,16,synthetic,coverage_p10_p90_pct,33.92857142857143,2
tft_cqr,prices+weather,4,16,synthetic,n,112.0,2
tft_cqr,prices+weather,spike_14d,16,synthetic,spike_events,35.0,2
tft_cqr,prices+weather,spike_14d,16,synthetic,spike_recall,0.5142857142857142,2
tft_cqr,prices+weather,spike_14d,16,synthetic,spike_precision,0.47368421052631576,2
tft_cqr,prices+weather,spike_14d,16,synthetic,spike_false_alarm_rate,0.2597402597402597,2
tft_cqr,prices+weather,spike_14d,16,synthetic,spike_brier,0.2582881933854965,2
tft_cqr,prices+weather,1,17,synthetic,pinball_p10,263.86894458739226,2
tft_cqr,prices+weather,1,17,synthetic,pinball_p50,415.23078412604673,2
tft_cqr,prices+weather,1,17,synthetic,pinball_p90,215.2591946322289,2
tft_cqr,prices+weather,1,17,synthetic,pinball_mean,298.1196411152226,2
tft_cqr,prices+weather,1,17,synthetic,mape_p50_pct,27.04661853322417,2
tft_cqr,prices+weather,1,17,synthetic,coverage_p10_p90_pct,48.214285714285715,2
tft_cqr,prices+weather,1,17,synthetic,n,112.0,2
tft_cqr,prices+weather,2,17,synthetic,pinball_p10,345.7726101112829,2
tft_cqr,prices+weather,2,17,synthetic,pinball_p50,565.3391431734361,2
tft_cqr,prices+weather,2,17,synthetic,pinball_p90,296.2156282104251,2
tft_cqr,prices+weather,2,17,synthetic,pinball_mean,402.4424604983814,2
tft_cqr,prices+weather,2,17,synthetic,mape_p50_pct,34.69369531108636,2
tft_cqr,prices+weather,2,17,synthetic,coverage_p10_p90_pct,38.392857142857146,2
tft_cqr,prices+weather,2,17,synthetic,n,112.0,2
tft_cqr,prices+weather,3,17,synthetic,pinball_p10,443.30994540245274,2
tft_cqr,prices+weather,3,17,synthetic,pinball_p50,705.1093704954661,2
tft_cqr,prices+weather,3,17,synthetic,pinball_p90,429.97941753919014,2
tft_cqr,prices+weather,3,17,synthetic,pinball_mean,526.1329111457029,2
tft_cqr,prices+weather,3,17,synthetic,mape_p50_pct,40.293883881682696,2
tft_cqr,prices+weather,3,17,synthetic,coverage_p10_p90_pct,27.67857142857143,2
tft_cqr,prices+weather,3,17,synthetic,n,112.0,2
tft_cqr,prices+weather,4,17,synthetic,pinball_p10,504.7462435458319,2
tft_cqr,prices+weather,4,17,synthetic,pinball_p50,841.5501375789756,2
tft_cqr,prices+weather,4,17,synthetic,pinball_p90,554.5807920581617,2
tft_cqr,prices+weather,4,17,synthetic,pinball_mean,633.6257243943231,2
tft_cqr,prices+weather,4,17,synthetic,mape_p50_pct,43.661101803633926,2
tft_cqr,prices+weather,4,17,synthetic,coverage_p10_p90_pct,23.214285714285715,2
tft_cqr,prices+weather,4,17,synthetic,n,112.0,2
tft_cqr,prices+weather,spike_14d,17,synthetic,spike_events,38.0,2
tft_cqr,prices+weather,spike_14d,17,synthetic,spike_recall,0.2631578947368421,2
tft_cqr,prices+weather,spike_14d,17,synthetic,spike_precision,0.4,2
tft_cqr,prices+weather,spike_14d,17,synthetic,spike_false_alarm_rate,0.20270270270270271,2
tft_cqr,prices+weather,spike_14d,17,synthetic,spike_brier,0.2922673950262656,2
tft_cqr,prices+weather,1,18,synthetic,pinball_p10,349.4077466617086,2
tft_cqr,prices+weather,1,18,synthetic,pinball_p50,489.8291726747512,2
tft_cqr,prices+weather,1,18,synthetic,pinball_p90,273.13174458763405,2
tft_cqr,prices+weather,1,18,synthetic,pinball_mean,370.78955464136465,2
tft_cqr,prices+weather,1,18,synthetic,mape_p50_pct,30.767912150288417,2
tft_cqr,prices+weather,1,18,synthetic,coverage_p10_p90_pct,53.57142857142857,2
tft_cqr,prices+weather,1,18,synthetic,n,112.0,2
tft_cqr,prices+weather,2,18,synthetic,pinball_p10,442.85150061886264,2
tft_cqr,prices+weather,2,18,synthetic,pinball_p50,659.7071950991366,2
tft_cqr,prices+weather,2,18,synthetic,pinball_p90,374.1889827860553,2
tft_cqr,prices+weather,2,18,synthetic,pinball_mean,492.24922616801814,2
tft_cqr,prices+weather,2,18,synthetic,mape_p50_pct,40.05554875094641,2
tft_cqr,prices+weather,2,18,synthetic,coverage_p10_p90_pct,50.89285714285714,2
tft_cqr,prices+weather,2,18,synthetic,n,112.0,2
tft_cqr,prices+weather,3,18,synthetic,pinball_p10,546.6779065085551,2
tft_cqr,prices+weather,3,18,synthetic,pinball_p50,779.3638491919664,2
tft_cqr,prices+weather,3,18,synthetic,pinball_p90,373.6024443330853,2
tft_cqr,prices+weather,3,18,synthetic,pinball_mean,566.548066677869,2
tft_cqr,prices+weather,3,18,synthetic,mape_p50_pct,46.21623566174297,2
tft_cqr,prices+weather,3,18,synthetic,coverage_p10_p90_pct,38.392857142857146,2
tft_cqr,prices+weather,3,18,synthetic,n,112.0,2
tft_cqr,prices+weather,4,18,synthetic,pinball_p10,591.7194823117968,2
tft_cqr,prices+weather,4,18,synthetic,pinball_p50,789.4636332546213,2
tft_cqr,prices+weather,4,18,synthetic,pinball_p90,348.43650544547734,2
tft_cqr,prices+weather,4,18,synthetic,pinball_mean,576.5398736706319,2
tft_cqr,prices+weather,4,18,synthetic,mape_p50_pct,43.62158909092657,2
tft_cqr,prices+weather,4,18,synthetic,coverage_p10_p90_pct,31.25,2
tft_cqr,prices+weather,4,18,synthetic,n,112.0,2
tft_cqr,prices+weather,spike_14d,18,synthetic,spike_events,37.0,2
tft_cqr,prices+weather,spike_14d,18,synthetic,spike_recall,0.5945945945945946,2
tft_cqr,prices+weather,spike_14d,18,synthetic,spike_precision,0.6666666666666666,2
tft_cqr,prices+weather,spike_14d,18,synthetic,spike_false_alarm_rate,0.14666666666666667,2
tft_cqr,prices+weather,spike_14d,18,synthetic,spike_brier,0.16448271263499073,2
