district,scene_id,date,tile,baseline,scene_cloud_pct,cropland_px,in_scene_px,clear_px,clear_frac,ndvi_median,ndvi_mean,ndvi_p25,ndvi_p75,offset_red,pipeline_version
Kolar,S2B_43PGQ_20180104_0_L2A,2018-01-04,MGRS-43PGQ,00.01,3.110624,317677,330,324,0.9818,0.404,0.421,0.3525,0.4792,0.0,2
Kolar,S2B_43PHQ_20180104_0_L2A,2018-01-04,MGRS-43PHQ,00.01,8.011709,317677,317677,263264,0.8287,0.3944,0.3935,0.3422,0.4467,0.0,2
Kolar,S2B_44PKV_20180104_0_L2A,2018-01-04,MGRS-44PKV,00.01,8.667918,317455,78818,69207,0.8781,0.3999,0.4012,0.3505,0.4521,0.0,2
Chikkaballapur,S2B_43PGQ_20180104_0_L2A,2018-01-04,MGRS-43PGQ,00.01,3.110624,304268,178969,176880,0.9883,0.3669,0.3753,0.31,0.4334,0.0,2
Chikkaballapur,S2B_43PGR_20180104_0_L2A,2018-01-04,MGRS-43PGR,00.01,0.324643,304268,103068,101935,0.989,0.313,0.3207,0.2777,0.356,0.0,2
Chikkaballapur,S2B_43PHQ_20180104_0_L2A,2018-01-04,MGRS-43PHQ,00.01,8.011709,304268,101352,99325,0.98,0.3538,0.3605,0.3023,0.4129,0.0,2
Kolar,S2A_43PGQ_20180109_0_L2A,2018-01-09,MGRS-43PGQ,00.01,2.945609,317677,330,330,1.0,0.3947,0.4072,0.3264,0.4769,0.0,2
Kolar,S2A_43PHQ_20180109_0_L2A,2018-01-09,MGRS-43PHQ,00.01,2.887363,317677,317677,303111,0.9541,0.3837,0.3866,0.3314,0.4393,0.0,2
Kolar,S2A_44PKV_20180109_0_L2A,2018-01-09,MGRS-44PKV,00.01,11.528701,317455,78818,74926,0.9506,0.3771,0.382,0.3283,0.4318,0.0,2
Kolar,S2B_43PGQ_20180114_0_L2A,2018-01-14,MGRS-43PGQ,00.01,11.622598,317677,330,167,0.5061,0.3684,0.3768,0.3192,0.4385,0.0,2
Kolar,S2B_43PHQ_20180114_0_L2A,2018-01-14,MGRS-43PHQ,00.01,4.876381,317677,317677,311353,0.9801,0.3833,0.3878,0.333,0.4387,0.0,2
Kolar,S2B_44PKV_20180114_0_L2A,2018-01-14,MGRS-44PKV,00.01,8.62961,317455,78818,76867,0.9752,0.3832,0.3898,0.3343,0.4395,0.0,2
Kolar,S2B_43PGQ_20180124_0_L2A,2018-01-24,MGRS-43PGQ,00.01,8.791198,317677,330,81,0.2455,0.2556,0.2785,0.2321,0.3044,0.0,2
Kolar,S2B_43PHQ_20180124_0_L2A,2018-01-24,MGRS-43PHQ,00.01,9.185687,317677,317677,214190,0.6742,0.3049,0.3048,0.2643,0.3465,0.0,2
Kolar,S2B_44PKV_20180124_0_L2A,2018-01-24,MGRS-44PKV,00.01,2.537384,317455,78818,67049,0.8507,0.3344,0.3386,0.289,0.3857,0.0,2
Kolar,S2A_43PGQ_20180129_0_L2A,2018-01-29,MGRS-43PGQ,00.01,0.068335,317677,330,330,1.0,0.3662,0.3876,0.3089,0.4557,0.0,2
Kolar,S2A_43PHQ_20180129_0_L2A,2018-01-29,MGRS-43PHQ,00.01,0.155673,317677,317677,312700,0.9843,0.345,0.3512,0.3014,0.3952,0.0,2
Kolar,S2A_44PKV_20180129_0_L2A,2018-01-29,MGRS-44PKV,00.01,3.909566,317455,78818,77056,0.9776,0.3423,0.3508,0.299,0.3939,0.0,2
Kolar,S2B_43PGQ_20180203_0_L2A,2018-02-03,MGRS-43PGQ,00.01,0.960359,317677,330,330,1.0,0.3573,0.3747,0.2969,0.4437,0.0,2
Kolar,S2B_43PHQ_20180203_0_L2A,2018-02-03,MGRS-43PHQ,00.01,0.64447,317677,317677,313538,0.987,0.3417,0.3492,0.2967,0.3944,0.0,2
Kolar,S2B_44PKV_20180203_0_L2A,2018-02-03,MGRS-44PKV,00.01,0.225543,317455,78818,77386,0.9818,0.3488,0.3585,0.3047,0.4021,0.0,2
Kolar,S2A_43PHQ_20180208_0_L2A,2018-02-08,MGRS-43PHQ,00.01,49.374317,317677,317677,153164,0.4821,0.3066,0.3113,0.2436,0.3738,0.0,2
Kolar,S2A_44PKV_20180208_0_L2A,2018-02-08,MGRS-44PKV,00.01,51.737743,317455,78818,65444,0.8303,0.3072,0.3162,0.2519,0.3715,0.0,2
Kolar,S2B_43PHQ_20180213_0_L2A,2018-02-13,MGRS-43PHQ,00.01,57.916139,317677,317677,117050,0.3685,0.3229,0.3309,0.2758,0.3777,0.0,2
Kolar,S2B_44PKV_20180213_0_L2A,2018-02-13,MGRS-44PKV,00.01,56.878605,317455,78818,28397,0.3603,0.3124,0.3256,0.2659,0.3696,0.0,2
Kolar,S2A_43PGQ_20180218_0_L2A,2018-02-18,MGRS-43PGQ,00.01,0.110078,317677,330,330,1.0,0.3663,0.3783,0.299,0.457,0.0,2
Kolar,S2A_43PHQ_20180218_0_L2A,2018-02-18,MGRS-43PHQ,00.01,0.076662,317677,317677,314033,0.9885,0.332,0.3397,0.2876,0.3837,0.0,2
Kolar,S2A_44PKV_20180218_0_L2A,2018-02-18,MGRS-44PKV,00.01,0.026845,317455,78818,77597,0.9845,0.3282,0.3385,0.2835,0.3816,0.0,2
Kolar,S2B_43PGQ_20180223_0_L2A,2018-02-23,MGRS-43PGQ,00.01,0.485506,317677,330,330,1.0,0.3582,0.3694,0.2896,0.4479,0.0,2
Kolar,S2B_43PHQ_20180223_0_L2A,2018-02-23,MGRS-43PHQ,00.01,0.172488,317677,317677,314239,0.9892,0.3243,0.3314,0.2809,0.3739,0.0,2
Kolar,S2B_44PKV_20180223_0_L2A,2018-02-23,MGRS-44PKV,00.01,0.045856,317455,78818,77658,0.9853,0.32,0.3294,0.2768,0.3704,0.0,2
Kolar,S2A_43PGQ_20180228_0_L2A,2018-02-28,MGRS-43PGQ,00.01,33.918408,317677,330,116,0.3515,0.3769,0.3885,0.2854,0.487,0.0,2
Kolar,S2A_43PHQ_20180228_0_L2A,2018-02-28,MGRS-43PHQ,00.01,25.906152,317677,317677,169995,0.5351,0.3147,0.3226,0.2717,0.3641,0.0,2
Kolar,S2A_44PKV_20180228_0_L2A,2018-02-28,MGRS-44PKV,00.01,17.213264,317455,78818,58838,0.7465,0.3064,0.3155,0.2614,0.3577,0.0,2
Kolar,S2B_43PGQ_20180305_0_L2A,2018-03-05,MGRS-43PGQ,00.01,0.300422,317677,330,330,1.0,0.3413,0.3503,0.2767,0.4208,0.0,2
Kolar,S2B_43PHQ_20180305_0_L2A,2018-03-05,MGRS-43PHQ,00.01,0.423575,317677,317677,315095,0.9919,0.3008,0.3078,0.2574,0.3498,0.0,2
Kolar,S2B_44PKV_20180305_0_L2A,2018-03-05,MGRS-44PKV,00.01,0.165617,317455,78818,78001,0.9896,0.3004,0.3104,0.2562,0.3519,0.0,2
Kolar,S2A_43PGQ_20180310_0_L2A,2018-03-10,MGRS-43PGQ,00.01,7.800908,317677,330,330,1.0,0.3074,0.3073,0.2707,0.3467,0.0,2
Kolar,S2A_43PHQ_20180310_0_L2A,2018-03-10,MGRS-43PHQ,00.01,29.354385,317677,317677,249518,0.7854,0.2623,0.2653,0.2329,0.294,0.0,2
Kolar,S2A_44PKV_20180310_0_L2A,2018-03-10,MGRS-44PKV,00.01,36.887329,317455,78818,62219,0.7894,0.2643,0.268,0.2345,0.2968,0.0,2
Kolar,S2B_43PGQ_20180315_0_L2A,2018-03-15,MGRS-43PGQ,00.01,7.532139,317677,330,318,0.9636,0.2942,0.2961,0.2395,0.3538,0.0,2
Kolar,S2B_43PHQ_20180315_0_L2A,2018-03-15,MGRS-43PHQ,00.01,1.769772,317677,317677,311906,0.9818,0.2698,0.2765,0.2242,0.321,0.0,2
Kolar,S2B_44PKV_20180315_0_L2A,2018-03-15,MGRS-44PKV,00.01,1.254448,317455,78818,77778,0.9868,0.268,0.2773,0.2226,0.3206,0.0,2
Kolar,S2A_43PGQ_20180320_0_L2A,2018-03-20,MGRS-43PGQ,00.01,1.171547,317677,330,330,1.0,0.3663,0.3662,0.2934,0.4376,0.0,2
Kolar,S2A_43PHQ_20180320_0_L2A,2018-03-20,MGRS-43PHQ,00.01,0.057959,317677,317677,315050,0.9917,0.3076,0.3136,0.2615,0.3587,0.0,2
Kolar,S2A_44PKV_20180320_0_L2A,2018-03-20,MGRS-44PKV,00.01,0.015869,317455,78818,77988,0.9895,0.3147,0.3229,0.2683,0.3679,0.0,2
Kolar,S2B_43PGQ_20180325_0_L2A,2018-03-25,MGRS-43PGQ,00.01,3.49974,317677,330,330,1.0,0.3579,0.36,0.2876,0.4322,0.0,2
Kolar,S2B_43PHQ_20180325_0_L2A,2018-03-25,MGRS-43PHQ,00.01,4.150859,317677,317677,314949,0.9914,0.3232,0.3279,0.2787,0.3713,0.0,2
Kolar,S2B_44PKV_20180325_0_L2A,2018-03-25,MGRS-44PKV,00.01,10.365059,317455,78818,77981,0.9894,0.3409,0.349,0.2917,0.3967,0.0,2
Kolar,S2A_43PGQ_20180330_0_L2A,2018-03-30,MGRS-43PGQ,00.01,2.992468,317677,330,270,0.8182,0.2785,0.2802,0.244,0.3202,0.0,2
Kolar,S2A_43PHQ_20180330_0_L2A,2018-03-30,MGRS-43PHQ,00.01,3.896845,317677,317677,267589,0.8423,0.2942,0.2943,0.248,0.3412,0.0,2
Kolar,S2A_44PKV_20180330_0_L2A,2018-03-30,MGRS-44PKV,00.01,1.955796,317455,78818,64499,0.8183,0.2873,0.29,0.2386,0.3391,0.0,2
Kolar,S2B_43PGQ_20180404_0_L2A,2018-04-04,MGRS-43PGQ,00.01,1.221652,317677,330,330,1.0,0.3528,0.3569,0.3035,0.4155,0.0,2
Kolar,S2B_43PHQ_20180404_0_L2A,2018-04-04,MGRS-43PHQ,00.01,1.510101,317677,317677,314475,0.9899,0.3247,0.329,0.2818,0.3711,0.0,2
Kolar,S2B_44PKV_20180404_0_L2A,2018-04-04,MGRS-44PKV,00.01,3.658017,317455,78818,78062,0.9904,0.3359,0.3432,0.2867,0.391,0.0,2
Kolar,S2A_43PGQ_20180409_0_L2A,2018-04-09,MGRS-43PGQ,00.01,2.518836,317677,330,330,1.0,0.3424,0.348,0.2781,0.412,0.0,2
Kolar,S2A_43PHQ_20180409_0_L2A,2018-04-09,MGRS-43PHQ,00.01,7.746935,317677,317677,265830,0.8368,0.2958,0.2988,0.2472,0.3471,0.0,2
Kolar,S2A_44PKV_20180409_0_L2A,2018-04-09,MGRS-44PKV,00.01,12.365974,317455,78818,64578,0.8193,0.2948,0.3008,0.2401,0.3547,0.0,2
Kolar,S2B_43PGQ_20180414_0_L2A,2018-04-14,MGRS-43PGQ,00.01,6.669646,317677,330,291,0.8818,0.2989,0.3062,0.2455,0.3656,0.0,2
Kolar,S2B_43PHQ_20180414_0_L2A,2018-04-14,MGRS-43PHQ,00.01,12.613097,317677,317677,240631,0.7575,0.3019,0.3067,0.257,0.3504,0.0,2
Kolar,S2B_44PKV_20180414_0_L2A,2018-04-14,MGRS-44PKV,00.01,16.012379,317455,78818,58278,0.7394,0.3028,0.3098,0.2567,0.3537,0.0,2
Kolar,S2B_43PGQ_20180424_0_L2A,2018-04-24,MGRS-43PGQ,00.01,0.402976,317677,330,330,1.0,0.3228,0.3279,0.2559,0.3982,0.0,2
Kolar,S2B_43PHQ_20180424_0_L2A,2018-04-24,MGRS-43PHQ,00.01,1.713498,317677,317677,303672,0.9559,0.2893,0.293,0.2498,0.3314,0.0,2
Kolar,S2B_44PKV_20180424_0_L2A,2018-04-24,MGRS-44PKV,00.01,2.032137,317455,78818,77415,0.9822,0.3027,0.3104,0.2539,0.3568,0.0,2
Kolar,S2A_43PGQ_20180429_0_L2A,2018-04-29,MGRS-43PGQ,00.01,21.538945,317677,330,293,0.8879,0.3103,0.3118,0.2558,0.3535,0.0,2
Kolar,S2A_43PHQ_20180429_0_L2A,2018-04-29,MGRS-43PHQ,00.01,31.419577,317677,317677,202994,0.639,0.2839,0.2875,0.2468,0.3234,0.0,2
Kolar,S2A_44PKV_20180429_0_L2A,2018-04-29,MGRS-44PKV,00.01,30.347823,317455,78818,20908,0.2653,0.2887,0.2984,0.2437,0.3413,0.0,2
Kolar,S2B_43PGQ_20180504_0_L2A,2018-05-04,MGRS-43PGQ,00.01,16.963343,317677,330,330,1.0,0.4227,0.4271,0.3435,0.4991,0.0,2
Kolar,S2B_43PHQ_20180504_0_L2A,2018-05-04,MGRS-43PHQ,00.01,41.861034,317677,317677,188936,0.5947,0.3343,0.3369,0.2854,0.3854,0.0,2
Kolar,S2B_44PKV_20180504_0_L2A,2018-05-04,MGRS-44PKV,00.01,39.629706,317455,78818,37982,0.4819,0.322,0.3236,0.271,0.3732,0.0,2
Kolar,S2A_43PGQ_20180509_0_L2A,2018-05-09,MGRS-43PGQ,00.01,52.297848,317677,330,96,0.2909,0.2485,0.252,0.2346,0.2617,0.0,2
Kolar,S2A_43PHQ_20180509_0_L2A,2018-05-09,MGRS-43PHQ,00.01,41.282043,317677,317677,100455,0.3162,0.286,0.2987,0.2433,0.3432,0.0,2
Kolar,S2A_44PKV_20180509_0_L2A,2018-05-09,MGRS-44PKV,00.01,20.800754,317455,78818,35742,0.4535,0.2752,0.2846,0.2382,0.3222,0.0,2
Kolar,S2A_43PGQ_20180519_0_L2A,2018-05-19,MGRS-43PGQ,00.01,56.713886,317677,330,323,0.9788,0.3568,0.3687,0.3079,0.4212,0.0,2
Kolar,S2A_43PHQ_20180519_0_L2A,2018-05-19,MGRS-43PHQ,00.01,41.365658,317677,317677,268937,0.8466,0.3628,0.3644,0.3156,0.4116,0.0,2
Kolar,S2A_44PKV_20180519_0_L2A,2018-05-19,MGRS-44PKV,00.01,32.179953,317455,78818,77567,0.9841,0.346,0.3501,0.2924,0.4028,0.0,2
Kolar,S2B_43PHQ_20180524_0_L2A,2018-05-24,MGRS-43PHQ,00.01,55.204483,317677,317677,197542,0.6218,0.384,0.3847,0.3322,0.4363,0.0,2
Kolar,S2A_43PGQ_20180529_0_L2A,2018-05-29,MGRS-43PGQ,00.01,25.111362,317677,330,330,1.0,0.3928,0.4061,0.3201,0.4896,0.0,2
Kolar,S2A_43PHQ_20180529_0_L2A,2018-05-29,MGRS-43PHQ,00.01,2.536787,317677,317677,315500,0.9931,0.3975,0.4001,0.3355,0.4618,0.0,2
Kolar,S2A_44PKV_20180529_0_L2A,2018-05-29,MGRS-44PKV,00.01,2.68387,317455,78818,78517,0.9962,0.3704,0.3749,0.2997,0.4427,0.0,2
Kolar,S2B_44PKV_20180603_0_L2A,2018-06-03,MGRS-44PKV,00.01,40.939082,317455,78818,2777,0.0352,0.387,0.3956,0.3399,0.4469,0.0,2
Kolar,S2A_43PGQ_20180618_0_L2A,2018-06-18,MGRS-43PGQ,00.01,30.605126,317677,330,197,0.597,0.3174,0.3212,0.2453,0.3857,0.0,2
Kolar,S2A_43PHQ_20180618_0_L2A,2018-06-18,MGRS-43PHQ,00.01,11.32836,317677,317677,248772,0.7831,0.3783,0.3766,0.3061,0.4494,0.0,2
Kolar,S2A_44PKV_20180618_0_L2A,2018-06-18,MGRS-44PKV,00.01,7.838093,317455,78818,64844,0.8227,0.3847,0.386,0.3082,0.4624,0.0,2
Kolar,S2A_43PHQ_20180718_0_L2A,2018-07-18,MGRS-43PHQ,00.01,58.68115,317677,317677,19017,0.0599,0.2371,0.2455,0.2068,0.2758,0.0,2
Kolar,S2A_44PKV_20180718_0_L2A,2018-07-18,MGRS-44PKV,00.01,41.023803,317455,78818,8931,0.1133,0.2445,0.25,0.2213,0.274,0.0,2
Kolar,S2B_43PHQ_20180802_0_L2A,2018-08-02,MGRS-43PHQ,00.01,54.295434,317677,317677,65939,0.2076,0.2999,0.2994,0.2613,0.3366,0.0,2
Kolar,S2B_44PKV_20180802_0_L2A,2018-08-02,MGRS-44PKV,00.01,43.956197,317455,78818,36164,0.4588,0.3248,0.3257,0.2761,0.373,0.0,2
Kolar,S2A_44PKV_20180817_0_L2A,2018-08-17,MGRS-44PKV,00.01,56.84937,317455,78818,11393,0.1445,0.2397,0.2412,0.2017,0.28,0.0,2
Kolar,S2B_43PGQ_20180822_0_L2A,2018-08-22,MGRS-43PGQ,00.01,59.105236,317677,330,183,0.5545,0.3665,0.3626,0.2786,0.4434,0.0,2
Kolar,S2B_43PHQ_20180822_0_L2A,2018-08-22,MGRS-43PHQ,00.01,22.840557,317677,317677,187455,0.5901,0.3096,0.3118,0.25,0.372,0.0,2
Kolar,S2B_44PKV_20180822_0_L2A,2018-08-22,MGRS-44PKV,00.01,5.801524,317455,78818,56154,0.7125,0.3077,0.3098,0.2483,0.3687,0.0,2
Kolar,S2B_43PGQ_20180901_0_L2A,2018-09-01,MGRS-43PGQ,00.01,50.550537,317677,330,102,0.3091,0.3672,0.3481,0.2538,0.4336,0.0,2
Kolar,S2B_43PGQ_20180911_0_L2A,2018-09-11,MGRS-43PGQ,00.01,29.899562,317677,330,132,0.4,0.3371,0.3304,0.2862,0.3723,0.0,2
Kolar,S2B_43PHQ_20180911_0_L2A,2018-09-11,MGRS-43PHQ,00.01,20.031168,317677,317677,206374,0.6496,0.335,0.3336,0.2726,0.3959,0.0,2
Kolar,S2B_44PKV_20180911_0_L2A,2018-09-11,MGRS-44PKV,00.01,19.551551,317455,78818,46976,0.596,0.307,0.3089,0.2425,0.3732,0.0,2
Kolar,S2A_43PHQ_20180926_0_L2A,2018-09-26,MGRS-43PHQ,00.01,44.807936,317677,317677,106941,0.3366,0.4308,0.4248,0.366,0.4896,0.0,2
Kolar,S2A_44PKV_20180926_0_L2A,2018-09-26,MGRS-44PKV,00.01,29.552496,317455,78818,31722,0.4025,0.4174,0.4112,0.3511,0.4779,0.0,2
Kolar,S2B_43PGQ_20181001_0_L2A,2018-10-01,MGRS-43PGQ,00.01,28.260341,317677,330,284,0.8606,0.5373,0.5236,0.4339,0.6329,0.0,2
Kolar,S2B_43PHQ_20181001_0_L2A,2018-10-01,MGRS-43PHQ,00.01,26.144429,317677,317677,201915,0.6356,0.4667,0.4636,0.3828,0.5481,0.0,2
Kolar,S2B_44PKV_20181001_0_L2A,2018-10-01,MGRS-44PKV,00.01,27.843966,317455,78818,42150,0.5348,0.4385,0.4336,0.3552,0.516,0.0,2
Kolar,S2B_43PGQ_20181011_0_L2A,2018-10-11,MGRS-43PGQ,00.01,23.2326,317677,330,330,1.0,0.5632,0.5638,0.4727,0.6515,0.0,2
Kolar,S2B_43PHQ_20181011_0_L2A,2018-10-11,MGRS-43PHQ,00.01,21.725781,317677,317677,286302,0.9012,0.5054,0.5051,0.4392,0.5717,0.0,2
Kolar,S2B_44PKV_20181011_0_L2A,2018-10-11,MGRS-44PKV,00.01,18.285579,317455,78818,69748,0.8849,0.4923,0.4937,0.4278,0.5585,0.0,2
Kolar,S2A_43PGQ_20181016_0_L2A,2018-10-16,MGRS-43PGQ,00.01,48.123787,317677,330,99,0.3,0.5277,0.5036,0.3667,0.6472,0.0,2
Kolar,S2A_43PHQ_20181016_0_L2A,2018-10-16,MGRS-43PHQ,00.01,52.923488,317677,317677,91889,0.2893,0.4587,0.4491,0.3727,0.5327,0.0,2
Kolar,S2A_44PKV_20181016_0_L2A,2018-10-16,MGRS-44PKV,00.01,54.03805,317455,78818,23499,0.2981,0.4493,0.4406,0.3635,0.5241,0.0,2
Kolar,S2B_43PGQ_20181021_0_L2A,2018-10-21,MGRS-43PGQ,00.01,37.105822,317677,330,291,0.8818,0.4992,0.5162,0.4142,0.6124,0.0,2
Kolar,S2A_43PGQ_20181026_0_L2A,2018-10-26,MGRS-43PGQ,00.01,0.280698,317677,330,330,1.0,0.5339,0.5358,0.4635,0.6142,0.0,2
Kolar,S2A_43PHQ_20181026_0_L2A,2018-10-26,MGRS-43PHQ,00.01,6.358834,317677,317677,311562,0.9808,0.512,0.5092,0.4419,0.5794,0.0,2
Kolar,S2A_44PKV_20181026_0_L2A,2018-10-26,MGRS-44PKV,00.01,19.841968,317455,78818,76107,0.9656,0.4961,0.4958,0.4276,0.5641,0.0,2
Kolar,S2B_43PGQ_20181031_0_L2A,2018-10-31,MGRS-43PGQ,00.01,16.911381,317677,330,275,0.8333,0.4596,0.4726,0.4059,0.537,0.0,2
Kolar,S2B_43PHQ_20181031_0_L2A,2018-10-31,MGRS-43PHQ,00.01,10.272461,317677,317677,244512,0.7697,0.4605,0.4537,0.3886,0.5258,0.0,2
Kolar,S2B_44PKV_20181031_0_L2A,2018-10-31,MGRS-44PKV,00.01,19.390931,317455,78818,53445,0.6781,0.4509,0.4464,0.3727,0.5234,0.0,2
Kolar,S2A_43PGQ_20181105_0_L2A,2018-11-05,MGRS-43PGQ,00.01,13.492907,317677,330,308,0.9333,0.485,0.4884,0.414,0.5482,0.0,2
Kolar,S2A_43PHQ_20181105_0_L2A,2018-11-05,MGRS-43PHQ,00.01,30.136473,317677,317677,271333,0.8541,0.4758,0.4728,0.4046,0.5452,0.0,2
Kolar,S2A_44PKV_20181105_0_L2A,2018-11-05,MGRS-44PKV,00.01,58.368847,317455,78818,63928,0.8111,0.448,0.4453,0.3658,0.5282,0.0,2
Kolar,S2B_44PKV_20181110_0_L2A,2018-11-10,MGRS-44PKV,00.01,2.390719,317455,78818,78683,0.9983,0.4425,0.446,0.3831,0.5041,0.0,2
Kolar,S2B_43PHQ_20181110_0_L2A,2018-11-10,MGRS-43PHQ,00.01,1.859937,317677,317677,316879,0.9975,0.4589,0.4595,0.4048,0.5137,0.0,2
Kolar,S2B_43PGQ_20181110_0_L2A,2018-11-10,MGRS-43PGQ,00.01,0.570394,317677,330,330,1.0,0.4779,0.4775,0.4109,0.5371,0.0,2
Kolar,S2A_43PGQ_20181115_1_L2A,2018-11-15,MGRS-43PGQ,00.01,38.779577,317677,330,94,0.2848,0.2839,0.2898,0.2007,0.3792,0.0,2
Kolar,S2B_44PKV_20181120_0_L2A,2018-11-20,MGRS-44PKV,00.01,16.839257,317455,78818,60147,0.7631,0.3836,0.3849,0.3238,0.4429,0.0,2
Kolar,S2B_43PHQ_20181120_0_L2A,2018-11-20,MGRS-43PHQ,00.01,19.248016,317677,317677,183194,0.5767,0.3986,0.3998,0.347,0.4514,0.0,2
Kolar,S2B_43PGQ_20181120_0_L2A,2018-11-20,MGRS-43PGQ,00.01,24.742764,317677,330,58,0.1758,0.4338,0.4382,0.3966,0.4877,0.0,2
Kolar,S2A_44PKV_20181125_0_L2A,2018-11-25,MGRS-44PKV,00.01,17.89139,317455,78818,62111,0.788,0.396,0.3953,0.332,0.4588,0.0,2
Kolar,S2A_43PHQ_20181125_0_L2A,2018-11-25,MGRS-43PHQ,00.01,16.174581,317677,317677,254572,0.8014,0.3989,0.3972,0.3398,0.4569,0.0,2
Kolar,S2A_43PGQ_20181125_0_L2A,2018-11-25,MGRS-43PGQ,00.01,14.330307,317677,330,324,0.9818,0.4156,0.4163,0.3605,0.4732,0.0,2
Kolar,S2B_44PKV_20181130_0_L2A,2018-11-30,MGRS-44PKV,00.01,33.400878,317455,78818,65754,0.8343,0.3684,0.371,0.3113,0.4271,0.0,2
Kolar,S2B_43PHQ_20181130_0_L2A,2018-11-30,MGRS-43PHQ,00.01,21.563565,317677,317677,281199,0.8852,0.3863,0.3884,0.3346,0.4405,0.0,2
Kolar,S2B_43PGQ_20181130_0_L2A,2018-11-30,MGRS-43PGQ,00.01,25.317495,317677,330,317,0.9606,0.4069,0.413,0.353,0.471,0.0,2
Kolar,S2A_44PKV_20181215_0_L2A,2018-12-15,MGRS-44PKV,02.11,24.100471,317455,78818,37036,0.4699,0.3379,0.3418,0.285,0.3923,0.0,2
Kolar,S2A_43PHQ_20181215_0_L2A,2018-12-15,MGRS-43PHQ,02.11,43.408054,317677,317677,93538,0.2944,0.3403,0.3434,0.2922,0.3894,0.0,2
Kolar,S2A_43PGQ_20181215_0_L2A,2018-12-15,MGRS-43PGQ,02.11,51.311885,317677,330,329,0.997,0.4152,0.416,0.3488,0.4844,0.0,2
Kolar,S2B_44PKV_20181220_0_L2A,2018-12-20,MGRS-44PKV,02.11,2.262793,317455,78818,69420,0.8808,0.3181,0.3186,0.2682,0.3665,0.0,2
Kolar,S2B_43PHQ_20181220_0_L2A,2018-12-20,MGRS-43PHQ,02.11,1.732002,317677,317677,299087,0.9415,0.3323,0.3347,0.2857,0.3807,0.0,2
Kolar,S2B_43PGQ_20181220_0_L2A,2018-12-20,MGRS-43PGQ,02.11,7.268045,317677,330,330,1.0,0.3847,0.3913,0.3165,0.4513,0.0,2
Kolar,S2A_44PKV_20181225_0_L2A,2018-12-25,MGRS-44PKV,02.11,47.975606,317455,78818,53350,0.6769,0.3237,0.3284,0.2761,0.3736,0.0,2
Kolar,S2A_43PHQ_20181225_0_L2A,2018-12-25,MGRS-43PHQ,02.11,35.564612,317677,317677,287402,0.9047,0.2997,0.3036,0.2615,0.3406,0.0,2
Kolar,S2A_43PGQ_20181225_0_L2A,2018-12-25,MGRS-43PGQ,02.11,4.228473,317677,330,330,1.0,0.3403,0.3462,0.2832,0.4025,0.0,2
Kolar,S2B_44PKV_20181230_0_L2A,2018-12-30,MGRS-44PKV,02.11,17.423814,317455,78818,11153,0.1415,0.2408,0.2388,0.1898,0.2867,0.0,2
Kolar,S2B_43PHQ_20181230_0_L2A,2018-12-30,MGRS-43PHQ,02.11,30.608018,317677,317677,104874,0.3301,0.2473,0.247,0.2067,0.2869,0.0,2
Kolar,S2B_43PGQ_20181230_0_L2A,2018-12-30,MGRS-43PGQ,02.11,20.629509,317677,330,106,0.3212,0.257,0.2588,0.2323,0.2908,0.0,2
Kolar,S2A_44PKV_20190104_0_L2A,2019-01-04,MGRS-44PKV,02.11,0.486657,317455,78818,78743,0.999,0.3194,0.3274,0.2711,0.3737,0.0,2
Kolar,S2A_43PHQ_20190104_0_L2A,2019-01-04,MGRS-43PHQ,02.11,0.112777,317677,317677,317122,0.9983,0.3244,0.3316,0.2783,0.3767,0.0,2
Kolar,S2A_43PGQ_20190104_0_L2A,2019-01-04,MGRS-43PGQ,02.11,0.294801,317677,330,330,1.0,0.3434,0.3495,0.2851,0.4076,0.0,2
Kolar,S2B_44PKV_20190109_0_L2A,2019-01-09,MGRS-44PKV,02.11,0.127614,317455,78818,78730,0.9989,0.3052,0.3131,0.2607,0.3551,0.0,2
Kolar,S2B_43PHQ_20190109_0_L2A,2019-01-09,MGRS-43PHQ,02.11,0.566647,317677,317677,316296,0.9957,0.308,0.3152,0.266,0.3561,0.0,2
Kolar,S2B_43PGQ_20190109_0_L2A,2019-01-09,MGRS-43PGQ,02.11,0.132929,317677,330,330,1.0,0.3433,0.3493,0.2814,0.4107,0.0,2
Kolar,S2A_44PKV_20190114_0_L2A,2019-01-14,MGRS-44PKV,02.11,26.92588,317455,78818,23764,0.3015,0.2814,0.2925,0.2422,0.3315,0.0,2
Kolar,S2A_43PHQ_20190114_0_L2A,2019-01-14,MGRS-43PHQ,02.11,24.975491,317677,317677,106079,0.3339,0.2949,0.3031,0.2556,0.3428,0.0,2
Kolar,S2A_43PGQ_20190114_0_L2A,2019-01-14,MGRS-43PGQ,02.11,5.693803,317677,330,0,0.0,,,,,0.0,2
Kolar,S2B_44PKV_20190119_0_L2A,2019-01-19,MGRS-44PKV,02.11,0.650476,317455,78818,78526,0.9963,0.2973,0.3073,0.2505,0.3515,0.0,2
Kolar,S2B_43PHQ_20190119_0_L2A,2019-01-19,MGRS-43PHQ,02.11,0.512261,317677,317677,315152,0.9921,0.2986,0.3077,0.2557,0.3497,0.0,2
Kolar,S2B_43PGQ_20190119_0_L2A,2019-01-19,MGRS-43PGQ,02.11,0.476025,317677,330,330,1.0,0.3358,0.3393,0.2723,0.3982,0.0,2
Kolar,S2A_44PKV_20190124_0_L2A,2019-01-24,MGRS-44PKV,02.11,2.078593,317455,78818,78775,0.9995,0.267,0.2762,0.2268,0.3137,0.0,2
Kolar,S2A_43PHQ_20190124_0_L2A,2019-01-24,MGRS-43PHQ,02.11,1.637052,317677,317677,317109,0.9982,0.2631,0.2704,0.2283,0.3037,0.0,2
Kolar,S2A_43PGQ_20190124_0_L2A,2019-01-24,MGRS-43PGQ,02.11,2.938461,317677,330,330,1.0,0.286,0.2865,0.2389,0.3356,0.0,2
Kolar,S2B_44PKV_20190129_0_L2A,2019-01-29,MGRS-44PKV,02.11,57.818901,317455,78818,1351,0.0171,0.2008,0.2098,0.1563,0.2553,0.0,2
Kolar,S2B_43PGQ_20190129_0_L2A,2019-01-29,MGRS-43PGQ,02.11,34.990493,317677,330,4,0.0121,,,,,0.0,2
Kolar,S2A_44PKV_20190203_0_L2A,2019-02-03,MGRS-44PKV,02.11,0.670067,317455,78818,78771,0.9994,0.2667,0.2771,0.2239,0.3172,0.0,2
Kolar,S2A_43PHQ_20190203_0_L2A,2019-02-03,MGRS-43PHQ,02.11,0.643458,317677,317677,314936,0.9914,0.2684,0.2773,0.2285,0.3155,0.0,2
Kolar,S2A_43PGQ_20190203_0_L2A,2019-02-03,MGRS-43PGQ,02.11,7.258448,317677,330,330,1.0,0.2986,0.2999,0.2434,0.3567,0.0,2
Kolar,S2B_44PKV_20190208_0_L2A,2019-02-08,MGRS-44PKV,02.11,0.063666,317455,78818,78475,0.9956,0.2437,0.2533,0.2056,0.289,0.0,2
Kolar,S2B_43PHQ_20190208_0_L2A,2019-02-08,MGRS-43PHQ,02.11,0.740296,317677,317677,310919,0.9787,0.2439,0.2524,0.2074,0.2871,0.0,2
Kolar,S2B_43PGQ_20190208_0_L2A,2019-02-08,MGRS-43PGQ,02.11,9.299717,317677,330,319,0.9667,0.2386,0.2395,0.2042,0.2743,0.0,2
Kolar,S2A_44PKV_20190213_0_L2A,2019-02-13,MGRS-44PKV,02.11,1.439889,317455,78818,78782,0.9995,0.2706,0.2827,0.2243,0.327,0.0,2
Kolar,S2A_43PHQ_20190213_0_L2A,2019-02-13,MGRS-43PHQ,02.11,0.043805,317677,317677,317354,0.999,0.2653,0.2757,0.2224,0.317,0.0,2
Kolar,S2A_43PGQ_20190213_0_L2A,2019-02-13,MGRS-43PGQ,02.11,0.066133,317677,330,330,1.0,0.2969,0.3006,0.232,0.3635,0.0,2
Kolar,S2B_44PKV_20190218_0_L2A,2019-02-18,MGRS-44PKV,02.11,4.510237,317455,78818,78776,0.9995,0.2668,0.28,0.218,0.3268,0.0,2
Kolar,S2B_43PHQ_20190218_0_L2A,2019-02-18,MGRS-43PHQ,02.11,1.514623,317677,317677,317371,0.999,0.2588,0.2697,0.2155,0.3111,0.0,2
Kolar,S2B_43PGQ_20190218_0_L2A,2019-02-18,MGRS-43PGQ,02.11,0.080163,317677,330,330,1.0,0.275,0.2801,0.2216,0.3378,0.0,2
Kolar,S2A_43PGQ_20190223_0_L2A,2019-02-23,MGRS-43PGQ,02.11,1.659069,317677,330,330,1.0,0.2798,0.2842,0.2262,0.3444,0.0,2
Kolar,S2A_43PHQ_20190223_0_L2A,2019-02-23,MGRS-43PHQ,02.11,0.112594,317677,317677,316975,0.9978,0.2606,0.2714,0.2184,0.312,0.0,2
Kolar,S2A_44PKV_20190223_0_L2A,2019-02-23,MGRS-44PKV,02.11,0.02068,317455,78818,78783,0.9996,0.2581,0.2694,0.2168,0.3085,0.0,2
Kolar,S2B_43PGQ_20190228_0_L2A,2019-02-28,MGRS-43PGQ,02.11,7.938519,317677,330,330,1.0,0.2737,0.277,0.2164,0.341,0.0,2
Kolar,S2B_43PHQ_20190228_0_L2A,2019-02-28,MGRS-43PHQ,02.11,10.756981,317677,317677,284404,0.8953,0.2376,0.245,0.2027,0.2784,0.0,2
Kolar,S2B_44PKV_20190228_0_L2A,2019-02-28,MGRS-44PKV,02.11,23.596444,317455,78818,78573,0.9969,0.2356,0.2441,0.2002,0.278,0.0,2
Kolar,S2A_43PGQ_20190305_0_L2A,2019-03-05,MGRS-43PGQ,02.11,25.366621,317677,330,228,0.6909,0.1953,0.1976,0.1704,0.2255,0.0,2
Kolar,S2A_43PHQ_20190305_0_L2A,2019-03-05,MGRS-43PHQ,02.11,9.175,317677,317677,291735,0.9183,0.2039,0.209,0.1781,0.2337,0.0,2
Kolar,S2A_44PKV_20190305_0_L2A,2019-03-05,MGRS-44PKV,02.11,9.029864,317455,78818,60093,0.7624,0.2031,0.2089,0.1761,0.2344,0.0,2
Kolar,S2B_43PHQ_20190310_0_L2A,2019-03-10,MGRS-43PHQ,02.11,1.958338,317677,317677,315262,0.9924,0.2229,0.2301,0.1901,0.2613,0.0,2
Kolar,S2B_43PGQ_20190310_0_L2A,2019-03-10,MGRS-43PGQ,02.11,17.443697,317677,330,330,1.0,0.2487,0.248,0.2024,0.2971,0.0,2
Kolar,S2B_44PKV_20190310_0_L2A,2019-03-10,MGRS-44PKV,02.11,1.377507,317455,78818,78678,0.9982,0.2302,0.2397,0.192,0.2759,0.0,2
Kolar,S2A_43PHQ_20190315_0_L2A,2019-03-15,MGRS-43PHQ,02.11,0.038732,317677,317677,317461,0.9993,0.225,0.2327,0.1912,0.2649,0.0,2
Kolar,S2A_43PGQ_20190315_0_L2A,2019-03-15,MGRS-43PGQ,02.11,0.060754,317677,330,330,1.0,0.2611,0.2605,0.2042,0.3193,0.0,2
Kolar,S2A_44PKV_20190315_0_L2A,2019-03-15,MGRS-44PKV,02.11,0.478791,317455,78818,78788,0.9996,0.2266,0.2358,0.1902,0.2704,0.0,2
Kolar,S2B_43PGQ_20190320_0_L2A,2019-03-20,MGRS-43PGQ,02.11,1.091735,317677,330,330,1.0,0.2481,0.2448,0.2037,0.2877,0.0,2
Kolar,S2B_43PHQ_20190320_0_L2A,2019-03-20,MGRS-43PHQ,02.11,0.016828,317677,317677,317469,0.9993,0.2195,0.2259,0.1891,0.2547,0.0,2
Kolar,S2B_44PKV_20190320_0_L2A,2019-03-20,MGRS-44PKV,02.11,0.016466,317455,78818,78801,0.9998,0.2239,0.2319,0.1899,0.2643,0.0,2
Kolar,S2A_43PGQ_20190325_0_L2A,2019-03-25,MGRS-43PGQ,02.11,0.028322,317677,330,330,1.0,0.2433,0.2415,0.1986,0.286,0.0,2
Kolar,S2A_43PHQ_20190325_0_L2A,2019-03-25,MGRS-43PHQ,02.11,0.024834,317677,317677,317509,0.9995,0.2148,0.2211,0.1847,0.2495,0.0,2
Kolar,S2A_44PKV_20190325_0_L2A,2019-03-25,MGRS-44PKV,02.11,0.018311,317455,78818,78808,0.9999,0.2154,0.2227,0.184,0.2526,0.0,2
Kolar,S2B_43PGQ_20190330_0_L2A,2019-03-30,MGRS-43PGQ,02.11,0.019176,317677,330,330,1.0,0.237,0.2359,0.2008,0.2761,0.0,2
Kolar,S2B_43PHQ_20190330_0_L2A,2019-03-30,MGRS-43PHQ,02.11,0.013013,317677,317677,317534,0.9995,0.2144,0.2201,0.1862,0.2468,0.0,2
Kolar,S2B_44PKV_20190330_0_L2A,2019-03-30,MGRS-44PKV,02.11,0.012395,317455,78818,78811,0.9999,0.2189,0.2261,0.1867,0.2564,0.0,2
Kolar,S2A_44PKV_20190404_0_L2A,2019-04-04,MGRS-44PKV,02.11,0.022074,317455,78818,78803,0.9998,0.2132,0.22,0.1829,0.2485,0.0,2
Kolar,S2A_43PGQ_20190404_0_L2A,2019-04-04,MGRS-43PGQ,02.11,0.04525,317677,330,330,1.0,0.2433,0.2408,0.1955,0.2824,0.0,2
Kolar,S2A_43PHQ_20190404_0_L2A,2019-04-04,MGRS-43PHQ,02.11,0.034492,317677,317677,317530,0.9995,0.2129,0.2189,0.183,0.2473,0.0,2
Kolar,S2B_44PKV_20190409_0_L2A,2019-04-09,MGRS-44PKV,02.11,7.419179,317455,78818,64613,0.8198,0.1854,0.1886,0.156,0.2173,0.0,2
Kolar,S2B_43PGQ_20190409_0_L2A,2019-04-09,MGRS-43PGQ,02.11,0.423923,317677,330,330,1.0,0.2541,0.2538,0.21,0.3001,0.0,2
Kolar,S2B_43PHQ_20190409_0_L2A,2019-04-09,MGRS-43PHQ,02.11,5.32053,317677,317677,293783,0.9248,0.2013,0.2047,0.1729,0.2326,0.0,2
Kolar,S2A_43PGQ_20190414_0_L2A,2019-04-14,MGRS-43PGQ,02.11,0.130783,317677,330,330,1.0,0.238,0.2379,0.196,0.2768,0.0,2
Kolar,S2A_43PHQ_20190414_0_L2A,2019-04-14,MGRS-43PHQ,02.11,0.040451,317677,317677,317533,0.9995,0.21,0.216,0.1796,0.245,0.0,2
Kolar,S2A_44PKV_20190414_0_L2A,2019-04-14,MGRS-44PKV,02.11,0.027671,317455,78818,78803,0.9998,0.2095,0.2164,0.1769,0.2472,0.0,2
Kolar,S2B_43PGQ_20190419_0_L2A,2019-04-19,MGRS-43PGQ,02.11,6.951915,317677,330,299,0.9061,0.2792,0.2759,0.2152,0.335,0.0,2
Kolar,S2B_43PHQ_20190419_0_L2A,2019-04-19,MGRS-43PHQ,02.11,8.269793,317677,317677,275861,0.8684,0.2196,0.2234,0.1823,0.2606,0.0,2
Kolar,S2A_43PGQ_20190424_0_L2A,2019-04-24,MGRS-43PGQ,02.11,3.101321,317677,330,330,1.0,0.2491,0.2508,0.1931,0.2965,0.0,2
Kolar,S2A_43PHQ_20190424_0_L2A,2019-04-24,MGRS-43PHQ,02.11,18.652559,317677,317677,313015,0.9853,0.2293,0.2358,0.193,0.271,0.0,2
Kolar,S2B_43PGQ_20190529_0_L2A,2019-05-29,MGRS-43PGQ,02.12,59.703609,317677,330,0,0.0,,,,,0.0,2
Kolar,S2A_44PKV_20190623_0_L2A,2019-06-23,MGRS-44PKV,02.12,53.907764,317455,78818,58575,0.7432,0.3091,0.3176,0.2442,0.3848,0.0,2
Kolar,S2B_43PHQ_20190708_0_L2A,2019-07-08,MGRS-43PHQ,02.13,55.066181,317677,317677,43632,0.1373,0.242,0.245,0.1904,0.2987,0.0,2
Kolar,S2A_43PGQ_20191001_0_L2A,2019-10-01,MGRS-43PGQ,02.13,48.707352,317677,330,162,0.4909,0.4016,0.4062,0.3184,0.4992,0.0,2
Kolar,S2B_43PHQ_20191006_0_L2A,2019-10-06,MGRS-43PHQ,02.13,49.234717,317677,317677,109599,0.345,0.4638,0.4507,0.3895,0.5278,0.0,2
Kolar,S2A_43PGQ_20191011_0_L2A,2019-10-11,MGRS-43PGQ,02.13,56.573165,317677,330,166,0.503,0.4727,0.4633,0.4045,0.5204,0.0,2
Kolar,S2A_44PKV_20191230_0_L2A,2019-12-30,MGRS-44PKV,02.13,53.232996,317455,78818,29887,0.3792,0.3735,0.3666,0.3006,0.438,0.0,2
Kolar,S2A_43PHQ_20191230_0_L2A,2019-12-30,MGRS-43PHQ,02.13,49.627708,317677,317677,86226,0.2714,0.3561,0.3478,0.2739,0.4249,0.0,2
Kolar,S2A_43PGQ_20200119_0_L2A,2020-01-19,MGRS-43PGQ,02.13,8.962118,317677,330,5,0.0152,,,,,0.0,2
Kolar,S2A_44PKV_20200627_0_L2A,2020-06-27,MGRS-44PKV,02.14,57.876423,317455,78818,10334,0.1311,0.276,0.28,0.2259,0.3329,0.0,2
Kolar,S2A_44PKV_20201005_0_L2A,2020-10-05,MGRS-44PKV,02.14,56.139475,317455,78818,27412,0.3478,0.5376,0.5307,0.4667,0.6031,0.0,2
Kolar,S2A_43PHQ_20201114_0_L2A,2020-11-14,MGRS-43PHQ,02.14,50.987957,317677,317677,120713,0.38,0.506,0.493,0.4275,0.5723,0.0,2
Kolar,S2B_43PGQ_20201119_0_L2A,2020-11-19,MGRS-43PGQ,02.14,51.525851,317677,330,218,0.6606,0.4571,0.4445,0.3826,0.5185,0.0,2
Kolar,S2A_44PKV_20210103_0_L2A,2021-01-03,MGRS-44PKV,02.14,53.641248,317455,78818,22215,0.2819,0.3727,0.3682,0.2846,0.4519,0.0,2
Kolar,S2A_44PKV_20210113_0_L2A,2021-01-13,MGRS-44PKV,02.14,59.07041,317455,78818,56288,0.7142,0.47,0.4645,0.4066,0.5285,0.0,2
Kolar,S2B_43PGQ_20210508_0_L2A,2021-05-08,MGRS-43PGQ,03.00,51.111714,317677,330,38,0.1152,,,,,0.0,2
Kolar,S2B_44PKV_20210806_0_L2A,2021-08-06,MGRS-44PKV,03.01,56.447733,317455,78818,32733,0.4153,0.3921,0.3915,0.3263,0.4554,0.0,2
Kolar,S2A_44PKV_20210831_0_L2A,2021-08-31,MGRS-44PKV,03.01,55.599798,317455,78818,6617,0.084,0.4451,0.4413,0.3821,0.5045,0.0,2
Kolar,S2B_44PKV_20210905_0_L2A,2021-09-05,MGRS-44PKV,03.01,56.803016,317455,78818,12730,0.1615,0.4176,0.4212,0.3344,0.508,0.0,2
Kolar,S2B_44PKV_20211015_0_L2A,2021-10-15,MGRS-44PKV,03.01,49.782534,317455,78818,20195,0.2562,0.5111,0.5023,0.4543,0.5595,0.0,2
Kolar,S2B_43PHQ_20211015_0_L2A,2021-10-15,MGRS-43PHQ,03.01,59.785998,317677,317677,98137,0.3089,0.4985,0.4832,0.4398,0.549,0.0,2
Kolar,S2A_44PKV_20211020_0_L2A,2021-10-20,MGRS-44PKV,03.01,49.53848,317455,78818,5264,0.0668,0.4362,0.4257,0.3664,0.4899,0.0,2
Kolar,S2A_44PKV_20211229_0_L2A,2021-12-29,MGRS-44PKV,03.01,54.215727,317455,78818,11861,0.1505,0.4103,0.3988,0.3362,0.4683,0.0,2
Kolar,S2A_43PHQ_20211229_0_L2A,2021-12-29,MGRS-43PHQ,03.01,53.822512,317677,317677,47223,0.1487,0.3908,0.38,0.3075,0.4578,0.0,2
Kolar,S2B_44PKV_20220103_0_L2A,2022-01-03,MGRS-44PKV,03.01,20.862256,317455,78818,60610,0.769,0.4694,0.4596,0.4017,0.5287,0.0,2
Kolar,S2B_43PHQ_20220103_0_L2A,2022-01-03,MGRS-43PHQ,03.01,14.410183,317677,317677,274037,0.8626,0.4718,0.4638,0.4076,0.5292,0.0,2
Kolar,S2B_43PGQ_20220103_0_L2A,2022-01-03,MGRS-43PGQ,03.01,1.28577,317677,330,330,1.0,0.4565,0.4514,0.3894,0.5217,0.0,2
Kolar,S2A_44PKV_20220108_0_L2A,2022-01-08,MGRS-44PKV,03.01,58.11874,317455,78818,2794,0.0354,0.3095,0.3095,0.251,0.3681,0.0,2
Kolar,S2A_43PHQ_20220108_0_L2A,2022-01-08,MGRS-43PHQ,03.01,57.084024,317677,317677,86711,0.273,0.3635,0.3557,0.2981,0.419,0.0,2
Kolar,S2A_43PGQ_20220108_0_L2A,2022-01-08,MGRS-43PGQ,03.01,42.358284,317677,330,150,0.4545,0.3352,0.3474,0.2723,0.4182,0.0,2
Kolar,S2B_44PKV_20220113_0_L2A,2022-01-13,MGRS-44PKV,03.01,29.067976,317455,78818,42266,0.5362,0.4372,0.4265,0.3679,0.4981,0.0,2
Kolar,S2B_43PHQ_20220113_0_L2A,2022-01-13,MGRS-43PHQ,03.01,28.94004,317677,317677,159316,0.5015,0.4097,0.3999,0.3493,0.4628,0.0,2
Kolar,S2B_43PGQ_20220113_0_L2A,2022-01-13,MGRS-43PGQ,03.01,16.847939,317677,330,166,0.503,0.3746,0.3626,0.3152,0.4382,0.0,2
Kolar,S2A_44PKV_20220118_0_L2A,2022-01-18,MGRS-44PKV,03.01,24.762151,317455,78818,37506,0.4759,0.3839,0.3748,0.3175,0.4405,0.0,2
Kolar,S2A_43PHQ_20220118_0_L2A,2022-01-18,MGRS-43PHQ,03.01,26.248002,317677,317677,142750,0.4494,0.3667,0.358,0.2988,0.4241,0.0,2
Kolar,S2A_43PGQ_20220118_0_L2A,2022-01-18,MGRS-43PGQ,03.01,14.857989,317677,330,187,0.5667,0.3743,0.3578,0.2952,0.4363,0.0,2
Kolar,S2B_44PKV_20220123_0_L2A,2022-01-23,MGRS-44PKV,03.01,3.596159,317455,78818,74840,0.9495,0.4447,0.445,0.3896,0.5001,0.0,2
Kolar,S2B_43PHQ_20220123_0_L2A,2022-01-23,MGRS-43PHQ,03.01,0.439372,317677,317677,307797,0.9689,0.4244,0.4245,0.3727,0.4765,0.0,2
Kolar,S2B_43PGQ_20220123_0_L2A,2022-01-23,MGRS-43PGQ,03.01,0.128002,317677,330,330,1.0,0.3886,0.3843,0.3129,0.4512,0.0,2
Chikkaballapur,S2B_43PHR_20180104_0_L2A,2018-01-04,MGRS-43PHR,00.01,0.153297,304268,56011,54712,0.9768,0.3134,0.3207,0.2776,0.3576,0.0,2
Chikkaballapur,S2A_43PGQ_20180109_0_L2A,2018-01-09,MGRS-43PGQ,00.01,2.945609,304268,178969,178005,0.9946,0.3395,0.3496,0.2795,0.4103,0.0,2
Chikkaballapur,S2A_43PGR_20180109_0_L2A,2018-01-09,MGRS-43PGR,00.01,0.263857,304268,103068,102405,0.9936,0.3111,0.3217,0.2697,0.3636,0.0,2
Chikkaballapur,S2A_43PHQ_20180109_0_L2A,2018-01-09,MGRS-43PHQ,00.01,2.887363,304268,101352,101035,0.9969,0.3258,0.3341,0.2711,0.3888,0.0,2
Chikkaballapur,S2A_43PHR_20180109_0_L2A,2018-01-09,MGRS-43PHR,00.01,7.04437,304268,56011,55445,0.9899,0.3011,0.3113,0.2635,0.3493,0.0,2
Chikkaballapur,S2B_43PGQ_20180114_0_L2A,2018-01-14,MGRS-43PGQ,00.01,11.622598,304268,178969,109728,0.6131,0.3362,0.3472,0.2823,0.4019,0.0,2
Chikkaballapur,S2B_43PGR_20180114_0_L2A,2018-01-14,MGRS-43PGR,00.01,2.416874,304268,103068,88791,0.8615,0.3171,0.3308,0.2723,0.3761,0.0,2
Chikkaballapur,S2B_43PHQ_20180114_0_L2A,2018-01-14,MGRS-43PHQ,00.01,4.876381,304268,101352,82651,0.8155,0.3193,0.3274,0.2716,0.3752,0.0,2
Chikkaballapur,S2B_43PHR_20180114_0_L2A,2018-01-14,MGRS-43PHR,00.01,0.249963,304268,56011,55515,0.9911,0.3039,0.3166,0.2646,0.3564,0.0,2
Chikkaballapur,S2B_43PGQ_20180124_0_L2A,2018-01-24,MGRS-43PGQ,00.01,8.791198,304268,178969,134998,0.7543,0.2848,0.2906,0.2425,0.3339,0.0,2
Chikkaballapur,S2B_43PGR_20180124_0_L2A,2018-01-24,MGRS-43PGR,00.01,0.577464,304268,103068,94771,0.9195,0.2764,0.2865,0.2416,0.3215,0.0,2
Chikkaballapur,S2B_43PHQ_20180124_0_L2A,2018-01-24,MGRS-43PHQ,00.01,9.185687,304268,101352,80218,0.7915,0.2729,0.2789,0.2332,0.3194,0.0,2
Chikkaballapur,S2B_43PHR_20180124_0_L2A,2018-01-24,MGRS-43PHR,00.01,1.055796,304268,56011,51051,0.9114,0.2601,0.2703,0.2307,0.3005,0.0,2
Chikkaballapur,S2A_43PGQ_20180129_0_L2A,2018-01-29,MGRS-43PGQ,00.01,0.068335,304268,178969,178227,0.9959,0.3254,0.3378,0.2687,0.3952,0.0,2
Chikkaballapur,S2A_43PGR_20180129_0_L2A,2018-01-29,MGRS-43PGR,00.01,0.033678,304268,103068,102576,0.9952,0.2823,0.2962,0.241,0.3372,0.0,2
Chikkaballapur,S2A_43PHQ_20180129_0_L2A,2018-01-29,MGRS-43PHQ,00.01,0.155673,304268,101352,101140,0.9979,0.3021,0.3109,0.2548,0.3569,0.0,2
Chikkaballapur,S2A_43PHR_20180129_0_L2A,2018-01-29,MGRS-43PHR,00.01,0.012604,304268,56011,55555,0.9919,0.2642,0.2783,0.2305,0.3115,0.0,2
Chikkaballapur,S2B_43PGQ_20180203_0_L2A,2018-02-03,MGRS-43PGQ,00.01,0.960359,304268,178969,169367,0.9463,0.3196,0.3332,0.2637,0.3895,0.0,2
Chikkaballapur,S2B_43PGR_20180203_0_L2A,2018-02-03,MGRS-43PGR,00.01,0.694283,304268,103068,102648,0.9959,0.3052,0.3224,0.26,0.3677,0.0,2
Chikkaballapur,S2B_43PHQ_20180203_0_L2A,2018-02-03,MGRS-43PHQ,00.01,0.64447,304268,101352,101188,0.9984,0.3002,0.3103,0.252,0.3574,0.0,2
Chikkaballapur,S2B_43PHR_20180203_0_L2A,2018-02-03,MGRS-43PHR,00.01,1.003315,304268,56011,55615,0.9929,0.2825,0.2981,0.248,0.3324,0.0,2
Chikkaballapur,S2A_43PGR_20180208_0_L2A,2018-02-08,MGRS-43PGR,00.01,17.261063,304268,103068,88117,0.8549,0.2656,0.2802,0.2165,0.3317,0.0,2
Chikkaballapur,S2A_43PHQ_20180208_0_L2A,2018-02-08,MGRS-43PHQ,00.01,49.374317,304268,101352,14440,0.1425,0.1915,0.2023,0.14,0.2511,0.0,2
Chikkaballapur,S2A_43PHR_20180208_0_L2A,2018-02-08,MGRS-43PHR,00.01,24.905946,304268,56011,18542,0.331,0.2183,0.2254,0.1664,0.2788,0.0,2
Chikkaballapur,S2B_43PHQ_20180213_0_L2A,2018-02-13,MGRS-43PHQ,00.01,57.916139,304268,101352,61389,0.6057,0.2768,0.2885,0.2271,0.3379,0.0,2
Chikkaballapur,S2A_43PGQ_20180218_0_L2A,2018-02-18,MGRS-43PGQ,00.01,0.110078,304268,178969,178470,0.9972,0.3104,0.3255,0.2529,0.3838,0.0,2
Chikkaballapur,S2A_43PGR_20180218_0_L2A,2018-02-18,MGRS-43PGR,00.01,0.030266,304268,103068,102701,0.9964,0.2712,0.2891,0.2278,0.3331,0.0,2
Chikkaballapur,S2A_43PHQ_20180218_0_L2A,2018-02-18,MGRS-43PHQ,00.01,0.076662,304268,101352,101215,0.9986,0.2927,0.3032,0.2431,0.352,0.0,2
Chikkaballapur,S2A_43PHR_20180218_0_L2A,2018-02-18,MGRS-43PHR,00.01,0.010906,304268,56011,55645,0.9935,0.2514,0.2676,0.2166,0.3025,0.0,2
Chikkaballapur,S2B_43PGQ_20180223_0_L2A,2018-02-23,MGRS-43PGQ,00.01,0.485506,304268,178969,175987,0.9833,0.2969,0.3126,0.2405,0.3696,0.0,2
Chikkaballapur,S2B_43PGR_20180223_0_L2A,2018-02-23,MGRS-43PGR,00.01,0.045113,304268,103068,102564,0.9951,0.2666,0.2842,0.2255,0.3258,0.0,2
Chikkaballapur,S2B_43PHQ_20180223_0_L2A,2018-02-23,MGRS-43PHQ,00.01,0.172488,304268,101352,101241,0.9989,0.2883,0.299,0.2401,0.3463,0.0,2
Chikkaballapur,S2B_43PHR_20180223_0_L2A,2018-02-23,MGRS-43PHR,00.01,0.024151,304268,56011,55648,0.9935,0.247,0.2623,0.2147,0.2951,0.0,2
Chikkaballapur,S2A_43PGQ_20180228_0_L2A,2018-02-28,MGRS-43PGQ,00.01,33.918408,304268,178969,130588,0.7297,0.2936,0.3099,0.2382,0.3653,0.0,2
Chikkaballapur,S2A_43PGR_20180228_0_L2A,2018-02-28,MGRS-43PGR,00.01,5.492502,304268,103068,84831,0.8231,0.266,0.2837,0.2265,0.3234,0.0,2
Chikkaballapur,S2A_43PHQ_20180228_0_L2A,2018-02-28,MGRS-43PHQ,00.01,25.906152,304268,101352,71998,0.7104,0.2774,0.2891,0.23,0.336,0.0,2
Chikkaballapur,S2A_43PHR_20180228_0_L2A,2018-02-28,MGRS-43PHR,00.01,14.448394,304268,56011,46791,0.8354,0.2378,0.2515,0.2072,0.2823,0.0,2
Chikkaballapur,S2B_43PGQ_20180305_0_L2A,2018-03-05,MGRS-43PGQ,00.01,0.300422,304268,178969,178487,0.9973,0.2787,0.2943,0.2271,0.3467,0.0,2
Chikkaballapur,S2B_43PGR_20180305_0_L2A,2018-03-05,MGRS-43PGR,00.01,0.025616,304268,103068,102768,0.9971,0.253,0.27,0.2162,0.3075,0.0,2
Chikkaballapur,S2B_43PHQ_20180305_0_L2A,2018-03-05,MGRS-43PHQ,00.01,0.423575,304268,101352,101274,0.9992,0.2647,0.2752,0.2202,0.3191,0.0,2
Chikkaballapur,S2B_43PHR_20180305_0_L2A,2018-03-05,MGRS-43PHR,00.01,0.981145,304268,56011,55738,0.9951,0.246,0.2598,0.2159,0.2902,0.0,2
Chikkaballapur,S2A_43PGQ_20180310_0_L2A,2018-03-10,MGRS-43PGQ,00.01,7.800908,304268,178969,162454,0.9077,0.2526,0.261,0.2197,0.294,0.0,2
Chikkaballapur,S2A_43PGR_20180310_0_L2A,2018-03-10,MGRS-43PGR,00.01,3.591333,304268,103068,99532,0.9657,0.2245,0.2352,0.1994,0.2604,0.0,2
Chikkaballapur,S2A_43PHQ_20180310_0_L2A,2018-03-10,MGRS-43PHQ,00.01,29.354385,304268,101352,66177,0.6529,0.2298,0.2364,0.1998,0.2656,0.0,2
Chikkaballapur,S2A_43PHR_20180310_0_L2A,2018-03-10,MGRS-43PHR,00.01,4.69097,304268,56011,49133,0.8772,0.2188,0.2267,0.1995,0.2459,0.0,2
Chikkaballapur,S2B_43PGQ_20180315_0_L2A,2018-03-15,MGRS-43PGQ,00.01,7.532139,304268,178969,177445,0.9915,0.2382,0.2502,0.1954,0.2931,0.0,2
Chikkaballapur,S2B_43PGR_20180315_0_L2A,2018-03-15,MGRS-43PGR,00.01,5.657775,304268,103068,100889,0.9789,0.2092,0.2234,0.1773,0.2556,0.0,2
Chikkaballapur,S2B_43PHQ_20180315_0_L2A,2018-03-15,MGRS-43PHQ,00.01,1.769772,304268,101352,101281,0.9993,0.2409,0.2526,0.1939,0.299,0.0,2
Chikkaballapur,S2B_43PHR_20180315_0_L2A,2018-03-15,MGRS-43PHR,00.01,5.634238,304268,56011,55773,0.9958,0.2087,0.2203,0.1807,0.2477,0.0,2
Chikkaballapur,S2A_43PGQ_20180320_0_L2A,2018-03-20,MGRS-43PGQ,00.01,1.171547,304268,178969,178322,0.9964,0.29,0.3048,0.235,0.3601,0.0,2
Chikkaballapur,S2A_43PGR_20180320_0_L2A,2018-03-20,MGRS-43PGR,00.01,1.126053,304268,103068,102785,0.9973,0.2458,0.2613,0.2087,0.2975,0.0,2
Chikkaballapur,S2A_43PHQ_20180320_0_L2A,2018-03-20,MGRS-43PHQ,00.01,0.057959,304268,101352,101266,0.9992,0.2707,0.2813,0.2202,0.3309,0.0,2
Chikkaballapur,S2A_43PHR_20180320_0_L2A,2018-03-20,MGRS-43PHR,00.01,1.535327,304268,56011,55570,0.9921,0.2384,0.2505,0.2099,0.2786,0.0,2
Chikkaballapur,S2B_43PGQ_20180325_0_L2A,2018-03-25,MGRS-43PGQ,00.01,3.49974,304268,178969,138494,0.7738,0.3002,0.3129,0.245,0.3683,0.0,2
Chikkaballapur,S2B_43PGR_20180325_0_L2A,2018-03-25,MGRS-43PGR,00.01,2.257707,304268,103068,100139,0.9716,0.2672,0.2786,0.2333,0.312,0.0,2
Chikkaballapur,S2B_43PHQ_20180325_0_L2A,2018-03-25,MGRS-43PHQ,00.01,4.150859,304268,101352,97291,0.9599,0.29,0.2981,0.2418,0.3455,0.0,2
Chikkaballapur,S2B_43PHR_20180325_0_L2A,2018-03-25,MGRS-43PHR,00.01,4.413389,304268,56011,55745,0.9953,0.2587,0.2683,0.2304,0.2964,0.0,2
Chikkaballapur,S2A_43PGQ_20180330_0_L2A,2018-03-30,MGRS-43PGQ,00.01,2.992468,304268,178969,178305,0.9963,0.2731,0.2792,0.2348,0.3169,0.0,2
Chikkaballapur,S2A_43PGR_20180330_0_L2A,2018-03-30,MGRS-43PGR,00.01,9.324791,304268,103068,102693,0.9964,0.2429,0.2512,0.2124,0.281,0.0,2
Chikkaballapur,S2A_43PHQ_20180330_0_L2A,2018-03-30,MGRS-43PHQ,00.01,3.896845,304268,101352,101075,0.9973,0.2869,0.2933,0.2385,0.3409,0.0,2
Chikkaballapur,S2A_43PHR_20180330_0_L2A,2018-03-30,MGRS-43PHR,00.01,1.454763,304268,56011,55590,0.9925,0.23,0.2364,0.2064,0.26,0.0,2
Chikkaballapur,S2B_43PGQ_20180404_0_L2A,2018-04-04,MGRS-43PGQ,00.01,1.221652,304268,178969,178463,0.9972,0.3162,0.3246,0.263,0.3772,0.0,2
Chikkaballapur,S2B_43PGR_20180404_0_L2A,2018-04-04,MGRS-43PGR,00.01,0.140266,304268,103068,102834,0.9977,0.2766,0.2871,0.2359,0.327,0.0,2
Chikkaballapur,S2B_43PHQ_20180404_0_L2A,2018-04-04,MGRS-43PHQ,00.01,1.510101,304268,101352,101191,0.9984,0.3092,0.316,0.2589,0.3659,0.0,2
Chikkaballapur,S2B_43PHR_20180404_0_L2A,2018-04-04,MGRS-43PHR,00.01,0.104678,304268,56011,55772,0.9957,0.2712,0.2796,0.2351,0.3145,0.0,2
Chikkaballapur,S2A_43PGQ_20180409_0_L2A,2018-04-09,MGRS-43PGQ,00.01,2.518836,304268,178969,178550,0.9977,0.3072,0.3189,0.2496,0.3756,0.0,2
Chikkaballapur,S2A_43PGR_20180409_0_L2A,2018-04-09,MGRS-43PGR,00.01,0.74699,304268,103068,102868,0.9981,0.2749,0.2865,0.2313,0.3293,0.0,2
Chikkaballapur,S2A_43PHQ_20180409_0_L2A,2018-04-09,MGRS-43PHQ,00.01,7.746935,304268,101352,101224,0.9987,0.2984,0.3081,0.2454,0.3605,0.0,2
Chikkaballapur,S2A_43PHR_20180409_0_L2A,2018-04-09,MGRS-43PHR,00.01,0.206021,304268,56011,55814,0.9965,0.2596,0.2693,0.2221,0.3057,0.0,2
Chikkaballapur,S2B_43PGQ_20180414_0_L2A,2018-04-14,MGRS-43PGQ,00.01,6.669646,304268,178969,173831,0.9713,0.2878,0.2993,0.2337,0.3532,0.0,2
Chikkaballapur,S2B_43PGR_20180414_0_L2A,2018-04-14,MGRS-43PGR,00.01,5.062785,304268,103068,97715,0.9481,0.2572,0.2681,0.2154,0.3094,0.0,2
Chikkaballapur,S2B_43PHQ_20180414_0_L2A,2018-04-14,MGRS-43PHQ,00.01,12.613097,304268,101352,97801,0.965,0.2995,0.3095,0.2454,0.3633,0.0,2
Chikkaballapur,S2B_43PHR_20180414_0_L2A,2018-04-14,MGRS-43PHR,00.01,10.829941,304268,56011,53439,0.9541,0.2498,0.2582,0.2129,0.2939,0.0,2
Chikkaballapur,S2B_43PGQ_20180424_0_L2A,2018-04-24,MGRS-43PGQ,00.01,0.402976,304268,178969,178654,0.9982,0.2873,0.3008,0.2267,0.3615,0.0,2
Chikkaballapur,S2B_43PGR_20180424_0_L2A,2018-04-24,MGRS-43PGR,00.01,1.569867,304268,103068,102885,0.9982,0.2447,0.2539,0.2084,0.2897,0.0,2
Chikkaballapur,S2B_43PHQ_20180424_0_L2A,2018-04-24,MGRS-43PHQ,00.01,1.713498,304268,101352,101246,0.999,0.2833,0.2913,0.2357,0.3385,0.0,2
Chikkaballapur,S2B_43PHR_20180424_0_L2A,2018-04-24,MGRS-43PHR,00.01,3.452643,304268,56011,55813,0.9965,0.2428,0.2511,0.2115,0.2813,0.0,2
Chikkaballapur,S2A_43PGQ_20180429_0_L2A,2018-04-29,MGRS-43PGQ,00.01,21.538945,304268,178969,103262,0.577,0.2545,0.2639,0.2121,0.3064,0.0,2
Chikkaballapur,S2A_43PGR_20180429_0_L2A,2018-04-29,MGRS-43PGR,00.01,12.177149,304268,103068,98243,0.9532,0.2434,0.2532,0.2076,0.2884,0.0,2
Chikkaballapur,S2A_43PHQ_20180429_0_L2A,2018-04-29,MGRS-43PHQ,00.01,31.419577,304268,101352,22153,0.2186,0.2365,0.2498,0.1943,0.2965,0.0,2
Chikkaballapur,S2A_43PHR_20180429_0_L2A,2018-04-29,MGRS-43PHR,00.01,24.543914,304268,56011,38448,0.6864,0.2155,0.2243,0.1893,0.2501,0.0,2
Chikkaballapur,S2B_43PGQ_20180504_0_L2A,2018-05-04,MGRS-43PGQ,00.01,16.963343,304268,178969,135974,0.7598,0.3312,0.3407,0.2647,0.4068,0.0,2
Chikkaballapur,S2B_43PGR_20180504_0_L2A,2018-05-04,MGRS-43PGR,00.01,3.547604,304268,103068,87284,0.8469,0.2723,0.2814,0.2276,0.3252,0.0,2
Chikkaballapur,S2B_43PHQ_20180504_0_L2A,2018-05-04,MGRS-43PHQ,00.01,41.861034,304268,101352,83649,0.8253,0.3106,0.3162,0.2513,0.3736,0.0,2
Chikkaballapur,S2B_43PHR_20180504_0_L2A,2018-05-04,MGRS-43PHR,00.01,13.86575,304268,56011,49905,0.891,0.2587,0.2673,0.2214,0.3041,0.0,2
Chikkaballapur,S2A_43PGQ_20180509_0_L2A,2018-05-09,MGRS-43PGQ,00.01,52.297848,304268,178969,173456,0.9692,0.2771,0.2884,0.2279,0.3372,0.0,2
Chikkaballapur,S2A_43PGR_20180509_0_L2A,2018-05-09,MGRS-43PGR,00.01,7.835057,304268,103068,90545,0.8785,0.2408,0.2506,0.2027,0.2886,0.0,2
Chikkaballapur,S2A_43PHQ_20180509_0_L2A,2018-05-09,MGRS-43PHQ,00.01,41.282043,304268,101352,94353,0.9309,0.2848,0.2937,0.2381,0.3392,0.0,2
Chikkaballapur,S2A_43PHR_20180509_0_L2A,2018-05-09,MGRS-43PHR,00.01,13.417712,304268,56011,55604,0.9927,0.238,0.2459,0.2074,0.275,0.0,2
Chikkaballapur,S2A_43PGQ_20180519_0_L2A,2018-05-19,MGRS-43PGQ,00.01,56.713886,304268,178969,175508,0.9807,0.3021,0.3097,0.2526,0.3581,0.0,2
Chikkaballapur,S2A_43PGR_20180519_0_L2A,2018-05-19,MGRS-43PGR,00.01,2.097142,304268,103068,93028,0.9026,0.2552,0.2621,0.2178,0.2992,0.0,2
Chikkaballapur,S2A_43PHQ_20180519_0_L2A,2018-05-19,MGRS-43PHQ,00.01,41.365658,304268,101352,100224,0.9889,0.316,0.3206,0.2634,0.3719,0.0,2
Chikkaballapur,S2A_43PHR_20180519_0_L2A,2018-05-19,MGRS-43PHR,00.01,1.6095,304268,56011,42507,0.7589,0.2589,0.265,0.2217,0.3009,0.0,2
Chikkaballapur,S2B_43PGR_20180524_0_L2A,2018-05-24,MGRS-43PGR,00.01,6.835095,304268,103068,102734,0.9968,0.2861,0.2959,0.2463,0.3348,0.0,2
Chikkaballapur,S2B_43PHQ_20180524_0_L2A,2018-05-24,MGRS-43PHQ,00.01,55.204483,304268,101352,88045,0.8687,0.318,0.3227,0.265,0.3748,0.0,2
Chikkaballapur,S2A_43PGQ_20180529_0_L2A,2018-05-29,MGRS-43PGQ,00.01,25.111362,304268,178969,134543,0.7518,0.2995,0.3138,0.2325,0.3823,0.0,2
Chikkaballapur,S2A_43PGR_20180529_0_L2A,2018-05-29,MGRS-43PGR,00.01,41.827359,304268,103068,84425,0.8191,0.2627,0.2732,0.2143,0.3206,0.0,2
Chikkaballapur,S2A_43PHQ_20180529_0_L2A,2018-05-29,MGRS-43PHQ,00.01,2.536787,304268,101352,96394,0.9511,0.3164,0.3261,0.2502,0.3929,0.0,2
Chikkaballapur,S2A_43PHR_20180529_0_L2A,2018-05-29,MGRS-43PHR,00.01,15.33197,304268,56011,46505,0.8303,0.2496,0.258,0.2033,0.3026,0.0,2
Chikkaballapur,S2A_43PGQ_20180618_0_L2A,2018-06-18,MGRS-43PGQ,00.01,30.605126,304268,178969,142459,0.796,0.3387,0.3453,0.2631,0.4212,0.0,2
Chikkaballapur,S2A_43PGR_20180618_0_L2A,2018-06-18,MGRS-43PGR,00.01,12.633288,304268,103068,89507,0.8684,0.3074,0.3177,0.2476,0.3788,0.0,2
Chikkaballapur,S2A_43PHQ_20180618_0_L2A,2018-06-18,MGRS-43PHQ,00.01,11.32836,304268,101352,89810,0.8861,0.3311,0.3389,0.2617,0.4095,0.0,2
Chikkaballapur,S2A_43PHQ_20180718_0_L2A,2018-07-18,MGRS-43PHQ,00.01,58.68115,304268,101352,59986,0.5919,0.2607,0.2735,0.2081,0.3279,0.0,2
Chikkaballapur,S2A_43PHR_20180718_0_L2A,2018-07-18,MGRS-43PHR,00.01,42.421192,304268,56011,38903,0.6946,0.2305,0.2366,0.1839,0.2822,0.0,2
Chikkaballapur,S2B_43PHQ_20180802_0_L2A,2018-08-02,MGRS-43PHQ,00.01,54.295434,304268,101352,48287,0.4764,0.2517,0.2585,0.209,0.3018,0.0,2
Chikkaballapur,S2A_43PGR_20180817_0_L2A,2018-08-17,MGRS-43PGR,00.01,54.739296,304268,103068,26430,0.2564,0.2657,0.2681,0.2184,0.3162,0.0,2
Chikkaballapur,S2A_43PHR_20180817_0_L2A,2018-08-17,MGRS-43PHR,00.01,46.450868,304268,56011,18813,0.3359,0.2097,0.2146,0.1715,0.2534,0.0,2
Chikkaballapur,S2B_43PGQ_20180822_0_L2A,2018-08-22,MGRS-43PGQ,00.01,59.105236,304268,178969,123932,0.6925,0.3442,0.3527,0.2668,0.4314,0.0,2
Chikkaballapur,S2B_43PHQ_20180822_0_L2A,2018-08-22,MGRS-43PHQ,00.01,22.840557,304268,101352,82674,0.8157,0.2772,0.287,0.224,0.3405,0.0,2
Chikkaballapur,S2B_43PGQ_20180901_0_L2A,2018-09-01,MGRS-43PGQ,00.01,50.550537,304268,178969,102324,0.5717,0.3661,0.3707,0.2925,0.443,0.0,2
Chikkaballapur,S2B_43PGR_20180901_0_L2A,2018-09-01,MGRS-43PGR,00.01,56.907479,304268,103068,78114,0.7579,0.361,0.3708,0.2819,0.4516,0.0,2
Chikkaballapur,S2B_43PGQ_20180911_0_L2A,2018-09-11,MGRS-43PGQ,00.01,29.899562,304268,178969,94951,0.5305,0.3392,0.3392,0.2663,0.411,0.0,2
Chikkaballapur,S2B_43PGR_20180911_0_L2A,2018-09-11,MGRS-43PGR,00.01,36.517263,304268,103068,65906,0.6394,0.322,0.3308,0.2616,0.3933,0.0,2
Chikkaballapur,S2B_43PHQ_20180911_0_L2A,2018-09-11,MGRS-43PHQ,00.01,20.031168,304268,101352,58998,0.5821,0.2759,0.2871,0.2123,0.3545,0.0,2
Chikkaballapur,S2B_43PHR_20180911_0_L2A,2018-09-11,MGRS-43PHR,00.01,22.356851,304268,56011,40975,0.7316,0.2596,0.2683,0.2122,0.3174,0.0,2
Chikkaballapur,S2A_43PHQ_20180926_0_L2A,2018-09-26,MGRS-43PHQ,00.01,44.807936,304268,101352,11418,0.1127,0.3671,0.3676,0.3027,0.4322,0.0,2
Chikkaballapur,S2B_43PGQ_20181001_0_L2A,2018-10-01,MGRS-43PGQ,00.01,28.260341,304268,178969,157354,0.8792,0.5105,0.5038,0.4173,0.597,0.0,2
Chikkaballapur,S2B_43PGR_20181001_0_L2A,2018-10-01,MGRS-43PGR,00.01,18.172735,304268,103068,97305,0.9441,0.5223,0.5178,0.4285,0.6125,0.0,2
Chikkaballapur,S2B_43PHQ_20181001_0_L2A,2018-10-01,MGRS-43PHQ,00.01,26.144429,304268,101352,90871,0.8966,0.4556,0.4528,0.3697,0.5383,0.0,2
Chikkaballapur,S2B_43PHR_20181001_0_L2A,2018-10-01,MGRS-43PHR,00.01,6.072296,304268,56011,51473,0.919,0.454,0.455,0.3745,0.5357,0.0,2
Chikkaballapur,S2A_43PHR_20181006_0_L2A,2018-10-06,MGRS-43PHR,00.01,55.963034,304268,56011,362,0.0065,0.3748,0.3676,0.2196,0.52,0.0,2
Chikkaballapur,S2B_43PGQ_20181011_0_L2A,2018-10-11,MGRS-43PGQ,00.01,23.2326,304268,178969,131422,0.7343,0.5576,0.5507,0.4768,0.6324,0.0,2
Chikkaballapur,S2B_43PGR_20181011_0_L2A,2018-10-11,MGRS-43PGR,00.01,57.244972,304268,103068,42588,0.4132,0.5196,0.5126,0.4527,0.5782,0.0,2
Chikkaballapur,S2B_43PHQ_20181011_0_L2A,2018-10-11,MGRS-43PHQ,00.01,21.725781,304268,101352,88739,0.8756,0.5021,0.4982,0.4276,0.5734,0.0,2
Chikkaballapur,S2B_43PHR_20181011_0_L2A,2018-10-11,MGRS-43PHR,00.01,50.570884,304268,56011,33514,0.5983,0.4873,0.4851,0.4208,0.5531,0.0,2
Chikkaballapur,S2A_43PGQ_20181016_0_L2A,2018-10-16,MGRS-43PGQ,00.01,48.123787,304268,178969,70432,0.3935,0.4778,0.4689,0.3938,0.5515,0.0,2
Chikkaballapur,S2A_43PGR_20181016_0_L2A,2018-10-16,MGRS-43PGR,00.01,27.944574,304268,103068,44594,0.4327,0.4684,0.4554,0.3842,0.5376,0.0,2
Chikkaballapur,S2A_43PHQ_20181016_0_L2A,2018-10-16,MGRS-43PHQ,00.01,52.923488,304268,101352,40386,0.3985,0.4432,0.4344,0.3623,0.5126,0.0,2
Chikkaballapur,S2A_43PHR_20181016_0_L2A,2018-10-16,MGRS-43PHR,00.01,34.4452,304268,56011,30833,0.5505,0.4551,0.4453,0.3812,0.5202,0.0,2
Chikkaballapur,S2B_43PGQ_20181021_0_L2A,2018-10-21,MGRS-43PGQ,00.01,37.105822,304268,178969,103745,0.5797,0.5405,0.5331,0.4462,0.6264,0.0,2
Chikkaballapur,S2B_43PGR_20181021_0_L2A,2018-10-21,MGRS-43PGR,00.01,22.078868,304268,103068,101219,0.9821,0.5062,0.5039,0.4359,0.5749,0.0,2
Chikkaballapur,S2B_43PHR_20181021_0_L2A,2018-10-21,MGRS-43PHR,00.01,12.276957,304268,56011,55126,0.9842,0.5178,0.5143,0.4517,0.5823,0.0,2
Chikkaballapur,S2A_43PGQ_20181026_0_L2A,2018-10-26,MGRS-43PGQ,00.01,0.280698,304268,178969,178034,0.9948,0.5308,0.5265,0.4566,0.6006,0.0,2
Chikkaballapur,S2A_43PGR_20181026_0_L2A,2018-10-26,MGRS-43PGR,00.01,2.480189,304268,103068,102919,0.9986,0.4786,0.4784,0.4153,0.5422,0.0,2
Chikkaballapur,S2A_43PHQ_20181026_0_L2A,2018-10-26,MGRS-43PHQ,00.01,6.358834,304268,101352,101306,0.9995,0.5146,0.5119,0.4373,0.59,0.0,2
Chikkaballapur,S2A_43PHR_20181026_0_L2A,2018-10-26,MGRS-43PHR,00.01,7.179963,304268,56011,55868,0.9974,0.485,0.4834,0.4272,0.5431,0.0,2
Chikkaballapur,S2B_43PGQ_20181031_0_L2A,2018-10-31,MGRS-43PGQ,00.01,16.911381,304268,178969,158511,0.8857,0.4811,0.4761,0.4086,0.549,0.0,2
Chikkaballapur,S2B_43PGR_20181031_0_L2A,2018-10-31,MGRS-43PGR,00.01,18.568765,304268,103068,76304,0.7403,0.4341,0.4307,0.3661,0.4996,0.0,2
Chikkaballapur,S2B_43PHQ_20181031_0_L2A,2018-10-31,MGRS-43PHQ,00.01,10.272461,304268,101352,91671,0.9045,0.4624,0.4605,0.3927,0.5314,0.0,2
Chikkaballapur,S2B_43PHR_20181031_0_L2A,2018-10-31,MGRS-43PHR,00.01,21.48104,304268,56011,44611,0.7965,0.4465,0.4413,0.3877,0.5025,0.0,2
Chikkaballapur,S2A_43PGQ_20181105_0_L2A,2018-11-05,MGRS-43PGQ,00.01,13.492907,304268,178969,73301,0.4096,0.478,0.4758,0.4089,0.5454,0.0,2
Chikkaballapur,S2A_43PGR_20181105_0_L2A,2018-11-05,MGRS-43PGR,00.01,25.999326,304268,103068,34895,0.3386,0.3918,0.4014,0.3349,0.4583,0.0,2
Chikkaballapur,S2A_43PHQ_20181105_0_L2A,2018-11-05,MGRS-43PHQ,00.01,30.136473,304268,101352,19479,0.1922,0.4763,0.4745,0.4116,0.5405,0.0,2
Chikkaballapur,S2A_43PHR_20181105_0_L2A,2018-11-05,MGRS-43PHR,00.01,57.048806,304268,56011,1879,0.0335,0.45,0.451,0.4055,0.4941,0.0,2
Chikkaballapur,S2B_43PHR_20181110_1_L2A,2018-11-10,MGRS-43PHR,00.01,2.970692,304268,56011,55787,0.996,0.4105,0.4141,0.3649,0.4612,0.0,2
Chikkaballapur,S2B_43PGR_20181110_0_L2A,2018-11-10,MGRS-43PGR,00.01,4.792678,304268,103068,100036,0.9706,0.3969,0.4009,0.3467,0.4512,0.0,2
Chikkaballapur,S2B_43PHQ_20181110_0_L2A,2018-11-10,MGRS-43PHQ,00.01,1.859937,304268,101352,101066,0.9972,0.4442,0.4464,0.3883,0.5041,0.0,2
Chikkaballapur,S2B_43PGQ_20181110_0_L2A,2018-11-10,MGRS-43PGQ,00.01,0.570394,304268,178969,175969,0.9832,0.4441,0.4461,0.3849,0.5066,0.0,2
Chikkaballapur,S2A_43PGQ_20181115_1_L2A,2018-11-15,MGRS-43PGQ,00.01,38.779577,304268,178969,31765,0.1775,0.2777,0.2909,0.2006,0.367,0.0,2
Chikkaballapur,S2B_43PHR_20181120_0_L2A,2018-11-20,MGRS-43PHR,00.01,12.692705,304268,56011,50635,0.904,0.3594,0.3625,0.3179,0.4059,0.0,2
Chikkaballapur,S2B_43PGR_20181120_0_L2A,2018-11-20,MGRS-43PGR,00.01,55.275642,304268,103068,79541,0.7717,0.3438,0.3482,0.2942,0.3981,0.0,2
Chikkaballapur,S2B_43PHQ_20181120_0_L2A,2018-11-20,MGRS-43PHQ,00.01,19.248016,304268,101352,46612,0.4599,0.372,0.3746,0.3244,0.4249,0.0,2
Chikkaballapur,S2B_43PGQ_20181120_0_L2A,2018-11-20,MGRS-43PGQ,00.01,24.742764,304268,178969,105178,0.5877,0.3944,0.3988,0.3379,0.4563,0.0,2
Chikkaballapur,S2A_43PHR_20181125_0_L2A,2018-11-25,MGRS-43PHR,00.01,4.018696,304268,56011,46826,0.836,0.3372,0.3363,0.2882,0.387,0.0,2
Chikkaballapur,S2A_43PGR_20181125_0_L2A,2018-11-25,MGRS-43PGR,00.01,1.922317,304268,103068,94235,0.9143,0.3223,0.3251,0.2761,0.371,0.0,2
Chikkaballapur,S2A_43PHQ_20181125_0_L2A,2018-11-25,MGRS-43PHQ,00.01,16.174581,304268,101352,96496,0.9521,0.3875,0.3901,0.3308,0.448,0.0,2
Chikkaballapur,S2A_43PGQ_20181125_0_L2A,2018-11-25,MGRS-43PGQ,00.01,14.330307,304268,178969,168855,0.9435,0.373,0.3763,0.3133,0.4364,0.0,2
Chikkaballapur,S2B_43PHR_20181130_0_L2A,2018-11-30,MGRS-43PHR,00.01,21.972539,304268,56011,49218,0.8787,0.3408,0.3464,0.3039,0.3845,0.0,2
Chikkaballapur,S2B_43PGR_20181130_0_L2A,2018-11-30,MGRS-43PGR,00.01,23.730478,304268,103068,78408,0.7607,0.333,0.34,0.2878,0.3847,0.0,2
Chikkaballapur,S2B_43PHQ_20181130_0_L2A,2018-11-30,MGRS-43PHQ,00.01,21.563565,304268,101352,85145,0.8401,0.3639,0.3684,0.3153,0.4177,0.0,2
Chikkaballapur,S2B_43PGQ_20181130_0_L2A,2018-11-30,MGRS-43PGQ,00.01,25.317495,304268,178969,126627,0.7075,0.3714,0.3774,0.3158,0.4332,0.0,2
Chikkaballapur,S2A_43PHR_20181215_0_L2A,2018-12-15,MGRS-43PHR,02.11,35.684868,304268,56011,45886,0.8192,0.287,0.2928,0.2538,0.3266,0.0,2
Chikkaballapur,S2A_43PGR_20181215_0_L2A,2018-12-15,MGRS-43PGR,02.11,19.655334,304268,103068,90580,0.8788,0.2904,0.2984,0.2514,0.3375,0.0,2
Chikkaballapur,S2A_43PHQ_20181215_0_L2A,2018-12-15,MGRS-43PHQ,02.11,43.408054,304268,101352,68625,0.6771,0.3186,0.327,0.2725,0.3732,0.0,2
Chikkaballapur,S2A_43PGQ_20181215_0_L2A,2018-12-15,MGRS-43PGQ,02.11,51.311885,304268,178969,147190,0.8224,0.3356,0.3458,0.2788,0.4029,0.0,2
Chikkaballapur,S2B_43PHR_20181220_0_L2A,2018-12-20,MGRS-43PHR,02.11,21.115001,304268,56011,55945,0.9988,0.2741,0.2813,0.245,0.3105,0.0,2
Chikkaballapur,S2B_43PGR_20181220_0_L2A,2018-12-20,MGRS-43PGR,02.11,0.333033,304268,103068,101426,0.9841,0.2753,0.2829,0.2411,0.3167,0.0,2
Chikkaballapur,S2B_43PHQ_20181220_0_L2A,2018-12-20,MGRS-43PHQ,02.11,1.732002,304268,101352,99728,0.984,0.3079,0.3157,0.2631,0.3609,0.0,2
Chikkaballapur,S2B_43PGQ_20181220_0_L2A,2018-12-20,MGRS-43PGQ,02.11,7.268045,304268,178969,172163,0.962,0.3228,0.3328,0.2682,0.3876,0.0,2
Chikkaballapur,S2A_43PHR_20181225_0_L2A,2018-12-25,MGRS-43PHR,02.11,4.60877,304268,56011,55950,0.9989,0.2592,0.2686,0.2284,0.2995,0.0,2
Chikkaballapur,S2A_43PGR_20181225_0_L2A,2018-12-25,MGRS-43PGR,02.11,2.201742,304268,103068,89847,0.8717,0.2614,0.2716,0.2249,0.3077,0.0,2
Chikkaballapur,S2A_43PHQ_20181225_0_L2A,2018-12-25,MGRS-43PHQ,02.11,35.564612,304268,101352,101343,0.9999,0.2837,0.2922,0.2408,0.3347,0.0,2
Chikkaballapur,S2A_43PGQ_20181225_0_L2A,2018-12-25,MGRS-43PGQ,02.11,4.228473,304268,178969,177652,0.9926,0.3091,0.3219,0.2524,0.379,0.0,2
Chikkaballapur,S2B_43PHR_20181230_0_L2A,2018-12-30,MGRS-43PHR,02.11,8.517155,304268,56011,38141,0.681,0.2333,0.2361,0.2031,0.2679,0.0,2
Chikkaballapur,S2B_43PGR_20181230_0_L2A,2018-12-30,MGRS-43PGR,02.11,9.087752,304268,103068,86964,0.8438,0.2462,0.252,0.2141,0.2846,0.0,2
Chikkaballapur,S2B_43PHQ_20181230_0_L2A,2018-12-30,MGRS-43PHQ,02.11,30.608018,304268,101352,59717,0.5892,0.2493,0.2536,0.2086,0.2946,0.0,2
Chikkaballapur,S2B_43PGQ_20181230_0_L2A,2018-12-30,MGRS-43PGQ,02.11,20.629509,304268,178969,139237,0.778,0.2551,0.2607,0.2185,0.2979,0.0,2
Chikkaballapur,S2A_43PHR_20190104_0_L2A,2019-01-04,MGRS-43PHR,02.11,0.025916,304268,56011,55913,0.9983,0.2688,0.283,0.2337,0.3178,0.0,2
Chikkaballapur,S2A_43PGR_20190104_0_L2A,2019-01-04,MGRS-43PGR,02.11,0.395579,304268,103068,101331,0.9831,0.2747,0.289,0.2341,0.3289,0.0,2
Chikkaballapur,S2A_43PHQ_20190104_0_L2A,2019-01-04,MGRS-43PHQ,02.11,0.112777,304268,101352,101267,0.9992,0.2988,0.3116,0.2479,0.3625,0.0,2
Chikkaballapur,S2A_43PGQ_20190104_0_L2A,2019-01-04,MGRS-43PGQ,02.11,0.294801,304268,178969,178638,0.9982,0.298,0.312,0.247,0.363,0.0,2
Chikkaballapur,S2B_43PHR_20190109_0_L2A,2019-01-09,MGRS-43PHR,02.11,0.357557,304268,56011,55969,0.9993,0.2583,0.2723,0.2266,0.3042,0.0,2
Chikkaballapur,S2B_43PGR_20190109_0_L2A,2019-01-09,MGRS-43PGR,02.11,0.028667,304268,103068,103008,0.9994,0.2673,0.2817,0.229,0.3196,0.0,2
Chikkaballapur,S2B_43PHQ_20190109_0_L2A,2019-01-09,MGRS-43PHQ,02.11,0.566647,304268,101352,101347,1.0,0.2838,0.2954,0.2387,0.3403,0.0,2
Chikkaballapur,S2B_43PGQ_20190109_0_L2A,2019-01-09,MGRS-43PGQ,02.11,0.132929,304268,178969,178899,0.9996,0.2922,0.3063,0.2421,0.3565,0.0,2
Chikkaballapur,S2A_43PHR_20190114_0_L2A,2019-01-14,MGRS-43PHR,02.11,3.980222,304268,56011,54929,0.9807,0.2477,0.2627,0.2158,0.2943,0.0,2
Chikkaballapur,S2A_43PGR_20190114_0_L2A,2019-01-14,MGRS-43PGR,02.11,0.020044,304268,103068,103022,0.9996,0.2577,0.2733,0.2193,0.3109,0.0,2
Chikkaballapur,S2A_43PHQ_20190114_0_L2A,2019-01-14,MGRS-43PHQ,02.11,24.975491,304268,101352,73669,0.7269,0.2732,0.2866,0.227,0.3322,0.0,2
Chikkaballapur,S2A_43PGQ_20190114_0_L2A,2019-01-14,MGRS-43PGQ,02.11,5.693803,304268,178969,147273,0.8229,0.2874,0.304,0.2351,0.3567,0.0,2
Chikkaballapur,S2B_43PHR_20190119_0_L2A,2019-01-19,MGRS-43PHR,02.11,1.281101,304268,56011,42729,0.7629,0.261,0.2783,0.2255,0.3131,0.0,2
Chikkaballapur,S2B_43PGR_20190119_0_L2A,2019-01-19,MGRS-43PGR,02.11,0.541555,304268,103068,99850,0.9688,0.2586,0.2758,0.2208,0.3131,0.0,2
Chikkaballapur,S2B_43PHQ_20190119_0_L2A,2019-01-19,MGRS-43PHQ,02.11,0.512261,304268,101352,98333,0.9702,0.2792,0.2924,0.2312,0.3397,0.0,2
Chikkaballapur,S2B_43PGQ_20190119_0_L2A,2019-01-19,MGRS-43PGQ,02.11,0.476025,304268,178969,178270,0.9961,0.2811,0.297,0.2321,0.3466,0.0,2
Chikkaballapur,S2A_43PHR_20190124_0_L2A,2019-01-24,MGRS-43PHR,02.11,0.007641,304268,56011,55977,0.9994,0.2189,0.233,0.1923,0.259,0.0,2
Chikkaballapur,S2A_43PGR_20190124_0_L2A,2019-01-24,MGRS-43PGR,02.11,0.636262,304268,103068,102940,0.9988,0.227,0.2411,0.1962,0.2712,0.0,2
Chikkaballapur,S2A_43PHQ_20190124_0_L2A,2019-01-24,MGRS-43PHQ,02.11,1.637052,304268,101352,101346,0.9999,0.242,0.2519,0.204,0.2888,0.0,2
Chikkaballapur,S2A_43PGQ_20190124_0_L2A,2019-01-24,MGRS-43PGQ,02.11,2.938461,304268,178969,177252,0.9904,0.2417,0.2534,0.2047,0.2905,0.0,2
Chikkaballapur,S2B_43PGR_20190129_0_L2A,2019-01-29,MGRS-43PGR,02.11,27.925573,304268,103068,82876,0.8041,0.2207,0.2332,0.1851,0.2693,0.0,2
Chikkaballapur,S2B_43PGQ_20190129_0_L2A,2019-01-29,MGRS-43PGQ,02.11,34.990493,304268,178969,131054,0.7323,0.2359,0.2464,0.1939,0.2905,0.0,2
Chikkaballapur,S2A_43PHR_20190203_0_L2A,2019-02-03,MGRS-43PHR,02.11,0.453124,304268,56011,54913,0.9804,0.2213,0.237,0.1915,0.2669,0.0,2
Chikkaballapur,S2A_43PGR_20190203_0_L2A,2019-02-03,MGRS-43PGR,02.11,9.324526,304268,103068,101724,0.987,0.2255,0.2422,0.1927,0.2748,0.0,2
Chikkaballapur,S2A_43PHQ_20190203_0_L2A,2019-02-03,MGRS-43PHQ,02.11,0.643458,304268,101352,100636,0.9929,0.2472,0.26,0.2031,0.3032,0.0,2
Chikkaballapur,S2A_43PGQ_20190203_0_L2A,2019-02-03,MGRS-43PGQ,02.11,7.258448,304268,178969,178587,0.9979,0.2471,0.2617,0.2052,0.3041,0.0,2
Chikkaballapur,S2B_43PHR_20190208_0_L2A,2019-02-08,MGRS-43PHR,02.11,13.766886,304268,56011,47943,0.856,0.1977,0.2077,0.1697,0.2365,0.0,2
Chikkaballapur,S2B_43PGR_20190208_0_L2A,2019-02-08,MGRS-43PGR,02.11,23.123535,304268,103068,74579,0.7236,0.199,0.2095,0.17,0.2404,0.0,2
Chikkaballapur,S2B_43PHQ_20190208_0_L2A,2019-02-08,MGRS-43PHQ,02.11,0.740296,304268,101352,92387,0.9115,0.2141,0.2243,0.1778,0.2615,0.0,2
Chikkaballapur,S2B_43PGQ_20190208_0_L2A,2019-02-08,MGRS-43PGQ,02.11,9.299717,304268,178969,151608,0.8471,0.2167,0.2274,0.1795,0.2656,0.0,2
Chikkaballapur,S2A_43PHR_20190213_0_L2A,2019-02-13,MGRS-43PHR,02.11,0.082097,304268,56011,55988,0.9996,0.2227,0.2397,0.1875,0.274,0.0,2
Chikkaballapur,S2A_43PGR_20190213_0_L2A,2019-02-13,MGRS-43PGR,02.11,0.014812,304268,103068,103040,0.9997,0.2273,0.2476,0.1897,0.2853,0.0,2
Chikkaballapur,S2A_43PHQ_20190213_0_L2A,2019-02-13,MGRS-43PHQ,02.11,0.043805,304268,101352,101343,0.9999,0.2404,0.2548,0.1937,0.3001,0.0,2
Chikkaballapur,S2A_43PGQ_20190213_0_L2A,2019-02-13,MGRS-43PGQ,02.11,0.066133,304268,178969,178932,0.9998,0.2515,0.2708,0.1999,0.3232,0.0,2
Chikkaballapur,S2B_43PHR_20190218_0_L2A,2019-02-18,MGRS-43PHR,02.11,0.008192,304268,56011,55992,0.9997,0.2161,0.2322,0.1821,0.2651,0.0,2
Chikkaballapur,S2B_43PGR_20190218_0_L2A,2019-02-18,MGRS-43PGR,02.11,0.020677,304268,103068,103045,0.9998,0.2204,0.2398,0.1853,0.275,0.0,2
Chikkaballapur,S2B_43PHQ_20190218_0_L2A,2019-02-18,MGRS-43PHQ,02.11,1.514623,304268,101352,101347,1.0,0.2369,0.2518,0.1895,0.298,0.0,2
Chikkaballapur,S2B_43PGQ_20190218_0_L2A,2019-02-18,MGRS-43PGQ,02.11,0.080163,304268,178969,178900,0.9996,0.2391,0.2568,0.1934,0.3028,0.0,2
Chikkaballapur,S2A_43PHR_20190223_0_L2A,2019-02-23,MGRS-43PHR,02.11,0.014287,304268,56011,55993,0.9997,0.2169,0.2335,0.1835,0.2659,0.0,2
Chikkaballapur,S2A_43PGR_20190223_0_L2A,2019-02-23,MGRS-43PGR,02.11,0.082598,304268,103068,103041,0.9997,0.2211,0.2416,0.1858,0.277,0.0,2
Chikkaballapur,S2A_43PGQ_20190223_0_L2A,2019-02-23,MGRS-43PGQ,02.11,1.659069,304268,178969,178947,0.9999,0.2393,0.2576,0.1942,0.3031,0.0,2
Chikkaballapur,S2A_43PHQ_20190223_0_L2A,2019-02-23,MGRS-43PHQ,02.11,0.112594,304268,101352,100849,0.995,0.2365,0.2518,0.1908,0.2969,0.0,2
Chikkaballapur,S2B_43PGQ_20190228_0_L2A,2019-02-28,MGRS-43PGQ,02.11,7.938519,304268,178969,178855,0.9994,0.2305,0.2485,0.1854,0.2939,0.0,2
Chikkaballapur,S2B_43PHQ_20190228_0_L2A,2019-02-28,MGRS-43PHQ,02.11,10.756981,304268,101352,100193,0.9886,0.2193,0.2312,0.1804,0.269,0.0,2
Chikkaballapur,S2B_43PHR_20190228_0_L2A,2019-02-28,MGRS-43PHR,02.11,1.182129,304268,56011,48260,0.8616,0.2025,0.2151,0.1752,0.2417,0.0,2
Chikkaballapur,S2B_43PGR_20190228_0_L2A,2019-02-28,MGRS-43PGR,02.11,1.252331,304268,103068,95659,0.9281,0.2024,0.2181,0.1745,0.2457,0.0,2
Chikkaballapur,S2A_43PGQ_20190305_0_L2A,2019-03-05,MGRS-43PGQ,02.11,25.366621,304268,178969,178613,0.998,0.2052,0.2195,0.1707,0.2531,0.0,2
Chikkaballapur,S2A_43PHQ_20190305_0_L2A,2019-03-05,MGRS-43PHQ,02.11,9.175,304268,101352,101093,0.9974,0.1979,0.2084,0.1654,0.2398,0.0,2
Chikkaballapur,S2A_43PHR_20190305_0_L2A,2019-03-05,MGRS-43PHR,02.11,2.869105,304268,56011,56000,0.9998,0.1837,0.1955,0.1595,0.2189,0.0,2
Chikkaballapur,S2A_43PGR_20190305_0_L2A,2019-03-05,MGRS-43PGR,02.11,1.328904,304268,103068,102909,0.9985,0.1913,0.2071,0.164,0.2339,0.0,2
Chikkaballapur,S2B_43PHQ_20190310_0_L2A,2019-03-10,MGRS-43PHQ,02.11,1.958338,304268,101352,88447,0.8727,0.2105,0.2216,0.1731,0.2582,0.0,2
Chikkaballapur,S2B_43PGQ_20190310_0_L2A,2019-03-10,MGRS-43PGQ,02.11,17.443697,304268,178969,173105,0.9672,0.2099,0.2238,0.1732,0.26,0.0,2
Chikkaballapur,S2B_43PHR_20190310_0_L2A,2019-03-10,MGRS-43PHR,02.11,5.566348,304268,56011,47819,0.8537,0.1827,0.1935,0.1599,0.2152,0.0,2
Chikkaballapur,S2B_43PGR_20190310_0_L2A,2019-03-10,MGRS-43PGR,02.11,29.856782,304268,103068,91936,0.892,0.1869,0.2009,0.1619,0.2256,0.0,2
Chikkaballapur,S2A_43PHQ_20190315_0_L2A,2019-03-15,MGRS-43PHQ,02.11,0.038732,304268,101352,101351,1.0,0.2075,0.2202,0.1698,0.257,0.0,2
Chikkaballapur,S2A_43PGQ_20190315_0_L2A,2019-03-15,MGRS-43PGQ,02.11,0.060754,304268,178969,178953,0.9999,0.2155,0.2328,0.1739,0.2737,0.0,2
Chikkaballapur,S2A_43PHR_20190315_0_L2A,2019-03-15,MGRS-43PHR,02.11,0.007896,304268,56011,56003,0.9999,0.1846,0.1968,0.1612,0.2193,0.0,2
Chikkaballapur,S2A_43PGR_20190315_0_L2A,2019-03-15,MGRS-43PGR,02.11,0.020321,304268,103068,103055,0.9999,0.1931,0.2094,0.166,0.2354,0.0,2
Chikkaballapur,S2B_43PGQ_20190320_0_L2A,2019-03-20,MGRS-43PGQ,02.11,1.091735,304268,178969,176234,0.9847,0.2058,0.2176,0.1734,0.2491,0.0,2
Chikkaballapur,S2B_43PHQ_20190320_0_L2A,2019-03-20,MGRS-43PHQ,02.11,0.016828,304268,101352,101245,0.9989,0.2027,0.2126,0.1698,0.2443,0.0,2
Chikkaballapur,S2B_43PHR_20190320_0_L2A,2019-03-20,MGRS-43PHR,02.11,0.172,304268,56011,55995,0.9997,0.1809,0.1908,0.1608,0.2098,0.0,2
Chikkaballapur,S2B_43PGR_20190320_0_L2A,2019-03-20,MGRS-43PGR,02.11,0.744845,304268,103068,99431,0.9647,0.1879,0.2001,0.1646,0.2231,0.0,2
Chikkaballapur,S2A_43PGQ_20190325_0_L2A,2019-03-25,MGRS-43PGQ,02.11,0.028322,304268,178969,178954,0.9999,0.2028,0.2158,0.169,0.2487,0.0,2
Chikkaballapur,S2A_43PGR_20190325_0_L2A,2019-03-25,MGRS-43PGR,02.11,2.648231,304268,103068,103056,0.9999,0.1852,0.1986,0.1611,0.2218,0.0,2
Chikkaballapur,S2A_43PHQ_20190325_0_L2A,2019-03-25,MGRS-43PHQ,02.11,0.024834,304268,101352,101351,1.0,0.1991,0.21,0.165,0.2429,0.0,2
Chikkaballapur,S2B_43PHR_20190330_0_L2A,2019-03-30,MGRS-43PHR,02.11,0.010282,304268,56011,56005,0.9999,0.1779,0.1876,0.159,0.2053,0.0,2
Chikkaballapur,S2B_43PGR_20190330_0_L2A,2019-03-30,MGRS-43PGR,02.11,0.010454,304268,103068,103062,0.9999,0.1884,0.2009,0.1653,0.2232,0.0,2
Chikkaballapur,S2B_43PGQ_20190330_0_L2A,2019-03-30,MGRS-43PGQ,02.11,0.019176,304268,178969,178956,0.9999,0.2038,0.2153,0.1728,0.2451,0.0,2
Chikkaballapur,S2B_43PHQ_20190330_0_L2A,2019-03-30,MGRS-43PHQ,02.11,0.013013,304268,101352,101351,1.0,0.199,0.2088,0.1675,0.2388,0.0,2
Chikkaballapur,S2A_43PHR_20190404_1_L2A,2019-04-04,MGRS-43PHR,02.11,0.010398,304268,56011,56003,0.9999,0.1736,0.1839,0.1539,0.2022,0.0,2
Chikkaballapur,S2A_43PGR_20190404_0_L2A,2019-04-04,MGRS-43PGR,02.11,0.032835,304268,103068,103059,0.9999,0.185,0.1978,0.161,0.2209,0.0,2
Chikkaballapur,S2A_43PGQ_20190404_0_L2A,2019-04-04,MGRS-43PGQ,02.11,0.04525,304268,178969,178959,0.9999,0.203,0.2155,0.1697,0.248,0.0,2
Chikkaballapur,S2A_43PHQ_20190404_0_L2A,2019-04-04,MGRS-43PHQ,02.11,0.034492,304268,101352,101349,1.0,0.1971,0.2081,0.1634,0.2407,0.0,2
Chikkaballapur,S2B_43PHR_20190409_1_L2A,2019-04-09,MGRS-43PHR,02.11,0.82082,304268,56011,55953,0.999,0.1742,0.1838,0.154,0.2028,0.0,2
Chikkaballapur,S2B_43PGR_20190409_0_L2A,2019-04-09,MGRS-43PGR,02.11,0.012027,304268,103068,102923,0.9986,0.1858,0.1978,0.1608,0.2216,0.0,2
Chikkaballapur,S2B_43PGQ_20190409_0_L2A,2019-04-09,MGRS-43PGQ,02.11,0.423923,304268,178969,178812,0.9991,0.2143,0.2292,0.1727,0.2699,0.0,2
Chikkaballapur,S2B_43PHQ_20190409_0_L2A,2019-04-09,MGRS-43PHQ,02.11,5.32053,304268,101352,101276,0.9993,0.1974,0.2072,0.1645,0.2389,0.0,2
Chikkaballapur,S2A_43PGQ_20190414_0_L2A,2019-04-14,MGRS-43PGQ,02.11,0.130783,304268,178969,178959,0.9999,0.2007,0.2136,0.1658,0.2475,0.0,2
Chikkaballapur,S2A_43PHQ_20190414_0_L2A,2019-04-14,MGRS-43PHQ,02.11,0.040451,304268,101352,101351,1.0,0.1954,0.2065,0.1606,0.2401,0.0,2
Chikkaballapur,S2A_43PHR_20190414_0_L2A,2019-04-14,MGRS-43PHR,02.11,0.015385,304268,56011,56004,0.9999,0.172,0.1826,0.1512,0.2019,0.0,2
Chikkaballapur,S2A_43PGR_20190414_0_L2A,2019-04-14,MGRS-43PGR,02.11,0.014008,304268,103068,103059,0.9999,0.183,0.1959,0.1575,0.2201,0.0,2
Chikkaballapur,S2B_43PHR_20190419_0_L2A,2019-04-19,MGRS-43PHR,02.11,3.442016,304268,56011,53893,0.9622,0.1642,0.1721,0.1429,0.193,0.0,2
Chikkaballapur,S2B_43PGR_20190419_0_L2A,2019-04-19,MGRS-43PGR,02.11,5.199962,304268,103068,101163,0.9815,0.1817,0.1922,0.1549,0.2185,0.0,2
Chikkaballapur,S2B_43PGQ_20190419_0_L2A,2019-04-19,MGRS-43PGQ,02.11,6.951915,304268,178969,178498,0.9974,0.2163,0.2321,0.1723,0.2754,0.0,2
Chikkaballapur,S2B_43PHQ_20190419_0_L2A,2019-04-19,MGRS-43PHQ,02.11,8.269793,304268,101352,98299,0.9699,0.1988,0.2105,0.1607,0.2483,0.0,2
Chikkaballapur,S2A_43PGQ_20190424_0_L2A,2019-04-24,MGRS-43PGQ,02.11,3.101321,304268,178969,178963,1.0,0.2017,0.2156,0.1645,0.2522,0.0,2
Chikkaballapur,S2A_43PHQ_20190424_0_L2A,2019-04-24,MGRS-43PHQ,02.11,18.652559,304268,101352,101348,1.0,0.1989,0.2108,0.1599,0.2492,0.0,2
Chikkaballapur,S2A_43PHR_20190424_0_L2A,2019-04-24,MGRS-43PHR,02.11,0.077146,304268,56011,55967,0.9992,0.1698,0.1807,0.1475,0.2016,0.0,2
Chikkaballapur,S2A_43PGR_20190424_0_L2A,2019-04-24,MGRS-43PGR,02.11,0.662674,304268,103068,102639,0.9958,0.182,0.1948,0.1544,0.2208,0.0,2
Chikkaballapur,S2B_43PGQ_20190529_0_L2A,2019-05-29,MGRS-43PGQ,02.12,59.703609,304268,178969,0,0.0,,,,,0.0,2
Chikkaballapur,S2B_43PGR_20190618_0_L2A,2019-06-18,MGRS-43PGR,02.12,55.781724,304268,103068,0,0.0,,,,,0.0,2
Chikkaballapur,S2B_43PHQ_20190708_0_L2A,2019-07-08,MGRS-43PHQ,02.13,55.066181,304268,101352,13476,0.133,0.1672,0.1781,0.1311,0.2163,0.0,2
Chikkaballapur,S2A_43PGQ_20191001_0_L2A,2019-10-01,MGRS-43PGQ,02.13,48.707352,304268,178969,71353,0.3987,0.4978,0.4862,0.4022,0.5822,0.0,2
Chikkaballapur,S2B_43PHQ_20191006_0_L2A,2019-10-06,MGRS-43PHQ,02.13,49.234717,304268,101352,7211,0.0711,0.4663,0.4557,0.401,0.5203,0.0,2
Chikkaballapur,S2A_43PGQ_20191011_0_L2A,2019-10-11,MGRS-43PGQ,02.13,56.573165,304268,178969,30600,0.171,0.5001,0.49,0.4293,0.5637,0.0,2
Chikkaballapur,S2B_43PGR_20191115_0_L2A,2019-11-15,MGRS-43PGR,02.13,55.899042,304268,103068,53660,0.5206,0.535,0.52,0.4423,0.6129,0.0,2
Chikkaballapur,S2A_43PHQ_20191230_0_L2A,2019-12-30,MGRS-43PHQ,02.13,49.627708,304268,101352,8024,0.0792,0.2587,0.2726,0.1946,0.3399,0.0,2
Chikkaballapur,S2A_43PGQ_20200119_0_L2A,2020-01-19,MGRS-43PGQ,02.13,8.962118,304268,178969,150269,0.8396,0.3067,0.3176,0.2508,0.3739,0.0,2
Chikkaballapur,S2A_43PGR_20200707_0_L2A,2020-07-07,MGRS-43PGR,02.14,50.87776,304268,103068,64726,0.628,0.3099,0.3222,0.2401,0.393,0.0,2
Chikkaballapur,S2B_43PHR_20200712_0_L2A,2020-07-12,MGRS-43PHR,02.14,50.388329,304268,56011,17671,0.3155,0.309,0.3158,0.2429,0.3829,0.0,2
Chikkaballapur,S2B_43PGR_20200801_0_L2A,2020-08-01,MGRS-43PGR,02.14,53.091241,304268,103068,12163,0.118,0.4086,0.4096,0.3473,0.4714,0.0,2
Chikkaballapur,S2B_43PHR_20200811_0_L2A,2020-08-11,MGRS-43PHR,02.14,56.520554,304268,56011,25796,0.4606,0.3597,0.3581,0.2778,0.4392,0.0,2
Chikkaballapur,S2A_43PHR_20201114_0_L2A,2020-11-14,MGRS-43PHR,02.14,57.748981,304268,56011,11964,0.2136,0.437,0.4217,0.3476,0.5067,0.0,2
Chikkaballapur,S2A_43PHQ_20201114_0_L2A,2020-11-14,MGRS-43PHQ,02.14,50.987957,304268,101352,16585,0.1636,0.4588,0.4451,0.3772,0.5237,0.0,2
Chikkaballapur,S2B_43PGQ_20201119_0_L2A,2020-11-19,MGRS-43PGQ,02.14,51.525851,304268,178969,32905,0.1839,0.4501,0.4408,0.3735,0.5169,0.0,2
Chikkaballapur,S2A_43PHR_20210103_0_L2A,2021-01-03,MGRS-43PHR,02.14,50.700062,304268,56011,19890,0.3551,0.3256,0.3218,0.2414,0.3995,0.0,2
Chikkaballapur,S2B_43PGQ_20210508_0_L2A,2021-05-08,MGRS-43PGQ,03.00,51.111714,304268,178969,108256,0.6049,0.2619,0.2718,0.2049,0.3296,0.0,2
Chikkaballapur,S2B_43PHR_20210806_0_L2A,2021-08-06,MGRS-43PHR,03.01,59.351037,304268,56011,48272,0.8618,0.362,0.3616,0.3027,0.42,0.0,2
Chikkaballapur,S2B_43PHQ_20211015_0_L2A,2021-10-15,MGRS-43PHQ,03.01,59.785998,304268,101352,29992,0.2959,0.4688,0.457,0.4079,0.5217,0.0,2
Chikkaballapur,S2B_43PGR_20211124_0_L2A,2021-11-24,MGRS-43PGR,03.01,50.603424,304268,103068,31753,0.3081,0.4862,0.4738,0.3956,0.5615,0.0,2
Chikkaballapur,S2A_43PHQ_20211229_0_L2A,2021-12-29,MGRS-43PHQ,03.01,53.822512,304268,101352,29664,0.2927,0.3825,0.3781,0.3028,0.4548,0.0,2
Chikkaballapur,S2B_43PHR_20220103_0_L2A,2022-01-03,MGRS-43PHR,03.01,6.955847,304268,56011,54306,0.9696,0.4481,0.4463,0.3941,0.4993,0.0,2
Chikkaballapur,S2B_43PGR_20220103_0_L2A,2022-01-03,MGRS-43PGR,03.01,0.320628,304268,103068,100014,0.9704,0.4588,0.4578,0.4017,0.5152,0.0,2
Chikkaballapur,S2B_43PHQ_20220103_0_L2A,2022-01-03,MGRS-43PHQ,03.01,14.410183,304268,101352,99126,0.978,0.4497,0.4487,0.3889,0.5089,0.0,2
Chikkaballapur,S2B_43PGQ_20220103_0_L2A,2022-01-03,MGRS-43PGQ,03.01,1.28577,304268,178969,175367,0.9799,0.4432,0.4437,0.3813,0.5057,0.0,2
Chikkaballapur,S2A_43PHR_20220108_0_L2A,2022-01-08,MGRS-43PHR,03.01,18.185789,304268,56011,33435,0.5969,0.3462,0.3385,0.2917,0.3913,0.0,2
Chikkaballapur,S2A_43PGR_20220108_0_L2A,2022-01-08,MGRS-43PGR,03.01,15.693197,304268,103068,53582,0.5199,0.3427,0.3358,0.2859,0.3911,0.0,2
Chikkaballapur,S2A_43PHQ_20220108_0_L2A,2022-01-08,MGRS-43PHQ,03.01,57.084024,304268,101352,63485,0.6264,0.3533,0.3485,0.2918,0.4078,0.0,2
Chikkaballapur,S2A_43PGQ_20220108_0_L2A,2022-01-08,MGRS-43PGQ,03.01,42.358284,304268,178969,78984,0.4413,0.3267,0.3243,0.2659,0.3838,0.0,2
Chikkaballapur,S2B_43PHR_20220113_0_L2A,2022-01-13,MGRS-43PHR,03.01,28.843311,304268,56011,24113,0.4305,0.3646,0.3543,0.3105,0.4113,0.0,2
Chikkaballapur,S2B_43PGR_20220113_0_L2A,2022-01-13,MGRS-43PGR,03.01,7.666395,304268,103068,43841,0.4254,0.3746,0.3683,0.3188,0.4265,0.0,2
Chikkaballapur,S2B_43PHQ_20220113_0_L2A,2022-01-13,MGRS-43PHQ,03.01,28.94004,304268,101352,43281,0.427,0.3683,0.3627,0.3093,0.4238,0.0,2
Chikkaballapur,S2B_43PGQ_20220113_0_L2A,2022-01-13,MGRS-43PGQ,03.01,16.847939,304268,178969,84446,0.4718,0.3662,0.3621,0.307,0.423,0.0,2
Chikkaballapur,S2A_43PHR_20220118_0_L2A,2022-01-18,MGRS-43PHR,03.01,11.155249,304268,56011,35075,0.6262,0.3409,0.3329,0.2835,0.3896,0.0,2
Chikkaballapur,S2A_43PGR_20220118_0_L2A,2022-01-18,MGRS-43PGR,03.01,3.785621,304268,103068,74201,0.7199,0.367,0.364,0.3098,0.4237,0.0,2
Chikkaballapur,S2A_43PHQ_20220118_0_L2A,2022-01-18,MGRS-43PHQ,03.01,26.248002,304268,101352,47314,0.4668,0.3197,0.3169,0.2528,0.38,0.0,2
Chikkaballapur,S2A_43PGQ_20220118_0_L2A,2022-01-18,MGRS-43PGQ,03.01,14.857989,304268,178969,93511,0.5225,0.3377,0.3371,0.2641,0.4084,0.0,2
Chikkaballapur,S2B_43PHR_20220123_0_L2A,2022-01-23,MGRS-43PHR,03.01,3.106769,304268,56011,54539,0.9737,0.3771,0.3821,0.3341,0.4258,0.0,2
Chikkaballapur,S2B_43PGR_20220123_0_L2A,2022-01-23,MGRS-43PGR,03.01,0.061672,304268,103068,100491,0.975,0.3883,0.3938,0.3407,0.4427,0.0,2
Chikkaballapur,S2B_43PHQ_20220123_0_L2A,2022-01-23,MGRS-43PHQ,03.01,0.439372,304268,101352,100169,0.9883,0.3798,0.3845,0.3279,0.4369,0.0,2
Chikkaballapur,S2B_43PGQ_20220123_0_L2A,2022-01-23,MGRS-43PGQ,03.01,0.128002,304268,178969,176355,0.9854,0.3815,0.3871,0.3273,0.4422,0.0,2
Kolar,S2B_44PKV_20180124_1_L2A,2018-01-24,MGRS-44PKV,05.00,3.745655,317455,78818,67037,0.8505,0.3535,0.3595,0.3058,0.4084,0.0,2
Kolar,S2B_43PHQ_20180124_1_L2A,2018-01-24,MGRS-43PHQ,05.00,13.494189,317677,317677,202786,0.6383,0.3522,0.3564,0.3022,0.4073,0.0,2
Kolar,S2B_43PGQ_20180124_1_L2A,2018-01-24,MGRS-43PGQ,05.00,13.728495,317677,330,84,0.2545,0.2635,0.2923,0.2314,0.3227,0.0,2
Kolar,S2A_43PHQ_20180208_1_L2A,2018-02-08,MGRS-43PHQ,05.00,56.854385,317677,317677,137445,0.4327,0.3172,0.325,0.2629,0.3782,0.0,2
Kolar,S2B_43PHQ_20180213_1_L2A,2018-02-13,MGRS-43PHQ,05.00,58.19394,317677,317677,117740,0.3706,0.3285,0.336,0.2799,0.3848,0.0,2
Kolar,S2A_44PKV_20180218_1_L2A,2018-02-18,MGRS-44PKV,05.00,0.000239,317455,78818,78103,0.9909,0.3246,0.3349,0.2797,0.3785,0.0,2
Kolar,S2B_44PKV_20180223_1_L2A,2018-02-23,MGRS-44PKV,05.00,0.017293,317455,78818,78136,0.9913,0.3163,0.3255,0.2724,0.3674,0.0,2
Kolar,S2B_43PHQ_20180223_1_L2A,2018-02-23,MGRS-43PHQ,05.00,0.000853,317677,317677,315441,0.993,0.3207,0.3279,0.2766,0.3715,0.0,2
Kolar,S2B_43PGQ_20180223_1_L2A,2018-02-23,MGRS-43PGQ,05.00,0.001236,317677,330,330,1.0,0.3636,0.3739,0.293,0.4501,0.0,2
Kolar,S2A_43PGQ_20180228_1_L2A,2018-02-28,MGRS-43PGQ,05.00,37.311983,317677,330,105,0.3182,0.3691,0.3666,0.2724,0.4484,0.0,2
Kolar,S2A_44PKV_20180310_1_L2A,2018-03-10,MGRS-44PKV,05.00,41.196072,317455,78818,62938,0.7985,0.275,0.2788,0.2432,0.3099,0.0,2
Kolar,S2A_43PHQ_20180310_1_L2A,2018-03-10,MGRS-43PHQ,05.00,31.359568,317677,317677,248312,0.7816,0.2758,0.2792,0.2431,0.3114,0.0,2
Kolar,S2A_44PKV_20180320_1_L2A,2018-03-20,MGRS-44PKV,05.00,0.000222,317455,78818,78324,0.9937,0.3124,0.3207,0.265,0.3669,0.0,2
Kolar,S2A_43PHQ_20180320_1_L2A,2018-03-20,MGRS-43PHQ,05.00,4.3e-05,317677,317677,316003,0.9947,0.3124,0.3182,0.2662,0.3634,0.0,2
Kolar,S2A_43PGQ_20180320_1_L2A,2018-03-20,MGRS-43PGQ,05.00,0.486023,317677,330,330,1.0,0.3616,0.3622,0.2874,0.4346,0.0,2
Kolar,S2A_44PKV_20180330_1_L2A,2018-03-30,MGRS-44PKV,05.00,2.84648,317455,78818,66335,0.8416,0.2942,0.2963,0.2436,0.3474,0.0,2
Kolar,S2A_43PHQ_20180330_1_L2A,2018-03-30,MGRS-43PHQ,05.00,5.814938,317677,317677,269493,0.8483,0.2861,0.2862,0.2458,0.3276,0.0,2
Kolar,S2A_43PGQ_20180330_1_L2A,2018-03-30,MGRS-43PGQ,05.00,2.985829,317677,330,284,0.8606,0.2797,0.2796,0.2401,0.3238,0.0,2
Kolar,S2B_44PKV_20180603_1_L2A,2018-06-03,MGRS-44PKV,05.00,43.453908,317455,78818,2040,0.0259,0.3946,0.4039,0.343,0.4615,0.0,2
Kolar,S2A_44PKV_20180718_1_L2A,2018-07-18,MGRS-44PKV,05.00,45.140809,317455,78818,8787,0.1115,0.2379,0.2446,0.2138,0.2697,0.0,2
Kolar,S2B_44PKV_20180802_1_L2A,2018-08-02,MGRS-44PKV,05.00,44.76878,317455,78818,35709,0.4531,0.3169,0.3179,0.2653,0.368,0.0,2
Kolar,S2B_43PHQ_20180802_1_L2A,2018-08-02,MGRS-43PHQ,05.00,56.283671,317677,317677,64281,0.2023,0.3224,0.3233,0.2674,0.377,0.0,2
Kolar,S2B_44PKV_20180822_1_L2A,2018-08-22,MGRS-44PKV,05.00,8.756802,317455,78818,46823,0.5941,0.3134,0.3185,0.2587,0.3727,0.0,2
Kolar,S2B_43PHQ_20180822_1_L2A,2018-08-22,MGRS-43PHQ,05.00,29.951069,317677,317677,141298,0.4448,0.3192,0.3243,0.2655,0.3785,0.0,2
Kolar,S2B_43PGQ_20180901_1_L2A,2018-09-01,MGRS-43PGQ,05.00,56.370562,317677,330,65,0.197,0.4304,0.4235,0.383,0.4996,0.0,2
Kolar,S2B_44PKV_20180911_1_L2A,2018-09-11,MGRS-44PKV,05.00,25.218335,317455,78818,41557,0.5273,0.3144,0.3185,0.2539,0.3786,0.0,2
Kolar,S2B_43PHQ_20180911_1_L2A,2018-09-11,MGRS-43PHQ,05.00,27.308503,317677,317677,181013,0.5698,0.3516,0.3542,0.2912,0.4138,0.0,2
Kolar,S2B_43PGQ_20180911_1_L2A,2018-09-11,MGRS-43PGQ,05.00,40.967062,317677,330,120,0.3636,0.3494,0.3537,0.2978,0.4027,0.0,2
Kolar,S2A_44PKV_20180926_1_L2A,2018-09-26,MGRS-44PKV,05.00,38.871142,317455,78818,25589,0.3247,0.4396,0.4385,0.3777,0.5,0.0,2
Kolar,S2A_43PHQ_20180926_1_L2A,2018-09-26,MGRS-43PHQ,05.00,58.611488,317677,317677,75521,0.2377,0.4502,0.4486,0.3869,0.5123,0.0,2
Kolar,S2B_43PGQ_20181021_1_L2A,2018-10-21,MGRS-43PGQ,05.00,38.757184,317677,330,281,0.8515,0.5031,0.5258,0.4282,0.6205,0.0,2
Kolar,S2A_43PHQ_20181105_1_L2A,2018-11-05,MGRS-43PHQ,05.00,38.869333,317677,317677,219457,0.6908,0.4814,0.4804,0.4122,0.55,0.0,2
Kolar,S2A_43PGQ_20181105_1_L2A,2018-11-05,MGRS-43PGQ,05.00,15.46924,317677,330,149,0.4515,0.5142,0.509,0.4298,0.5991,0.0,2
Kolar,S2A_44PKV_20190325_1_L2A,2019-03-25,MGRS-44PKV,05.00,0,317455,78818,78814,0.9999,0.2193,0.2264,0.1887,0.2555,0.0,2
Kolar,S2A_43PHQ_20190325_1_L2A,2019-03-25,MGRS-43PHQ,05.00,0,317677,317677,317544,0.9996,0.2194,0.2256,0.1895,0.2539,0.0,2
Kolar,S2A_43PGQ_20190325_1_L2A,2019-03-25,MGRS-43PGQ,05.00,0.000279,317677,330,330,1.0,0.2501,0.2489,0.2043,0.2944,0.0,2
Kolar,S2B_44PKV_20190330_2_L2A,2019-03-30,MGRS-44PKV,05.00,0,317455,78818,78815,1.0,0.2189,0.2255,0.1891,0.2534,0.0,2
Kolar,S2B_43PHQ_20190330_2_L2A,2019-03-30,MGRS-43PHQ,05.00,0,317677,317677,317557,0.9996,0.2189,0.2246,0.1904,0.2515,0.0,2
Kolar,S2B_43PGQ_20190330_1_L2A,2019-03-30,MGRS-43PGQ,05.00,4.7e-05,317677,330,330,1.0,0.2454,0.2443,0.2052,0.2848,0.0,2
Kolar,S2B_44PKV_20190409_1_L2A,2019-04-09,MGRS-44PKV,05.00,12.331455,317455,78818,60889,0.7725,0.1969,0.2028,0.1647,0.2335,0.0,2
Kolar,S2B_43PHQ_20190409_1_L2A,2019-04-09,MGRS-43PHQ,05.00,9.064934,317677,317677,283121,0.8912,0.2126,0.2178,0.1813,0.2479,0.0,2
Kolar,S2B_43PGQ_20190409_1_L2A,2019-04-09,MGRS-43PGQ,05.00,0.626558,317677,330,330,1.0,0.2607,0.2588,0.213,0.3044,0.0,2
Kolar,S2A_44PKV_20190414_1_L2A,2019-04-14,MGRS-44PKV,05.00,1.7e-05,317455,78818,78815,1.0,0.2132,0.2198,0.1813,0.2499,0.0,2
Kolar,S2A_43PHQ_20190414_1_L2A,2019-04-14,MGRS-43PHQ,05.00,4.3e-05,317677,317677,317584,0.9997,0.2133,0.2189,0.1838,0.2469,0.0,2
Kolar,S2A_43PGQ_20190414_1_L2A,2019-04-14,MGRS-43PGQ,05.00,0.13032,317677,330,330,1.0,0.2408,0.2406,0.1999,0.2777,0.0,2
Kolar,S2B_44PKV_20190419_1_L2A,2019-04-19,MGRS-44PKV,05.00,19.984947,317455,78818,61818,0.7843,0.2235,0.2316,0.184,0.2703,0.0,2
Kolar,S2B_43PHQ_20190419_1_L2A,2019-04-19,MGRS-43PHQ,05.00,13.903899,317677,317677,250210,0.7876,0.2326,0.2386,0.1936,0.2764,0.0,2
Kolar,S2B_43PGQ_20190419_1_L2A,2019-04-19,MGRS-43PGQ,05.00,8.45626,317677,330,275,0.8333,0.2892,0.2902,0.2292,0.3425,0.0,2
Kolar,S2A_44PKV_20190424_1_L2A,2019-04-24,MGRS-44PKV,05.00,20.120803,317455,78818,74321,0.9429,0.2307,0.2392,0.1928,0.2762,0.0,2
Kolar,S2A_43PHQ_20190424_1_L2A,2019-04-24,MGRS-43PHQ,05.00,21.228497,317677,317677,310064,0.976,0.2313,0.2378,0.1955,0.2724,0.0,2
Kolar,S2A_43PGQ_20190424_1_L2A,2019-04-24,MGRS-43PGQ,05.00,4.94115,317677,330,330,1.0,0.255,0.2554,0.1971,0.3038,0.0,2
Kolar,S2B_44PKV_20190509_4_L2A,2019-05-09,MGRS-44PKV,05.00,22.271012,317455,78818,64291,0.8157,0.248,0.2602,0.2042,0.3021,0.0,2
Kolar,S2B_43PHQ_20190509_2_L2A,2019-05-09,MGRS-43PHQ,05.00,34.352809,317677,317677,170338,0.5362,0.2684,0.2807,0.2204,0.3292,0.0,2
Kolar,S2B_43PGQ_20190509_2_L2A,2019-05-09,MGRS-43PGQ,05.00,43.572503,317677,330,0,0.0,,,,,0.0,2
Kolar,S2A_44PKV_20190514_1_L2A,2019-05-14,MGRS-44PKV,05.00,2.506392,317455,78818,78738,0.999,0.2505,0.2636,0.2061,0.3058,0.0,2
Kolar,S2A_43PHQ_20190514_1_L2A,2019-05-14,MGRS-43PHQ,05.00,3.104061,317677,317677,305655,0.9622,0.2665,0.2771,0.2171,0.3257,0.0,2
Kolar,S2A_43PGQ_20190514_1_L2A,2019-05-14,MGRS-43PGQ,05.00,20.323724,317677,330,261,0.7909,0.2379,0.2417,0.1915,0.287,0.0,2
Kolar,S2B_44PKV_20190519_1_L2A,2019-05-19,MGRS-44PKV,05.00,14.950089,317455,78818,78816,1.0,0.2739,0.2889,0.2247,0.337,0.0,2
Kolar,S2B_43PHQ_20190519_1_L2A,2019-05-19,MGRS-43PHQ,05.00,0.162385,317677,317677,317510,0.9995,0.2841,0.2967,0.2299,0.3506,0.0,2
Kolar,S2B_43PGQ_20190519_1_L2A,2019-05-19,MGRS-43PGQ,05.00,0.071439,317677,330,330,1.0,0.2772,0.2824,0.2112,0.3485,0.0,2
Kolar,S2A_44PKV_20190524_1_L2A,2019-05-24,MGRS-44PKV,05.00,38.210684,317455,78818,0,0.0,,,,,0.0,2
Kolar,S2A_43PHQ_20190524_1_L2A,2019-05-24,MGRS-43PHQ,05.00,43.528748,317677,317677,85466,0.269,0.2633,0.2679,0.2182,0.3113,0.0,2
Kolar,S2A_43PGQ_20190524_1_L2A,2019-05-24,MGRS-43PGQ,05.00,27.289671,317677,330,95,0.2879,0.2723,0.2797,0.2224,0.3399,0.0,2
Kolar,S2A_43PHQ_20190623_1_L2A,2019-06-23,MGRS-43PHQ,05.00,57.827264,317677,317677,120742,0.3801,0.3263,0.3391,0.2598,0.4074,0.0,2
Kolar,S2B_44PKV_20190628_2_L2A,2019-06-28,MGRS-44PKV,05.00,11.262063,317455,78818,77679,0.9855,0.315,0.3243,0.2581,0.3811,0.0,2
Kolar,S2B_43PHQ_20190628_2_L2A,2019-06-28,MGRS-43PHQ,05.00,8.317451,317677,317677,295334,0.9297,0.3216,0.3322,0.2628,0.3916,0.0,2
Kolar,S2B_43PGQ_20190628_2_L2A,2019-06-28,MGRS-43PGQ,05.00,51.556158,317677,330,294,0.8909,0.2383,0.2443,0.1964,0.2781,0.0,2
Kolar,S2B_44PKV_20190708_1_L2A,2019-07-08,MGRS-44PKV,05.00,34.421059,317455,78818,24253,0.3077,0.2592,0.2643,0.2063,0.3148,0.0,2
Kolar,S2A_44PKV_20190713_1_L2A,2019-07-13,MGRS-44PKV,05.00,59.449512,317455,78818,22917,0.2908,0.2325,0.2472,0.1915,0.2895,0.0,2
Kolar,S2A_43PHQ_20190921_1_L2A,2019-09-21,MGRS-43PHQ,05.00,57.968342,317677,317677,112715,0.3548,0.4184,0.4253,0.3338,0.5092,0.0,2
Kolar,S2A_43PGQ_20190921_1_L2A,2019-09-21,MGRS-43PGQ,05.00,37.09971,317677,330,281,0.8515,0.4115,0.4126,0.3339,0.4968,0.0,2
Kolar,S2A_44PKV_20191001_1_L2A,2019-10-01,MGRS-44PKV,05.00,34.071442,317455,78818,35435,0.4496,0.4773,0.4795,0.3979,0.5581,0.0,2
Kolar,S2A_43PHQ_20191001_1_L2A,2019-10-01,MGRS-43PHQ,05.00,41.581804,317677,317677,125657,0.3955,0.5044,0.5021,0.4207,0.5845,0.0,2
Kolar,S2B_44PKV_20191006_1_L2A,2019-10-06,MGRS-44PKV,05.00,45.331395,317455,78818,21325,0.2706,0.4807,0.4819,0.407,0.5553,0.0,2
Kolar,S2A_44PKV_20191011_1_L2A,2019-10-11,MGRS-44PKV,05.00,49.814132,317455,78818,27147,0.3444,0.5189,0.5164,0.4441,0.5942,0.0,2
Kolar,S2A_43PHQ_20191011_1_L2A,2019-10-11,MGRS-43PHQ,05.00,47.688833,317677,317677,109565,0.3449,0.5402,0.533,0.465,0.6085,0.0,2
Kolar,S2B_43PHQ_20191026_1_L2A,2019-10-26,MGRS-43PHQ,05.00,59.462893,317677,317677,158210,0.498,0.558,0.5579,0.4601,0.6551,0.0,2
Kolar,S2B_44PKV_20191105_1_L2A,2019-11-05,MGRS-44PKV,05.00,15.48517,317455,78818,78563,0.9968,0.6005,0.5903,0.5197,0.6707,0.0,2
Kolar,S2B_43PHQ_20191105_1_L2A,2019-11-05,MGRS-43PHQ,05.00,4.863892,317677,317677,289866,0.9125,0.6073,0.5954,0.5318,0.6706,0.0,2
Kolar,S2B_43PGQ_20191105_1_L2A,2019-11-05,MGRS-43PGQ,05.00,9.829692,317677,330,330,1.0,0.5982,0.5823,0.4993,0.6671,0.0,2
Kolar,S2A_44PKV_20191110_1_L2A,2019-11-10,MGRS-44PKV,05.00,56.218982,317455,78818,28838,0.3659,0.5192,0.5147,0.4539,0.579,0.0,2
Kolar,S2A_43PHQ_20191110_1_L2A,2019-11-10,MGRS-43PHQ,05.00,55.023277,317677,317677,106261,0.3345,0.5655,0.5569,0.4886,0.6332,0.0,2
Kolar,S2A_43PGQ_20191110_1_L2A,2019-11-10,MGRS-43PGQ,05.00,44.777504,317677,330,66,0.2,0.4861,0.4872,0.4129,0.5434,0.0,2
Kolar,S2B_44PKV_20191125_1_L2A,2019-11-25,MGRS-44PKV,05.00,48.286629,317455,78818,18395,0.2334,0.4329,0.4463,0.3655,0.5194,0.0,2
Kolar,S2B_43PHQ_20191125_1_L2A,2019-11-25,MGRS-43PHQ,05.00,57.167679,317677,317677,86197,0.2713,0.4737,0.4735,0.395,0.5507,0.0,2
Kolar,S2B_43PGQ_20191125_1_L2A,2019-11-25,MGRS-43PGQ,05.00,42.232496,317677,330,115,0.3485,0.3724,0.3801,0.3448,0.4203,0.0,2
Kolar,S2A_44PKV_20191210_1_L2A,2019-12-10,MGRS-44PKV,05.00,47.76426,317455,78818,20018,0.254,0.4837,0.4785,0.4081,0.552,0.0,2
Kolar,S2A_43PHQ_20191210_1_L2A,2019-12-10,MGRS-43PHQ,05.00,51.74793,317677,317677,77696,0.2446,0.4848,0.4802,0.4165,0.5487,0.0,2
Kolar,S2A_43PGQ_20191210_1_L2A,2019-12-10,MGRS-43PGQ,05.00,23.955813,317677,330,57,0.1727,0.494,0.4891,0.4384,0.5407,0.0,2
Kolar,S2A_43PGQ_20191230_1_L2A,2019-12-30,MGRS-43PGQ,05.00,27.254933,317677,330,45,0.1364,,,,,0.0,2
Kolar,S2B_44PKV_20200104_1_L2A,2020-01-04,MGRS-44PKV,05.00,28.958923,317455,78818,37878,0.4806,0.3962,0.3983,0.3394,0.456,0.0,2
Kolar,S2B_43PHQ_20200104_1_L2A,2020-01-04,MGRS-43PHQ,05.00,34.168124,317677,317677,140818,0.4433,0.3766,0.3795,0.3241,0.4327,0.0,2
Kolar,S2B_43PGQ_20200104_1_L2A,2020-01-04,MGRS-43PGQ,05.00,31.31924,317677,330,215,0.6515,0.3728,0.3698,0.3202,0.42,0.0,2
Kolar,S2A_44PKV_20200109_1_L2A,2020-01-09,MGRS-44PKV,05.00,21.07929,317455,78818,74181,0.9412,0.3917,0.3956,0.3475,0.4399,0.0,2
Kolar,S2A_43PHQ_20200109_1_L2A,2020-01-09,MGRS-43PHQ,05.00,22.800004,317677,317677,266161,0.8378,0.3807,0.3838,0.336,0.4285,0.0,2
Kolar,S2A_43PGQ_20200109_1_L2A,2020-01-09,MGRS-43PGQ,05.00,11.01294,317677,330,330,1.0,0.4214,0.4128,0.3526,0.4708,0.0,2
Kolar,S2B_44PKV_20200114_1_L2A,2020-01-14,MGRS-44PKV,05.00,16.257173,317455,78818,73871,0.9372,0.3742,0.3798,0.3306,0.4237,0.0,2
Kolar,S2B_43PHQ_20200114_1_L2A,2020-01-14,MGRS-43PHQ,05.00,11.235856,317677,317677,299831,0.9438,0.3712,0.3757,0.3261,0.4209,0.0,2
Kolar,S2B_43PGQ_20200114_1_L2A,2020-01-14,MGRS-43PGQ,05.00,2.177243,317677,330,330,1.0,0.4086,0.4051,0.3461,0.464,0.0,2
Kolar,S2A_44PKV_20200119_1_L2A,2020-01-19,MGRS-44PKV,05.00,54.95556,317455,78818,16443,0.2086,0.2212,0.2377,0.191,0.265,0.0,2
Kolar,S2A_43PHQ_20200119_1_L2A,2020-01-19,MGRS-43PHQ,05.00,56.376219,317677,317677,41112,0.1294,0.2141,0.2292,0.1878,0.2535,0.0,2
Kolar,S2B_44PKV_20200124_1_L2A,2020-01-24,MGRS-44PKV,05.00,3e-06,317455,78818,78745,0.9991,0.359,0.3656,0.3145,0.4099,0.0,2
Kolar,S2B_43PHQ_20200124_1_L2A,2020-01-24,MGRS-43PHQ,05.00,0.000229,317677,317677,317276,0.9987,0.3535,0.3592,0.3072,0.4047,0.0,2
Kolar,S2B_43PGQ_20200124_1_L2A,2020-01-24,MGRS-43PGQ,05.00,0.000267,317677,330,330,1.0,0.3844,0.3778,0.3164,0.4314,0.0,2
Kolar,S2A_44PKV_20200129_3_L2A,2020-01-29,MGRS-44PKV,05.00,0.001199,317455,64663,64584,0.9988,0.306,0.3134,0.2705,0.3487,0.0,2
Kolar,S2A_43PHQ_20200129_3_L2A,2020-01-29,MGRS-43PHQ,05.00,0.001245,317677,266523,266115,0.9985,0.3102,0.3166,0.2716,0.3546,0.0,2
Kolar,S2A_43PGQ_20200129_3_L2A,2020-01-29,MGRS-43PGQ,05.00,1.11704,317677,330,330,1.0,0.3474,0.341,0.2906,0.388,0.0,2
Kolar,S2B_44PKV_20200203_1_L2A,2020-02-03,MGRS-44PKV,05.00,4.566023,317455,78818,78684,0.9983,0.3176,0.3244,0.279,0.3622,0.0,2
Kolar,S2B_43PHQ_20200203_1_L2A,2020-02-03,MGRS-43PHQ,05.00,3.394537,317677,317677,316205,0.9954,0.317,0.3232,0.2764,0.3626,0.0,2
Kolar,S2B_43PGQ_20200203_1_L2A,2020-02-03,MGRS-43PGQ,05.00,0.068861,317677,330,330,1.0,0.3589,0.3539,0.295,0.4066,0.0,2
Kolar,S2A_44PKV_20200208_1_L2A,2020-02-08,MGRS-44PKV,05.00,39.055827,317455,78818,53477,0.6785,0.3232,0.3304,0.2635,0.3901,0.0,2
Kolar,S2A_43PHQ_20200208_1_L2A,2020-02-08,MGRS-43PHQ,05.00,17.858228,317677,317677,263929,0.8308,0.3246,0.3315,0.2688,0.3862,0.0,2
Kolar,S2A_43PGQ_20200208_1_L2A,2020-02-08,MGRS-43PGQ,05.00,9.390096,317677,330,330,1.0,0.3139,0.3113,0.2691,0.3513,0.0,2
Kolar,S2B_44PKV_20200213_1_L2A,2020-02-13,MGRS-44PKV,05.00,0.000146,317455,78818,78761,0.9993,0.3017,0.31,0.2621,0.3488,0.0,2
Kolar,S2B_43PHQ_20200213_1_L2A,2020-02-13,MGRS-43PHQ,05.00,6e-05,317677,317677,317378,0.9991,0.3012,0.3086,0.2605,0.3483,0.0,2
Kolar,S2B_43PGQ_20200213_1_L2A,2020-02-13,MGRS-43PGQ,05.00,0.614336,317677,330,330,1.0,0.3331,0.3298,0.2714,0.381,0.0,2
Kolar,S2A_44PKV_20200218_1_L2A,2020-02-18,MGRS-44PKV,05.00,0.039373,317455,78818,78768,0.9994,0.2914,0.2996,0.2529,0.3374,0.0,2
Kolar,S2A_43PHQ_20200218_1_L2A,2020-02-18,MGRS-43PHQ,05.00,0.816467,317677,317677,316586,0.9966,0.2911,0.2985,0.2519,0.3368,0.0,2
Kolar,S2A_43PGQ_20200218_1_L2A,2020-02-18,MGRS-43PGQ,05.00,1.599018,317677,330,185,0.5606,0.3203,0.3134,0.2671,0.3583,0.0,2
Kolar,S2A_44PKV_20200228_1_L2A,2020-02-28,MGRS-44PKV,05.00,57.188505,317455,78818,5651,0.0717,0.2737,0.2734,0.2364,0.3093,0.0,2
Kolar,S2A_43PHQ_20200228_1_L2A,2020-02-28,MGRS-43PHQ,05.00,55.860871,317677,317677,42987,0.1353,0.2821,0.2873,0.2327,0.336,0.0,2
Kolar,S2A_43PGQ_20200228_1_L2A,2020-02-28,MGRS-43PGQ,05.00,55.894709,317677,330,205,0.6212,0.3122,0.3099,0.2478,0.3671,0.0,2
Kolar,S2B_44PKV_20200304_1_L2A,2020-03-04,MGRS-44PKV,05.00,48.331675,317455,78818,14341,0.182,0.1687,0.1683,0.1424,0.1934,0.0,2
Kolar,S2B_43PHQ_20200304_1_L2A,2020-03-04,MGRS-43PHQ,05.00,54.561394,317677,317677,80216,0.2525,0.2584,0.2641,0.1995,0.3234,0.0,2
Kolar,S2B_43PGQ_20200304_1_L2A,2020-03-04,MGRS-43PGQ,05.00,23.945348,317677,330,52,0.1576,0.2261,0.2356,0.1915,0.2898,0.0,2
Kolar,S2A_44PKV_20200309_1_L2A,2020-03-09,MGRS-44PKV,05.00,59.184009,317455,78818,26458,0.3357,0.2141,0.2197,0.1803,0.2539,0.0,2
Kolar,S2A_43PHQ_20200309_1_L2A,2020-03-09,MGRS-43PHQ,05.00,53.127211,317677,317677,114229,0.3596,0.2339,0.2396,0.1974,0.2764,0.0,2
Kolar,S2A_43PGQ_20200309_1_L2A,2020-03-09,MGRS-43PGQ,05.00,54.543954,317677,330,148,0.4485,0.2658,0.2692,0.2321,0.3074,0.0,2
Kolar,S2B_44PKV_20200314_1_L2A,2020-03-14,MGRS-44PKV,05.00,0.024658,317455,78818,78786,0.9996,0.2611,0.2702,0.2246,0.3061,0.0,2
Kolar,S2B_43PHQ_20200314_1_L2A,2020-03-14,MGRS-43PHQ,05.00,3.6e-05,317677,317677,317452,0.9993,0.2594,0.267,0.2232,0.3023,0.0,2
Kolar,S2B_43PGQ_20200314_1_L2A,2020-03-14,MGRS-43PGQ,05.00,0.029742,317677,330,330,1.0,0.2869,0.2842,0.2337,0.3341,0.0,2
Kolar,S2A_44PKV_20200319_1_L2A,2020-03-19,MGRS-44PKV,05.00,1.378881,317455,78818,78794,0.9997,0.2504,0.2595,0.2158,0.2938,0.0,2
Kolar,S2A_43PHQ_20200319_1_L2A,2020-03-19,MGRS-43PHQ,05.00,0,317677,317677,317481,0.9994,0.2467,0.2539,0.2136,0.2864,0.0,2
Kolar,S2A_43PGQ_20200319_1_L2A,2020-03-19,MGRS-43PGQ,05.00,0.015763,317677,330,330,1.0,0.2707,0.2698,0.2173,0.322,0.0,2
Kolar,S2B_44PKV_20200324_1_L2A,2020-03-24,MGRS-44PKV,05.00,0.000159,317455,78818,78796,0.9997,0.2464,0.255,0.2119,0.2892,0.0,2
Kolar,S2B_43PHQ_20200324_1_L2A,2020-03-24,MGRS-43PHQ,05.00,0.013696,317677,317677,317466,0.9993,0.2577,0.2656,0.2191,0.3029,0.0,2
Kolar,S2B_43PGQ_20200324_1_L2A,2020-03-24,MGRS-43PGQ,05.00,0.64514,317677,330,330,1.0,0.3047,0.2998,0.233,0.3607,0.0,2
Kolar,S2A_44PKV_20200329_1_L2A,2020-03-29,MGRS-44PKV,05.00,0.000133,317455,78818,78798,0.9997,0.2392,0.2483,0.2048,0.2825,0.0,2
Kolar,S2A_43PHQ_20200329_1_L2A,2020-03-29,MGRS-43PHQ,05.00,1e-05,317677,317677,317494,0.9994,0.2429,0.2497,0.2091,0.2824,0.0,2
Kolar,S2A_43PGQ_20200329_1_L2A,2020-03-29,MGRS-43PGQ,05.00,1e-05,317677,330,330,1.0,0.2648,0.2615,0.2033,0.3153,0.0,2
Kolar,S2B_44PKV_20200403_1_L2A,2020-04-03,MGRS-44PKV,05.00,23.866919,317455,78818,42109,0.5343,0.2551,0.2613,0.2179,0.2984,0.0,2
Kolar,S2B_43PHQ_20200403_1_L2A,2020-04-03,MGRS-43PHQ,05.00,23.881204,317677,317677,197359,0.6213,0.2439,0.249,0.2109,0.2807,0.0,2
Kolar,S2B_43PGQ_20200403_1_L2A,2020-04-03,MGRS-43PGQ,05.00,25.108427,317677,330,150,0.4545,0.2592,0.2537,0.1893,0.311,0.0,2
Kolar,S2A_44PKV_20200408_1_L2A,2020-04-08,MGRS-44PKV,05.00,24.788046,317455,78818,78778,0.9995,0.2328,0.241,0.2016,0.2727,0.0,2
Kolar,S2A_43PHQ_20200408_1_L2A,2020-04-08,MGRS-43PHQ,05.00,14.152239,317677,317677,314637,0.9904,0.2709,0.2806,0.223,0.3283,0.0,2
Kolar,S2A_43PGQ_20200408_1_L2A,2020-04-08,MGRS-43PGQ,05.00,10.293364,317677,330,330,1.0,0.2667,0.2615,0.195,0.3205,0.0,2
Kolar,S2B_44PKV_20200413_3_L2A,2020-04-13,MGRS-44PKV,05.00,0.0003,317455,78818,78803,0.9998,0.2454,0.2546,0.2103,0.2903,0.0,2
Kolar,S2B_43PHQ_20200413_3_L2A,2020-04-13,MGRS-43PHQ,05.00,9e-06,317677,317677,317496,0.9994,0.2508,0.2574,0.2163,0.2915,0.0,2
Kolar,S2B_43PGQ_20200413_3_L2A,2020-04-13,MGRS-43PGQ,05.00,0.000501,317677,330,330,1.0,0.255,0.253,0.1969,0.3032,0.0,2
Kolar,S2A_44PKV_20200418_1_L2A,2020-04-18,MGRS-44PKV,05.00,13.886242,317455,78818,78152,0.9916,0.2308,0.2405,0.1969,0.2761,0.0,2
Kolar,S2A_43PHQ_20200418_1_L2A,2020-04-18,MGRS-43PHQ,05.00,4.351976,317677,317677,314886,0.9912,0.2414,0.2481,0.2061,0.2832,0.0,2
Kolar,S2A_43PGQ_20200418_1_L2A,2020-04-18,MGRS-43PGQ,05.00,5.154848,317677,330,330,1.0,0.2398,0.2401,0.1871,0.2882,0.0,2
Kolar,S2B_44PKV_20200423_1_L2A,2020-04-23,MGRS-44PKV,05.00,10.847797,317455,78818,75951,0.9636,0.2219,0.2326,0.188,0.268,0.0,2
Kolar,S2B_43PHQ_20200423_1_L2A,2020-04-23,MGRS-43PHQ,05.00,21.062917,317677,317677,283511,0.8925,0.2328,0.241,0.1958,0.2777,0.0,2
Kolar,S2A_44PKV_20200428_1_L2A,2020-04-28,MGRS-44PKV,05.00,57.845318,317455,78818,24403,0.3096,0.2106,0.2209,0.1709,0.2642,0.0,2
Kolar,S2A_43PHQ_20200428_1_L2A,2020-04-28,MGRS-43PHQ,05.00,50.113928,317677,317677,166479,0.5241,0.2304,0.2374,0.1908,0.2769,0.0,2
Kolar,S2A_43PGQ_20200428_1_L2A,2020-04-28,MGRS-43PGQ,05.00,56.486875,317677,330,160,0.4848,0.259,0.2515,0.1968,0.2967,0.0,2
Kolar,S2B_43PGQ_20200513_1_L2A,2020-05-13,MGRS-43PGQ,05.00,51.876092,317677,330,264,0.8,0.2715,0.2752,0.2119,0.3349,0.0,2
Kolar,S2A_43PGQ_20200518_1_L2A,2020-05-18,MGRS-43PGQ,05.00,56.536031,317677,330,282,0.8545,0.2215,0.232,0.1779,0.2889,0.0,2
Kolar,S2B_44PKV_20200523_1_L2A,2020-05-23,MGRS-44PKV,05.00,19.49892,317455,78818,7331,0.093,0.2804,0.2804,0.241,0.3199,0.0,2
Kolar,S2B_43PHQ_20200523_1_L2A,2020-05-23,MGRS-43PHQ,05.00,52.906525,317677,317677,14261,0.0449,0.2672,0.2675,0.2322,0.3021,0.0,2
Kolar,S2A_44PKV_20200528_1_L2A,2020-05-28,MGRS-44PKV,05.00,6.231293,317455,78818,65252,0.8279,0.2525,0.2617,0.2081,0.3075,0.0,2
Kolar,S2A_43PHQ_20200528_1_L2A,2020-05-28,MGRS-43PHQ,05.00,6.299365,317677,317677,275855,0.8684,0.2782,0.2842,0.2296,0.3326,0.0,2
Kolar,S2A_43PGQ_20200528_1_L2A,2020-05-28,MGRS-43PGQ,05.00,17.619435,317677,330,308,0.9333,0.3048,0.3038,0.1973,0.3915,0.0,2
Kolar,S2A_44PKV_20200707_1_L2A,2020-07-07,MGRS-44PKV,05.00,46.79881,317455,78818,25295,0.3209,0.3335,0.3424,0.2726,0.4032,0.0,2
Kolar,S2B_44PKV_20200712_1_L2A,2020-07-12,MGRS-44PKV,05.00,29.540309,317455,78818,4067,0.0516,0.418,0.4239,0.3539,0.4894,0.0,2
Kolar,S2B_43PHQ_20200712_1_L2A,2020-07-12,MGRS-43PHQ,05.00,51.083839,317677,317677,35170,0.1107,0.3955,0.3988,0.3291,0.4648,0.0,2
Kolar,S2B_43PGQ_20200712_1_L2A,2020-07-12,MGRS-43PGQ,05.00,27.907288,317677,330,85,0.2576,0.4581,0.4425,0.3365,0.5314,0.0,2
Kolar,S2A_44PKV_20200905_1_L2A,2020-09-05,MGRS-44PKV,05.00,56.647003,317455,78818,15038,0.1908,0.4671,0.4621,0.3936,0.5354,0.0,2
Kolar,S2A_43PGQ_20200925_1_L2A,2020-09-25,MGRS-43PGQ,05.00,59.768295,317677,330,31,0.0939,,,,,0.0,2
Kolar,S2A_43PHQ_20201005_1_L2A,2020-10-05,MGRS-43PHQ,05.00,58.148551,317677,317677,144601,0.4552,0.5616,0.5529,0.4835,0.631,0.0,2
Kolar,S2A_43PGQ_20201005_1_L2A,2020-10-05,MGRS-43PGQ,05.00,36.669841,317677,330,330,1.0,0.556,0.5346,0.4639,0.6265,0.0,2
Kolar,S2A_44PKV_20201015_1_L2A,2020-10-15,MGRS-44PKV,05.00,55.432498,317455,78818,3483,0.0442,0.5123,0.508,0.433,0.589,0.0,2
Kolar,S2A_44PKV_20201025_1_L2A,2020-10-25,MGRS-44PKV,05.00,38.784701,317455,78818,52372,0.6645,0.5902,0.5802,0.5182,0.6516,0.0,2
Kolar,S2A_43PHQ_20201025_1_L2A,2020-10-25,MGRS-43PHQ,05.00,36.036217,317677,317677,198614,0.6252,0.6021,0.59,0.53,0.6622,0.0,2
Kolar,S2A_43PGQ_20201025_1_L2A,2020-10-25,MGRS-43PGQ,05.00,59.552157,317677,330,216,0.6545,0.6004,0.5769,0.5085,0.6632,0.0,2
Kolar,S2B_44PKV_20201030_1_L2A,2020-10-30,MGRS-44PKV,05.00,50.020748,317455,78818,11078,0.1406,0.4495,0.4531,0.3816,0.5191,0.0,2
Kolar,S2B_43PHQ_20201030_1_L2A,2020-10-30,MGRS-43PHQ,05.00,55.325925,317677,317677,139816,0.4401,0.4962,0.4964,0.4135,0.578,0.0,2
Kolar,S2B_43PGQ_20201030_1_L2A,2020-10-30,MGRS-43PGQ,05.00,24.319877,317677,330,292,0.8848,0.4848,0.4899,0.4204,0.5653,0.0,2
Kolar,S2A_43PHQ_20201104_1_L2A,2020-11-04,MGRS-43PHQ,05.00,53.969628,317677,317677,133868,0.4214,0.4952,0.4897,0.4357,0.5496,0.0,2
Kolar,S2A_43PGQ_20201104_1_L2A,2020-11-04,MGRS-43PGQ,05.00,47.036168,317677,330,58,0.1758,0.4849,0.4921,0.4541,0.5362,0.0,2
Kolar,S2B_44PKV_20201109_1_L2A,2020-11-09,MGRS-44PKV,05.00,41.527644,317455,78818,38546,0.4891,0.5112,0.4927,0.431,0.5764,0.0,2
Kolar,S2B_43PHQ_20201109_1_L2A,2020-11-09,MGRS-43PHQ,05.00,38.437992,317677,317677,195430,0.6152,0.5241,0.4983,0.4312,0.593,0.0,2
Kolar,S2B_43PGQ_20201109_1_L2A,2020-11-09,MGRS-43PGQ,05.00,35.079145,317677,330,272,0.8242,0.5228,0.4973,0.4121,0.5876,0.0,2
Kolar,S2A_44PKV_20201114_1_L2A,2020-11-14,MGRS-44PKV,05.00,56.883937,317455,78818,20572,0.261,0.5516,0.5448,0.4803,0.6167,0.0,2
Kolar,S2A_44PKV_20201214_1_L2A,2020-12-14,MGRS-44PKV,05.00,34.391305,317455,78818,44882,0.5694,0.5309,0.5237,0.4628,0.5917,0.0,2
Kolar,S2A_43PHQ_20201214_1_L2A,2020-12-14,MGRS-43PHQ,05.00,28.344935,317677,317677,234950,0.7396,0.524,0.5186,0.4592,0.5841,0.0,2
Kolar,S2A_43PGQ_20201214_1_L2A,2020-12-14,MGRS-43PGQ,05.00,15.927508,317677,330,305,0.9242,0.4763,0.4778,0.4105,0.549,0.0,2
Kolar,S2A_44PKV_20201224_1_L2A,2020-12-24,MGRS-44PKV,05.00,14.695168,317455,78818,77736,0.9863,0.5161,0.5106,0.452,0.5757,0.0,2
Kolar,S2A_43PHQ_20201224_1_L2A,2020-12-24,MGRS-43PHQ,05.00,5.535479,317677,317677,315469,0.993,0.5023,0.4997,0.4416,0.562,0.0,2
Kolar,S2A_43PGQ_20201224_1_L2A,2020-12-24,MGRS-43PGQ,05.00,9.825475,317677,330,330,1.0,0.4748,0.4712,0.3962,0.552,0.0,2
Kolar,S2B_44PKV_20201229_1_L2A,2020-12-29,MGRS-44PKV,05.00,27.563125,317455,78818,77814,0.9873,0.4964,0.492,0.4313,0.5588,0.0,2
Kolar,S2B_43PHQ_20201229_1_L2A,2020-12-29,MGRS-43PHQ,05.00,2.08627,317677,317677,315787,0.9941,0.4814,0.4794,0.4199,0.542,0.0,2
Kolar,S2B_43PGQ_20201229_1_L2A,2020-12-29,MGRS-43PGQ,05.00,5.689805,317677,330,330,1.0,0.4305,0.4288,0.3635,0.497,0.0,2
Kolar,S2A_43PHQ_20210103_1_L2A,2021-01-03,MGRS-43PHQ,05.00,57.674021,317677,317677,71416,0.2248,0.4324,0.428,0.3511,0.5062,0.0,2
Kolar,S2A_43PGQ_20210103_1_L2A,2021-01-03,MGRS-43PGQ,05.00,45.218155,317677,330,81,0.2455,0.3952,0.398,0.313,0.4566,0.0,2
Kolar,S2B_44PKV_20210118_1_L2A,2021-01-18,MGRS-44PKV,05.00,15.120451,317455,78818,77901,0.9884,0.48,0.4774,0.4215,0.5364,0.0,2
Kolar,S2B_43PHQ_20210118_1_L2A,2021-01-18,MGRS-43PHQ,05.00,5.214485,317677,317677,316064,0.9949,0.4771,0.4744,0.4206,0.5315,0.0,2
Kolar,S2B_43PGQ_20210118_1_L2A,2021-01-18,MGRS-43PGQ,05.00,0.024825,317677,330,330,1.0,0.4393,0.4329,0.3811,0.4949,0.0,2
Kolar,S2A_44PKV_20210123_1_L2A,2021-01-23,MGRS-44PKV,05.00,9.382065,317455,78818,77354,0.9814,0.4514,0.4497,0.3991,0.5027,0.0,2
Kolar,S2A_43PHQ_20210123_1_L2A,2021-01-23,MGRS-43PHQ,05.00,3.039243,317677,317677,314452,0.9898,0.4495,0.4478,0.3983,0.4993,0.0,2
Kolar,S2A_43PGQ_20210123_1_L2A,2021-01-23,MGRS-43PGQ,05.00,0.854336,317677,330,330,1.0,0.4332,0.4297,0.3735,0.4958,0.0,2
Kolar,S2B_44PKV_20210128_1_L2A,2021-01-28,MGRS-44PKV,05.00,26.211679,317455,78818,45590,0.5784,0.4281,0.4274,0.3731,0.4822,0.0,2
Kolar,S2B_43PHQ_20210128_1_L2A,2021-01-28,MGRS-43PHQ,05.00,17.799732,317677,317677,249555,0.7856,0.4274,0.4267,0.3768,0.4773,0.0,2
Kolar,S2B_43PGQ_20210128_1_L2A,2021-01-28,MGRS-43PGQ,05.00,2.051097,317677,330,330,1.0,0.3962,0.3963,0.3473,0.4518,0.0,2
Kolar,S2A_44PKV_20210202_1_L2A,2021-02-02,MGRS-44PKV,05.00,24.091977,317455,78818,69398,0.8805,0.41,0.4111,0.3599,0.4615,0.0,2
Kolar,S2A_43PHQ_20210202_1_L2A,2021-02-02,MGRS-43PHQ,05.00,9.793166,317677,317677,305117,0.9605,0.4027,0.4032,0.3558,0.4501,0.0,2
Kolar,S2A_43PGQ_20210202_1_L2A,2021-02-02,MGRS-43PGQ,05.00,0.148714,317677,330,318,0.9636,0.371,0.3733,0.3241,0.4324,0.0,2
Kolar,S2B_44PKV_20210207_1_L2A,2021-02-07,MGRS-44PKV,05.00,0.002346,317455,78818,78147,0.9915,0.399,0.4013,0.3528,0.4478,0.0,2
Kolar,S2B_43PHQ_20210207_1_L2A,2021-02-07,MGRS-43PHQ,05.00,0.007402,317677,317677,316424,0.9961,0.3933,0.3947,0.3481,0.4399,0.0,2
Kolar,S2B_43PGQ_20210207_1_L2A,2021-02-07,MGRS-43PGQ,05.00,0.003616,317677,330,330,1.0,0.3717,0.3704,0.3211,0.4252,0.0,2
Kolar,S2A_44PKV_20210212_1_L2A,2021-02-12,MGRS-44PKV,05.00,5.180116,317455,78818,72791,0.9235,0.3899,0.3935,0.3436,0.4396,0.0,2
Kolar,S2A_43PHQ_20210212_1_L2A,2021-02-12,MGRS-43PHQ,05.00,4.986589,317677,317677,274975,0.8656,0.381,0.3837,0.3368,0.428,0.0,2
Kolar,S2A_43PGQ_20210212_1_L2A,2021-02-12,MGRS-43PGQ,05.00,1.54094,317677,330,330,1.0,0.3589,0.3581,0.3103,0.4137,0.0,2
Kolar,S2B_44PKV_20210217_1_L2A,2021-02-17,MGRS-44PKV,05.00,0.169283,317455,78818,78195,0.9921,0.3625,0.3657,0.3182,0.4088,0.0,2
Kolar,S2B_43PHQ_20210217_1_L2A,2021-02-17,MGRS-43PHQ,05.00,5.213689,317677,317677,312669,0.9842,0.3458,0.3495,0.3042,0.3915,0.0,2
Kolar,S2B_43PGQ_20210217_1_L2A,2021-02-17,MGRS-43PGQ,05.00,23.179124,317677,330,330,1.0,0.3374,0.3411,0.2933,0.3921,0.0,2
Kolar,S2A_43PGQ_20210222_2_L2A,2021-02-22,MGRS-43PGQ,05.00,34.483936,317677,330,2,0.0061,,,,,0.0,2
Kolar,S2B_44PKV_20210227_1_L2A,2021-02-27,MGRS-44PKV,05.00,12.123328,317455,78818,78172,0.9918,0.3513,0.3545,0.3075,0.3974,0.0,2
Kolar,S2B_43PHQ_20210227_1_L2A,2021-02-27,MGRS-43PHQ,05.00,13.978533,317677,317677,314316,0.9894,0.3493,0.353,0.3073,0.3951,0.0,2
Kolar,S2B_43PGQ_20210227_1_L2A,2021-02-27,MGRS-43PGQ,05.00,22.061272,317677,330,330,1.0,0.3509,0.3547,0.2987,0.4146,0.0,2
Kolar,S2A_44PKV_20210304_1_L2A,2021-03-04,MGRS-44PKV,05.00,0.008288,317455,78818,78322,0.9937,0.3494,0.3536,0.303,0.3992,0.0,2
Kolar,S2A_43PHQ_20210304_1_L2A,2021-03-04,MGRS-43PHQ,05.00,0.000415,317677,317677,316582,0.9966,0.3469,0.3511,0.3027,0.3951,0.0,2
Kolar,S2A_43PGQ_20210304_1_L2A,2021-03-04,MGRS-43PGQ,05.00,0.000473,317677,330,330,1.0,0.3372,0.3402,0.292,0.392,0.0,2
Kolar,S2B_44PKV_20210309_1_L2A,2021-03-09,MGRS-44PKV,05.00,6.966241,317455,78818,78440,0.9952,0.3407,0.3471,0.2908,0.3957,0.0,2
Kolar,S2B_43PHQ_20210309_1_L2A,2021-03-09,MGRS-43PHQ,05.00,0.317066,317677,317677,316859,0.9974,0.3348,0.3411,0.289,0.3867,0.0,2
Kolar,S2B_43PGQ_20210309_1_L2A,2021-03-09,MGRS-43PGQ,05.00,0.011814,317677,330,330,1.0,0.3273,0.3323,0.2804,0.3868,0.0,2
Kolar,S2A_44PKV_20210314_2_L2A,2021-03-14,MGRS-44PKV,05.00,3e-05,317455,78818,78435,0.9951,0.3281,0.3353,0.2803,0.3815,0.0,2
Kolar,S2A_43PHQ_20210314_2_L2A,2021-03-14,MGRS-43PHQ,05.00,0.000166,317677,317677,316846,0.9974,0.322,0.3288,0.2778,0.3727,0.0,2
Kolar,S2A_43PGQ_20210314_2_L2A,2021-03-14,MGRS-43PGQ,05.00,0.000195,317677,330,330,1.0,0.3118,0.3136,0.2637,0.3651,0.0,2
Kolar,S2B_44PKV_20210319_2_L2A,2021-03-19,MGRS-44PKV,05.00,9.571057,317455,78818,77850,0.9877,0.3265,0.334,0.28,0.379,0.0,2
Kolar,S2B_43PHQ_20210319_2_L2A,2021-03-19,MGRS-43PHQ,05.00,7.844025,317677,317677,307227,0.9671,0.318,0.3251,0.2758,0.367,0.0,2
Kolar,S2B_43PGQ_20210319_2_L2A,2021-03-19,MGRS-43PGQ,05.00,13.313052,317677,330,330,1.0,0.3211,0.3279,0.2732,0.3827,0.0,2
Kolar,S2A_43PHQ_20210324_2_L2A,2021-03-24,MGRS-43PHQ,05.00,26.738882,317677,317677,265075,0.8344,0.2853,0.2927,0.2452,0.3327,0.0,2
Kolar,S2A_43PGQ_20210324_2_L2A,2021-03-24,MGRS-43PGQ,05.00,11.87032,317677,330,330,1.0,0.2795,0.2848,0.2389,0.3289,0.0,2
Kolar,S2A_44PKV_20210403_2_L2A,2021-04-03,MGRS-44PKV,05.00,2.09776,317455,78818,77422,0.9823,0.2838,0.2936,0.2394,0.3358,0.0,2
Kolar,S2A_43PHQ_20210403_2_L2A,2021-04-03,MGRS-43PHQ,05.00,7.37261,317677,317677,258913,0.815,0.2581,0.2647,0.2248,0.2974,0.0,2
Kolar,S2A_43PGQ_20210403_2_L2A,2021-04-03,MGRS-43PGQ,05.00,13.315779,317677,330,224,0.6788,0.2523,0.2544,0.2155,0.2897,0.0,2
Kolar,S2B_44PKV_20210408_1_L2A,2021-04-08,MGRS-44PKV,05.00,30.862641,317455,78818,30871,0.3917,0.2774,0.2856,0.2406,0.3215,0.0,2
Kolar,S2B_43PHQ_20210408_0_L2A,2021-04-08,MGRS-43PHQ,05.00,40.161681,317677,317677,209918,0.6608,0.2738,0.2812,0.2373,0.317,0.0,2
Kolar,S2B_44PKV_20210418_1_L2A,2021-04-18,MGRS-44PKV,05.00,30.676368,317455,78818,44073,0.5592,0.3002,0.3082,0.2521,0.3563,0.0,2
Kolar,S2B_43PHQ_20210418_1_L2A,2021-04-18,MGRS-43PHQ,05.00,22.277334,317677,317677,237057,0.7462,0.2859,0.293,0.2445,0.3343,0.0,2
Kolar,S2B_43PGQ_20210418_1_L2A,2021-04-18,MGRS-43PGQ,05.00,13.585217,317677,330,318,0.9636,0.279,0.2859,0.2298,0.3362,0.0,2
Kolar,S2A_44PKV_20210423_2_L2A,2021-04-23,MGRS-44PKV,05.00,21.462543,317455,78818,49437,0.6272,0.3127,0.3229,0.2633,0.3712,0.0,2
Kolar,S2A_43PHQ_20210423_2_L2A,2021-04-23,MGRS-43PHQ,05.00,29.080296,317677,317677,133516,0.4203,0.2843,0.2891,0.2489,0.3238,0.0,2
Kolar,S2B_44PKV_20210428_2_L2A,2021-04-28,MGRS-44PKV,05.00,5.715157,317455,78818,78324,0.9937,0.3325,0.3399,0.2779,0.394,0.0,2
Kolar,S2B_43PHQ_20210428_2_L2A,2021-04-28,MGRS-43PHQ,05.00,1.706083,317677,317677,316306,0.9957,0.3295,0.3351,0.2781,0.3864,0.0,2
Kolar,S2B_43PGQ_20210428_2_L2A,2021-04-28,MGRS-43PGQ,05.00,28.247032,317677,330,330,1.0,0.3102,0.3202,0.265,0.3724,0.0,2
Kolar,S2A_44PKV_20210503_1_L2A,2021-05-03,MGRS-44PKV,05.00,32.614478,317455,78818,42690,0.5416,0.3034,0.3131,0.2424,0.3731,0.0,2
Kolar,S2A_43PHQ_20210503_1_L2A,2021-05-03,MGRS-43PHQ,05.00,41.753396,317677,317677,128280,0.4038,0.3087,0.3158,0.2471,0.3773,0.0,2
Kolar,S2A_43PGQ_20210503_1_L2A,2021-05-03,MGRS-43PGQ,05.00,51.596248,317677,330,107,0.3242,0.2491,0.2464,0.1956,0.2989,0.0,2
Kolar,S2B_44PKV_20210518_1_L2A,2021-05-18,MGRS-44PKV,05.00,23.264578,317455,78818,66822,0.8478,0.3082,0.3154,0.2488,0.3727,0.0,2
Kolar,S2B_43PHQ_20210518_1_L2A,2021-05-18,MGRS-43PHQ,05.00,12.047123,317677,317677,296665,0.9339,0.3254,0.3307,0.2694,0.386,0.0,2
Kolar,S2B_43PGQ_20210518_1_L2A,2021-05-18,MGRS-43PGQ,05.00,1.989016,317677,330,330,1.0,0.276,0.2881,0.2308,0.3371,0.0,2
Kolar,S2B_44PKV_20210528_1_L2A,2021-05-28,MGRS-44PKV,05.00,4.611627,317455,78818,78589,0.9971,0.3623,0.3685,0.3015,0.429,0.0,2
Kolar,S2B_43PHQ_20210528_1_L2A,2021-05-28,MGRS-43PHQ,05.00,9.922854,317677,317677,313683,0.9874,0.3587,0.3642,0.3008,0.4225,0.0,2
Kolar,S2B_43PGQ_20210528_1_L2A,2021-05-28,MGRS-43PGQ,05.00,29.237735,317677,330,306,0.9273,0.2707,0.2798,0.2282,0.3262,0.0,2
Kolar,S2A_44PKV_20210602_1_L2A,2021-06-02,MGRS-44PKV,05.00,32.29785,317455,78818,37913,0.481,0.3788,0.3833,0.3101,0.4537,0.0,2
Kolar,S2A_43PHQ_20210602_1_L2A,2021-06-02,MGRS-43PHQ,05.00,37.41639,317677,317677,223963,0.705,0.3799,0.3871,0.3124,0.456,0.0,2
Kolar,S2A_43PGQ_20210602_1_L2A,2021-06-02,MGRS-43PGQ,05.00,18.109204,317677,330,268,0.8121,0.3071,0.3176,0.2524,0.3759,0.0,2
Kolar,S2B_44PKV_20210607_1_L2A,2021-06-07,MGRS-44PKV,05.00,14.728482,317455,78818,77080,0.9779,0.4086,0.4156,0.3325,0.4941,0.0,2
Kolar,S2B_43PHQ_20210607_1_L2A,2021-06-07,MGRS-43PHQ,05.00,7.616547,317677,317677,299363,0.9424,0.4146,0.4198,0.3421,0.4942,0.0,2
Kolar,S2B_43PGQ_20210607_1_L2A,2021-06-07,MGRS-43PGQ,05.00,13.179131,317677,330,273,0.8273,0.3381,0.3472,0.2787,0.4114,0.0,2
Kolar,S2A_43PHQ_20210612_1_L2A,2021-06-12,MGRS-43PHQ,05.00,42.453751,317677,317677,218667,0.6883,0.3739,0.3813,0.3028,0.4526,0.0,2
Kolar,S2A_44PKV_20210702_1_L2A,2021-07-02,MGRS-44PKV,05.00,25.690594,317455,78818,44913,0.5698,0.4145,0.4168,0.3493,0.4828,0.0,2
Kolar,S2A_43PHQ_20210702_1_L2A,2021-07-02,MGRS-43PHQ,05.00,47.0321,317677,317677,77453,0.2438,0.4093,0.4118,0.3492,0.4725,0.0,2
Kolar,S2A_44PKV_20210801_1_L2A,2021-08-01,MGRS-44PKV,05.00,45.26923,317455,78818,39958,0.507,0.433,0.4344,0.3549,0.512,0.0,2
Kolar,S2A_43PHQ_20210801_1_L2A,2021-08-01,MGRS-43PHQ,05.00,52.351838,317677,317677,108996,0.3431,0.4032,0.4058,0.3312,0.4777,0.0,2
Kolar,S2A_43PHQ_20210910_1_L2A,2021-09-10,MGRS-43PHQ,05.00,59.11817,317677,317677,133116,0.419,0.485,0.4802,0.4168,0.5485,0.0,2
Kolar,S2B_44PKV_20210915_1_L2A,2021-09-15,MGRS-44PKV,05.00,11.576276,317455,78818,55826,0.7083,0.4949,0.49,0.4311,0.5548,0.0,2
Kolar,S2B_43PHQ_20210915_1_L2A,2021-09-15,MGRS-43PHQ,05.00,23.04911,317677,317677,157847,0.4969,0.4873,0.4824,0.4221,0.5478,0.0,2
Kolar,S2A_44PKV_20210920_2_L2A,2021-09-20,MGRS-44PKV,05.00,27.938911,317455,78818,26927,0.3416,0.4827,0.4774,0.4185,0.5417,0.0,2
Kolar,S2A_43PHQ_20210920_2_L2A,2021-09-20,MGRS-43PHQ,05.00,49.959132,317677,317677,108389,0.3412,0.4774,0.4736,0.4127,0.5393,0.0,2
Kolar,S2B_44PKV_20210925_1_L2A,2021-09-25,MGRS-44PKV,05.00,39.942828,317455,78818,31255,0.3965,0.5684,0.5581,0.4923,0.6348,0.0,2
Kolar,S2B_43PHQ_20210925_1_L2A,2021-09-25,MGRS-43PHQ,05.00,50.433075,317677,317677,112114,0.3529,0.5719,0.5619,0.4955,0.6388,0.0,2
Kolar,S2B_44PKV_20211025_1_L2A,2021-10-25,MGRS-44PKV,05.00,58.391339,317455,78818,34571,0.4386,0.5453,0.5377,0.4753,0.6092,0.0,2
Kolar,S2B_43PGQ_20211124_1_L2A,2021-11-24,MGRS-43PGQ,05.00,54.894513,317677,330,0,0.0,,,,,0.0,2
Kolar,S2B_44PKV_20211204_3_L2A,2021-12-04,MGRS-44PKV,05.00,11.17679,317455,44104,39404,0.8934,0.5511,0.5393,0.4887,0.6049,0.0,2
Kolar,S2B_43PHQ_20211204_3_L2A,2021-12-04,MGRS-43PHQ,05.00,15.528139,317677,147329,103407,0.7019,0.568,0.5546,0.495,0.6277,0.0,2
Kolar,S2B_43PGQ_20211204_3_L2A,2021-12-04,MGRS-43PGQ,05.00,50.061995,317677,0,0,0.0,,,,,0.0,2
Kolar,S2A_44PKV_20211219_1_L2A,2021-12-19,MGRS-44PKV,05.00,1.552636,317455,78818,75933,0.9634,0.5697,0.5617,0.5083,0.6242,0.0,2
Kolar,S2A_43PHQ_20211219_1_L2A,2021-12-19,MGRS-43PHQ,05.00,0.020753,317677,317677,308805,0.9721,0.564,0.5565,0.503,0.6187,0.0,2
Kolar,S2A_43PGQ_20211219_1_L2A,2021-12-19,MGRS-43PGQ,05.00,0.249163,317677,330,330,1.0,0.5523,0.5429,0.4685,0.6239,0.0,2
Kolar,S2B_44PKV_20211224_2_L2A,2021-12-24,MGRS-44PKV,05.00,0,317455,78818,75960,0.9637,0.5586,0.5512,0.4907,0.6199,0.0,2
Kolar,S2B_43PHQ_20211224_2_L2A,2021-12-24,MGRS-43PHQ,05.00,0.000113,317677,317677,309046,0.9728,0.5311,0.525,0.4694,0.5879,0.0,2
Kolar,S2B_43PGQ_20211224_2_L2A,2021-12-24,MGRS-43PGQ,05.00,0.020258,317677,330,330,1.0,0.5227,0.5174,0.4403,0.5995,0.0,2
Kolar,S2A_43PGQ_20211229_1_L2A,2021-12-29,MGRS-43PGQ,05.00,13.013588,317677,330,61,0.1848,0.4307,0.4243,0.3849,0.4868,0.0,2
Kolar,S2A_43PGQ_20220128_0_L2A,2022-01-28,MGRS-43PGQ,04.00,49.479482,317677,330,51,0.1545,0.3455,0.3543,0.2624,0.4395,-0.1,2
Kolar,S2B_44PKV_20220202_0_L2A,2022-02-02,MGRS-44PKV,04.00,1.908152,317455,78818,76461,0.9701,0.4093,0.4104,0.3611,0.4589,-0.1,2
Kolar,S2B_43PHQ_20220202_0_L2A,2022-02-02,MGRS-43PHQ,04.00,0.690419,317677,317677,310730,0.9781,0.3996,0.4011,0.3522,0.4489,-0.1,2
Kolar,S2B_43PGQ_20220202_0_L2A,2022-02-02,MGRS-43PGQ,04.00,13.944308,317677,330,330,1.0,0.3584,0.3621,0.2985,0.4268,-0.1,2
Kolar,S2A_44PKV_20220207_0_L2A,2022-02-07,MGRS-44PKV,04.00,53.659785,317455,78818,22853,0.2899,0.3099,0.3111,0.269,0.3523,-0.1,2
Kolar,S2A_43PGQ_20220207_0_L2A,2022-02-07,MGRS-43PGQ,04.00,53.212631,317677,330,13,0.0394,,,,,-0.1,2
Kolar,S2B_44PKV_20220212_0_L2A,2022-02-12,MGRS-44PKV,04.00,2.584285,317455,78818,76701,0.9731,0.3714,0.3728,0.3204,0.4227,-0.1,2
Kolar,S2B_43PHQ_20220212_0_L2A,2022-02-12,MGRS-43PHQ,04.00,0.778581,317677,317677,308555,0.9713,0.3651,0.367,0.3139,0.4174,-0.1,2
Kolar,S2B_43PGQ_20220212_0_L2A,2022-02-12,MGRS-43PGQ,04.00,4.555767,317677,330,330,1.0,0.342,0.3452,0.2823,0.4126,-0.1,2
Kolar,S2A_44PKV_20220217_0_L2A,2022-02-17,MGRS-44PKV,04.00,46.643907,317455,78818,52086,0.6608,0.358,0.3627,0.3136,0.4065,-0.1,2
Kolar,S2A_43PHQ_20220217_0_L2A,2022-02-17,MGRS-43PHQ,04.00,42.178968,317677,317677,261041,0.8217,0.3538,0.3573,0.3101,0.4006,-0.1,2
Kolar,S2A_43PGQ_20220217_0_L2A,2022-02-17,MGRS-43PGQ,04.00,26.337385,317677,330,330,1.0,0.3334,0.3384,0.2759,0.4011,-0.1,2
Kolar,S2B_44PKV_20220222_0_L2A,2022-02-22,MGRS-44PKV,04.00,0.074685,317455,78818,76917,0.9759,0.3509,0.3544,0.3069,0.3971,-0.1,2
Kolar,S2B_43PHQ_20220222_0_L2A,2022-02-22,MGRS-43PHQ,04.00,3.135521,317677,317677,310262,0.9767,0.3388,0.343,0.2962,0.3856,-0.1,2
Kolar,S2B_43PGQ_20220222_0_L2A,2022-02-22,MGRS-43PGQ,04.00,15.424986,317677,330,264,0.8,0.2769,0.2798,0.2435,0.3128,-0.1,2
Kolar,S2A_44PKV_20220227_0_L2A,2022-02-27,MGRS-44PKV,04.00,21.859558,317455,78818,54043,0.6857,0.3489,0.3545,0.2995,0.4024,-0.1,2
Kolar,S2A_43PHQ_20220227_0_L2A,2022-02-27,MGRS-43PHQ,04.00,11.66033,317677,317677,240881,0.7583,0.3418,0.3469,0.2933,0.395,-0.1,2
Kolar,S2A_43PGQ_20220227_0_L2A,2022-02-27,MGRS-43PGQ,04.00,1.459464,317677,330,330,1.0,0.3227,0.3306,0.2662,0.3944,-0.1,2
Kolar,S2B_44PKV_20220304_0_L2A,2022-03-04,MGRS-44PKV,04.00,7.285351,317455,78818,77151,0.9789,0.349,0.3553,0.2971,0.4049,0.0,2
Kolar,S2B_43PHQ_20220304_0_L2A,2022-03-04,MGRS-43PHQ,04.00,1.556863,317677,317677,313051,0.9854,0.3393,0.3452,0.2882,0.3958,0.0,2
Kolar,S2B_43PGQ_20220304_0_L2A,2022-03-04,MGRS-43PGQ,04.00,0.003774,317677,330,330,1.0,0.314,0.3201,0.2595,0.3811,0.0,2
Kolar,S2A_44PKV_20220309_0_L2A,2022-03-09,MGRS-44PKV,04.00,6.727997,317455,78818,77094,0.9781,0.3388,0.3453,0.2906,0.3912,0.0,2
Kolar,S2A_43PHQ_20220309_0_L2A,2022-03-09,MGRS-43PHQ,04.00,0.144963,317677,317677,312700,0.9843,0.3314,0.3371,0.2826,0.385,0.0,2
Kolar,S2A_43PGQ_20220309_0_L2A,2022-03-09,MGRS-43PGQ,04.00,0.092646,317677,330,330,1.0,0.3076,0.3132,0.2575,0.3746,0.0,2
Kolar,S2B_44PKV_20220314_0_L2A,2022-03-14,MGRS-44PKV,04.00,29.079971,317455,78818,77307,0.9808,0.3324,0.3397,0.283,0.3869,0.0,2
Kolar,S2B_43PHQ_20220314_0_L2A,2022-03-14,MGRS-43PHQ,04.00,8.894171,317677,317677,313219,0.986,0.31,0.315,0.2668,0.3575,0.0,2
Kolar,S2B_43PGQ_20220314_0_L2A,2022-03-14,MGRS-43PGQ,04.00,0.202278,317677,330,324,0.9818,0.5547,0.5736,0.4528,0.6893,-0.1,2
Kolar,S2A_44PKV_20220319_1_L2A,2022-03-19,MGRS-44PKV,05.10,2.678926,317455,78818,72972,0.9258,0.6289,0.6368,0.5253,0.741,-0.1,2
Kolar,S2A_43PHQ_20220319_1_L2A,2022-03-19,MGRS-43PHQ,05.10,0.771524,317677,317677,307767,0.9688,0.5729,0.5839,0.485,0.6723,-0.1,2
Kolar,S2A_43PGQ_20220319_1_L2A,2022-03-19,MGRS-43PGQ,05.10,0.033801,317677,330,286,0.8667,0.5471,0.5578,0.4161,0.7136,-0.1,2
Kolar,S2A_44PKV_20220329_0_L2A,2022-03-29,MGRS-44PKV,04.00,2.010942,317455,78818,77618,0.9848,0.3328,0.3415,0.2811,0.3893,0.0,2
Kolar,S2A_43PHQ_20220329_0_L2A,2022-03-29,MGRS-43PHQ,04.00,1.009801,317677,317677,313932,0.9882,0.301,0.3063,0.2586,0.348,0.0,2
Kolar,S2A_43PGQ_20220329_0_L2A,2022-03-29,MGRS-43PGQ,04.00,0.209776,317677,330,330,1.0,0.2984,0.3005,0.2505,0.3589,0.0,2
Kolar,S2B_44PKV_20220403_0_L2A,2022-04-03,MGRS-44PKV,04.00,7.00634,317455,78818,76814,0.9746,0.3327,0.3414,0.2837,0.387,0.0,2
Kolar,S2B_43PHQ_20220403_0_L2A,2022-04-03,MGRS-43PHQ,04.00,7.903186,317677,317677,291029,0.9161,0.3226,0.3289,0.2744,0.3759,0.0,2
Kolar,S2B_43PGQ_20220403_0_L2A,2022-04-03,MGRS-43PGQ,04.00,11.982536,317677,330,330,1.0,0.3014,0.3045,0.2564,0.3601,0.0,2
Kolar,S2A_44PKV_20220408_0_L2A,2022-04-08,MGRS-44PKV,04.00,11.656179,317455,78818,75667,0.96,0.3093,0.3205,0.2566,0.3685,0.0,2
Kolar,S2A_43PHQ_20220408_0_L2A,2022-04-08,MGRS-43PHQ,04.00,6.891543,317677,317677,284182,0.8946,0.2955,0.3034,0.244,0.3533,0.0,2
Kolar,S2A_43PGQ_20220408_0_L2A,2022-04-08,MGRS-43PGQ,04.00,17.461732,317677,330,284,0.8606,0.2532,0.2594,0.2091,0.3056,0.0,2
Kolar,S2B_44PKV_20220413_0_L2A,2022-04-13,MGRS-44PKV,04.00,58.574796,317455,78818,21268,0.2698,0.2789,0.2918,0.225,0.3419,0.0,2
Kolar,S2B_43PHQ_20220413_0_L2A,2022-04-13,MGRS-43PHQ,04.00,51.524132,317677,315040,107456,0.3411,0.2707,0.2802,0.2175,0.3328,0.0,2
Kolar,S2A_44PKV_20220418_0_L2A,2022-04-18,MGRS-44PKV,04.00,41.419339,317455,78818,37556,0.4765,0.5905,0.5962,0.4681,0.7202,-0.1,2
Kolar,S2A_43PHQ_20220418_0_L2A,2022-04-18,MGRS-43PHQ,04.00,36.754352,317677,317677,160340,0.5047,0.2929,0.2982,0.2413,0.3497,0.0,2
Kolar,S2A_43PGQ_20220418_0_L2A,2022-04-18,MGRS-43PGQ,04.00,1.4039,317677,330,141,0.4273,0.4121,0.4261,0.3183,0.5101,-0.1,2
Kolar,S2A_44PKV_20220428_0_L2A,2022-04-28,MGRS-44PKV,04.00,0.718866,317455,78818,77906,0.9884,0.3503,0.3575,0.2938,0.4118,0.0,2
Kolar,S2A_43PHQ_20220428_0_L2A,2022-04-28,MGRS-43PHQ,04.00,0.782366,317677,317677,314329,0.9895,0.3399,0.3451,0.286,0.3981,0.0,2
Kolar,S2A_43PGQ_20220428_0_L2A,2022-04-28,MGRS-43PGQ,04.00,6.298873,317677,330,330,1.0,0.3164,0.3175,0.247,0.3827,0.0,2
Kolar,S2B_44PKV_20220503_0_L2A,2022-05-03,MGRS-44PKV,04.00,34.472942,317455,78818,66416,0.8427,0.3501,0.3565,0.2894,0.4156,0.0,2
Kolar,S2B_43PHQ_20220503_0_L2A,2022-05-03,MGRS-43PHQ,04.00,19.790097,317677,317677,268898,0.8465,0.3453,0.3507,0.2861,0.4096,0.0,2
Kolar,S2B_43PGQ_20220503_0_L2A,2022-05-03,MGRS-43PGQ,04.00,6.254099,317677,330,325,0.9848,0.3125,0.3142,0.2455,0.3791,0.0,2
Kolar,S2B_44PKV_20220523_0_L2A,2022-05-23,MGRS-44PKV,04.00,12.521209,317455,78818,64303,0.8158,0.4539,0.4491,0.384,0.5175,0.0,2
Kolar,S2B_43PHQ_20220523_0_L2A,2022-05-23,MGRS-43PHQ,04.00,13.13484,317677,317677,244054,0.7682,0.4325,0.4294,0.3581,0.5028,0.0,2
Kolar,S2A_44PKV_20220528_0_L2A,2022-05-28,MGRS-44PKV,04.00,1.28275,317455,78818,77959,0.9891,0.4746,0.4702,0.4067,0.5379,0.0,2
Kolar,S2A_43PHQ_20220528_0_L2A,2022-05-28,MGRS-43PHQ,04.00,0.022631,317677,317677,314367,0.9896,0.4643,0.4611,0.3957,0.5304,0.0,2
Kolar,S2A_43PGQ_20220528_0_L2A,2022-05-28,MGRS-43PGQ,04.00,14.512116,317677,330,330,1.0,0.4228,0.42,0.3276,0.5103,0.0,2
Kolar,S2B_44PKV_20220602_0_L2A,2022-06-02,MGRS-44PKV,04.00,44.912186,317455,78818,75583,0.959,0.4762,0.471,0.4103,0.537,0.0,2
Kolar,S2B_43PHQ_20220602_0_L2A,2022-06-02,MGRS-43PHQ,04.00,32.048368,317677,317677,271098,0.8534,0.4572,0.4531,0.3892,0.5213,0.0,2
Kolar,S2B_43PGQ_20220602_0_L2A,2022-06-02,MGRS-43PGQ,04.00,48.777586,317677,330,259,0.7848,0.4244,0.4213,0.3454,0.4995,0.0,2
Kolar,S2B_44PKV_20220612_0_L2A,2022-06-12,MGRS-44PKV,04.00,27.450591,317455,78818,76879,0.9754,0.5036,0.4977,0.4283,0.5725,0.0,2
Kolar,S2B_43PHQ_20220612_0_L2A,2022-06-12,MGRS-43PHQ,04.00,18.51168,317677,317677,308670,0.9716,0.4822,0.479,0.4048,0.5569,0.0,2
Kolar,S2B_43PGQ_20220612_0_L2A,2022-06-12,MGRS-43PGQ,04.00,44.024807,317677,330,330,1.0,0.4257,0.4334,0.3307,0.5439,0.0,2
Kolar,S2A_44PKV_20220617_0_L2A,2022-06-17,MGRS-44PKV,04.00,45.933956,317455,78818,53694,0.6812,0.5264,0.5191,0.4532,0.5929,0.0,2
Kolar,S2A_43PHQ_20220617_0_L2A,2022-06-17,MGRS-43PHQ,04.00,48.854718,317677,317677,248064,0.7809,0.5221,0.5146,0.4389,0.5989,0.0,2
Kolar,S2A_44PKV_20220727_0_L2A,2022-07-27,MGRS-44PKV,04.00,36.978397,317455,78818,52363,0.6644,0.4787,0.4726,0.3965,0.5563,0.0,2
Kolar,S2A_43PHQ_20220727_0_L2A,2022-07-27,MGRS-43PHQ,04.00,43.445712,317677,317677,195871,0.6166,0.4667,0.4567,0.3738,0.551,0.0,2
Kolar,S2A_43PGQ_20220727_0_L2A,2022-07-27,MGRS-43PGQ,04.00,58.718175,317677,330,130,0.3939,0.4599,0.4612,0.3519,0.599,0.0,2
Kolar,S2B_44PKV_20220801_0_L2A,2022-08-01,MGRS-44PKV,04.00,27.288976,317455,78818,71174,0.903,0.5164,0.5098,0.4461,0.5808,0.0,2
Kolar,S2B_43PHQ_20220801_0_L2A,2022-08-01,MGRS-43PHQ,04.00,33.183447,317677,317677,246077,0.7746,0.5123,0.5052,0.4273,0.5903,0.0,2
Kolar,S2B_43PGQ_20220801_0_L2A,2022-08-01,MGRS-43PGQ,04.00,44.288489,317677,330,207,0.6273,0.7002,0.6663,0.5235,0.8497,-0.1,2
Kolar,S2B_44PKV_20220811_0_L2A,2022-08-11,MGRS-44PKV,04.00,52.391279,317455,78818,2295,0.0291,0.4156,0.4139,0.35,0.4853,0.0,2
Kolar,S2A_44PKV_20220816_0_L2A,2022-08-16,MGRS-44PKV,04.00,35.932299,317455,78818,25904,0.3287,0.452,0.4522,0.3831,0.5223,0.0,2
Kolar,S2A_43PHQ_20220816_0_L2A,2022-08-16,MGRS-43PHQ,04.00,43.760571,317677,317677,112756,0.3549,0.4377,0.4365,0.3669,0.5076,0.0,2
Kolar,S2A_43PGQ_20220816_0_L2A,2022-08-16,MGRS-43PGQ,04.00,17.360081,317677,330,220,0.6667,0.6393,0.6307,0.5038,0.7846,-0.1,2
Kolar,S2A_44PKV_20220905_0_L2A,2022-09-05,MGRS-44PKV,04.00,38.48801,317455,78818,74178,0.9411,0.5777,0.5675,0.5056,0.6414,0.0,2
Kolar,S2A_43PHQ_20220905_0_L2A,2022-09-05,MGRS-43PHQ,04.00,12.497985,317677,317677,307590,0.9682,0.5671,0.5557,0.4891,0.6356,0.0,2
Kolar,S2A_43PGQ_20220905_0_L2A,2022-09-05,MGRS-43PGQ,04.00,33.584774,317677,330,330,1.0,0.5349,0.5315,0.4336,0.6383,0.0,2
Kolar,S2B_43PGQ_20220920_0_L2A,2022-09-20,MGRS-43PGQ,04.00,59.711421,317677,330,307,0.9303,0.4701,0.4739,0.3878,0.5541,0.0,2
Kolar,S2A_44PKV_20220925_0_L2A,2022-09-25,MGRS-44PKV,04.00,25.553811,317455,78818,27659,0.3509,0.4924,0.4887,0.4263,0.556,0.0,2
Kolar,S2A_43PHQ_20220925_0_L2A,2022-09-25,MGRS-43PHQ,04.00,24.478184,317677,317677,149828,0.4716,0.4814,0.4765,0.4134,0.5459,0.0,2
Kolar,S2A_43PGQ_20220925_0_L2A,2022-09-25,MGRS-43PGQ,04.00,30.027774,317677,330,229,0.6939,0.4336,0.4318,0.3593,0.516,0.0,2
Kolar,S2A_44PKV_20221015_0_L2A,2022-10-15,MGRS-44PKV,04.00,51.735145,317455,78818,11008,0.1397,0.8081,0.7342,0.6011,0.9205,-0.1,2
Kolar,S2A_43PHQ_20221015_0_L2A,2022-10-15,MGRS-43PHQ,04.00,40.609112,317677,317677,195957,0.6168,0.5413,0.5224,0.4616,0.6067,0.0,2
Kolar,S2B_43PHQ_20221020_0_L2A,2022-10-20,MGRS-43PHQ,04.00,58.872485,317677,317677,129891,0.4089,0.5693,0.5593,0.4958,0.6332,0.0,2
Kolar,S2B_43PGQ_20221020_0_L2A,2022-10-20,MGRS-43PGQ,04.00,52.408648,317677,330,9,0.0273,,,,,0.0,2
Kolar,S2A_44PKV_20221025_0_L2A,2022-10-25,MGRS-44PKV,04.00,0.001951,317455,78818,76712,0.9733,0.5612,0.5529,0.5016,0.6134,0.0,2
Kolar,S2A_43PHQ_20221025_0_L2A,2022-10-25,MGRS-43PHQ,04.00,0.130252,317677,317677,308635,0.9715,0.5593,0.5504,0.4996,0.6115,0.0,2
Kolar,S2A_43PGQ_20221025_0_L2A,2022-10-25,MGRS-43PGQ,04.00,0.019034,317677,330,125,0.3788,0.8513,0.8068,0.7509,0.9276,-0.1,2
Kolar,S2A_44PKV_20221104_0_L2A,2022-11-04,MGRS-44PKV,04.00,58.18311,317455,78818,12397,0.1573,0.5084,0.5067,0.437,0.5795,0.0,2
Kolar,S2B_44PKV_20221109_0_L2A,2022-11-09,MGRS-44PKV,04.00,36.879525,317455,78818,31655,0.4016,0.5677,0.559,0.5057,0.6212,0.0,2
Kolar,S2B_43PHQ_20221109_0_L2A,2022-11-09,MGRS-43PHQ,04.00,39.496982,317677,317677,131863,0.4151,0.5516,0.5458,0.4956,0.6042,0.0,2
Kolar,S2B_43PGQ_20221109_0_L2A,2022-11-09,MGRS-43PGQ,04.00,57.160044,317677,330,15,0.0455,,,,,0.0,2
Kolar,S2B_43PGQ_20221119_0_L2A,2022-11-19,MGRS-43PGQ,04.00,43.797696,317677,330,0,0.0,,,,,0.0,2
Kolar,S2B_44PKV_20221129_0_L2A,2022-11-29,MGRS-44PKV,04.00,32.844436,317455,78818,16930,0.2148,0.5017,0.4932,0.4385,0.5595,0.0,2
Kolar,S2B_43PHQ_20221129_0_L2A,2022-11-29,MGRS-43PHQ,04.00,33.768153,317677,317677,216897,0.6828,0.5062,0.493,0.4381,0.564,0.0,2
Kolar,S2B_43PGQ_20221129_0_L2A,2022-11-29,MGRS-43PGQ,04.00,27.179575,317677,330,220,0.6667,0.5223,0.5371,0.4577,0.5885,0.0,2
Kolar,S2A_43PHQ_20221204_0_L2A,2022-12-04,MGRS-43PHQ,04.00,36.937234,317677,317677,254909,0.8024,0.5374,0.5297,0.4723,0.5962,0.0,2
Kolar,S2A_43PGQ_20221204_0_L2A,2022-12-04,MGRS-43PGQ,04.00,28.144103,317677,330,324,0.9818,0.4866,0.4854,0.4148,0.5553,0.0,2
Kolar,S2B_43PHQ_20221219_2_L2A,2022-12-19,MGRS-43PHQ,05.09,53.015989,317677,27055,7631,0.2821,0.5464,0.5447,0.4776,0.6097,0.0,2
Kolar,S2B_44PKV_20221219_1_L2A,2022-12-19,MGRS-44PKV,05.09,30.261898,317455,78818,45715,0.58,0.4882,0.4827,0.4295,0.5427,0.0,2
Kolar,S2B_43PGQ_20221219_1_L2A,2022-12-19,MGRS-43PGQ,05.09,26.495957,317677,330,2,0.0061,,,,,0.0,2
Kolar,S2A_44PKV_20221224_0_L2A,2022-12-24,MGRS-44PKV,05.09,26.001918,317455,78818,76047,0.9648,0.5155,0.5088,0.4535,0.5719,0.0,2
Kolar,S2A_43PHQ_20221224_0_L2A,2022-12-24,MGRS-43PHQ,05.09,5.401555,317677,317677,308853,0.9722,0.5024,0.4964,0.4442,0.5559,0.0,2
Kolar,S2A_43PGQ_20221224_0_L2A,2022-12-24,MGRS-43PGQ,05.09,0.356106,317677,330,330,1.0,0.4388,0.4374,0.3664,0.5073,0.0,2
Kolar,S2B_44PKV_20221229_0_L2A,2022-12-29,MGRS-44PKV,05.09,0.462112,317455,78818,75365,0.9562,0.5277,0.5207,0.4663,0.5835,0.0,2
Kolar,S2B_43PHQ_20221229_0_L2A,2022-12-29,MGRS-43PHQ,05.09,1.246658,317677,317677,301901,0.9503,0.5117,0.506,0.4536,0.5653,0.0,2
Kolar,S2B_43PGQ_20221229_0_L2A,2022-12-29,MGRS-43PGQ,05.09,2.028834,317677,330,330,1.0,0.4589,0.4492,0.3768,0.5206,0.0,2
Kolar,S2A_44PKV_20230103_0_L2A,2023-01-03,MGRS-44PKV,05.09,30.923212,317455,78818,32753,0.4156,0.4701,0.4659,0.4102,0.5246,0.0,2
Kolar,S2A_43PHQ_20230103_0_L2A,2023-01-03,MGRS-43PHQ,05.09,27.419591,317677,317677,146874,0.4623,0.4658,0.4618,0.4105,0.5174,0.0,2
Kolar,S2A_43PGQ_20230103_0_L2A,2023-01-03,MGRS-43PGQ,05.09,21.230434,317677,330,247,0.7485,0.4178,0.4242,0.3522,0.4906,0.0,2
Kolar,S2B_44PKV_20230108_0_L2A,2023-01-08,MGRS-44PKV,05.09,4.050793,317455,78818,67585,0.8575,0.4711,0.4674,0.4162,0.5238,0.0,2
Kolar,S2B_43PHQ_20230108_0_L2A,2023-01-08,MGRS-43PHQ,05.09,3.503907,317677,317677,269946,0.8497,0.4661,0.4617,0.4117,0.5174,0.0,2
Kolar,S2B_43PGQ_20230108_0_L2A,2023-01-08,MGRS-43PGQ,05.09,9.709778,317677,330,272,0.8242,0.4137,0.417,0.3363,0.4782,0.0,2
Kolar,S2B_44PKV_20230118_0_L2A,2023-01-18,MGRS-44PKV,05.09,7.375374,317455,78818,75802,0.9617,0.4724,0.4694,0.4178,0.5247,0.0,2
Kolar,S2B_43PHQ_20230118_0_L2A,2023-01-18,MGRS-43PHQ,05.09,7.260828,317677,317677,300014,0.9444,0.4635,0.4608,0.4084,0.517,0.0,2
Kolar,S2B_43PGQ_20230118_0_L2A,2023-01-18,MGRS-43PGQ,05.09,6.205066,317677,330,330,1.0,0.4106,0.4169,0.3418,0.4861,0.0,2
Kolar,S2A_43PGQ_20230123_0_L2A,2023-01-23,MGRS-43PGQ,05.09,24.7798,317677,330,0,0.0,,,,,0.0,2
Kolar,S2B_44PKV_20230128_0_L2A,2023-01-28,MGRS-44PKV,05.09,3.2235,317455,78818,76625,0.9722,0.4342,0.4333,0.3829,0.4855,0.0,2
Kolar,S2B_43PHQ_20230128_0_L2A,2023-01-28,MGRS-43PHQ,05.09,0.005577,317677,317677,310777,0.9783,0.4252,0.4243,0.3736,0.4769,0.0,2
Kolar,S2B_43PGQ_20230128_0_L2A,2023-01-28,MGRS-43PGQ,05.09,0.00026,317677,330,330,1.0,0.373,0.3854,0.3132,0.4555,0.0,2
Kolar,S2B_44PKV_20230207_0_L2A,2023-02-07,MGRS-44PKV,05.09,0.045401,317455,78818,76677,0.9728,0.3844,0.3853,0.3409,0.4298,0.0,2
Kolar,S2B_43PHQ_20230207_0_L2A,2023-02-07,MGRS-43PHQ,05.09,0.001065,317677,317677,310951,0.9788,0.3829,0.3837,0.3365,0.4308,0.0,2
Kolar,S2B_43PGQ_20230207_0_L2A,2023-02-07,MGRS-43PGQ,05.09,3.82834,317677,330,330,1.0,0.3515,0.3671,0.2905,0.4351,0.0,2
Kolar,S2A_44PKV_20230212_0_L2A,2023-02-12,MGRS-44PKV,05.09,4.265026,317455,78818,76938,0.9761,0.3937,0.396,0.3442,0.4461,0.0,2
Kolar,S2A_43PHQ_20230212_0_L2A,2023-02-12,MGRS-43PHQ,05.09,1.692748,317677,317677,311888,0.9818,0.3874,0.3896,0.3363,0.4412,0.0,2
Kolar,S2A_43PGQ_20230212_0_L2A,2023-02-12,MGRS-43PGQ,05.09,4.77499,317677,330,330,1.0,0.3427,0.3605,0.2811,0.4312,0.0,2
Kolar,S2B_44PKV_20230217_0_L2A,2023-02-17,MGRS-44PKV,05.09,0.641856,317455,78818,77006,0.977,0.3826,0.3856,0.3327,0.4359,0.0,2
Kolar,S2B_43PHQ_20230217_0_L2A,2023-02-17,MGRS-43PHQ,05.09,0.000557,317677,317677,311868,0.9817,0.3738,0.3767,0.3233,0.4274,0.0,2
Kolar,S2B_43PGQ_20230217_0_L2A,2023-02-17,MGRS-43PGQ,05.09,0.000671,317677,330,330,1.0,0.3356,0.3548,0.2742,0.4207,0.0,2
Kolar,S2A_44PKV_20230222_0_L2A,2023-02-22,MGRS-44PKV,05.09,0.000126,317455,78818,76827,0.9747,0.3746,0.3784,0.324,0.4289,0.0,2
Kolar,S2A_43PHQ_20230222_0_L2A,2023-02-22,MGRS-43PHQ,05.09,0.000133,317677,317677,311618,0.9809,0.3673,0.3707,0.3158,0.422,0.0,2
Kolar,S2A_43PGQ_20230222_0_L2A,2023-02-22,MGRS-43PGQ,05.09,0.00998,317677,330,330,1.0,0.3267,0.3477,0.2654,0.4115,0.0,2
Kolar,S2B_44PKV_20230227_0_L2A,2023-02-27,MGRS-44PKV,05.09,0.000839,317455,78818,77168,0.9791,0.3651,0.3687,0.317,0.4164,0.0,2
Kolar,S2B_43PHQ_20230227_0_L2A,2023-02-27,MGRS-43PHQ,05.09,0.001603,317677,317677,312374,0.9833,0.3581,0.3617,0.3085,0.4108,0.0,2
Kolar,S2B_43PGQ_20230227_0_L2A,2023-02-27,MGRS-43PGQ,05.09,0.003409,317677,330,330,1.0,0.3243,0.3424,0.2609,0.4079,0.0,2
Kolar,S2A_44PKV_20230304_0_L2A,2023-03-04,MGRS-44PKV,05.09,3e-06,317455,78818,77121,0.9785,0.3541,0.3579,0.3047,0.4059,0.0,2
Kolar,S2A_43PHQ_20230304_0_L2A,2023-03-04,MGRS-43PHQ,05.09,8e-05,317677,317677,312429,0.9835,0.3448,0.3488,0.2949,0.3983,0.0,2
Kolar,S2A_43PGQ_20230304_0_L2A,2023-03-04,MGRS-43PGQ,05.09,0.000205,317677,330,330,1.0,0.3153,0.3281,0.25,0.392,0.0,2
Kolar,S2A_44PKV_20230314_0_L2A,2023-03-14,MGRS-44PKV,05.09,0,317455,78818,77225,0.9798,0.3426,0.3471,0.2919,0.3959,0.0,2
Kolar,S2A_43PHQ_20230314_0_L2A,2023-03-14,MGRS-43PHQ,05.09,4e-05,317677,317677,312639,0.9841,0.3181,0.3218,0.2746,0.365,0.0,2
Kolar,S2A_43PGQ_20230314_0_L2A,2023-03-14,MGRS-43PGQ,05.09,0.021183,317677,330,330,1.0,0.2879,0.3023,0.2366,0.3577,0.0,2
Kolar,S2B_44PKV_20230319_0_L2A,2023-03-19,MGRS-44PKV,05.09,32.560033,317455,78818,70947,0.9001,0.3679,0.3714,0.3036,0.4351,0.0,2
Kolar,S2B_43PHQ_20230319_0_L2A,2023-03-19,MGRS-43PHQ,05.09,24.724086,317677,317677,277521,0.8736,0.3414,0.3445,0.2864,0.3999,0.0,2
Kolar,S2B_43PGQ_20230319_0_L2A,2023-03-19,MGRS-43PGQ,05.09,13.843477,317677,330,224,0.6788,0.2446,0.2544,0.1807,0.3171,0.0,2
Kolar,S2A_44PKV_20230324_0_L2A,2023-03-24,MGRS-44PKV,05.09,32.893473,317455,78818,74841,0.9495,0.3649,0.3683,0.3017,0.4301,0.0,2
Kolar,S2A_43PHQ_20230324_0_L2A,2023-03-24,MGRS-43PHQ,05.09,20.081808,317677,317677,305717,0.9624,0.3514,0.3556,0.2914,0.4156,0.0,2
Kolar,S2A_43PGQ_20230324_0_L2A,2023-03-24,MGRS-43PGQ,05.09,44.881931,317677,330,330,1.0,0.2661,0.2812,0.2195,0.337,0.0,2
Kolar,S2B_44PKV_20230329_0_L2A,2023-03-29,MGRS-44PKV,05.09,7.216956,317455,78818,70252,0.8913,0.3619,0.3643,0.2998,0.4258,0.0,2
Kolar,S2B_43PHQ_20230329_0_L2A,2023-03-29,MGRS-43PHQ,05.09,9.745499,317677,317677,292799,0.9217,0.3541,0.3576,0.2957,0.4163,0.0,2
Kolar,S2B_43PGQ_20230329_0_L2A,2023-03-29,MGRS-43PGQ,05.09,57.548302,317677,330,330,1.0,0.2919,0.3061,0.2293,0.3732,0.0,2
Kolar,S2A_44PKV_20230403_0_L2A,2023-04-03,MGRS-44PKV,05.09,15.65381,317455,78818,68540,0.8696,0.3959,0.3998,0.3268,0.4693,0.0,2
Kolar,S2A_43PHQ_20230403_0_L2A,2023-04-03,MGRS-43PHQ,05.09,12.126198,317677,317677,270150,0.8504,0.3801,0.3841,0.3139,0.4516,0.0,2
Kolar,S2A_43PGQ_20230403_0_L2A,2023-04-03,MGRS-43PGQ,05.09,5.606341,317677,330,209,0.6333,0.2596,0.2772,0.1998,0.3417,0.0,2
Kolar,S2B_44PKV_20230408_0_L2A,2023-04-08,MGRS-44PKV,05.09,7.223845,317455,78818,77551,0.9839,0.3927,0.3962,0.3284,0.4602,0.0,2
Kolar,S2B_43PHQ_20230408_0_L2A,2023-04-08,MGRS-43PHQ,05.09,1.070255,317677,317677,307938,0.9693,0.3791,0.3826,0.3164,0.446,0.0,2
Kolar,S2B_43PGQ_20230408_0_L2A,2023-04-08,MGRS-43PGQ,05.09,1.082982,317677,330,330,1.0,0.2891,0.3082,0.2245,0.3718,0.0,2
Kolar,S2A_44PKV_20230413_0_L2A,2023-04-13,MGRS-44PKV,05.09,1.407069,317455,78818,77562,0.9841,0.3772,0.3818,0.3164,0.4416,0.0,2
Kolar,S2A_43PHQ_20230413_0_L2A,2023-04-13,MGRS-43PHQ,05.09,1.538757,317677,317677,313531,0.9869,0.3613,0.3654,0.3042,0.4227,0.0,2
Kolar,S2A_43PGQ_20230413_0_L2A,2023-04-13,MGRS-43PGQ,05.09,0.000171,317677,330,330,1.0,0.281,0.3002,0.2239,0.3578,0.0,2
Kolar,S2B_44PKV_20230418_0_L2A,2023-04-18,MGRS-44PKV,05.09,0.000153,317455,78818,77658,0.9853,0.3669,0.3716,0.3086,0.428,0.0,2
Kolar,S2B_43PHQ_20230418_0_L2A,2023-04-18,MGRS-43PHQ,05.09,3e-06,317677,317677,313853,0.988,0.352,0.3566,0.2974,0.4111,0.0,2
Kolar,S2B_43PGQ_20230418_0_L2A,2023-04-18,MGRS-43PGQ,05.09,0.037436,317677,330,330,1.0,0.2805,0.2981,0.2261,0.3561,0.0,2
Kolar,S2A_44PKV_20230423_0_L2A,2023-04-23,MGRS-44PKV,05.09,8.650081,317455,78818,77106,0.9783,0.3962,0.4,0.3348,0.4602,0.0,2
Kolar,S2A_43PHQ_20230423_0_L2A,2023-04-23,MGRS-43PHQ,05.09,7.371621,317677,317677,302591,0.9525,0.3471,0.3509,0.289,0.4097,0.0,2
Kolar,S2A_43PGQ_20230423_0_L2A,2023-04-23,MGRS-43PGQ,05.09,4.642225,317677,330,323,0.9788,0.274,0.2888,0.2215,0.3455,0.0,2
Kolar,S2B_44PKV_20230428_0_L2A,2023-04-28,MGRS-44PKV,05.09,46.83933,317455,78818,14996,0.1903,0.3786,0.3782,0.336,0.4208,0.0,2
Kolar,S2B_43PHQ_20230428_0_L2A,2023-04-28,MGRS-43PHQ,05.09,50.394213,317677,317677,129629,0.4081,0.3334,0.334,0.2753,0.3901,0.0,2
Kolar,S2B_43PGQ_20230428_0_L2A,2023-04-28,MGRS-43PGQ,05.09,42.511547,317677,330,0,0.0,,,,,0.0,2
Kolar,S2B_44PKV_20230508_0_L2A,2023-05-08,MGRS-44PKV,05.09,29.371545,317455,78818,32475,0.412,0.4155,0.4156,0.3486,0.4852,0.0,2
Kolar,S2B_43PHQ_20230508_0_L2A,2023-05-08,MGRS-43PHQ,05.09,53.892905,317677,317677,92626,0.2916,0.4141,0.412,0.3425,0.4846,0.0,2
Kolar,S2B_44PKV_20230518_0_L2A,2023-05-18,MGRS-44PKV,05.09,19.815196,317455,78818,64362,0.8166,0.4408,0.4411,0.3824,0.501,0.0,2
Kolar,S2B_43PHQ_20230518_0_L2A,2023-05-18,MGRS-43PHQ,05.09,17.449364,317677,317677,289989,0.9128,0.4462,0.4455,0.382,0.5109,0.0,2
Kolar,S2B_43PGQ_20230518_0_L2A,2023-05-18,MGRS-43PGQ,05.09,4.636491,317677,330,319,0.9667,0.4282,0.4345,0.3442,0.5255,0.0,2
Kolar,S2A_44PKV_20230523_0_L2A,2023-05-23,MGRS-44PKV,05.09,52.944833,317455,78818,74647,0.9471,0.4459,0.4443,0.3827,0.5082,0.0,2
Kolar,S2A_43PHQ_20230523_0_L2A,2023-05-23,MGRS-43PHQ,05.09,44.915941,317677,317677,199411,0.6277,0.4456,0.4444,0.384,0.5068,0.0,2
Kolar,S2A_43PGQ_20230523_0_L2A,2023-05-23,MGRS-43PGQ,05.09,23.335014,317677,330,10,0.0303,,,,,0.0,2
Kolar,S2B_44PKV_20230528_0_L2A,2023-05-28,MGRS-44PKV,05.09,12.118659,317455,78818,77840,0.9876,0.4444,0.4438,0.3809,0.5086,0.0,2
Kolar,S2B_43PHQ_20230528_0_L2A,2023-05-28,MGRS-43PHQ,05.09,1.209492,317677,317677,313930,0.9882,0.4428,0.4416,0.3771,0.5076,0.0,2
Kolar,S2B_43PGQ_20230528_0_L2A,2023-05-28,MGRS-43PGQ,05.09,2.518261,317677,330,330,1.0,0.399,0.4065,0.3211,0.4914,0.0,2
Kolar,S2A_44PKV_20230602_0_L2A,2023-06-02,MGRS-44PKV,05.09,8.253878,317455,78818,73681,0.9348,0.4586,0.4557,0.3945,0.5215,0.0,2
Kolar,S2A_43PHQ_20230602_0_L2A,2023-06-02,MGRS-43PHQ,05.09,15.09431,317677,317677,306362,0.9644,0.4556,0.4531,0.3838,0.5247,0.0,2
Kolar,S2A_43PGQ_20230602_0_L2A,2023-06-02,MGRS-43PGQ,05.09,51.97041,317677,330,330,1.0,0.4073,0.4189,0.3383,0.5007,0.0,2
Kolar,S2A_44PKV_20230612_0_L2A,2023-06-12,MGRS-44PKV,05.09,17.877755,317455,78818,73004,0.9262,0.3915,0.4034,0.3347,0.4633,0.0,2
Kolar,S2A_43PHQ_20230612_0_L2A,2023-06-12,MGRS-43PHQ,05.09,29.876241,317677,317677,179094,0.5638,0.3692,0.3803,0.3157,0.4351,0.0,2
Kolar,S2A_43PGQ_20230612_0_L2A,2023-06-12,MGRS-43PGQ,05.09,52.617937,317677,330,82,0.2485,0.3131,0.3603,0.2644,0.421,0.0,2
Kolar,S2B_44PKV_20230806_0_L2A,2023-08-06,MGRS-44PKV,05.09,25.894582,317455,78818,32362,0.4106,0.3953,0.3956,0.3296,0.4608,0.0,2
Kolar,S2B_43PHQ_20230806_0_L2A,2023-08-06,MGRS-43PHQ,05.09,53.770405,317677,317677,60586,0.1907,0.3866,0.3874,0.3169,0.4566,0.0,2
Kolar,S2B_44PKV_20230816_0_L2A,2023-08-16,MGRS-44PKV,05.09,25.494912,317455,78818,34894,0.4427,0.3779,0.3793,0.3197,0.4352,0.0,2
Kolar,S2B_43PHQ_20230816_0_L2A,2023-08-16,MGRS-43PHQ,05.09,27.944213,317677,317677,178038,0.5604,0.3726,0.3755,0.313,0.4352,0.0,2
Kolar,S2B_43PGQ_20230816_0_L2A,2023-08-16,MGRS-43PGQ,05.09,15.216291,317677,330,247,0.7485,0.39,0.4024,0.3134,0.4823,0.0,2
Kolar,S2A_44PKV_20230821_0_L2A,2023-08-21,MGRS-44PKV,05.09,23.95785,317455,78818,46456,0.5894,0.362,0.3626,0.3029,0.4204,0.0,2
Kolar,S2A_43PHQ_20230821_0_L2A,2023-08-21,MGRS-43PHQ,05.09,21.822764,317677,317677,220525,0.6942,0.3564,0.3572,0.2986,0.4152,0.0,2
Kolar,S2A_43PGQ_20230821_0_L2A,2023-08-21,MGRS-43PGQ,05.09,45.168999,317677,330,295,0.8939,0.3448,0.3552,0.2687,0.4274,0.0,2
Kolar,S2B_43PHQ_20230826_0_L2A,2023-08-26,MGRS-43PHQ,05.09,56.522119,317677,317677,158828,0.5,0.3301,0.3359,0.2777,0.3885,0.0,2
Kolar,S2A_44PKV_20230831_0_L2A,2023-08-31,MGRS-44PKV,05.09,52.891272,317455,78818,6214,0.0788,0.3747,0.3727,0.3004,0.4445,0.0,2
Kolar,S2B_44PKV_20230915_0_L2A,2023-09-15,MGRS-44PKV,05.09,39.919934,317455,78818,42241,0.5359,0.4304,0.4276,0.3634,0.4939,0.0,2
Kolar,S2B_43PHQ_20230915_0_L2A,2023-09-15,MGRS-43PHQ,05.09,53.083366,317677,317677,127681,0.4019,0.426,0.4232,0.3577,0.4909,0.0,2
Kolar,S2A_44PKV_20230930_1_L2A,2023-09-30,MGRS-44PKV,05.09,51.045722,317455,33,0,0.0,,,,,0.0,2
Kolar,S2B_44PKV_20231005_0_L2A,2023-10-05,MGRS-44PKV,05.09,21.808368,317455,78818,40602,0.5151,0.4739,0.4664,0.4023,0.5396,0.0,2
Kolar,S2B_43PHQ_20231005_0_L2A,2023-10-05,MGRS-43PHQ,05.09,34.654117,317677,317677,139444,0.4389,0.4629,0.4564,0.3912,0.5279,0.0,2
Kolar,S2B_43PGQ_20231005_0_L2A,2023-10-05,MGRS-43PGQ,05.09,30.90049,317677,330,324,0.9818,0.4862,0.48,0.4173,0.5552,0.0,2
Kolar,S2A_44PKV_20231010_0_L2A,2023-10-10,MGRS-44PKV,05.09,21.714023,317455,78818,27893,0.3539,0.4917,0.4836,0.4146,0.5602,0.0,2
Kolar,S2A_43PHQ_20231010_0_L2A,2023-10-10,MGRS-43PHQ,05.09,24.968033,317677,317677,163908,0.516,0.5379,0.5293,0.4625,0.6053,0.0,2
Kolar,S2A_43PGQ_20231010_0_L2A,2023-10-10,MGRS-43PGQ,05.09,16.603056,317677,330,259,0.7848,0.5926,0.5845,0.5023,0.675,0.0,2
Kolar,S2B_44PKV_20231015_0_L2A,2023-10-15,MGRS-44PKV,05.09,40.02336,317455,78818,62033,0.787,0.5441,0.5383,0.4717,0.6122,0.0,2
Kolar,S2B_43PHQ_20231015_0_L2A,2023-10-15,MGRS-43PHQ,05.09,28.19221,317677,317677,278373,0.8763,0.5424,0.5361,0.4735,0.6061,0.0,2
Kolar,S2A_44PKV_20231020_0_L2A,2023-10-20,MGRS-44PKV,05.09,0.90868,317455,78818,77773,0.9867,0.5164,0.5118,0.4565,0.5731,0.0,2
Kolar,S2A_43PHQ_20231020_0_L2A,2023-10-20,MGRS-43PHQ,05.09,1.989638,317677,317677,297425,0.9362,0.5093,0.5047,0.4526,0.5625,0.0,2
Kolar,S2A_43PGQ_20231020_0_L2A,2023-10-20,MGRS-43PGQ,05.09,6.556788,317677,330,311,0.9424,0.5362,0.5303,0.4647,0.6065,0.0,2
Kolar,S2B_44PKV_20231025_0_L2A,2023-10-25,MGRS-44PKV,05.09,8.028636,317455,78818,69267,0.8788,0.5018,0.4993,0.4385,0.5626,0.0,2
Kolar,S2B_43PHQ_20231025_0_L2A,2023-10-25,MGRS-43PHQ,05.09,3.879264,317677,317677,297191,0.9355,0.5088,0.5049,0.4476,0.5671,0.0,2
Kolar,S2B_43PGQ_20231025_0_L2A,2023-10-25,MGRS-43PGQ,05.09,0.126367,317677,330,330,1.0,0.5291,0.5259,0.4564,0.5977,0.0,2
Kolar,S2A_44PKV_20231119_0_L2A,2023-11-19,MGRS-44PKV,05.09,44.35392,317455,78818,57285,0.7268,0.4996,0.4967,0.4427,0.5543,0.0,2
Kolar,S2A_43PHQ_20231119_0_L2A,2023-11-19,MGRS-43PHQ,05.09,24.439922,317677,317677,285831,0.8998,0.5128,0.5092,0.4536,0.5702,0.0,2
Kolar,S2A_43PGQ_20231119_0_L2A,2023-11-19,MGRS-43PGQ,05.09,12.353111,317677,330,330,1.0,0.5127,0.5052,0.4443,0.5724,0.0,2
Kolar,S2A_44PKV_20231209_0_L2A,2023-12-09,MGRS-44PKV,05.09,51.770073,317455,78818,8259,0.1048,0.4034,0.4047,0.3389,0.4687,0.0,2
Kolar,S2B_44PKV_20231214_0_L2A,2023-12-14,MGRS-44PKV,05.10,50.715244,317455,78818,25891,0.3285,0.4981,0.4966,0.4289,0.5662,0.0,2
Kolar,S2B_43PHQ_20231214_0_L2A,2023-12-14,MGRS-43PHQ,05.10,46.745372,317677,317677,116544,0.3669,0.4713,0.4709,0.406,0.5373,0.0,2
Kolar,S2A_43PGQ_20231219_0_L2A,2023-12-19,MGRS-43PGQ,05.10,30.480945,317677,330,0,0.0,,,,,0.0,2
Kolar,S2B_44PKV_20231224_0_L2A,2023-12-24,MGRS-44PKV,05.10,10.842263,317455,78818,74047,0.9395,0.4797,0.4803,0.4146,0.5461,0.0,2
Kolar,S2B_43PHQ_20231224_0_L2A,2023-12-24,MGRS-43PHQ,05.10,11.104452,317677,317677,283910,0.8937,0.4526,0.4545,0.3896,0.5189,0.0,2
Kolar,S2B_43PGQ_20231224_0_L2A,2023-12-24,MGRS-43PGQ,05.10,20.969899,317677,330,330,1.0,0.4189,0.4212,0.3494,0.4958,0.0,2
Kolar,S2A_44PKV_20240118_0_L2A,2024-01-18,MGRS-44PKV,05.10,5.456923,317455,78818,78299,0.9934,0.344,0.3481,0.3033,0.3892,0.0,2
Kolar,S2A_43PHQ_20240118_0_L2A,2024-01-18,MGRS-43PHQ,05.10,0.015166,317677,317677,315786,0.994,0.3413,0.3448,0.2981,0.3883,0.0,2
Kolar,S2A_43PGQ_20240118_0_L2A,2024-01-18,MGRS-43PGQ,05.10,0.154101,317677,330,330,1.0,0.3255,0.3415,0.2744,0.4069,0.0,2
Kolar,S2B_44PKV_20240123_0_L2A,2024-01-23,MGRS-44PKV,05.10,24.582964,317455,78818,78322,0.9937,0.3553,0.3613,0.3065,0.4102,0.0,2
Kolar,S2B_43PHQ_20240123_0_L2A,2024-01-23,MGRS-43PHQ,05.10,2.648983,317677,317677,315758,0.994,0.3546,0.3599,0.3034,0.4112,0.0,2
Kolar,S2B_43PGQ_20240123_0_L2A,2024-01-23,MGRS-43PGQ,05.10,0.139542,317677,330,330,1.0,0.3315,0.3487,0.2751,0.4256,0.0,2
Kolar,S2A_44PKV_20240128_0_L2A,2024-01-28,MGRS-44PKV,05.10,45.156437,317455,78818,22635,0.2872,0.3165,0.3244,0.2641,0.3756,0.0,2
Kolar,S2A_43PHQ_20240128_0_L2A,2024-01-28,MGRS-43PHQ,05.10,51.552814,317677,317677,90238,0.2841,0.3326,0.3393,0.2759,0.3962,0.0,2
Kolar,S2A_43PGQ_20240128_0_L2A,2024-01-28,MGRS-43PGQ,05.10,44.608408,317677,330,173,0.5242,0.3304,0.342,0.2542,0.4213,0.0,2
Kolar,S2B_44PKV_20240202_0_L2A,2024-02-02,MGRS-44PKV,05.10,45.288682,317455,78818,32494,0.4123,0.2999,0.3068,0.245,0.3624,0.0,2
Kolar,S2B_43PHQ_20240202_0_L2A,2024-02-02,MGRS-43PHQ,05.10,47.746012,317677,317677,97375,0.3065,0.3115,0.318,0.2549,0.374,0.0,2
Kolar,S2B_43PGQ_20240202_0_L2A,2024-02-02,MGRS-43PGQ,05.10,23.384118,317677,330,135,0.4091,0.261,0.2757,0.1929,0.3335,0.0,2
Kolar,S2A_44PKV_20240207_0_L2A,2024-02-07,MGRS-44PKV,05.10,0.000285,317455,78818,78442,0.9952,0.3261,0.334,0.2756,0.3844,0.0,2
Kolar,S2A_43PHQ_20240207_0_L2A,2024-02-07,MGRS-43PHQ,05.10,0.000458,317677,317677,316139,0.9952,0.3269,0.3337,0.2749,0.3853,0.0,2
Kolar,S2A_43PGQ_20240207_0_L2A,2024-02-07,MGRS-43PGQ,05.10,0.000196,317677,330,330,1.0,0.3047,0.3124,0.2464,0.3863,0.0,2
Kolar,S2B_44PKV_20240212_0_L2A,2024-02-12,MGRS-44PKV,05.10,17.080985,317455,78818,78427,0.995,0.3197,0.328,0.2685,0.3791,0.0,2
Kolar,S2B_43PHQ_20240212_0_L2A,2024-02-12,MGRS-43PHQ,05.10,3.50176,317677,317677,316055,0.9949,0.3224,0.3298,0.2693,0.3822,0.0,2
Kolar,S2B_43PGQ_20240212_0_L2A,2024-02-12,MGRS-43PGQ,05.10,0.72503,317677,330,330,1.0,0.2965,0.3015,0.2394,0.3712,0.0,2
Kolar,S2A_44PKV_20240217_0_L2A,2024-02-17,MGRS-44PKV,05.10,13.61333,317455,78818,78475,0.9956,0.3036,0.3122,0.2531,0.3627,0.0,2
Kolar,S2A_43PHQ_20240217_0_L2A,2024-02-17,MGRS-43PHQ,05.10,9.891613,317677,317677,316240,0.9955,0.3052,0.3128,0.2536,0.3639,0.0,2
Kolar,S2A_43PGQ_20240217_0_L2A,2024-02-17,MGRS-43PGQ,05.10,12.350301,317677,330,330,1.0,0.2828,0.2916,0.2237,0.3571,0.0,2
Kolar,S2B_44PKV_20240222_0_L2A,2024-02-22,MGRS-44PKV,05.10,13.534255,317455,78818,54701,0.694,0.2676,0.276,0.2177,0.3286,0.0,2
Kolar,S2B_43PHQ_20240222_0_L2A,2024-02-22,MGRS-43PHQ,05.10,8.708429,317677,317677,274838,0.8651,0.2733,0.2793,0.2283,0.3241,0.0,2
Kolar,S2B_43PGQ_20240222_0_L2A,2024-02-22,MGRS-43PGQ,05.10,0.473158,317677,330,330,1.0,0.2627,0.2695,0.215,0.3224,0.0,2
Kolar,S2A_44PKV_20240227_0_L2A,2024-02-27,MGRS-44PKV,05.10,52.296931,317455,78818,42368,0.5375,0.2754,0.2836,0.2206,0.3395,0.0,2
Kolar,S2A_43PHQ_20240227_0_L2A,2024-02-27,MGRS-43PHQ,05.10,30.899611,317677,317677,224843,0.7078,0.2762,0.2837,0.2254,0.3348,0.0,2
Kolar,S2A_43PGQ_20240227_0_L2A,2024-02-27,MGRS-43PGQ,05.10,1.489629,317677,330,328,0.9939,0.2705,0.2826,0.2162,0.3463,0.0,2
Kolar,S2B_44PKV_20240303_0_L2A,2024-03-03,MGRS-44PKV,05.10,0.494468,317455,78818,78481,0.9957,0.2836,0.2927,0.2338,0.3432,0.0,2
Kolar,S2B_43PHQ_20240303_0_L2A,2024-03-03,MGRS-43PHQ,05.10,2.311104,317677,317677,316323,0.9957,0.2854,0.2937,0.2348,0.3441,0.0,2
Kolar,S2B_43PGQ_20240303_0_L2A,2024-03-03,MGRS-43PGQ,05.10,3.72376,317677,330,330,1.0,0.2751,0.2859,0.2113,0.3503,0.0,2
Kolar,S2A_44PKV_20240308_0_L2A,2024-03-08,MGRS-44PKV,05.10,8e-05,317455,78818,78504,0.996,0.2841,0.2939,0.2334,0.3454,0.0,2
Kolar,S2A_43PHQ_20240308_0_L2A,2024-03-08,MGRS-43PHQ,05.10,7e-05,317677,317677,316398,0.996,0.2728,0.2804,0.227,0.326,0.0,2
Kolar,S2A_43PGQ_20240308_0_L2A,2024-03-08,MGRS-43PGQ,05.10,0.19762,317677,330,330,1.0,0.2486,0.2568,0.2054,0.3111,0.0,2
Kolar,S2B_44PKV_20240313_0_L2A,2024-03-13,MGRS-44PKV,05.10,0.000222,317455,78818,78538,0.9964,0.2838,0.2929,0.233,0.3438,0.0,2
Kolar,S2B_43PHQ_20240313_0_L2A,2024-03-13,MGRS-43PHQ,05.10,0.000352,317677,317677,316558,0.9965,0.2856,0.294,0.2348,0.3446,0.0,2
Kolar,S2B_43PGQ_20240313_0_L2A,2024-03-13,MGRS-43PGQ,05.10,0.000111,317677,330,330,1.0,0.251,0.2601,0.2078,0.3136,0.0,2
Kolar,S2A_44PKV_20240318_0_L2A,2024-03-18,MGRS-44PKV,05.10,0.276542,317455,78818,78550,0.9966,0.2743,0.2836,0.2254,0.333,0.0,2
Kolar,S2A_43PHQ_20240318_0_L2A,2024-03-18,MGRS-43PHQ,05.10,0.244999,317677,317677,316587,0.9966,0.2676,0.275,0.2232,0.3192,0.0,2
Kolar,S2A_43PGQ_20240318_0_L2A,2024-03-18,MGRS-43PGQ,05.10,0.194415,317677,330,330,1.0,0.2387,0.2477,0.2027,0.2942,0.0,2
Kolar,S2B_44PKV_20240323_0_L2A,2024-03-23,MGRS-44PKV,05.10,0.007485,317455,78818,78558,0.9967,0.2734,0.2835,0.2234,0.3337,0.0,2
Kolar,S2B_43PHQ_20240323_0_L2A,2024-03-23,MGRS-43PHQ,05.10,0.002011,317677,317677,316605,0.9966,0.2707,0.2791,0.223,0.3263,0.0,2
Kolar,S2B_43PGQ_20240323_0_L2A,2024-03-23,MGRS-43PGQ,05.10,0.007503,317677,330,330,1.0,0.2559,0.2676,0.2,0.3308,0.0,2
Kolar,S2A_44PKV_20240328_0_L2A,2024-03-28,MGRS-44PKV,05.10,0.056052,317455,78818,78558,0.9967,0.268,0.2778,0.2199,0.3262,0.0,2
Kolar,S2A_43PHQ_20240328_0_L2A,2024-03-28,MGRS-43PHQ,05.10,0.116201,317677,317677,316489,0.9963,0.267,0.2756,0.2192,0.3229,0.0,2
Kolar,S2A_43PGQ_20240328_0_L2A,2024-03-28,MGRS-43PGQ,05.10,0.356657,317677,330,330,1.0,0.2493,0.2653,0.1917,0.336,0.0,2
Kolar,S2B_44PKV_20240402_0_L2A,2024-04-02,MGRS-44PKV,05.10,3.356618,317455,78818,77813,0.9872,0.2612,0.2707,0.2135,0.3184,0.0,2
Kolar,S2B_43PHQ_20240402_0_L2A,2024-04-02,MGRS-43PHQ,05.10,1.808186,317677,317677,314051,0.9886,0.2611,0.2693,0.2156,0.3142,0.0,2
Kolar,S2B_43PGQ_20240402_0_L2A,2024-04-02,MGRS-43PGQ,05.10,2.608326,317677,330,285,0.8636,0.2349,0.2436,0.1911,0.2951,0.0,2
Kolar,S2A_44PKV_20240407_0_L2A,2024-04-07,MGRS-44PKV,05.10,0.013092,317455,78818,78587,0.9971,0.2611,0.2705,0.2155,0.3162,0.0,2
Kolar,S2A_43PHQ_20240407_0_L2A,2024-04-07,MGRS-43PHQ,05.10,0.202498,317677,317677,316265,0.9956,0.2656,0.275,0.2175,0.3229,0.0,2
Kolar,S2A_43PGQ_20240407_0_L2A,2024-04-07,MGRS-43PGQ,05.10,0.121686,317677,330,330,1.0,0.244,0.2553,0.1885,0.3202,0.0,2
Kolar,S2B_44PKV_20240412_0_L2A,2024-04-12,MGRS-44PKV,05.10,37.027314,317455,78818,49494,0.628,0.2376,0.2477,0.1884,0.2986,0.0,2
Kolar,S2B_43PHQ_20240412_0_L2A,2024-04-12,MGRS-43PHQ,05.10,32.128802,317677,317677,225465,0.7097,0.2417,0.2504,0.1926,0.2992,0.0,2
Kolar,S2B_43PGQ_20240412_0_L2A,2024-04-12,MGRS-43PGQ,05.10,38.416797,317677,330,179,0.5424,0.1967,0.2078,0.1553,0.2568,0.0,2
Kolar,S2B_44PKV_20240422_0_L2A,2024-04-22,MGRS-44PKV,05.10,0.128473,317455,78818,78603,0.9973,0.2479,0.2576,0.2009,0.3049,0.0,2
Kolar,S2B_43PHQ_20240422_0_L2A,2024-04-22,MGRS-43PHQ,05.10,1.662635,317677,317677,306411,0.9645,0.2446,0.2529,0.201,0.2961,0.0,2
Kolar,S2B_43PGQ_20240422_0_L2A,2024-04-22,MGRS-43PGQ,05.10,13.720536,317677,330,316,0.9576,0.235,0.2468,0.1895,0.3098,0.0,2
Kolar,S2A_44PKV_20240427_0_L2A,2024-04-27,MGRS-44PKV,05.10,0.000879,317455,78818,78657,0.998,0.2516,0.2618,0.2034,0.3104,0.0,2
Kolar,S2A_43PHQ_20240427_0_L2A,2024-04-27,MGRS-43PHQ,05.10,0.000683,317677,317677,316954,0.9977,0.253,0.2627,0.2051,0.3105,0.0,2
Kolar,S2A_43PGQ_20240427_0_L2A,2024-04-27,MGRS-43PGQ,05.10,0.000409,317677,330,330,1.0,0.2379,0.2534,0.1871,0.3217,0.0,2
Kolar,S2B_44PKV_20240502_0_L2A,2024-05-02,MGRS-44PKV,05.10,22.74089,317455,78818,67717,0.8592,0.226,0.233,0.1832,0.2761,0.0,2
Kolar,S2B_43PHQ_20240502_0_L2A,2024-05-02,MGRS-43PHQ,05.10,19.749457,317677,317677,262685,0.8269,0.2254,0.232,0.185,0.2722,0.0,2
Kolar,S2B_43PGQ_20240502_0_L2A,2024-05-02,MGRS-43PGQ,05.10,8.668438,317677,330,328,0.9939,0.2126,0.2219,0.169,0.2718,0.0,2
Kolar,S2A_44PKV_20240507_0_L2A,2024-05-07,MGRS-44PKV,05.10,56.756216,317455,78818,64366,0.8166,0.292,0.3059,0.2309,0.3682,0.0,2
Kolar,S2A_43PHQ_20240507_0_L2A,2024-05-07,MGRS-43PHQ,05.10,45.72382,317677,317677,273839,0.862,0.2912,0.3017,0.229,0.3632,0.0,2
Kolar,S2A_43PGQ_20240507_0_L2A,2024-05-07,MGRS-43PGQ,05.10,20.68446,317677,330,330,1.0,0.2943,0.3055,0.2071,0.4018,0.0,2
Kolar,S2B_44PKV_20240512_0_L2A,2024-05-12,MGRS-44PKV,05.10,40.448427,317455,78818,30843,0.3913,0.2514,0.2582,0.2014,0.3093,0.0,2
Kolar,S2B_43PHQ_20240512_0_L2A,2024-05-12,MGRS-43PHQ,05.10,50.516361,317677,317677,119912,0.3775,0.2481,0.2553,0.2037,0.3005,0.0,2
Kolar,S2B_43PGQ_20240512_0_L2A,2024-05-12,MGRS-43PGQ,05.10,55.670822,317677,330,128,0.3879,0.2399,0.2403,0.1781,0.3077,0.0,2
Kolar,S2B_44PKV_20240601_0_L2A,2024-06-01,MGRS-44PKV,05.10,12.141904,317455,78818,76765,0.974,0.4217,0.4224,0.3489,0.4952,0.0,2
Kolar,S2B_43PHQ_20240601_0_L2A,2024-06-01,MGRS-43PHQ,05.10,2.510768,317677,317677,308828,0.9721,0.358,0.3635,0.2912,0.4307,0.0,2
Kolar,S2B_43PGQ_20240601_0_L2A,2024-06-01,MGRS-43PGQ,05.10,10.50404,317677,330,320,0.9697,0.3386,0.3559,0.2674,0.4182,0.0,2
Kolar,S2A_44PKV_20240616_0_L2A,2024-06-16,MGRS-44PKV,05.10,6.934592,317455,78818,69556,0.8825,0.5101,0.5087,0.4273,0.5935,0.0,2
Kolar,S2A_43PHQ_20240616_0_L2A,2024-06-16,MGRS-43PHQ,05.10,10.040763,317677,317677,282940,0.8907,0.4654,0.4671,0.3814,0.5519,0.0,2
Kolar,S2A_43PGQ_20240616_0_L2A,2024-06-16,MGRS-43PGQ,05.10,46.815675,317677,330,282,0.8545,0.4274,0.4243,0.2918,0.5349,0.0,2
Kolar,S2B_44PKV_20240621_0_L2A,2024-06-21,MGRS-44PKV,05.10,40.442035,317455,78818,63787,0.8093,0.5119,0.5079,0.427,0.5932,0.0,2
Kolar,S2B_43PHQ_20240621_0_L2A,2024-06-21,MGRS-43PHQ,05.10,51.16328,317677,317677,181103,0.5701,0.4799,0.4791,0.3909,0.569,0.0,2
Kolar,S2B_44PKV_20240820_0_L2A,2024-08-20,MGRS-44PKV,05.11,41.711619,317455,78818,31318,0.3973,0.4924,0.4912,0.4183,0.5659,0.0,2
Kolar,S2B_43PHQ_20240820_0_L2A,2024-08-20,MGRS-43PHQ,05.11,55.538952,317677,317677,129906,0.4089,0.4996,0.4955,0.4204,0.5742,0.0,2
Kolar,S2B_43PGQ_20240820_0_L2A,2024-08-20,MGRS-43PGQ,05.11,55.661345,317677,330,198,0.6,0.4596,0.4553,0.353,0.5664,0.0,2
Kolar,S2B_44PKV_20240919_0_L2A,2024-09-19,MGRS-44PKV,05.11,31.864318,317455,78818,61104,0.7753,0.4562,0.455,0.3969,0.5139,0.0,2
Kolar,S2B_43PHQ_20240919_0_L2A,2024-09-19,MGRS-43PHQ,05.11,19.297338,317677,317677,250716,0.7892,0.4283,0.4282,0.3683,0.4887,0.0,2
Kolar,S2B_43PGQ_20240919_0_L2A,2024-09-19,MGRS-43PGQ,05.11,12.719099,317677,330,326,0.9879,0.3674,0.3716,0.2869,0.4381,0.0,2
Kolar,S2B_44PKV_20240929_0_L2A,2024-09-29,MGRS-44PKV,05.11,39.884162,317455,78818,26190,0.3323,0.4739,0.4729,0.4093,0.5383,0.0,2
Kolar,S2B_43PHQ_20240929_0_L2A,2024-09-29,MGRS-43PHQ,05.11,44.611037,317677,317677,117304,0.3693,0.4384,0.439,0.3752,0.5024,0.0,2
Kolar,S2B_43PGQ_20240929_0_L2A,2024-09-29,MGRS-43PGQ,05.11,52.787369,317677,330,91,0.2758,0.4275,0.4186,0.3583,0.4999,0.0,2
Kolar,S2B_43PHQ_20241009_0_L2A,2024-10-09,MGRS-43PHQ,05.11,58.579421,317677,317677,79178,0.2492,0.4603,0.4597,0.4008,0.5209,0.0,2
Kolar,S2B_44PKV_20241029_0_L2A,2024-10-29,MGRS-44PKV,05.11,27.478826,317455,78818,53436,0.678,0.5825,0.5729,0.511,0.6455,0.0,2
Kolar,S2B_43PHQ_20241029_0_L2A,2024-10-29,MGRS-43PHQ,05.11,26.252139,317677,317677,145523,0.4581,0.5587,0.5503,0.4909,0.6188,0.0,2
Kolar,S2B_43PGQ_20241029_0_L2A,2024-10-29,MGRS-43PGQ,05.11,21.098585,317677,330,122,0.3697,0.5268,0.5123,0.4617,0.5928,0.0,2
Kolar,S2A_44PKV_20241103_0_L2A,2024-11-03,MGRS-44PKV,05.11,33.938399,317455,78818,32778,0.4159,0.5868,0.5766,0.5104,0.6529,0.0,2
Kolar,S2A_43PHQ_20241103_0_L2A,2024-11-03,MGRS-43PHQ,05.11,36.273122,317677,317677,135492,0.4265,0.5875,0.5771,0.5148,0.6498,0.0,2
Kolar,S2A_43PGQ_20241103_0_L2A,2024-11-03,MGRS-43PGQ,05.11,24.039887,317677,330,188,0.5697,0.6022,0.5832,0.5255,0.6637,0.0,2
Kolar,S2B_44PKV_20241108_0_L2A,2024-11-08,MGRS-44PKV,05.11,46.639365,317455,78818,31166,0.3954,0.585,0.5768,0.5169,0.646,0.0,2
Kolar,S2B_43PHQ_20241108_0_L2A,2024-11-08,MGRS-43PHQ,05.11,36.290202,317677,317677,155716,0.4902,0.5822,0.5722,0.5122,0.6424,0.0,2
Kolar,S2B_43PGQ_20241108_0_L2A,2024-11-08,MGRS-43PGQ,05.11,17.153598,317677,330,201,0.6091,0.5564,0.5418,0.4557,0.6454,0.0,2
Kolar,S2B_43PGQ_20241128_0_L2A,2024-11-28,MGRS-43PGQ,05.11,42.693147,317677,330,0,0.0,,,,,0.0,2
Kolar,S2A_44PKV_20241203_0_L2A,2024-12-03,MGRS-44PKV,05.11,58.012402,317455,78818,10171,0.129,0.5339,0.5267,0.456,0.6046,0.0,2
Kolar,S2B_44PKV_20241208_0_L2A,2024-12-08,MGRS-44PKV,05.11,12.592447,317455,78818,78092,0.9908,0.5828,0.5738,0.5163,0.6409,0.0,2
Kolar,S2B_43PHQ_20241208_0_L2A,2024-12-08,MGRS-43PHQ,05.11,5.368818,317677,317677,315767,0.994,0.5718,0.5637,0.5064,0.6303,0.0,2
Kolar,S2B_43PGQ_20241208_0_L2A,2024-12-08,MGRS-43PGQ,05.11,12.723812,317677,330,330,1.0,0.534,0.5264,0.4552,0.6051,0.0,2
Kolar,S2A_44PKV_20241223_0_L2A,2024-12-23,MGRS-44PKV,05.11,0.168885,317455,78818,78020,0.9899,0.5808,0.5726,0.5156,0.6385,0.0,2
Kolar,S2A_43PHQ_20241223_0_L2A,2024-12-23,MGRS-43PHQ,05.11,2.719706,317677,317677,314752,0.9908,0.5316,0.5261,0.4715,0.5869,0.0,2
Kolar,S2A_43PGQ_20241223_0_L2A,2024-12-23,MGRS-43PGQ,05.11,50.185013,317677,330,330,1.0,0.4929,0.4909,0.4154,0.5609,0.0,2
Kolar,S2B_44PKV_20241228_0_L2A,2024-12-28,MGRS-44PKV,05.11,58.232826,317455,78818,19953,0.2532,0.5656,0.5564,0.4937,0.628,0.0,2
Kolar,S2B_43PGQ_20241228_0_L2A,2024-12-28,MGRS-43PGQ,05.11,51.887578,317677,330,73,0.2212,0.4312,0.4184,0.368,0.4719,0.0,2
Kolar,S2A_44PKV_20250102_0_L2A,2025-01-02,MGRS-44PKV,05.11,34.261692,317455,78818,65964,0.8369,0.535,0.5286,0.4698,0.5935,0.0,2
Kolar,S2A_43PHQ_20250102_0_L2A,2025-01-02,MGRS-43PHQ,05.11,41.847897,317677,317677,128464,0.4044,0.5358,0.5305,0.4759,0.5909,0.0,2
Kolar,S2A_43PGQ_20250102_0_L2A,2025-01-02,MGRS-43PGQ,05.11,55.968004,317677,330,0,0.0,,,,,0.0,2
Kolar,S2B_44PKV_20250107_0_L2A,2025-01-07,MGRS-44PKV,05.11,18.027227,317455,78818,57704,0.7321,0.515,0.509,0.4495,0.5749,0.0,2
Kolar,S2B_43PHQ_20250107_0_L2A,2025-01-07,MGRS-43PHQ,05.11,12.041314,317677,317677,267168,0.841,0.4875,0.485,0.4249,0.5485,0.0,2
Kolar,S2B_43PGQ_20250107_0_L2A,2025-01-07,MGRS-43PGQ,05.11,1.233824,317677,330,329,0.997,0.4092,0.419,0.3539,0.4786,0.0,2
Kolar,S2A_44PKV_20250112_0_L2A,2025-01-12,MGRS-44PKV,05.11,28.178504,317455,78818,78093,0.9908,0.5065,0.5021,0.4455,0.5645,0.0,2
Kolar,S2A_43PHQ_20250112_0_L2A,2025-01-12,MGRS-43PHQ,05.11,6.121051,317677,317677,315906,0.9944,0.4742,0.4723,0.4101,0.5372,0.0,2
Kolar,S2A_43PGQ_20250112_0_L2A,2025-01-12,MGRS-43PGQ,05.11,3.099342,317677,330,330,1.0,0.3836,0.3937,0.3226,0.4496,0.0,2
Kolar,S2B_43PGQ_20250117_0_L2A,2025-01-17,MGRS-43PGQ,05.11,23.132524,317677,330,55,0.1667,0.296,0.2958,0.2271,0.3534,0.0,2
Kolar,S2C_44PKV_20250122_0_L2A,2025-01-22,MGRS-44PKV,05.11,36.839214,317455,78818,15901,0.2017,0.8595,0.8213,0.7449,0.9367,-0.1,2
Kolar,S2C_43PHQ_20250122_0_L2A,2025-01-22,MGRS-43PHQ,05.11,19.786507,317677,317677,96911,0.3051,0.8428,0.8076,0.7229,0.9281,-0.1,2
Kolar,S2C_43PGQ_20250122_0_L2A,2025-01-22,MGRS-43PGQ,05.11,0.002727,317677,330,213,0.6455,0.7427,0.7011,0.5527,0.8796,-0.1,2
Kolar,S2B_44PKV_20250127_0_L2A,2025-01-27,MGRS-44PKV,05.11,4.166788,317455,78818,78097,0.9909,0.4645,0.4644,0.412,0.518,0.0,2
Kolar,S2B_43PHQ_20250127_0_L2A,2025-01-27,MGRS-43PHQ,05.11,0.179412,317677,317677,315923,0.9945,0.438,0.4381,0.3813,0.4952,0.0,2
Kolar,S2B_43PGQ_20250127_0_L2A,2025-01-27,MGRS-43PGQ,05.11,4.030059,317677,330,330,1.0,0.364,0.3666,0.3008,0.4317,0.0,2
Kolar,S2C_44PKV_20250201_0_L2A,2025-02-01,MGRS-44PKV,05.11,15.844555,317455,78818,31479,0.3994,0.8307,0.799,0.7128,0.9191,-0.1,2
Kolar,S2C_43PHQ_20250201_0_L2A,2025-02-01,MGRS-43PHQ,05.11,9.494909,317677,317677,169798,0.5345,0.786,0.7638,0.6609,0.8923,-0.1,2
Kolar,S2C_43PGQ_20250201_0_L2A,2025-02-01,MGRS-43PGQ,05.11,25.877291,317677,330,255,0.7727,0.6609,0.6385,0.4973,0.809,-0.1,2
Kolar,S2B_44PKV_20250206_0_L2A,2025-02-06,MGRS-44PKV,05.11,0.263025,317455,78818,78227,0.9925,0.4164,0.4201,0.3655,0.4717,0.0,2
Kolar,S2B_43PHQ_20250206_0_L2A,2025-02-06,MGRS-43PHQ,05.11,0.000212,317677,317677,316108,0.9951,0.3915,0.3952,0.3366,0.4501,0.0,2
Kolar,S2B_43PGQ_20250206_0_L2A,2025-02-06,MGRS-43PGQ,05.11,9.8e-05,317677,330,330,1.0,0.3205,0.3275,0.2613,0.387,0.0,2
Kolar,S2C_44PKV_20250211_0_L2A,2025-02-11,MGRS-44PKV,05.11,0.000428,317455,78818,44883,0.5695,0.811,0.7909,0.7019,0.9029,-0.1,2
Kolar,S2C_43PHQ_20250211_0_L2A,2025-02-11,MGRS-43PHQ,05.11,0.001155,317677,317677,225299,0.7092,0.7618,0.7476,0.6418,0.8712,-0.1,2
Kolar,S2C_43PGQ_20250211_0_L2A,2025-02-11,MGRS-43PGQ,05.11,0.001635,317677,330,279,0.8455,0.619,0.6051,0.4842,0.7418,-0.1,2
Kolar,S2B_44PKV_20250216_0_L2A,2025-02-16,MGRS-44PKV,05.11,0.000368,317455,78818,55456,0.7036,0.7755,0.7637,0.6645,0.8783,-0.1,2
Kolar,S2B_43PHQ_20250216_0_L2A,2025-02-16,MGRS-43PHQ,05.11,0.000478,317677,317677,261595,0.8235,0.7225,0.7164,0.6035,0.8403,-0.1,2
Kolar,S2B_43PGQ_20250216_0_L2A,2025-02-16,MGRS-43PGQ,05.11,0.000141,317677,330,283,0.8576,0.5858,0.5761,0.4464,0.7106,-0.1,2
Kolar,S2C_44PKV_20250221_0_L2A,2025-02-21,MGRS-44PKV,05.11,0.501385,317455,78818,62092,0.7878,0.744,0.7374,0.6316,0.8545,-0.1,2
Kolar,S2C_43PHQ_20250221_0_L2A,2025-02-21,MGRS-43PHQ,05.11,2.7e-05,317677,317677,279959,0.8813,0.6902,0.6899,0.5736,0.8124,-0.1,2
Kolar,S2C_43PGQ_20250221_0_L2A,2025-02-21,MGRS-43PGQ,05.11,0.000654,317677,330,288,0.8727,0.5589,0.5545,0.4278,0.6969,-0.1,2
Kolar,S2B_44PKV_20250226_0_L2A,2025-02-26,MGRS-44PKV,05.11,1.643847,317455,78818,61899,0.7853,0.7254,0.7192,0.606,0.8429,-0.1,2
Kolar,S2B_43PHQ_20250226_0_L2A,2025-02-26,MGRS-43PHQ,05.11,0.010584,317677,317677,280588,0.8832,0.6681,0.6699,0.5469,0.7974,-0.1,2
Kolar,S2B_43PGQ_20250226_0_L2A,2025-02-26,MGRS-43PGQ,05.11,0.000372,317677,330,292,0.8848,0.5211,0.5179,0.4002,0.6444,-0.1,2
Kolar,S2C_44PKV_20250303_0_L2A,2025-03-03,MGRS-44PKV,05.11,39.997745,317455,78818,51493,0.6533,0.6803,0.6812,0.564,0.8009,-0.1,2
Kolar,S2C_43PHQ_20250303_0_L2A,2025-03-03,MGRS-43PHQ,05.11,47.058576,317677,317677,175853,0.5536,0.6494,0.6539,0.5304,0.7775,-0.1,2
Kolar,S2C_43PGQ_20250303_0_L2A,2025-03-03,MGRS-43PGQ,05.11,40.520382,317677,330,42,0.1273,,,,,-0.1,2
Kolar,S2B_44PKV_20250308_0_L2A,2025-03-08,MGRS-44PKV,05.11,0.000143,317455,78818,66513,0.8439,0.6978,0.6962,0.5795,0.817,-0.1,2
Kolar,S2B_43PHQ_20250308_0_L2A,2025-03-08,MGRS-43PHQ,05.11,2e-05,317677,317677,296316,0.9328,0.6376,0.6443,0.5226,0.7636,-0.1,2
Kolar,S2B_43PGQ_20250308_0_L2A,2025-03-08,MGRS-43PGQ,05.11,0.081327,317677,330,296,0.897,0.4987,0.506,0.3963,0.6165,-0.1,2
Kolar,S2C_44PKV_20250313_0_L2A,2025-03-13,MGRS-44PKV,05.11,3.818478,317455,78818,78508,0.9961,0.3257,0.3338,0.2759,0.3817,0.0,2
Kolar,S2C_43PHQ_20250313_0_L2A,2025-03-13,MGRS-43PHQ,05.11,11.960063,317677,317677,303694,0.956,0.3119,0.3192,0.2609,0.3693,0.0,2
Kolar,S2C_43PGQ_20250313_0_L2A,2025-03-13,MGRS-43PGQ,05.11,3.618279,317677,330,330,1.0,0.272,0.281,0.2184,0.3408,0.0,2
Kolar,S2A_44PKV_20250315_0_L2A,2025-03-15,MGRS-44PKV,05.11,0.001118,317455,78818,78450,0.9953,0.3232,0.3304,0.2776,0.3746,0.0,2
Kolar,S2A_43PHQ_20250315_0_L2A,2025-03-15,MGRS-43PHQ,05.11,0.000173,317677,317677,316621,0.9967,0.3067,0.3135,0.259,0.3607,0.0,2
Kolar,S2A_43PGQ_20250315_0_L2A,2025-03-15,MGRS-43PGQ,05.11,0.000289,317677,330,330,1.0,0.2622,0.27,0.2143,0.3235,0.0,2
Kolar,S2B_44PKV_20250318_0_L2A,2025-03-18,MGRS-44PKV,05.11,34.055454,317455,78818,38829,0.4926,0.3168,0.322,0.2707,0.3677,0.0,2
Kolar,S2B_43PHQ_20250318_0_L2A,2025-03-18,MGRS-43PHQ,05.11,30.871055,317677,317677,237416,0.7474,0.2933,0.2998,0.2446,0.3483,0.0,2
Kolar,S2B_43PGQ_20250318_0_L2A,2025-03-18,MGRS-43PGQ,05.11,3.84283,317677,330,330,1.0,0.2532,0.2653,0.2027,0.3229,0.0,2
Kolar,S2C_44PKV_20250323_0_L2A,2025-03-23,MGRS-44PKV,05.11,46.93127,317455,78818,25375,0.3219,0.2551,0.2581,0.2052,0.3091,0.0,2
Kolar,S2C_43PHQ_20250323_0_L2A,2025-03-23,MGRS-43PHQ,05.11,54.391497,317677,317677,119940,0.3776,0.26,0.2661,0.2093,0.3181,0.0,2
Kolar,S2C_43PGQ_20250323_0_L2A,2025-03-23,MGRS-43PGQ,05.11,36.732629,317677,330,81,0.2455,0.1531,0.1532,0.1175,0.1987,0.0,2
Kolar,S2B_44PKV_20250328_0_L2A,2025-03-28,MGRS-44PKV,05.11,15.133467,317455,78818,78518,0.9962,0.33,0.339,0.2774,0.3901,0.0,2
Kolar,S2B_43PHQ_20250328_0_L2A,2025-03-28,MGRS-43PHQ,05.11,14.34065,317677,317677,222852,0.7015,0.3213,0.3277,0.27,0.3779,0.0,2
Kolar,S2B_43PGQ_20250328_0_L2A,2025-03-28,MGRS-43PGQ,05.11,17.292337,317677,330,258,0.7818,0.2774,0.2842,0.2242,0.3497,0.0,2
Kolar,S2C_44PKV_20250402_0_L2A,2025-04-02,MGRS-44PKV,05.11,8.354826,317455,78818,75496,0.9579,0.3117,0.3209,0.2589,0.3726,0.0,2
Kolar,S2C_43PHQ_20250402_0_L2A,2025-04-02,MGRS-43PHQ,05.11,5.870508,317677,317677,299992,0.9443,0.3079,0.3171,0.2517,0.3726,0.0,2
Kolar,S2A_44PKV_20250404_0_L2A,2025-04-04,MGRS-44PKV,05.11,35.227272,317455,78818,48311,0.6129,0.3043,0.3158,0.2503,0.3696,0.0,2
Kolar,S2A_43PHQ_20250404_0_L2A,2025-04-04,MGRS-43PHQ,05.11,23.217016,317677,317677,248100,0.781,0.2603,0.2747,0.2095,0.3264,0.0,2
Kolar,S2A_43PGQ_20250404_0_L2A,2025-04-04,MGRS-43PGQ,05.11,14.150387,317677,330,321,0.9727,0.2439,0.2571,0.1927,0.3094,0.0,2
Kolar,S2B_44PKV_20250407_0_L2A,2025-04-07,MGRS-44PKV,05.11,2.095166,317455,78818,78544,0.9965,0.3307,0.3394,0.2765,0.3921,0.0,2
Kolar,S2B_43PHQ_20250407_0_L2A,2025-04-07,MGRS-43PHQ,05.11,0.478193,317677,317677,316830,0.9973,0.3118,0.3207,0.2565,0.3755,0.0,2
Kolar,S2B_43PGQ_20250407_0_L2A,2025-04-07,MGRS-43PGQ,05.11,0.002623,317677,330,330,1.0,0.2743,0.2854,0.2141,0.3478,0.0,2
Kolar,S2C_44PKV_20250412_0_L2A,2025-04-12,MGRS-44PKV,05.11,3.625996,317455,78818,78591,0.9971,0.3251,0.3353,0.2685,0.3905,0.0,2
Kolar,S2C_43PHQ_20250412_0_L2A,2025-04-12,MGRS-43PHQ,05.11,0.084283,317677,317677,316850,0.9974,0.3072,0.3164,0.2519,0.3713,0.0,2
Kolar,S2C_43PGQ_20250412_0_L2A,2025-04-12,MGRS-43PGQ,05.11,8.479026,317677,330,330,1.0,0.2858,0.2971,0.2177,0.3705,0.0,2
Kolar,S2B_44PKV_20250417_0_L2A,2025-04-17,MGRS-44PKV,05.11,2.062007,317455,78818,78584,0.997,0.3517,0.3611,0.2856,0.4253,0.0,2
Kolar,S2B_43PHQ_20250417_0_L2A,2025-04-17,MGRS-43PHQ,05.11,0.285291,317677,317677,316842,0.9974,0.3245,0.3338,0.2641,0.3936,0.0,2
Kolar,S2B_43PGQ_20250417_0_L2A,2025-04-17,MGRS-43PGQ,05.11,0.098269,317677,330,330,1.0,0.308,0.3198,0.2352,0.3936,0.0,2
Kolar,S2C_44PKV_20250422_0_L2A,2025-04-22,MGRS-44PKV,05.11,1.509876,317455,78818,78579,0.997,0.342,0.3498,0.279,0.4108,0.0,2
Kolar,S2C_43PHQ_20250422_0_L2A,2025-04-22,MGRS-43PHQ,05.11,0.79024,317677,317677,316435,0.9961,0.3159,0.3251,0.2598,0.3808,0.0,2
Kolar,S2C_43PGQ_20250422_0_L2A,2025-04-22,MGRS-43PGQ,05.11,0.402743,317677,330,330,1.0,0.2935,0.3172,0.2317,0.3792,0.0,2
Kolar,S2A_44PKV_20250424_0_L2A,2025-04-24,MGRS-44PKV,05.11,5.999818,317455,78818,72835,0.9241,0.3272,0.3354,0.2703,0.3902,0.0,2
Kolar,S2A_43PHQ_20250424_0_L2A,2025-04-24,MGRS-43PHQ,05.11,4.674629,317677,317677,283246,0.8916,0.3018,0.3108,0.2501,0.3622,0.0,2
Kolar,S2A_43PGQ_20250424_0_L2A,2025-04-24,MGRS-43PGQ,05.11,10.604211,317677,330,327,0.9909,0.2686,0.2905,0.2065,0.3398,0.0,2
Kolar,S2B_44PKV_20250427_0_L2A,2025-04-27,MGRS-44PKV,05.11,38.208994,317455,78818,27145,0.3444,0.3021,0.3068,0.251,0.3555,0.0,2
Kolar,S2B_43PHQ_20250427_0_L2A,2025-04-27,MGRS-43PHQ,05.11,45.269534,317677,317677,127452,0.4012,0.2781,0.2853,0.2305,0.3317,0.0,2
Kolar,S2B_43PGQ_20250427_0_L2A,2025-04-27,MGRS-43PGQ,05.11,51.337194,317677,330,79,0.2394,0.2351,0.2397,0.1984,0.277,0.0,2
Kolar,S2C_44PKV_20250502_0_L2A,2025-05-02,MGRS-44PKV,05.11,23.36746,317455,78818,53899,0.6838,0.2964,0.302,0.2339,0.363,0.0,2
Kolar,S2C_43PHQ_20250502_0_L2A,2025-05-02,MGRS-43PHQ,05.11,35.873806,317677,317677,209223,0.6586,0.2752,0.2815,0.2255,0.3321,0.0,2
Kolar,S2C_43PGQ_20250502_0_L2A,2025-05-02,MGRS-43PGQ,05.11,21.139856,317677,330,92,0.2788,0.268,0.2695,0.2226,0.3071,0.0,2
Kolar,S2B_44PKV_20250507_0_L2A,2025-05-07,MGRS-44PKV,05.11,19.011015,317455,78818,78665,0.9981,0.3622,0.3701,0.2961,0.4364,0.0,2
Kolar,S2B_43PHQ_20250507_0_L2A,2025-05-07,MGRS-43PHQ,05.11,10.814165,317677,317677,306086,0.9635,0.3218,0.3286,0.2631,0.3864,0.0,2
Kolar,S2B_43PGQ_20250507_1_L2A,2025-05-07,MGRS-43PGQ,05.11,10.472817,317677,330,110,0.3333,0.2524,0.2725,0.2095,0.3146,0.0,2
Kolar,S2C_44PKV_20250512_0_L2A,2025-05-12,MGRS-44PKV,05.11,6.559507,317455,78818,76911,0.9758,0.4056,0.4084,0.3327,0.4827,0.0,2
Kolar,S2C_43PHQ_20250512_0_L2A,2025-05-12,MGRS-43PHQ,05.11,4.450974,317677,317677,308985,0.9726,0.3647,0.371,0.297,0.4397,0.0,2
Kolar,S2C_43PGQ_20250512_0_L2A,2025-05-12,MGRS-43PGQ,05.11,0.591612,317677,330,330,1.0,0.3373,0.3487,0.2589,0.4263,0.0,2
Kolar,S2A_44PKV_20250514_0_L2A,2025-05-14,MGRS-44PKV,05.11,37.817973,317455,78818,32881,0.4172,0.4207,0.4206,0.3543,0.4877,0.0,2
Kolar,S2A_43PHQ_20250514_0_L2A,2025-05-14,MGRS-43PHQ,05.11,40.457013,317677,317677,190294,0.599,0.3909,0.3927,0.3142,0.4685,0.0,2
Kolar,S2A_43PGQ_20250514_0_L2A,2025-05-14,MGRS-43PGQ,05.11,47.385421,317677,330,328,0.9939,0.3529,0.3648,0.2682,0.4436,0.0,2
Kolar,S2C_44PKV_20250601_0_L2A,2025-06-01,MGRS-44PKV,05.11,5.727167,317455,78818,70460,0.894,0.4965,0.491,0.4244,0.5632,0.0,2
Kolar,S2C_43PHQ_20250601_0_L2A,2025-06-01,MGRS-43PHQ,05.11,8.781175,317677,317677,266601,0.8392,0.4596,0.4591,0.3843,0.5347,0.0,2
Kolar,S2C_43PGQ_20250601_0_L2A,2025-06-01,MGRS-43PGQ,05.11,55.121821,317677,330,23,0.0697,,,,,0.0,2
Kolar,S2A_44PKV_20250603_0_L2A,2025-06-03,MGRS-44PKV,05.11,36.904964,317455,78818,40165,0.5096,0.4648,0.4648,0.3908,0.5394,0.0,2
Kolar,S2A_43PHQ_20250603_0_L2A,2025-06-03,MGRS-43PHQ,05.11,47.352594,317677,317677,142108,0.4473,0.4524,0.453,0.3722,0.534,0.0,2
Kolar,S2B_44PKV_20250606_0_L2A,2025-06-06,MGRS-44PKV,05.11,13.738495,317455,78818,68305,0.8666,0.4688,0.4642,0.3938,0.5386,0.0,2
Kolar,S2B_43PHQ_20250606_0_L2A,2025-06-06,MGRS-43PHQ,05.11,21.566142,317677,317677,226919,0.7143,0.4374,0.4375,0.3597,0.5154,0.0,2
Kolar,S2B_43PGQ_20250606_0_L2A,2025-06-06,MGRS-43PGQ,05.11,11.367468,317677,330,330,1.0,0.3988,0.4114,0.3017,0.5124,0.0,2
Kolar,S2C_44PKV_20250711_0_L2A,2025-07-11,MGRS-44PKV,05.11,21.23839,317455,78818,47077,0.5973,0.3719,0.3725,0.3104,0.4341,0.0,2
Kolar,S2C_43PHQ_20250711_0_L2A,2025-07-11,MGRS-43PHQ,05.11,37.014812,317677,317677,152601,0.4804,0.3637,0.3664,0.2947,0.4348,0.0,2
Kolar,S2C_43PGQ_20250711_0_L2A,2025-07-11,MGRS-43PGQ,05.11,59.713674,317677,330,116,0.3515,0.3244,0.3351,0.2369,0.4271,0.0,2
Kolar,S2B_44PKV_20250716_0_L2A,2025-07-16,MGRS-44PKV,05.11,38.837326,317455,78818,37364,0.4741,0.3521,0.3557,0.2913,0.4172,0.0,2
Kolar,S2B_44PKV_20250805_0_L2A,2025-08-05,MGRS-44PKV,05.11,39.871904,317455,78818,20331,0.2579,0.4506,0.444,0.3701,0.5222,0.0,2
Kolar,S2B_43PHQ_20250805_0_L2A,2025-08-05,MGRS-43PHQ,05.11,39.020517,317677,317677,126189,0.3972,0.4047,0.4064,0.3314,0.4808,0.0,2
Kolar,S2C_44PKV_20250820_0_L2A,2025-08-20,MGRS-44PKV,05.11,36.409342,317455,78818,30003,0.3807,0.4894,0.4866,0.4153,0.56,0.0,2
Kolar,S2C_43PHQ_20250820_0_L2A,2025-08-20,MGRS-43PHQ,05.11,46.291795,317677,317677,133583,0.4205,0.4624,0.4605,0.3886,0.5344,0.0,2
Kolar,S2B_44PKV_20250904_0_L2A,2025-09-04,MGRS-44PKV,05.11,47.297028,317455,78818,22783,0.2891,0.5007,0.4989,0.4169,0.581,0.0,2
Kolar,S2C_43PHQ_20250929_0_L2A,2025-09-29,MGRS-43PHQ,05.11,43.926424,317677,317677,217726,0.6854,0.5412,0.535,0.4729,0.6043,0.0,2
Kolar,S2A_43PGQ_20251001_0_L2A,2025-10-01,MGRS-43PGQ,05.11,49.8456,317677,330,0,0.0,,,,,0.0,2
Kolar,S2C_43PHQ_20251009_0_L2A,2025-10-09,MGRS-43PHQ,05.11,50.604069,317677,317677,115589,0.3639,0.5378,0.5323,0.4709,0.5993,0.0,2
Kolar,S2C_43PGQ_20251009_0_L2A,2025-10-09,MGRS-43PGQ,05.11,33.765408,317677,330,124,0.3758,0.5246,0.5083,0.4666,0.5684,0.0,2
Kolar,S2B_43PGQ_20251014_1_L2A,2025-10-14,MGRS-43PGQ,05.11,58.712071,317677,330,109,0.3303,0.5672,0.5623,0.4802,0.6332,0.0,2
Kolar,S2C_44PKV_20251108_0_L2A,2025-11-08,MGRS-44PKV,05.11,42.62999,317455,78818,7504,0.0952,0.4377,0.4345,0.3828,0.4885,0.0,2
Kolar,S2A_44PKV_20251110_0_L2A,2025-11-10,MGRS-44PKV,05.11,0.688272,317455,78818,76687,0.973,0.601,0.5898,0.5316,0.6591,0.0,2
Kolar,S2A_43PHQ_20251110_0_L2A,2025-11-10,MGRS-43PHQ,05.11,3.256097,317677,317677,305849,0.9628,0.5893,0.5772,0.5221,0.6443,0.0,2
Kolar,S2A_43PGQ_20251110_0_L2A,2025-11-10,MGRS-43PGQ,05.11,10.44515,317677,330,330,1.0,0.584,0.5712,0.4979,0.6592,0.0,2
Kolar,S2B_44PKV_20251113_0_L2A,2025-11-13,MGRS-44PKV,05.11,41.91418,317455,78818,28105,0.3566,0.5431,0.5362,0.4773,0.6039,0.0,2
Kolar,S2B_43PHQ_20251113_0_L2A,2025-11-13,MGRS-43PHQ,05.11,47.489667,317677,317677,102170,0.3216,0.562,0.5517,0.4887,0.6246,0.0,2
Kolar,S2B_43PGQ_20251113_0_L2A,2025-11-13,MGRS-43PGQ,05.11,49.468607,317677,330,105,0.3182,0.49,0.5163,0.43,0.5932,0.0,2
Kolar,S2C_44PKV_20251208_0_L2A,2025-12-08,MGRS-44PKV,05.11,15.4447,317455,78818,77147,0.9788,0.5811,0.5735,0.5106,0.644,0.0,2
Kolar,S2C_43PHQ_20251208_0_L2A,2025-12-08,MGRS-43PHQ,05.11,0.086022,317677,317677,313721,0.9875,0.5563,0.5497,0.4886,0.6185,0.0,2
Kolar,S2C_43PGQ_20251208_0_L2A,2025-12-08,MGRS-43PGQ,05.11,5.7e-05,317677,330,330,1.0,0.4834,0.4902,0.4106,0.5633,0.0,2
Kolar,S2B_44PKV_20251213_0_L2A,2025-12-13,MGRS-44PKV,05.11,0.13915,317455,78818,77152,0.9789,0.546,0.5421,0.4843,0.6042,0.0,2
Kolar,S2B_43PHQ_20251213_0_L2A,2025-12-13,MGRS-43PHQ,05.11,0.07359,317677,317677,313782,0.9877,0.5276,0.5237,0.4636,0.5884,0.0,2
Kolar,S2B_43PGQ_20251213_0_L2A,2025-12-13,MGRS-43PGQ,05.11,0.682489,317677,330,330,1.0,0.4554,0.4598,0.3804,0.5248,0.0,2
Kolar,S2C_43PHQ_20251218_0_L2A,2025-12-18,MGRS-43PHQ,05.11,47.118703,317677,317677,202665,0.638,0.4974,0.4952,0.4349,0.5579,0.0,2
Kolar,S2C_43PGQ_20251218_0_L2A,2025-12-18,MGRS-43PGQ,05.11,43.789807,317677,330,330,1.0,0.4264,0.4274,0.3585,0.4967,0.0,2
Kolar,S2A_44PKV_20251220_0_L2A,2025-12-20,MGRS-44PKV,05.11,18.069203,317455,78818,74800,0.949,0.5214,0.5195,0.4608,0.5814,0.0,2
Kolar,S2A_43PHQ_20251220_0_L2A,2025-12-20,MGRS-43PHQ,05.11,25.929374,317677,317677,233599,0.7353,0.4842,0.4832,0.4271,0.541,0.0,2
Kolar,S2A_43PGQ_20251220_0_L2A,2025-12-20,MGRS-43PGQ,05.11,56.897736,317677,330,293,0.8879,0.3798,0.3735,0.3186,0.4398,0.0,2
Kolar,S2B_44PKV_20251223_0_L2A,2025-12-23,MGRS-44PKV,05.11,11.266937,317455,78818,76314,0.9682,0.4577,0.4581,0.4109,0.5051,0.0,2
Kolar,S2B_43PHQ_20251223_0_L2A,2025-12-23,MGRS-43PHQ,05.11,8.573963,317677,317677,306606,0.9652,0.4525,0.4513,0.4012,0.503,0.0,2
Kolar,S2B_43PGQ_20251223_0_L2A,2025-12-23,MGRS-43PGQ,05.11,4.321234,317677,330,276,0.8364,0.3963,0.3864,0.3199,0.4603,0.0,2
Kolar,S2C_44PKV_20251228_0_L2A,2025-12-28,MGRS-44PKV,05.11,19.102386,317455,78818,31690,0.4021,0.406,0.4055,0.3525,0.4587,0.0,2
Kolar,S2C_43PHQ_20251228_0_L2A,2025-12-28,MGRS-43PHQ,05.11,34.054029,317677,317677,81813,0.2575,0.3871,0.3871,0.3336,0.4402,0.0,2
Kolar,S2C_43PGQ_20251228_0_L2A,2025-12-28,MGRS-43PGQ,05.11,28.287384,317677,330,114,0.3455,0.3288,0.3536,0.2687,0.3906,0.0,2
Kolar,S2C_44PKV_20260107_0_L2A,2026-01-07,MGRS-44PKV,05.11,7.292216,317455,78818,77023,0.9772,0.4269,0.4292,0.3733,0.4832,0.0,2
Kolar,S2C_43PHQ_20260107_0_L2A,2026-01-07,MGRS-43PHQ,05.11,1.415002,317677,317677,313517,0.9869,0.4127,0.4154,0.3574,0.4713,0.0,2
Kolar,S2C_43PGQ_20260107_0_L2A,2026-01-07,MGRS-43PGQ,05.11,0.054555,317677,330,330,1.0,0.363,0.3675,0.2875,0.4351,0.0,2
Kolar,S2A_43PHQ_20260109_0_L2A,2026-01-09,MGRS-43PHQ,05.11,45.355174,317677,317677,242759,0.7642,0.386,0.388,0.3224,0.4515,0.0,2
Kolar,S2A_43PGQ_20260109_0_L2A,2026-01-09,MGRS-43PGQ,05.11,49.014822,317677,330,330,1.0,0.3198,0.3228,0.2583,0.3792,0.0,2
Kolar,S2C_44PKV_20260117_0_L2A,2026-01-17,MGRS-44PKV,05.11,1.471511,317455,78818,77317,0.981,0.4192,0.423,0.3654,0.4766,0.0,2
Kolar,S2C_43PHQ_20260117_0_L2A,2026-01-17,MGRS-43PHQ,05.11,0.321389,317677,317677,314160,0.9889,0.4025,0.4066,0.3479,0.4616,0.0,2
Kolar,S2C_43PGQ_20260117_0_L2A,2026-01-17,MGRS-43PGQ,05.11,0.073325,317677,330,330,1.0,0.3676,0.3675,0.2902,0.4393,0.0,2
Kolar,S2B_44PKV_20260122_0_L2A,2026-01-22,MGRS-44PKV,05.11,4.753757,317455,78818,77325,0.9811,0.3988,0.403,0.347,0.4543,0.0,2
Kolar,S2B_43PHQ_20260122_0_L2A,2026-01-22,MGRS-43PHQ,05.11,0.855146,317677,317677,314428,0.9898,0.3876,0.3921,0.3336,0.4463,0.0,2
Kolar,S2B_43PGQ_20260122_0_L2A,2026-01-22,MGRS-43PGQ,05.11,0.000664,317677,330,330,1.0,0.3443,0.3489,0.2761,0.4158,0.0,2
Kolar,S2C_44PKV_20260127_1_L2A,2026-01-27,MGRS-44PKV,05.11,28.167304,317455,78771,75773,0.9619,0.3902,0.3951,0.328,0.4568,0.0,2
Kolar,S2C_43PHQ_20260127_1_L2A,2026-01-27,MGRS-43PHQ,05.11,15.357342,317677,316866,300292,0.9477,0.3679,0.3722,0.306,0.4336,0.0,2
Kolar,S2C_43PGQ_20260127_1_L2A,2026-01-27,MGRS-43PGQ,05.11,0.881836,317677,330,330,1.0,0.3355,0.3383,0.2626,0.4085,0.0,2
Kolar,S2B_44PKV_20260201_0_L2A,2026-02-01,MGRS-44PKV,05.11,10.415778,317455,78818,77353,0.9814,0.3619,0.3668,0.3098,0.4172,0.0,2
Kolar,S2B_43PHQ_20260201_0_L2A,2026-02-01,MGRS-43PHQ,05.11,0.307401,317677,317677,314464,0.9899,0.3534,0.3584,0.3003,0.4109,0.0,2
Kolar,S2B_43PGQ_20260201_0_L2A,2026-02-01,MGRS-43PGQ,05.11,0.000253,317677,330,330,1.0,0.3179,0.3203,0.2514,0.3881,0.0,2
Kolar,S2C_44PKV_20260206_0_L2A,2026-02-06,MGRS-44PKV,05.12,1.430028,317455,78818,77602,0.9846,0.3634,0.3697,0.3093,0.4221,0.0,2
Kolar,S2C_43PHQ_20260206_0_L2A,2026-02-06,MGRS-43PHQ,05.12,0.047691,317677,317677,314937,0.9914,0.3541,0.3601,0.2996,0.4138,0.0,2
Kolar,S2C_43PGQ_20260206_0_L2A,2026-02-06,MGRS-43PGQ,05.12,0.000289,317677,330,330,1.0,0.3183,0.3211,0.2539,0.3884,0.0,2
Kolar,S2B_44PKV_20260211_0_L2A,2026-02-11,MGRS-44PKV,05.12,40.933546,317455,78818,77358,0.9815,0.3636,0.37,0.3105,0.421,0.0,2
Kolar,S2B_43PHQ_20260211_0_L2A,2026-02-11,MGRS-43PHQ,05.12,11.607075,317677,317677,314210,0.9891,0.3508,0.3563,0.2983,0.4072,0.0,2
Kolar,S2B_43PGQ_20260211_0_L2A,2026-02-11,MGRS-43PGQ,05.12,0.001801,317677,330,330,1.0,0.3187,0.3197,0.2533,0.3846,0.0,2
Kolar,S2C_44PKV_20260216_0_L2A,2026-02-16,MGRS-44PKV,05.12,28.247723,317455,78818,67595,0.8576,0.3256,0.3319,0.2791,0.3771,0.0,2
Kolar,S2C_43PHQ_20260216_0_L2A,2026-02-16,MGRS-43PHQ,05.12,28.668252,317677,317677,294462,0.9269,0.3228,0.3282,0.275,0.3742,0.0,2
Kolar,S2C_43PGQ_20260216_0_L2A,2026-02-16,MGRS-43PGQ,05.12,6.201909,317677,330,225,0.6818,0.3158,0.3066,0.2407,0.3676,0.0,2
Kolar,S2B_44PKV_20260221_0_L2A,2026-02-21,MGRS-44PKV,05.12,51.965535,317455,78818,14966,0.1899,0.2904,0.2959,0.2396,0.3439,0.0,2
Kolar,S2B_43PHQ_20260221_0_L2A,2026-02-21,MGRS-43PHQ,05.12,41.773638,317677,317677,163269,0.5139,0.2911,0.296,0.2412,0.3439,0.0,2
Kolar,S2B_43PGQ_20260221_0_L2A,2026-02-21,MGRS-43PGQ,05.12,20.981774,317677,330,330,1.0,0.2848,0.286,0.2207,0.3555,0.0,2
Kolar,S2C_44PKV_20260226_0_L2A,2026-02-26,MGRS-44PKV,05.12,1.05491,317455,78818,77389,0.9819,0.3374,0.3454,0.2828,0.398,0.0,2
Kolar,S2C_43PHQ_20260226_0_L2A,2026-02-26,MGRS-43PHQ,05.12,6.417895,317677,317677,312092,0.9824,0.3255,0.3324,0.2721,0.3842,0.0,2
Kolar,S2C_43PGQ_20260226_0_L2A,2026-02-26,MGRS-43PGQ,05.12,35.148948,317677,330,262,0.7939,0.285,0.2885,0.2327,0.3471,0.0,2
Kolar,S2B_44PKV_20260303_0_L2A,2026-03-03,MGRS-44PKV,05.12,0.019847,317455,78818,77792,0.987,0.3473,0.3569,0.2884,0.4136,0.0,2
Kolar,S2B_43PHQ_20260303_0_L2A,2026-03-03,MGRS-43PHQ,05.12,0.002933,317677,317677,315285,0.9925,0.3269,0.3342,0.2721,0.3872,0.0,2
Kolar,S2B_43PGQ_20260303_0_L2A,2026-03-03,MGRS-43PGQ,05.12,0.006865,317677,330,330,1.0,0.3148,0.3187,0.2484,0.3905,0.0,2
Kolar,S2C_44PKV_20260308_0_L2A,2026-03-08,MGRS-44PKV,05.12,0.06205,317455,78818,77845,0.9877,0.3311,0.3405,0.2739,0.3952,0.0,2
Kolar,S2C_43PHQ_20260308_0_L2A,2026-03-08,MGRS-43PHQ,05.12,0.240185,317677,317677,315302,0.9925,0.3073,0.3138,0.2573,0.3622,0.0,2
Kolar,S2C_43PGQ_20260308_0_L2A,2026-03-08,MGRS-43PGQ,05.12,2.401468,317677,330,330,1.0,0.3185,0.321,0.2461,0.3965,0.0,2
Kolar,S2A_44PKV_20260310_0_L2A,2026-03-10,MGRS-44PKV,05.12,13.252683,317455,78818,77928,0.9887,0.3368,0.3475,0.2776,0.4037,0.0,2
Kolar,S2A_43PHQ_20260310_0_L2A,2026-03-10,MGRS-43PHQ,05.12,4.388516,317677,317677,315584,0.9934,0.3186,0.3267,0.2643,0.3793,0.0,2
Kolar,S2A_43PGQ_20260310_0_L2A,2026-03-10,MGRS-43PGQ,05.12,0.020798,317677,330,330,1.0,0.3049,0.3103,0.2397,0.3819,0.0,2
Kolar,S2B_44PKV_20260313_0_L2A,2026-03-13,MGRS-44PKV,05.12,3.09143,317455,78818,65366,0.8293,0.3074,0.3145,0.2605,0.3592,0.0,2
Kolar,S2B_43PHQ_20260313_0_L2A,2026-03-13,MGRS-43PHQ,05.12,4.330301,317677,317677,286203,0.9009,0.2926,0.2983,0.2499,0.3395,0.0,2
Kolar,S2B_43PGQ_20260313_0_L2A,2026-03-13,MGRS-43PGQ,05.12,0.116109,317677,330,330,1.0,0.2774,0.2832,0.2319,0.3368,0.0,2
Kolar,S2A_44PKV_20260320_0_L2A,2026-03-20,MGRS-44PKV,05.12,5.577526,317455,78818,72496,0.9198,0.3244,0.3333,0.2641,0.3906,0.0,2
Kolar,S2A_43PHQ_20260320_0_L2A,2026-03-20,MGRS-43PHQ,05.12,10.846023,317677,317677,281068,0.8848,0.3084,0.3165,0.2523,0.3712,0.0,2
Kolar,S2A_43PGQ_20260320_0_L2A,2026-03-20,MGRS-43PGQ,05.12,13.12083,317677,330,330,1.0,0.2793,0.2858,0.2276,0.3498,0.0,2
Kolar,S2B_44PKV_20260323_0_L2A,2026-03-23,MGRS-44PKV,05.12,0.228997,317455,78818,77586,0.9844,0.3146,0.3231,0.2614,0.3733,0.0,2
Kolar,S2B_43PHQ_20260323_0_L2A,2026-03-23,MGRS-43PHQ,05.12,0.238135,317677,317677,314517,0.9901,0.3027,0.3105,0.2521,0.3598,0.0,2
Kolar,S2B_43PGQ_20260323_0_L2A,2026-03-23,MGRS-43PGQ,05.12,2.642392,317677,330,330,1.0,0.3084,0.3158,0.2388,0.3999,0.0,2
Kolar,S2C_44PKV_20260328_0_L2A,2026-03-28,MGRS-44PKV,05.12,0.342736,317455,78818,77417,0.9822,0.3216,0.3328,0.2603,0.3903,0.0,2
Kolar,S2C_43PHQ_20260328_0_L2A,2026-03-28,MGRS-43PHQ,05.12,1.162212,317677,317677,312322,0.9831,0.3069,0.316,0.2523,0.3687,0.0,2
Kolar,S2C_43PGQ_20260328_0_L2A,2026-03-28,MGRS-43PGQ,05.12,4.656644,317677,330,330,1.0,0.2922,0.297,0.2335,0.3699,0.0,2
Kolar,S2B_44PKV_20260402_0_L2A,2026-04-02,MGRS-44PKV,05.12,0.221721,317455,78818,78023,0.9899,0.33,0.34,0.2727,0.394,0.0,2
Kolar,S2B_43PHQ_20260402_0_L2A,2026-04-02,MGRS-43PHQ,05.12,5.589427,317677,317677,306886,0.966,0.3083,0.3171,0.2565,0.3668,0.0,2
Kolar,S2B_43PGQ_20260402_1_L2A,2026-04-02,MGRS-43PGQ,05.12,57.271886,317677,330,330,1.0,0.2756,0.2831,0.2241,0.3517,0.0,2
Kolar,S2C_44PKV_20260407_0_L2A,2026-04-07,MGRS-44PKV,05.12,5.948159,317455,78818,78181,0.9919,0.3387,0.3503,0.2758,0.4096,0.0,2
Kolar,S2C_43PHQ_20260407_0_L2A,2026-04-07,MGRS-43PHQ,05.12,1.7e-05,317677,317677,316044,0.9949,0.3149,0.3242,0.2596,0.3778,0.0,2
Kolar,S2C_43PGQ_20260407_0_L2A,2026-04-07,MGRS-43PGQ,05.12,1.19944,317677,330,330,1.0,0.2878,0.2988,0.2317,0.372,0.0,2
Kolar,S2A_44PKV_20260409_0_L2A,2026-04-09,MGRS-44PKV,05.12,25.608554,317455,78818,65733,0.834,0.3244,0.3349,0.2639,0.392,0.0,2
Kolar,S2A_43PHQ_20260409_0_L2A,2026-04-09,MGRS-43PHQ,05.12,23.31768,317677,317677,243168,0.7655,0.2907,0.2986,0.2404,0.3468,0.0,2
Kolar,S2A_43PGQ_20260409_0_L2A,2026-04-09,MGRS-43PGQ,05.12,11.100464,317677,330,226,0.6848,0.2336,0.2426,0.1874,0.2992,0.0,2
Kolar,S2B_44PKV_20260412_0_L2A,2026-04-12,MGRS-44PKV,05.12,0.012734,317455,78818,78283,0.9932,0.3254,0.3338,0.2726,0.3844,0.0,2
Kolar,S2B_43PHQ_20260412_0_L2A,2026-04-12,MGRS-43PHQ,05.12,0.024496,317677,317677,316268,0.9956,0.3034,0.3113,0.2534,0.3598,0.0,2
Kolar,S2B_43PGQ_20260412_0_L2A,2026-04-12,MGRS-43PGQ,05.12,5.522532,317677,330,330,1.0,0.2924,0.2996,0.23,0.3782,0.0,2
Kolar,S2C_44PKV_20260417_0_L2A,2026-04-17,MGRS-44PKV,05.12,24.520323,317455,78818,49485,0.6278,0.3263,0.3366,0.2657,0.3947,0.0,2
Kolar,S2C_43PHQ_20260417_0_L2A,2026-04-17,MGRS-43PHQ,05.12,43.791705,317677,317677,165716,0.5216,0.3046,0.3107,0.2557,0.3578,0.0,2
Kolar,S2C_43PGQ_20260417_0_L2A,2026-04-17,MGRS-43PGQ,05.12,29.762694,317677,330,187,0.5667,0.2845,0.2929,0.2269,0.3597,0.0,2
Kolar,S2B_44PKV_20260422_0_L2A,2026-04-22,MGRS-44PKV,05.12,2.944383,317455,78818,78309,0.9935,0.3263,0.3352,0.2687,0.3898,0.0,2
Kolar,S2B_43PHQ_20260422_0_L2A,2026-04-22,MGRS-43PHQ,05.12,0.225742,317677,317677,316347,0.9958,0.3036,0.3122,0.2495,0.3642,0.0,2
Kolar,S2B_43PGQ_20260422_0_L2A,2026-04-22,MGRS-43PGQ,05.12,0.040077,317677,330,330,1.0,0.2792,0.2876,0.2225,0.3592,0.0,2
Kolar,S2C_44PKV_20260427_0_L2A,2026-04-27,MGRS-44PKV,05.12,0.004721,317455,78818,78345,0.994,0.3189,0.3274,0.2617,0.3815,0.0,2
Kolar,S2C_43PHQ_20260427_1_L2A,2026-04-27,MGRS-43PHQ,05.12,0.000677,317677,317677,316396,0.996,0.2903,0.2971,0.2421,0.3433,0.0,2
Kolar,S2C_43PGQ_20260427_1_L2A,2026-04-27,MGRS-43PGQ,05.12,0.24841,317677,330,330,1.0,0.285,0.2955,0.2261,0.3709,0.0,2
Kolar,S2A_43PHQ_20260429_0_L2A,2026-04-29,MGRS-43PHQ,05.12,6.438807,317677,317677,304054,0.9571,0.2732,0.2785,0.2297,0.3208,0.0,2
Kolar,S2A_43PGQ_20260429_0_L2A,2026-04-29,MGRS-43PGQ,05.12,4.31275,317677,330,330,1.0,0.2595,0.2653,0.212,0.3249,0.0,2
Kolar,S2B_44PKV_20260502_0_L2A,2026-05-02,MGRS-44PKV,05.12,56.160754,317455,78818,68506,0.8692,0.3054,0.3098,0.2539,0.3585,0.0,2
Kolar,S2B_43PHQ_20260502_0_L2A,2026-05-02,MGRS-43PHQ,05.12,47.703123,317677,317677,229573,0.7227,0.2918,0.2964,0.2428,0.3437,0.0,2
Kolar,S2B_43PGQ_20260502_0_L2A,2026-05-02,MGRS-43PGQ,05.12,27.226773,317677,330,16,0.0485,,,,,0.0,2
Kolar,S2C_44PKV_20260507_0_L2A,2026-05-07,MGRS-44PKV,05.12,57.485187,317455,78818,10987,0.1394,0.297,0.2966,0.2559,0.3351,0.0,2
Kolar,S2B_44PKV_20260512_0_L2A,2026-05-12,MGRS-44PKV,05.12,7.254787,317455,78818,78401,0.9947,0.3374,0.3469,0.2793,0.4058,0.0,2
Kolar,S2B_43PHQ_20260512_0_L2A,2026-05-12,MGRS-43PHQ,05.12,1.554089,317677,317677,315019,0.9916,0.2996,0.3079,0.2456,0.3598,0.0,2
Kolar,S2B_43PGQ_20260512_0_L2A,2026-05-12,MGRS-43PGQ,05.12,12.85395,317677,330,330,1.0,0.2987,0.3087,0.2404,0.3748,0.0,2
Kolar,S2C_43PGQ_20260517_0_L2A,2026-05-17,MGRS-43PGQ,05.12,53.107053,317677,330,96,0.2909,0.3002,0.3129,0.2338,0.3937,0.0,2
Kolar,S2A_44PKV_20260519_0_L2A,2026-05-19,MGRS-44PKV,05.12,21.622728,317455,78818,70983,0.9006,0.3466,0.355,0.2831,0.4228,0.0,2
Kolar,S2A_43PHQ_20260519_0_L2A,2026-05-19,MGRS-43PHQ,05.12,18.860003,317677,317677,254642,0.8016,0.296,0.3046,0.238,0.3611,0.0,2
Kolar,S2B_44PKV_20260601_0_L2A,2026-06-01,MGRS-44PKV,05.12,30.080312,317455,78818,41994,0.5328,0.2932,0.31,0.246,0.3552,0.0,2
Kolar,S2B_43PHQ_20260601_0_L2A,2026-06-01,MGRS-43PHQ,05.12,20.422712,317677,317677,264683,0.8332,0.3041,0.3183,0.255,0.3687,0.0,2
Kolar,S2B_43PGQ_20260601_0_L2A,2026-06-01,MGRS-43PGQ,05.12,45.999777,317677,330,330,1.0,0.3777,0.3982,0.2941,0.4975,0.0,2
Kolar,S2C_44PKV_20260606_0_L2A,2026-06-06,MGRS-44PKV,05.12,38.030446,317455,78818,17440,0.2213,0.4429,0.4412,0.3575,0.5261,0.0,2
Kolar,S2C_43PHQ_20260606_0_L2A,2026-06-06,MGRS-43PHQ,05.12,51.654655,317677,317677,49348,0.1553,0.3509,0.3631,0.2775,0.4402,0.0,2
Kolar,S2C_44PKV_20260616_0_L2A,2026-06-16,MGRS-44PKV,05.12,17.612861,317455,78818,78480,0.9957,0.4405,0.4427,0.36,0.5247,0.0,2
Kolar,S2C_43PHQ_20260616_0_L2A,2026-06-16,MGRS-43PHQ,05.12,14.547968,317677,317677,300472,0.9458,0.3919,0.3975,0.3237,0.4669,0.0,2
Kolar,S2C_43PGQ_20260616_0_L2A,2026-06-16,MGRS-43PGQ,05.12,45.684716,317677,330,330,1.0,0.3777,0.3944,0.3014,0.4853,0.0,2
Kolar,S2A_44PKV_20260628_0_L2A,2026-06-28,MGRS-44PKV,05.12,11.186137,317455,78818,63952,0.8114,0.4425,0.4462,0.3625,0.5278,0.0,2
Kolar,S2A_43PHQ_20260628_0_L2A,2026-06-28,MGRS-43PHQ,05.12,18.515217,317677,317677,214376,0.6748,0.4107,0.4138,0.3298,0.4945,0.0,2
Kolar,S2B_44PKV_20260711_0_L2A,2026-07-11,MGRS-44PKV,05.12,21.137355,317455,78818,16163,0.2051,0.386,0.3856,0.316,0.4553,0.0,2
Kolar,S2B_43PHQ_20260711_0_L2A,2026-07-11,MGRS-43PHQ,05.12,43.145463,317677,317677,69161,0.2177,0.3465,0.3519,0.2831,0.417,0.0,2
Kolar,S2B_44PKV_20260810_0_L2A,2026-08-10,MGRS-44PKV,05.12,30.023083,317455,78818,53655,0.6807,0.3714,0.3753,0.3075,0.4393,0.0,2
Kolar,S2B_43PHQ_20260810_0_L2A,2026-08-10,MGRS-43PHQ,05.12,32.9191,317677,317677,230637,0.726,0.3565,0.3597,0.2934,0.4224,0.0,2
Kolar,S2B_43PGQ_20260810_0_L2A,2026-08-10,MGRS-43PGQ,05.12,59.606689,317677,330,291,0.8818,0.3119,0.3133,0.2208,0.3881,0.0,2
Kolar,S2C_44PKV_20260904_0_L2A,2026-09-04,MGRS-44PKV,05.12,56.809944,317455,78818,75172,0.9537,0.3637,0.3709,0.2977,0.4373,0.0,2
Kolar,S2C_43PHQ_20260904_0_L2A,2026-09-04,MGRS-43PHQ,05.12,44.974545,317677,317677,211951,0.6672,0.3394,0.3443,0.2865,0.3976,0.0,2
Kolar,S2A_44PKV_20260906_0_L2A,2026-09-06,MGRS-44PKV,05.12,38.79284,317455,78818,51391,0.652,0.3333,0.3397,0.2753,0.3982,0.0,2
Kolar,S2A_43PHQ_20260906_0_L2A,2026-09-06,MGRS-43PHQ,05.12,57.407677,317677,317677,118894,0.3743,0.3247,0.3285,0.2769,0.3772,0.0,2
Kolar,S2C_44PKV_20260914_0_L2A,2026-09-14,MGRS-44PKV,05.12,50.60401,317455,78818,27529,0.3493,0.3075,0.315,0.2484,0.3747,0.0,2
Kolar,S2C_43PHQ_20260914_0_L2A,2026-09-14,MGRS-43PHQ,05.12,55.871129,317677,317677,90238,0.2841,0.3309,0.3341,0.2698,0.3947,0.0,2
Kolar,S2C_43PGQ_20260914_0_L2A,2026-09-14,MGRS-43PGQ,05.12,50.317574,317677,330,199,0.603,0.2612,0.2607,0.2066,0.3081,0.0,2
Kolar,S2B_44PKV_20260929_0_L2A,2026-09-29,MGRS-44PKV,05.13,28.130147,317455,78818,22350,0.2836,0.3844,0.3841,0.3251,0.4451,0.0,2
Chikkaballapur,S2B_43PHR_20180124_1_L2A,2018-01-24,MGRS-43PHR,05.00,1.616637,304268,56011,49733,0.8879,0.2663,0.2771,0.237,0.3065,0.0,2
Chikkaballapur,S2B_43PGR_20180124_1_L2A,2018-01-24,MGRS-43PGR,05.00,0.867923,304268,103068,92191,0.8945,0.3165,0.3318,0.2679,0.381,0.0,2
Chikkaballapur,S2B_43PHQ_20180124_1_L2A,2018-01-24,MGRS-43PHQ,05.00,13.494189,304268,101352,74243,0.7325,0.3121,0.3218,0.2609,0.3733,0.0,2
Chikkaballapur,S2B_43PGQ_20180124_1_L2A,2018-01-24,MGRS-43PGQ,05.00,13.728495,304268,178969,121643,0.6797,0.3129,0.3223,0.2645,0.371,0.0,2
Chikkaballapur,S2A_43PHR_20180208_1_L2A,2018-02-08,MGRS-43PHR,05.00,33.812433,304268,56011,15599,0.2785,0.2275,0.2417,0.1864,0.2838,0.0,2
Chikkaballapur,S2A_43PGR_20180208_1_L2A,2018-02-08,MGRS-43PGR,05.00,26.55234,304268,103068,77934,0.7561,0.2728,0.2887,0.2242,0.3385,0.0,2
Chikkaballapur,S2A_43PHQ_20180208_1_L2A,2018-02-08,MGRS-43PHQ,05.00,56.854385,304268,101352,9515,0.0939,0.216,0.2314,0.1754,0.2727,0.0,2
Chikkaballapur,S2B_43PHQ_20180213_1_L2A,2018-02-13,MGRS-43PHQ,05.00,58.19394,304268,101352,61370,0.6055,0.282,0.2942,0.2315,0.3447,0.0,2
Chikkaballapur,S2B_43PHR_20180223_1_L2A,2018-02-23,MGRS-43PHR,05.00,0.000461,304268,56011,55789,0.996,0.2484,0.2628,0.2179,0.294,0.0,2
Chikkaballapur,S2B_43PGR_20180223_1_L2A,2018-02-23,MGRS-43PGR,05.00,0.000338,304268,103068,102813,0.9975,0.2689,0.2859,0.2292,0.3264,0.0,2
Chikkaballapur,S2B_43PHQ_20180223_1_L2A,2018-02-23,MGRS-43PHQ,05.00,0.000853,304268,101352,101272,0.9992,0.2845,0.2954,0.2358,0.3436,0.0,2
Chikkaballapur,S2B_43PGQ_20180223_1_L2A,2018-02-23,MGRS-43PGQ,05.00,0.001236,304268,178969,178550,0.9977,0.2996,0.3153,0.2436,0.3722,0.0,2
Chikkaballapur,S2A_43PHR_20180228_1_L2A,2018-02-28,MGRS-43PHR,05.00,18.598346,304268,56011,41036,0.7326,0.2433,0.2573,0.2127,0.2886,0.0,2
Chikkaballapur,S2A_43PGR_20180228_1_L2A,2018-02-28,MGRS-43PGR,05.00,6.567557,304268,103068,68339,0.663,0.2601,0.2778,0.2222,0.316,0.0,2
Chikkaballapur,S2A_43PGQ_20180228_1_L2A,2018-02-28,MGRS-43PGQ,05.00,37.311983,304268,178969,116750,0.6523,0.2818,0.2957,0.2326,0.345,0.0,2
Chikkaballapur,S2A_43PHR_20180310_1_L2A,2018-03-10,MGRS-43PHR,05.00,8.204897,304268,56011,28014,0.5002,0.2237,0.2324,0.203,0.2533,0.0,2
Chikkaballapur,S2A_43PGR_20180310_1_L2A,2018-03-10,MGRS-43PGR,05.00,6.128191,304268,103068,67401,0.6539,0.2397,0.2525,0.2113,0.2808,0.0,2
Chikkaballapur,S2A_43PHQ_20180310_1_L2A,2018-03-10,MGRS-43PHQ,05.00,31.359568,304268,101352,65158,0.6429,0.2411,0.2486,0.2079,0.2811,0.0,2
Chikkaballapur,S2A_43PHR_20180320_1_L2A,2018-03-20,MGRS-43PHR,05.00,1.341528,304268,56011,54384,0.971,0.2323,0.2437,0.2049,0.2709,0.0,2
Chikkaballapur,S2A_43PGR_20180320_1_L2A,2018-03-20,MGRS-43PGR,05.00,0.482724,304268,103068,102424,0.9938,0.2497,0.2647,0.2134,0.3003,0.0,2
Chikkaballapur,S2A_43PHQ_20180320_1_L2A,2018-03-20,MGRS-43PHQ,05.00,4.3e-05,304268,101352,101281,0.9993,0.2755,0.2861,0.2251,0.3356,0.0,2
Chikkaballapur,S2A_43PGQ_20180320_1_L2A,2018-03-20,MGRS-43PGQ,05.00,0.486023,304268,178969,174769,0.9765,0.2865,0.3017,0.2304,0.3582,0.0,2
Chikkaballapur,S2A_43PHR_20180330_1_L2A,2018-03-30,MGRS-43PHR,05.00,1.853278,304268,56011,55821,0.9966,0.2744,0.2868,0.2317,0.3295,0.0,2
Chikkaballapur,S2A_43PGR_20180330_1_L2A,2018-03-30,MGRS-43PGR,05.00,12.894933,304268,103068,102801,0.9974,0.2892,0.3051,0.2371,0.3568,0.0,2
Chikkaballapur,S2A_43PHQ_20180330_1_L2A,2018-03-30,MGRS-43PHQ,05.00,5.814938,304268,101352,101199,0.9985,0.2787,0.2844,0.2359,0.3266,0.0,2
Chikkaballapur,S2A_43PGQ_20180330_1_L2A,2018-03-30,MGRS-43PGQ,05.00,2.985829,304268,178969,178510,0.9974,0.2712,0.2781,0.23,0.3189,0.0,2
Chikkaballapur,S2A_43PHR_20180718_1_L2A,2018-07-18,MGRS-43PHR,05.00,51.140833,304268,56011,32149,0.574,0.2477,0.2581,0.198,0.3074,0.0,2
Chikkaballapur,S2B_43PHQ_20180802_1_L2A,2018-08-02,MGRS-43PHQ,05.00,56.283671,304268,101352,46093,0.4548,0.2625,0.2722,0.2034,0.3324,0.0,2
Chikkaballapur,S2A_43PHR_20180817_1_L2A,2018-08-17,MGRS-43PHR,05.00,52.275956,304268,56011,16821,0.3003,0.2106,0.2153,0.169,0.256,0.0,2
Chikkaballapur,S2B_43PHR_20180822_2_L2A,2018-08-22,MGRS-43PHR,05.00,28.982019,304268,56011,45488,0.8121,0.2634,0.2723,0.2159,0.3197,0.0,2
Chikkaballapur,S2B_43PGR_20180822_2_L2A,2018-08-22,MGRS-43PGR,05.00,52.308357,304268,103068,69621,0.6755,0.3381,0.3514,0.2699,0.4212,0.0,2
Chikkaballapur,S2B_43PHQ_20180822_1_L2A,2018-08-22,MGRS-43PHQ,05.00,29.951069,304268,101352,76263,0.7525,0.2737,0.284,0.2205,0.3377,0.0,2
Chikkaballapur,S2B_43PGQ_20180901_1_L2A,2018-09-01,MGRS-43PGQ,05.00,56.370562,304268,178969,89146,0.4981,0.3839,0.3909,0.3056,0.4681,0.0,2
Chikkaballapur,S2B_43PHR_20180911_1_L2A,2018-09-11,MGRS-43PHR,05.00,31.100735,304268,56011,36791,0.6569,0.2771,0.2898,0.2224,0.3457,0.0,2
Chikkaballapur,S2B_43PGR_20180911_1_L2A,2018-09-11,MGRS-43PGR,05.00,46.52265,304268,103068,55181,0.5354,0.3363,0.3506,0.2682,0.4203,0.0,2
Chikkaballapur,S2B_43PHQ_20180911_1_L2A,2018-09-11,MGRS-43PHQ,05.00,27.308503,304268,101352,51384,0.507,0.2893,0.3024,0.2236,0.3708,0.0,2
Chikkaballapur,S2B_43PGQ_20180911_1_L2A,2018-09-11,MGRS-43PGQ,05.00,40.967062,304268,178969,81967,0.458,0.3643,0.3688,0.281,0.4506,0.0,2
Chikkaballapur,S2A_43PHQ_20180926_1_L2A,2018-09-26,MGRS-43PHQ,05.00,58.611488,304268,101352,243,0.0024,0.4204,0.4194,0.3407,0.49,0.0,2
Chikkaballapur,S2B_43PHR_20181021_1_L2A,2018-10-21,MGRS-43PHR,05.00,18.902133,304268,56011,53933,0.9629,0.5213,0.5176,0.4513,0.5892,0.0,2
Chikkaballapur,S2B_43PGR_20181021_1_L2A,2018-10-21,MGRS-43PGR,05.00,28.403968,304268,103068,100614,0.9762,0.5177,0.5152,0.4438,0.5899,0.0,2
Chikkaballapur,S2B_43PGQ_20181021_1_L2A,2018-10-21,MGRS-43PGQ,05.00,38.757184,304268,178969,101550,0.5674,0.5428,0.5363,0.4497,0.629,0.0,2
Chikkaballapur,S2A_43PGR_20181105_1_L2A,2018-11-05,MGRS-43PGR,05.00,30.405229,304268,103068,29712,0.2883,0.3923,0.4,0.3359,0.4553,0.0,2
Chikkaballapur,S2A_43PHQ_20181105_1_L2A,2018-11-05,MGRS-43PHQ,05.00,38.869333,304268,101352,8853,0.0873,0.492,0.4857,0.4206,0.5571,0.0,2
Chikkaballapur,S2A_43PGQ_20181105_1_L2A,2018-11-05,MGRS-43PGQ,05.00,15.46924,304268,178969,54435,0.3042,0.4744,0.4732,0.4064,0.5421,0.0,2
Chikkaballapur,S2A_43PHR_20190325_1_L2A,2019-03-25,MGRS-43PHR,05.00,0.735037,304268,56011,56006,0.9999,0.1833,0.1943,0.1615,0.2144,0.0,2
Chikkaballapur,S2A_43PGR_20190325_1_L2A,2019-03-25,MGRS-43PGR,05.00,2.053371,304268,103068,103061,0.9999,0.1937,0.2087,0.1668,0.2344,0.0,2
Chikkaballapur,S2A_43PHQ_20190325_1_L2A,2019-03-25,MGRS-43PHQ,05.00,0,304268,101352,101352,1.0,0.2037,0.2146,0.1698,0.2473,0.0,2
Chikkaballapur,S2A_43PGQ_20190325_1_L2A,2019-03-25,MGRS-43PGQ,05.00,0.000279,304268,178969,178957,0.9999,0.209,0.2224,0.1742,0.2562,0.0,2
Chikkaballapur,S2B_43PHR_20190330_1_L2A,2019-03-30,MGRS-43PHR,05.00,0.002488,304268,56011,56006,0.9999,0.1822,0.192,0.1632,0.2098,0.0,2
Chikkaballapur,S2B_43PGR_20190330_2_L2A,2019-03-30,MGRS-43PGR,05.00,0.000819,304268,103068,103062,0.9999,0.1932,0.2059,0.1696,0.2285,0.0,2
Chikkaballapur,S2B_43PHQ_20190330_2_L2A,2019-03-30,MGRS-43PHQ,05.00,0,304268,101352,101352,1.0,0.2033,0.2132,0.1717,0.2435,0.0,2
Chikkaballapur,S2B_43PGQ_20190330_1_L2A,2019-03-30,MGRS-43PGQ,05.00,4.7e-05,304268,178969,178958,0.9999,0.2104,0.2227,0.1777,0.2541,0.0,2
Chikkaballapur,S2B_43PHR_20190409_2_L2A,2019-04-09,MGRS-43PHR,05.00,1.398011,304268,56011,55938,0.9987,0.1795,0.1896,0.1583,0.2096,0.0,2
Chikkaballapur,S2B_43PGR_20190409_1_L2A,2019-04-09,MGRS-43PGR,05.00,0.009487,304268,103068,102842,0.9978,0.1904,0.2028,0.1649,0.2271,0.0,2
Chikkaballapur,S2B_43PHQ_20190409_1_L2A,2019-04-09,MGRS-43PHQ,05.00,9.064934,304268,101352,101245,0.9989,0.2069,0.2181,0.1701,0.2539,0.0,2
Chikkaballapur,S2B_43PGQ_20190409_1_L2A,2019-04-09,MGRS-43PGQ,05.00,0.626558,304268,178969,178753,0.9988,0.219,0.234,0.1773,0.2748,0.0,2
Chikkaballapur,S2A_43PHR_20190414_1_L2A,2019-04-14,MGRS-43PHR,05.00,0.001301,304268,56011,56007,0.9999,0.1761,0.1865,0.1558,0.2055,0.0,2
Chikkaballapur,S2A_43PGR_20190414_1_L2A,2019-04-14,MGRS-43PGR,05.00,0.000368,304268,103068,103067,1.0,0.1872,0.1998,0.1621,0.2237,0.0,2
Chikkaballapur,S2A_43PHQ_20190414_1_L2A,2019-04-14,MGRS-43PHQ,05.00,4.3e-05,304268,101352,101351,1.0,0.1989,0.2096,0.1652,0.2421,0.0,2
Chikkaballapur,S2A_43PGQ_20190414_1_L2A,2019-04-14,MGRS-43PGQ,05.00,0.13032,304268,178969,178962,1.0,0.2045,0.217,0.1705,0.25,0.0,2
Chikkaballapur,S2B_43PHR_20190419_1_L2A,2019-04-19,MGRS-43PHR,05.00,16.153429,304268,56011,53524,0.9556,0.1728,0.1835,0.1462,0.2095,0.0,2
Chikkaballapur,S2B_43PGR_20190419_1_L2A,2019-04-19,MGRS-43PGR,05.00,8.577524,304268,103068,99358,0.964,0.1905,0.2041,0.1584,0.2354,0.0,2
Chikkaballapur,S2B_43PHQ_20190419_1_L2A,2019-04-19,MGRS-43PHQ,05.00,13.903899,304268,101352,96901,0.9561,0.2071,0.2203,0.166,0.2611,0.0,2
Chikkaballapur,S2B_43PGQ_20190419_1_L2A,2019-04-19,MGRS-43PGQ,05.00,8.45626,304268,178969,178331,0.9964,0.2211,0.2372,0.177,0.2808,0.0,2
Chikkaballapur,S2A_43PHR_20190424_1_L2A,2019-04-24,MGRS-43PHR,05.00,0.052671,304268,56011,56009,1.0,0.1713,0.1816,0.1503,0.2013,0.0,2
Chikkaballapur,S2A_43PGR_20190424_1_L2A,2019-04-24,MGRS-43PGR,05.00,0.016679,304268,103068,103066,1.0,0.1838,0.196,0.157,0.2212,0.0,2
Chikkaballapur,S2A_43PHQ_20190424_1_L2A,2019-04-24,MGRS-43PHQ,05.00,21.228497,304268,101352,101352,1.0,0.2011,0.2128,0.1625,0.2507,0.0,2
Chikkaballapur,S2A_43PGQ_20190424_1_L2A,2019-04-24,MGRS-43PGQ,05.00,4.94115,304268,178969,178965,1.0,0.2047,0.2192,0.1664,0.257,0.0,2
Chikkaballapur,S2B_43PHR_20190509_5_L2A,2019-05-09,MGRS-43PHR,05.00,17.842224,304268,56011,23038,0.4113,0.1878,0.1988,0.1575,0.2277,0.0,2
Chikkaballapur,S2B_43PGR_20190509_5_L2A,2019-05-09,MGRS-43PGR,05.00,29.896644,304268,103068,18276,0.1773,0.1985,0.2104,0.161,0.2467,0.0,2
Chikkaballapur,S2B_43PHQ_20190509_2_L2A,2019-05-09,MGRS-43PHQ,05.00,34.352809,304268,101352,40636,0.4009,0.2109,0.2231,0.169,0.2658,0.0,2
Chikkaballapur,S2B_43PGQ_20190509_2_L2A,2019-05-09,MGRS-43PGQ,05.00,43.572503,304268,178969,36132,0.2019,0.2001,0.2138,0.1578,0.2558,0.0,2
Chikkaballapur,S2A_43PHR_20190514_1_L2A,2019-05-14,MGRS-43PHR,05.00,4.497291,304268,56011,56003,0.9999,0.1739,0.1837,0.1491,0.2076,0.0,2
Chikkaballapur,S2A_43PGR_20190514_1_L2A,2019-05-14,MGRS-43PGR,05.00,4.517617,304268,103068,102986,0.9992,0.1952,0.207,0.1621,0.24,0.0,2
Chikkaballapur,S2A_43PHQ_20190514_1_L2A,2019-05-14,MGRS-43PHQ,05.00,3.104061,304268,101352,101343,0.9999,0.2062,0.2168,0.1662,0.2561,0.0,2
Chikkaballapur,S2A_43PGQ_20190514_1_L2A,2019-05-14,MGRS-43PGQ,05.00,20.323724,304268,178969,178460,0.9972,0.2085,0.2208,0.1683,0.2603,0.0,2
Chikkaballapur,S2B_43PHR_20190519_1_L2A,2019-05-19,MGRS-43PHR,05.00,7.893518,304268,56011,55746,0.9953,0.1836,0.1944,0.1563,0.2202,0.0,2
Chikkaballapur,S2B_43PGR_20190519_1_L2A,2019-05-19,MGRS-43PGR,05.00,3.386486,304268,103068,102754,0.997,0.2003,0.2127,0.1665,0.2461,0.0,2
Chikkaballapur,S2B_43PHQ_20190519_1_L2A,2019-05-19,MGRS-43PHQ,05.00,0.162385,304268,101352,101117,0.9977,0.2214,0.2341,0.1763,0.2789,0.0,2
Chikkaballapur,S2B_43PGQ_20190519_1_L2A,2019-05-19,MGRS-43PGQ,05.00,0.071439,304268,178969,177802,0.9935,0.2214,0.2375,0.174,0.2842,0.0,2
Chikkaballapur,S2A_43PHR_20190524_1_L2A,2019-05-24,MGRS-43PHR,05.00,32.533452,304268,56011,29525,0.5271,0.1835,0.1939,0.1547,0.2218,0.0,2
Chikkaballapur,S2A_43PGR_20190524_1_L2A,2019-05-24,MGRS-43PGR,05.00,10.580665,304268,103068,47219,0.4581,0.2116,0.2228,0.1739,0.2597,0.0,2
Chikkaballapur,S2A_43PHQ_20190524_1_L2A,2019-05-24,MGRS-43PHQ,05.00,43.528748,304268,101352,60199,0.594,0.2246,0.2377,0.1747,0.2864,0.0,2
Chikkaballapur,S2A_43PGQ_20190524_1_L2A,2019-05-24,MGRS-43PGQ,05.00,27.289671,304268,178969,86938,0.4858,0.2255,0.2414,0.1717,0.2952,0.0,2
Chikkaballapur,S2B_43PHR_20190529_1_L2A,2019-05-29,MGRS-43PHR,05.00,56.5835,304268,56011,0,0.0,,,,,0.0,2
Chikkaballapur,S2B_43PGR_20190608_1_L2A,2019-06-08,MGRS-43PGR,05.00,43.051308,304268,103068,1374,0.0133,0.2861,0.2904,0.2291,0.3446,0.0,2
Chikkaballapur,S2B_43PHR_20190618_1_L2A,2019-06-18,MGRS-43PHR,05.00,55.951905,304268,56011,0,0.0,,,,,0.0,2
Chikkaballapur,S2A_43PHQ_20190623_1_L2A,2019-06-23,MGRS-43PHQ,05.00,57.827264,304268,101352,4308,0.0425,0.2105,0.2346,0.1613,0.2897,0.0,2
Chikkaballapur,S2B_43PHR_20190628_2_L2A,2019-06-28,MGRS-43PHR,05.00,22.705933,304268,56011,51234,0.9147,0.2001,0.2138,0.1666,0.2487,0.0,2
Chikkaballapur,S2B_43PHQ_20190628_2_L2A,2019-06-28,MGRS-43PHQ,05.00,8.317451,304268,101352,93517,0.9227,0.2987,0.312,0.2329,0.3796,0.0,2
Chikkaballapur,S2B_43PGQ_20190628_2_L2A,2019-06-28,MGRS-43PGQ,05.00,51.556158,304268,178969,101977,0.5698,0.297,0.3127,0.2396,0.3727,0.0,2
Chikkaballapur,S2A_43PGR_20190713_1_L2A,2019-07-13,MGRS-43PGR,05.00,48.990461,304268,103068,27067,0.2626,0.2253,0.238,0.1807,0.2807,0.0,2
Chikkaballapur,S2B_43PHR_20190827_1_L2A,2019-08-27,MGRS-43PHR,05.00,57.298011,304268,56011,0,0.0,,,,,0.0,2
Chikkaballapur,S2A_43PGR_20190921_1_L2A,2019-09-21,MGRS-43PGR,05.00,42.905059,304268,103068,30055,0.2916,0.5426,0.5361,0.451,0.6261,0.0,2
Chikkaballapur,S2A_43PHQ_20190921_1_L2A,2019-09-21,MGRS-43PHQ,05.00,57.968342,304268,101352,35378,0.3491,0.4323,0.4323,0.3477,0.5181,0.0,2
Chikkaballapur,S2A_43PGQ_20190921_1_L2A,2019-09-21,MGRS-43PGQ,05.00,37.09971,304268,178969,96208,0.5376,0.5222,0.5147,0.4296,0.6061,0.0,2
Chikkaballapur,S2A_43PHR_20191001_1_L2A,2019-10-01,MGRS-43PHR,05.00,41.934299,304268,56011,11228,0.2005,0.4253,0.4314,0.3315,0.5329,0.0,2
Chikkaballapur,S2A_43PGR_20191001_1_L2A,2019-10-01,MGRS-43PGR,05.00,49.93248,304268,103068,11305,0.1097,0.5613,0.553,0.4629,0.6538,0.0,2
Chikkaballapur,S2A_43PHQ_20191001_1_L2A,2019-10-01,MGRS-43PHQ,05.00,41.581804,304268,101352,36420,0.3593,0.4807,0.473,0.3823,0.5686,0.0,2
Chikkaballapur,S2B_43PHR_20191006_1_L2A,2019-10-06,MGRS-43PHR,05.00,59.099644,304268,56011,1103,0.0197,0.5414,0.5365,0.462,0.6156,0.0,2
Chikkaballapur,S2A_43PHR_20191011_1_L2A,2019-10-11,MGRS-43PHR,05.00,57.883143,304268,56011,18441,0.3292,0.5311,0.5199,0.4317,0.6189,0.0,2
Chikkaballapur,S2A_43PHQ_20191011_1_L2A,2019-10-11,MGRS-43PHQ,05.00,47.688833,304268,101352,33367,0.3292,0.5111,0.4992,0.4283,0.5806,0.0,2
Chikkaballapur,S2B_43PHR_20191026_1_L2A,2019-10-26,MGRS-43PHR,05.00,52.33314,304268,56011,8671,0.1548,0.579,0.5679,0.4859,0.6595,0.0,2
Chikkaballapur,S2B_43PHQ_20191026_1_L2A,2019-10-26,MGRS-43PHQ,05.00,59.462893,304268,101352,45691,0.4508,0.6067,0.5938,0.5052,0.6931,0.0,2
Chikkaballapur,S2B_43PHR_20191105_1_L2A,2019-11-05,MGRS-43PHR,05.00,27.379525,304268,56011,52527,0.9378,0.5735,0.5633,0.5011,0.6372,0.0,2
Chikkaballapur,S2B_43PGR_20191105_1_L2A,2019-11-05,MGRS-43PGR,05.00,12.374721,304268,103068,84829,0.823,0.6085,0.5997,0.5317,0.6768,0.0,2
Chikkaballapur,S2B_43PHQ_20191105_1_L2A,2019-11-05,MGRS-43PHQ,05.00,4.863892,304268,101352,88478,0.873,0.5985,0.586,0.5186,0.6661,0.0,2
Chikkaballapur,S2B_43PGQ_20191105_1_L2A,2019-11-05,MGRS-43PGQ,05.00,9.829692,304268,178969,163372,0.9129,0.6073,0.5964,0.5348,0.6698,0.0,2
Chikkaballapur,S2A_43PHR_20191110_1_L2A,2019-11-10,MGRS-43PHR,05.00,45.167762,304268,56011,6030,0.1077,0.5078,0.5079,0.4465,0.5723,0.0,2
Chikkaballapur,S2A_43PGR_20191110_1_L2A,2019-11-10,MGRS-43PGR,05.00,47.324353,304268,103068,18285,0.1774,0.5497,0.545,0.4832,0.6126,0.0,2
Chikkaballapur,S2A_43PHQ_20191110_1_L2A,2019-11-10,MGRS-43PHQ,05.00,55.023277,304268,101352,10537,0.104,0.5517,0.5446,0.4799,0.6166,0.0,2
Chikkaballapur,S2A_43PGQ_20191110_1_L2A,2019-11-10,MGRS-43PGQ,05.00,44.777504,304268,178969,49618,0.2772,0.5639,0.5546,0.4885,0.6311,0.0,2
Chikkaballapur,S2A_43PGR_20191120_2_L2A,2019-11-20,MGRS-43PGR,05.00,31.328982,304268,103068,15586,0.1512,0.5229,0.5179,0.4431,0.5957,0.0,2
Chikkaballapur,S2B_43PHR_20191125_1_L2A,2019-11-25,MGRS-43PHR,05.00,14.926496,304268,56011,23717,0.4234,0.4317,0.4275,0.3627,0.4929,0.0,2
Chikkaballapur,S2B_43PGR_20191125_1_L2A,2019-11-25,MGRS-43PGR,05.00,11.331572,304268,103068,35431,0.3438,0.4776,0.4741,0.3954,0.5532,0.0,2
Chikkaballapur,S2B_43PHQ_20191125_1_L2A,2019-11-25,MGRS-43PHQ,05.00,57.167679,304268,101352,54808,0.5408,0.4669,0.4674,0.3832,0.5498,0.0,2
Chikkaballapur,S2B_43PGQ_20191125_1_L2A,2019-11-25,MGRS-43PGQ,05.00,42.232496,304268,178969,32495,0.1816,0.4492,0.4571,0.3631,0.5421,0.0,2
Chikkaballapur,S2A_43PHR_20191210_1_L2A,2019-12-10,MGRS-43PHR,05.00,49.097338,304268,56011,15745,0.2811,0.4303,0.4294,0.3729,0.4891,0.0,2
Chikkaballapur,S2A_43PGR_20191210_1_L2A,2019-12-10,MGRS-43PGR,05.00,12.562431,304268,103068,49213,0.4775,0.4739,0.4715,0.4051,0.541,0.0,2
Chikkaballapur,S2A_43PHQ_20191210_1_L2A,2019-12-10,MGRS-43PHQ,05.00,51.74793,304268,101352,32432,0.32,0.4585,0.4578,0.3894,0.5294,0.0,2
Chikkaballapur,S2A_43PGQ_20191210_1_L2A,2019-12-10,MGRS-43PGQ,05.00,23.955813,304268,178969,108162,0.6044,0.4633,0.4631,0.3918,0.5358,0.0,2
Chikkaballapur,S2B_43PGR_20191215_1_L2A,2019-12-15,MGRS-43PGR,05.00,56.485265,304268,103068,181,0.0018,0.4285,0.4247,0.3564,0.4851,0.0,2
Chikkaballapur,S2B_43PGR_20191225_1_L2A,2019-12-25,MGRS-43PGR,05.00,54.604149,304268,103068,47523,0.4611,0.3596,0.3606,0.3056,0.4164,0.0,2
Chikkaballapur,S2A_43PHR_20191230_1_L2A,2019-12-30,MGRS-43PHR,05.00,48.706311,304268,56011,4905,0.0876,0.2609,0.2648,0.2044,0.3187,0.0,2
Chikkaballapur,S2A_43PGR_20191230_1_L2A,2019-12-30,MGRS-43PGR,05.00,29.300007,304268,103068,68840,0.6679,0.3907,0.3942,0.3359,0.4529,0.0,2
Chikkaballapur,S2A_43PGQ_20191230_1_L2A,2019-12-30,MGRS-43PGQ,05.00,27.254933,304268,178969,89748,0.5015,0.393,0.3972,0.3306,0.461,0.0,2
Chikkaballapur,S2B_43PHR_20200104_1_L2A,2020-01-04,MGRS-43PHR,05.00,24.936065,304268,56011,27770,0.4958,0.3351,0.3398,0.2945,0.3809,0.0,2
Chikkaballapur,S2B_43PGR_20200104_1_L2A,2020-01-04,MGRS-43PGR,05.00,8.448143,304268,103068,56259,0.5458,0.3512,0.3585,0.3089,0.4034,0.0,2
Chikkaballapur,S2B_43PHQ_20200104_1_L2A,2020-01-04,MGRS-43PHQ,05.00,34.168124,304268,101352,48924,0.4827,0.3426,0.3489,0.2939,0.399,0.0,2
Chikkaballapur,S2B_43PGQ_20200104_1_L2A,2020-01-04,MGRS-43PGQ,05.00,31.31924,304268,178969,70321,0.3929,0.3572,0.3641,0.3018,0.4209,0.0,2
Chikkaballapur,S2A_43PGR_20200109_1_L2A,2020-01-09,MGRS-43PGR,05.00,21.86309,304268,103068,8188,0.0794,0.4052,0.41,0.3438,0.4717,0.0,2
Chikkaballapur,S2A_43PHQ_20200109_1_L2A,2020-01-09,MGRS-43PHQ,05.00,22.800004,304268,101352,21082,0.208,0.3551,0.3614,0.3045,0.412,0.0,2
Chikkaballapur,S2A_43PGQ_20200109_1_L2A,2020-01-09,MGRS-43PGQ,05.00,11.01294,304268,178969,92180,0.5151,0.3693,0.3763,0.3093,0.4367,0.0,2
Chikkaballapur,S2B_43PHR_20200114_1_L2A,2020-01-14,MGRS-43PHR,05.00,0.765897,304268,56011,55847,0.9971,0.3292,0.3396,0.2922,0.3769,0.0,2
Chikkaballapur,S2B_43PGR_20200114_1_L2A,2020-01-14,MGRS-43PGR,05.00,0.607657,304268,103068,102918,0.9985,0.3583,0.3687,0.3122,0.4155,0.0,2
Chikkaballapur,S2B_43PHQ_20200114_1_L2A,2020-01-14,MGRS-43PHQ,05.00,11.235856,304268,101352,101011,0.9966,0.3527,0.3598,0.3043,0.409,0.0,2
Chikkaballapur,S2B_43PGQ_20200114_1_L2A,2020-01-14,MGRS-43PGQ,05.00,2.177243,304268,178969,178422,0.9969,0.3714,0.3803,0.3147,0.4374,0.0,2
Chikkaballapur,S2A_43PHR_20200119_1_L2A,2020-01-19,MGRS-43PHR,05.00,36.977163,304268,56011,55625,0.9931,0.2896,0.301,0.2504,0.3396,0.0,2
Chikkaballapur,S2A_43PGR_20200119_1_L2A,2020-01-19,MGRS-43PGR,05.00,1.317487,304268,103068,101543,0.9852,0.3207,0.3322,0.2767,0.3768,0.0,2
Chikkaballapur,S2A_43PHQ_20200119_1_L2A,2020-01-19,MGRS-43PHQ,05.00,56.376219,304268,101352,76396,0.7538,0.255,0.2705,0.2129,0.3122,0.0,2
Chikkaballapur,S2B_43PHR_20200124_1_L2A,2020-01-24,MGRS-43PHR,05.00,0.000617,304268,56011,55879,0.9976,0.3052,0.3194,0.2675,0.3568,0.0,2
Chikkaballapur,S2B_43PGR_20200124_1_L2A,2020-01-24,MGRS-43PGR,05.00,0.160693,304268,103068,102953,0.9989,0.3283,0.3415,0.2829,0.3873,0.0,2
Chikkaballapur,S2B_43PHQ_20200124_1_L2A,2020-01-24,MGRS-43PHQ,05.00,0.000229,304268,101352,101259,0.9991,0.3282,0.3377,0.2794,0.3866,0.0,2
Chikkaballapur,S2B_43PGQ_20200124_1_L2A,2020-01-24,MGRS-43PGQ,05.00,0.000267,304268,178969,178703,0.9985,0.339,0.35,0.2858,0.4034,0.0,2
Chikkaballapur,S2A_43PHR_20200129_1_L2A,2020-01-29,MGRS-43PHR,05.00,0.628956,304268,56011,55567,0.9921,0.2684,0.281,0.2379,0.3114,0.0,2
Chikkaballapur,S2A_43PGR_20200129_1_L2A,2020-01-29,MGRS-43PGR,05.00,12.741838,304268,103068,100710,0.9771,0.3233,0.3396,0.2711,0.3928,0.0,2
Chikkaballapur,S2A_43PHQ_20200129_3_L2A,2020-01-29,MGRS-43PHQ,05.00,0.001245,304268,38515,38515,1.0,0.3056,0.3135,0.2604,0.3581,0.0,2
Chikkaballapur,S2A_43PGQ_20200129_3_L2A,2020-01-29,MGRS-43PGQ,05.00,1.11704,304268,102839,102671,0.9984,0.3157,0.3267,0.2617,0.3811,0.0,2
Chikkaballapur,S2B_43PHR_20200203_1_L2A,2020-02-03,MGRS-43PHR,05.00,4.271094,304268,56011,55896,0.9979,0.2783,0.2925,0.2466,0.3238,0.0,2
Chikkaballapur,S2B_43PGR_20200203_1_L2A,2020-02-03,MGRS-43PGR,05.00,0.001237,304268,103068,102962,0.999,0.2999,0.3137,0.2606,0.3531,0.0,2
Chikkaballapur,S2B_43PHQ_20200203_1_L2A,2020-02-03,MGRS-43PHQ,05.00,3.394537,304268,101352,101274,0.9992,0.3017,0.3116,0.2578,0.3549,0.0,2
Chikkaballapur,S2B_43PGQ_20200203_1_L2A,2020-02-03,MGRS-43PGQ,05.00,0.068861,304268,178969,178702,0.9985,0.3184,0.3313,0.2671,0.3829,0.0,2
Chikkaballapur,S2A_43PHR_20200208_1_L2A,2020-02-08,MGRS-43PHR,05.00,3.991782,304268,56011,53940,0.963,0.2687,0.2855,0.2326,0.3214,0.0,2
Chikkaballapur,S2A_43PGR_20200208_1_L2A,2020-02-08,MGRS-43PGR,05.00,5.18318,304268,103068,83306,0.8083,0.2869,0.3038,0.2447,0.3462,0.0,2
Chikkaballapur,S2A_43PHQ_20200208_1_L2A,2020-02-08,MGRS-43PHQ,05.00,17.858228,304268,101352,101278,0.9993,0.3183,0.3331,0.2572,0.3936,0.0,2
Chikkaballapur,S2A_43PGQ_20200208_1_L2A,2020-02-08,MGRS-43PGQ,05.00,9.390096,304268,178969,149061,0.8329,0.2885,0.3012,0.2433,0.3467,0.0,2
Chikkaballapur,S2B_43PHR_20200213_1_L2A,2020-02-13,MGRS-43PHR,05.00,0.004376,304268,56011,55910,0.9982,0.2635,0.2789,0.2322,0.3102,0.0,2
Chikkaballapur,S2B_43PGR_20200213_1_L2A,2020-02-13,MGRS-43PGR,05.00,0.001478,304268,103068,102993,0.9993,0.2802,0.2947,0.2443,0.3307,0.0,2
Chikkaballapur,S2B_43PHQ_20200213_1_L2A,2020-02-13,MGRS-43PHQ,05.00,6e-05,304268,101352,101283,0.9993,0.2864,0.2978,0.2427,0.3411,0.0,2
Chikkaballapur,S2B_43PGQ_20200213_1_L2A,2020-02-13,MGRS-43PGQ,05.00,0.614336,304268,178969,178765,0.9989,0.2996,0.3143,0.2499,0.3643,0.0,2
Chikkaballapur,S2A_43PHR_20200218_1_L2A,2020-02-18,MGRS-43PHR,05.00,0.080826,304268,56011,55905,0.9981,0.2494,0.2641,0.2207,0.2929,0.0,2
Chikkaballapur,S2A_43PGR_20200218_1_L2A,2020-02-18,MGRS-43PGR,05.00,0.591433,304268,103068,102965,0.999,0.2666,0.2809,0.2325,0.3151,0.0,2
Chikkaballapur,S2A_43PHQ_20200218_1_L2A,2020-02-18,MGRS-43PHQ,05.00,0.816467,304268,101352,93317,0.9207,0.2744,0.2856,0.2323,0.3268,0.0,2
Chikkaballapur,S2A_43PGQ_20200218_1_L2A,2020-02-18,MGRS-43PGQ,05.00,1.599018,304268,178969,170882,0.9548,0.2858,0.3002,0.2396,0.3464,0.0,2
Chikkaballapur,S2A_43PHR_20200228_1_L2A,2020-02-28,MGRS-43PHR,05.00,4.643618,304268,56011,55820,0.9966,0.2516,0.2708,0.2133,0.3087,0.0,2
Chikkaballapur,S2A_43PGR_20200228_1_L2A,2020-02-28,MGRS-43PGR,05.00,0.203184,304268,103068,102765,0.9971,0.2464,0.2602,0.2139,0.2924,0.0,2
Chikkaballapur,S2A_43PHQ_20200228_1_L2A,2020-02-28,MGRS-43PHQ,05.00,55.860871,304268,101352,68400,0.6749,0.2735,0.2909,0.222,0.3427,0.0,2
Chikkaballapur,S2A_43PGQ_20200228_1_L2A,2020-02-28,MGRS-43PGQ,05.00,55.894709,304268,178969,136932,0.7651,0.2879,0.308,0.2339,0.3626,0.0,2
Chikkaballapur,S2B_43PHR_20200304_1_L2A,2020-03-04,MGRS-43PHR,05.00,15.745601,304268,56011,55957,0.999,0.252,0.27,0.2168,0.3042,0.0,2
Chikkaballapur,S2B_43PGR_20200304_1_L2A,2020-03-04,MGRS-43PGR,05.00,1.013493,304268,103068,103023,0.9996,0.2637,0.2795,0.2265,0.3166,0.0,2
Chikkaballapur,S2B_43PHQ_20200304_1_L2A,2020-03-04,MGRS-43PHQ,05.00,54.561394,304268,101352,97932,0.9663,0.3053,0.3234,0.242,0.3875,0.0,2
Chikkaballapur,S2B_43PGQ_20200304_1_L2A,2020-03-04,MGRS-43PGQ,05.00,23.945348,304268,178969,173687,0.9705,0.2916,0.3087,0.2399,0.3615,0.0,2
Chikkaballapur,S2A_43PHR_20200309_1_L2A,2020-03-09,MGRS-43PHR,05.00,27.423912,304268,56011,22231,0.3969,0.195,0.1992,0.1658,0.2282,0.0,2
Chikkaballapur,S2A_43PGR_20200309_1_L2A,2020-03-09,MGRS-43PGR,05.00,17.223723,304268,103068,44497,0.4317,0.2283,0.2374,0.1859,0.2835,0.0,2
Chikkaballapur,S2A_43PHQ_20200309_1_L2A,2020-03-09,MGRS-43PHQ,05.00,53.127211,304268,101352,26524,0.2617,0.2069,0.2149,0.1724,0.2509,0.0,2
Chikkaballapur,S2A_43PGQ_20200309_1_L2A,2020-03-09,MGRS-43PGQ,05.00,54.543954,304268,178969,51455,0.2875,0.2254,0.2355,0.1825,0.2806,0.0,2
Chikkaballapur,S2B_43PHR_20200314_1_L2A,2020-03-14,MGRS-43PHR,05.00,0.00134,304268,56011,55961,0.9991,0.2272,0.2401,0.2018,0.2646,0.0,2
Chikkaballapur,S2B_43PGR_20200314_1_L2A,2020-03-14,MGRS-43PGR,05.00,0.021013,304268,103068,103022,0.9996,0.2432,0.2573,0.2118,0.2882,0.0,2
Chikkaballapur,S2B_43PHQ_20200314_1_L2A,2020-03-14,MGRS-43PHQ,05.00,3.6e-05,304268,101352,101320,0.9997,0.2512,0.2638,0.2107,0.3043,0.0,2
Chikkaballapur,S2B_43PGQ_20200314_1_L2A,2020-03-14,MGRS-43PGQ,05.00,0.029742,304268,178969,178814,0.9991,0.2628,0.2789,0.2187,0.323,0.0,2
Chikkaballapur,S2A_43PHR_20200319_1_L2A,2020-03-19,MGRS-43PHR,05.00,0.001009,304268,56011,55972,0.9993,0.2149,0.2269,0.1911,0.2496,0.0,2
Chikkaballapur,S2A_43PGR_20200319_1_L2A,2020-03-19,MGRS-43PGR,05.00,9.2e-05,304268,103068,103032,0.9997,0.2299,0.2435,0.1999,0.2729,0.0,2
Chikkaballapur,S2A_43PHQ_20200319_1_L2A,2020-03-19,MGRS-43PHQ,05.00,0,304268,101352,101327,0.9998,0.2348,0.2465,0.1988,0.2826,0.0,2
Chikkaballapur,S2A_43PGQ_20200319_1_L2A,2020-03-19,MGRS-43PGQ,05.00,0.015763,304268,178969,178830,0.9992,0.2496,0.2654,0.2071,0.3076,0.0,2
Chikkaballapur,S2B_43PHR_20200324_1_L2A,2020-03-24,MGRS-43PHR,05.00,0.006831,304268,56011,55971,0.9993,0.2222,0.2354,0.1955,0.2609,0.0,2
Chikkaballapur,S2B_43PGR_20200324_1_L2A,2020-03-24,MGRS-43PGR,05.00,1.562206,304268,103068,102898,0.9984,0.2356,0.2498,0.2034,0.2813,0.0,2
Chikkaballapur,S2B_43PHQ_20200324_1_L2A,2020-03-24,MGRS-43PHQ,05.00,0.013696,304268,101352,101327,0.9998,0.2475,0.2608,0.2047,0.3038,0.0,2
Chikkaballapur,S2B_43PGQ_20200324_1_L2A,2020-03-24,MGRS-43PGQ,05.00,0.64514,304268,178969,178751,0.9988,0.2612,0.2776,0.2145,0.3242,0.0,2
Chikkaballapur,S2A_43PHR_20200329_1_L2A,2020-03-29,MGRS-43PHR,05.00,0.000166,304268,56011,55980,0.9994,0.211,0.2242,0.1855,0.2485,0.0,2
Chikkaballapur,S2A_43PGR_20200329_1_L2A,2020-03-29,MGRS-43PGR,05.00,8.3e-05,304268,103068,103049,0.9998,0.2242,0.2381,0.194,0.2676,0.0,2
Chikkaballapur,S2A_43PHQ_20200329_1_L2A,2020-03-29,MGRS-43PHQ,05.00,1e-05,304268,101352,101335,0.9998,0.2294,0.2414,0.1924,0.2783,0.0,2
Chikkaballapur,S2A_43PGQ_20200329_1_L2A,2020-03-29,MGRS-43PGQ,05.00,1e-05,304268,178969,178864,0.9994,0.2418,0.257,0.2002,0.2984,0.0,2
Chikkaballapur,S2B_43PHR_20200403_1_L2A,2020-04-03,MGRS-43PHR,05.00,0.023059,304268,56011,55983,0.9995,0.2124,0.2253,0.1877,0.2488,0.0,2
Chikkaballapur,S2B_43PGR_20200403_1_L2A,2020-04-03,MGRS-43PGR,05.00,0.628228,304268,103068,101707,0.9868,0.2277,0.242,0.1964,0.2725,0.0,2
Chikkaballapur,S2B_43PHQ_20200403_1_L2A,2020-04-03,MGRS-43PHQ,05.00,23.881204,304268,101352,99277,0.9795,0.2291,0.2404,0.194,0.2753,0.0,2
Chikkaballapur,S2B_43PGQ_20200403_1_L2A,2020-04-03,MGRS-43PGQ,05.00,25.108427,304268,178969,155672,0.8698,0.2407,0.2547,0.2029,0.2923,0.0,2
Chikkaballapur,S2A_43PHR_20200408_2_L2A,2020-04-08,MGRS-43PHR,05.00,49.174762,304268,56011,39056,0.6973,0.1932,0.2086,0.1524,0.2468,0.0,2
Chikkaballapur,S2A_43PGR_20200408_1_L2A,2020-04-08,MGRS-43PGR,05.00,44.917044,304268,103068,82095,0.7965,0.2395,0.2579,0.1935,0.3036,0.0,2
Chikkaballapur,S2A_43PHQ_20200408_1_L2A,2020-04-08,MGRS-43PHQ,05.00,14.152239,304268,101352,68241,0.6733,0.2476,0.2642,0.1965,0.3156,0.0,2
Chikkaballapur,S2A_43PGQ_20200408_1_L2A,2020-04-08,MGRS-43PGQ,05.00,10.293364,304268,178969,151174,0.8447,0.243,0.2592,0.1995,0.3035,0.0,2
Chikkaballapur,S2B_43PHR_20200413_1_L2A,2020-04-13,MGRS-43PHR,05.00,0,304268,56011,55986,0.9996,0.2173,0.2295,0.1912,0.2541,0.0,2
Chikkaballapur,S2B_43PGR_20200413_1_L2A,2020-04-13,MGRS-43PGR,05.00,1.6e-05,304268,103068,103046,0.9998,0.2294,0.2415,0.1995,0.2709,0.0,2
Chikkaballapur,S2B_43PHQ_20200413_3_L2A,2020-04-13,MGRS-43PHQ,05.00,9e-06,304268,101352,101339,0.9999,0.2389,0.2496,0.2018,0.286,0.0,2
Chikkaballapur,S2B_43PGQ_20200413_3_L2A,2020-04-13,MGRS-43PGQ,05.00,0.000501,304268,178969,178861,0.9994,0.2469,0.2587,0.2094,0.2955,0.0,2
Chikkaballapur,S2A_43PHR_20200418_1_L2A,2020-04-18,MGRS-43PHR,05.00,0.246854,304268,56011,55991,0.9996,0.2054,0.217,0.1796,0.2411,0.0,2
Chikkaballapur,S2A_43PGR_20200418_1_L2A,2020-04-18,MGRS-43PGR,05.00,1.535198,304268,103068,99599,0.9663,0.2152,0.2264,0.1848,0.256,0.0,2
Chikkaballapur,S2A_43PHQ_20200418_1_L2A,2020-04-18,MGRS-43PHQ,05.00,4.351976,304268,101352,101256,0.9991,0.2295,0.2394,0.1924,0.2757,0.0,2
Chikkaballapur,S2A_43PGQ_20200418_1_L2A,2020-04-18,MGRS-43PGQ,05.00,5.154848,304268,178969,175629,0.9813,0.2337,0.2453,0.1963,0.2822,0.0,2
Chikkaballapur,S2B_43PGR_20200423_1_L2A,2020-04-23,MGRS-43PGR,05.00,49.325204,304268,103068,13855,0.1344,0.2117,0.223,0.1789,0.2552,0.0,2
Chikkaballapur,S2B_43PHQ_20200423_1_L2A,2020-04-23,MGRS-43PHQ,05.00,21.062917,304268,101352,1200,0.0118,0.2356,0.2385,0.1954,0.2726,0.0,2
Chikkaballapur,S2A_43PHQ_20200428_1_L2A,2020-04-28,MGRS-43PHQ,05.00,50.113928,304268,101352,16664,0.1644,0.2258,0.2336,0.1824,0.2766,0.0,2
Chikkaballapur,S2A_43PGQ_20200428_1_L2A,2020-04-28,MGRS-43PGQ,05.00,56.486875,304268,178969,49672,0.2775,0.2237,0.2334,0.1811,0.2757,0.0,2
Chikkaballapur,S2B_43PHR_20200503_1_L2A,2020-05-03,MGRS-43PHR,05.00,31.411815,304268,56011,1,0.0,,,,,0.0,2
Chikkaballapur,S2B_43PGR_20200503_1_L2A,2020-05-03,MGRS-43PGR,05.00,40.934339,304268,103068,298,0.0029,0.2194,0.2318,0.2013,0.2445,0.0,2
Chikkaballapur,S2B_43PHR_20200513_1_L2A,2020-05-13,MGRS-43PHR,05.00,28.729907,304268,56011,34835,0.6219,0.2106,0.2194,0.1825,0.2467,0.0,2
Chikkaballapur,S2B_43PGR_20200513_1_L2A,2020-05-13,MGRS-43PGR,05.00,11.537813,304268,103068,53273,0.5169,0.2369,0.2469,0.198,0.2855,0.0,2
Chikkaballapur,S2B_43PGQ_20200513_1_L2A,2020-05-13,MGRS-43PGQ,05.00,51.876092,304268,178969,121659,0.6798,0.3033,0.3127,0.2463,0.3694,0.0,2
Chikkaballapur,S2A_43PHR_20200518_1_L2A,2020-05-18,MGRS-43PHR,05.00,48.979646,304268,56011,52930,0.945,0.2421,0.2587,0.1867,0.3149,0.0,2
Chikkaballapur,S2A_43PGQ_20200518_1_L2A,2020-05-18,MGRS-43PGQ,05.00,56.536031,304268,178969,137289,0.7671,0.2773,0.2852,0.2183,0.3435,0.0,2
Chikkaballapur,S2B_43PHR_20200523_1_L2A,2020-05-23,MGRS-43PHR,05.00,41.458878,304268,56011,25613,0.4573,0.1997,0.2078,0.1754,0.2315,0.0,2
Chikkaballapur,S2B_43PGR_20200523_1_L2A,2020-05-23,MGRS-43PGR,05.00,52.460635,304268,103068,5989,0.0581,0.2028,0.2146,0.1735,0.2432,0.0,2
Chikkaballapur,S2B_43PHQ_20200523_1_L2A,2020-05-23,MGRS-43PHQ,05.00,52.906525,304268,101352,17067,0.1684,0.2097,0.2214,0.1807,0.2501,0.0,2
Chikkaballapur,S2A_43PHR_20200528_1_L2A,2020-05-28,MGRS-43PHR,05.00,12.216602,304268,56011,55997,0.9998,0.2202,0.2309,0.1858,0.264,0.0,2
Chikkaballapur,S2A_43PGR_20200528_1_L2A,2020-05-28,MGRS-43PGR,05.00,12.196871,304268,103068,97446,0.9455,0.2352,0.245,0.196,0.2834,0.0,2
Chikkaballapur,S2A_43PHQ_20200528_1_L2A,2020-05-28,MGRS-43PHQ,05.00,6.299365,304268,101352,99568,0.9824,0.2783,0.2888,0.2192,0.3463,0.0,2
Chikkaballapur,S2A_43PGQ_20200528_1_L2A,2020-05-28,MGRS-43PGQ,05.00,17.619435,304268,178969,173262,0.9681,0.3132,0.3264,0.2408,0.3987,0.0,2
Chikkaballapur,S2B_43PGR_20200602_1_L2A,2020-06-02,MGRS-43PGR,05.00,49.381524,304268,103068,3471,0.0337,0.2376,0.244,0.1967,0.284,0.0,2
Chikkaballapur,S2A_43PHR_20200707_1_L2A,2020-07-07,MGRS-43PHR,05.00,31.064194,304268,56011,21894,0.3909,0.2718,0.2828,0.2208,0.3353,0.0,2
Chikkaballapur,S2B_43PGR_20200712_1_L2A,2020-07-12,MGRS-43PGR,05.00,59.345454,304268,103068,26142,0.2536,0.3739,0.384,0.2987,0.4604,0.0,2
Chikkaballapur,S2B_43PHQ_20200712_1_L2A,2020-07-12,MGRS-43PHQ,05.00,51.083839,304268,101352,29731,0.2933,0.3976,0.4009,0.315,0.4844,0.0,2
Chikkaballapur,S2B_43PGQ_20200712_1_L2A,2020-07-12,MGRS-43PGQ,05.00,27.907288,304268,178969,60380,0.3374,0.4244,0.4255,0.3333,0.5155,0.0,2
Chikkaballapur,S2A_43PHR_20200717_1_L2A,2020-07-17,MGRS-43PHR,05.00,50.514674,304268,56011,12495,0.2231,0.3085,0.3248,0.2557,0.3743,0.0,2
Chikkaballapur,S2B_43PHR_20200801_1_L2A,2020-08-01,MGRS-43PHR,05.00,59.63344,304268,56011,7369,0.1316,0.4208,0.4236,0.3641,0.4797,0.0,2
Chikkaballapur,S2B_43PHR_20200831_1_L2A,2020-08-31,MGRS-43PHR,05.00,28.98598,304268,56011,8676,0.1549,0.5771,0.5726,0.4949,0.6586,0.0,2
Chikkaballapur,S2B_43PGR_20200831_1_L2A,2020-08-31,MGRS-43PGR,05.00,36.663109,304268,103068,11475,0.1113,0.6029,0.5885,0.5071,0.6846,0.0,2
Chikkaballapur,S2A_43PHR_20200905_1_L2A,2020-09-05,MGRS-43PHR,05.00,49.133506,304268,56011,19627,0.3504,0.5424,0.5354,0.4672,0.6132,0.0,2
Chikkaballapur,S2A_43PGR_20200905_1_L2A,2020-09-05,MGRS-43PGR,05.00,51.908761,304268,103068,20712,0.201,0.5559,0.5536,0.4837,0.6262,0.0,2
Chikkaballapur,S2A_43PHR_20200925_1_L2A,2020-09-25,MGRS-43PHR,05.00,27.771235,304268,56011,27988,0.4997,0.5628,0.5525,0.4848,0.6303,0.0,2
Chikkaballapur,S2A_43PGR_20200925_1_L2A,2020-09-25,MGRS-43PGR,05.00,38.670814,304268,103068,39183,0.3802,0.5978,0.5893,0.5212,0.6657,0.0,2
Chikkaballapur,S2A_43PGQ_20200925_1_L2A,2020-09-25,MGRS-43PGQ,05.00,59.768295,304268,178969,100568,0.5619,0.5641,0.561,0.4819,0.6457,0.0,2
Chikkaballapur,S2A_43PHR_20201005_1_L2A,2020-10-05,MGRS-43PHR,05.00,58.868486,304268,56011,47974,0.8565,0.5744,0.565,0.4958,0.6443,0.0,2
Chikkaballapur,S2A_43PGR_20201005_1_L2A,2020-10-05,MGRS-43PGR,05.00,28.464887,304268,103068,60857,0.5905,0.5874,0.5769,0.5072,0.6581,0.0,2
Chikkaballapur,S2A_43PHQ_20201005_1_L2A,2020-10-05,MGRS-43PHQ,05.00,58.148551,304268,101352,60836,0.6002,0.5332,0.5235,0.4609,0.595,0.0,2
Chikkaballapur,S2A_43PGQ_20201005_1_L2A,2020-10-05,MGRS-43PGQ,05.00,36.669841,304268,178969,121423,0.6785,0.5915,0.5822,0.5025,0.6711,0.0,2
Chikkaballapur,S2A_43PHR_20201015_1_L2A,2020-10-15,MGRS-43PHR,05.00,53.984106,304268,56011,10280,0.1835,0.4918,0.4911,0.4145,0.5682,0.0,2
Chikkaballapur,S2A_43PHR_20201025_1_L2A,2020-10-25,MGRS-43PHR,05.00,29.061377,304268,56011,16446,0.2936,0.6029,0.5902,0.529,0.6647,0.0,2
Chikkaballapur,S2A_43PGR_20201025_1_L2A,2020-10-25,MGRS-43PGR,05.00,47.916967,304268,103068,30199,0.293,0.6016,0.59,0.5348,0.6571,0.0,2
Chikkaballapur,S2A_43PHQ_20201025_1_L2A,2020-10-25,MGRS-43PHQ,05.00,36.036217,304268,101352,54098,0.5338,0.6094,0.5966,0.5355,0.671,0.0,2
Chikkaballapur,S2A_43PGQ_20201025_1_L2A,2020-10-25,MGRS-43PGQ,05.00,59.552157,304268,178969,117994,0.6593,0.626,0.611,0.5464,0.6896,0.0,2
Chikkaballapur,S2B_43PHR_20201030_1_L2A,2020-10-30,MGRS-43PHR,05.00,10.679723,304268,56011,27910,0.4983,0.4625,0.4687,0.3913,0.5424,0.0,2
Chikkaballapur,S2B_43PGR_20201030_1_L2A,2020-10-30,MGRS-43PGR,05.00,48.54061,304268,103068,26432,0.2565,0.4503,0.4626,0.3815,0.5344,0.0,2
Chikkaballapur,S2B_43PHQ_20201030_1_L2A,2020-10-30,MGRS-43PHQ,05.00,55.325925,304268,101352,41705,0.4115,0.475,0.4816,0.3959,0.5635,0.0,2
Chikkaballapur,S2B_43PGQ_20201030_1_L2A,2020-10-30,MGRS-43PGQ,05.00,24.319877,304268,178969,83708,0.4677,0.5188,0.5169,0.4269,0.6091,0.0,2
Chikkaballapur,S2A_43PHR_20201104_0_L2A,2020-11-04,MGRS-43PHR,05.00,47.003654,304268,56011,17784,0.3175,0.4712,0.4654,0.4122,0.5246,0.0,2
Chikkaballapur,S2A_43PGR_20201104_1_L2A,2020-11-04,MGRS-43PGR,05.00,51.050937,304268,103068,24401,0.2367,0.5366,0.5282,0.4617,0.6029,0.0,2
Chikkaballapur,S2A_43PHQ_20201104_1_L2A,2020-11-04,MGRS-43PHQ,05.00,53.969628,304268,101352,27351,0.2699,0.4636,0.4582,0.4058,0.515,0.0,2
Chikkaballapur,S2A_43PGQ_20201104_1_L2A,2020-11-04,MGRS-43PGQ,05.00,47.036168,304268,178969,48071,0.2686,0.4877,0.4808,0.4266,0.5424,0.0,2
Chikkaballapur,S2B_43PHR_20201109_1_L2A,2020-11-09,MGRS-43PHR,05.00,32.673031,304268,56011,30748,0.549,0.5225,0.5032,0.4471,0.5823,0.0,2
Chikkaballapur,S2B_43PGR_20201109_1_L2A,2020-11-09,MGRS-43PGR,05.00,39.792657,304268,103068,46844,0.4545,0.5427,0.5276,0.4652,0.6072,0.0,2
Chikkaballapur,S2B_43PHQ_20201109_1_L2A,2020-11-09,MGRS-43PHQ,05.00,38.437992,304268,101352,76744,0.7572,0.5094,0.4763,0.3924,0.5865,0.0,2
Chikkaballapur,S2B_43PGQ_20201109_1_L2A,2020-11-09,MGRS-43PGQ,05.00,35.079145,304268,178969,127521,0.7125,0.5206,0.4997,0.4347,0.5874,0.0,2
Chikkaballapur,S2A_43PGR_20201124_2_L2A,2020-11-24,MGRS-43PGR,05.00,52.649432,304268,103068,7789,0.0756,0.4531,0.45,0.3915,0.5091,0.0,2
Chikkaballapur,S2A_43PHR_20201214_1_L2A,2020-12-14,MGRS-43PHR,05.00,30.956864,304268,56011,2314,0.0413,0.4608,0.4556,0.4026,0.5163,0.0,2
Chikkaballapur,S2A_43PGR_20201214_1_L2A,2020-12-14,MGRS-43PGR,05.00,28.054997,304268,103068,6094,0.0591,0.5536,0.5503,0.5017,0.6036,0.0,2
Chikkaballapur,S2A_43PHQ_20201214_1_L2A,2020-12-14,MGRS-43PHQ,05.00,28.344935,304268,101352,62485,0.6165,0.4903,0.4844,0.4246,0.5506,0.0,2
Chikkaballapur,S2A_43PGQ_20201214_1_L2A,2020-12-14,MGRS-43PGQ,05.00,15.927508,304268,178969,99259,0.5546,0.476,0.4745,0.4115,0.54,0.0,2
Chikkaballapur,S2B_43PGR_20201219_1_L2A,2020-12-19,MGRS-43PGR,05.00,49.488059,304268,103068,22475,0.2181,0.4587,0.4558,0.4005,0.513,0.0,2
Chikkaballapur,S2A_43PHR_20201224_1_L2A,2020-12-24,MGRS-43PHR,05.00,1.688422,304268,56011,55650,0.9936,0.4559,0.4535,0.4037,0.5065,0.0,2
Chikkaballapur,S2A_43PGR_20201224_1_L2A,2020-12-24,MGRS-43PGR,05.00,0.555741,304268,103068,102513,0.9946,0.4648,0.464,0.4102,0.5196,0.0,2
Chikkaballapur,S2A_43PHQ_20201224_1_L2A,2020-12-24,MGRS-43PHQ,05.00,5.535479,304268,101352,101091,0.9974,0.4514,0.4499,0.3929,0.5095,0.0,2
Chikkaballapur,S2A_43PGQ_20201224_1_L2A,2020-12-24,MGRS-43PGQ,05.00,9.825475,304268,178969,178435,0.997,0.4549,0.4557,0.3865,0.5236,0.0,2
Chikkaballapur,S2B_43PHR_20201229_1_L2A,2020-12-29,MGRS-43PHR,05.00,6.102588,304268,56011,55575,0.9922,0.4493,0.4484,0.3921,0.5065,0.0,2
Chikkaballapur,S2B_43PGR_20201229_1_L2A,2020-12-29,MGRS-43PGR,05.00,0.077223,304268,103068,101116,0.9811,0.4314,0.4317,0.3768,0.4868,0.0,2
Chikkaballapur,S2B_43PHQ_20201229_1_L2A,2020-12-29,MGRS-43PHQ,05.00,2.08627,304268,101352,101029,0.9968,0.4414,0.4412,0.3783,0.5051,0.0,2
Chikkaballapur,S2B_43PGQ_20201229_1_L2A,2020-12-29,MGRS-43PGQ,05.00,5.689805,304268,178969,176159,0.9843,0.4145,0.4173,0.351,0.4803,0.0,2
Chikkaballapur,S2A_43PGR_20210103_1_L2A,2021-01-03,MGRS-43PGR,05.00,37.838614,304268,103068,52511,0.5095,0.4141,0.4127,0.3513,0.4769,0.0,2
Chikkaballapur,S2A_43PHQ_20210103_1_L2A,2021-01-03,MGRS-43PHQ,05.00,57.674021,304268,101352,42825,0.4225,0.3916,0.3927,0.3095,0.4741,0.0,2
Chikkaballapur,S2A_43PGQ_20210103_1_L2A,2021-01-03,MGRS-43PGQ,05.00,45.218155,304268,178969,120738,0.6746,0.3811,0.3832,0.3187,0.4454,0.0,2
Chikkaballapur,S2B_43PHR_20210118_1_L2A,2021-01-18,MGRS-43PHR,05.00,11.490327,304268,56011,55726,0.9949,0.4393,0.4414,0.3876,0.4941,0.0,2
Chikkaballapur,S2B_43PGR_20210118_1_L2A,2021-01-18,MGRS-43PGR,05.00,5.5e-05,304268,103068,102663,0.9961,0.4164,0.4218,0.363,0.4757,0.0,2
Chikkaballapur,S2B_43PHQ_20210118_1_L2A,2021-01-18,MGRS-43PHQ,05.00,5.214485,304268,101352,101176,0.9983,0.4299,0.4314,0.3703,0.4909,0.0,2
Chikkaballapur,S2B_43PGQ_20210118_1_L2A,2021-01-18,MGRS-43PGQ,05.00,0.024825,304268,178969,178643,0.9982,0.3946,0.4016,0.3378,0.4591,0.0,2
Chikkaballapur,S2A_43PHR_20210123_1_L2A,2021-01-23,MGRS-43PHR,05.00,0.018474,304268,56011,55710,0.9946,0.402,0.4046,0.3585,0.4488,0.0,2
Chikkaballapur,S2A_43PGR_20210123_1_L2A,2021-01-23,MGRS-43PGR,05.00,0.000557,304268,103068,102655,0.996,0.3877,0.3932,0.3395,0.4416,0.0,2
Chikkaballapur,S2A_43PHQ_20210123_1_L2A,2021-01-23,MGRS-43PHQ,05.00,3.039243,304268,101352,101150,0.998,0.4023,0.4043,0.3481,0.4582,0.0,2
Chikkaballapur,S2A_43PGQ_20210123_1_L2A,2021-01-23,MGRS-43PGQ,05.00,0.854336,304268,178969,178558,0.9977,0.3917,0.4002,0.3314,0.4613,0.0,2
Chikkaballapur,S2B_43PHR_20210128_1_L2A,2021-01-28,MGRS-43PHR,05.00,2.07139,304268,56011,55751,0.9954,0.4,0.4044,0.3541,0.451,0.0,2
Chikkaballapur,S2B_43PGR_20210128_1_L2A,2021-01-28,MGRS-43PGR,05.00,1.297605,304268,103068,102711,0.9965,0.3784,0.3854,0.3303,0.4338,0.0,2
Chikkaballapur,S2B_43PHQ_20210128_1_L2A,2021-01-28,MGRS-43PHQ,05.00,17.799732,304268,101352,101180,0.9983,0.3977,0.4015,0.3415,0.4575,0.0,2
Chikkaballapur,S2B_43PGQ_20210128_1_L2A,2021-01-28,MGRS-43PGQ,05.00,2.051097,304268,178969,178611,0.998,0.3658,0.375,0.3118,0.43,0.0,2
Chikkaballapur,S2A_43PHR_20210202_1_L2A,2021-02-02,MGRS-43PHR,05.00,4.879002,304268,56011,55743,0.9952,0.3757,0.3813,0.331,0.4262,0.0,2
Chikkaballapur,S2A_43PGR_20210202_1_L2A,2021-02-02,MGRS-43PGR,05.00,0.983163,304268,103068,102732,0.9967,0.3621,0.3703,0.3133,0.4191,0.0,2
Chikkaballapur,S2A_43PHQ_20210202_1_L2A,2021-02-02,MGRS-43PHQ,05.00,9.793166,304268,101352,101106,0.9976,0.3632,0.3675,0.3128,0.4175,0.0,2
Chikkaballapur,S2A_43PGQ_20210202_1_L2A,2021-02-02,MGRS-43PGQ,05.00,0.148714,304268,178969,178652,0.9982,0.3449,0.3549,0.2923,0.4083,0.0,2
Chikkaballapur,S2B_43PHR_20210207_1_L2A,2021-02-07,MGRS-43PHR,05.00,0.001274,304268,56011,55797,0.9962,0.3587,0.3659,0.3169,0.4081,0.0,2
Chikkaballapur,S2B_43PGR_20210207_1_L2A,2021-02-07,MGRS-43PGR,05.00,0.002748,304268,103068,102764,0.9971,0.3473,0.3565,0.3016,0.4021,0.0,2
Chikkaballapur,S2B_43PHQ_20210207_1_L2A,2021-02-07,MGRS-43PHQ,05.00,0.007402,304268,101352,101215,0.9986,0.3521,0.3572,0.304,0.4052,0.0,2
Chikkaballapur,S2B_43PGQ_20210207_1_L2A,2021-02-07,MGRS-43PGQ,05.00,0.003616,304268,178969,178707,0.9985,0.3332,0.3437,0.2839,0.3937,0.0,2
Chikkaballapur,S2A_43PHR_20210212_1_L2A,2021-02-12,MGRS-43PHR,05.00,3.510924,304268,56011,55824,0.9967,0.345,0.3537,0.3045,0.395,0.0,2
Chikkaballapur,S2A_43PGR_20210212_1_L2A,2021-02-12,MGRS-43PGR,05.00,0.064368,304268,103068,102792,0.9973,0.337,0.3473,0.2917,0.3925,0.0,2
Chikkaballapur,S2A_43PHQ_20210212_1_L2A,2021-02-12,MGRS-43PHQ,05.00,4.986589,304268,101352,100861,0.9952,0.3398,0.3458,0.2926,0.3928,0.0,2
Chikkaballapur,S2A_43PGQ_20210212_1_L2A,2021-02-12,MGRS-43PGQ,05.00,1.54094,304268,178969,170162,0.9508,0.3243,0.3358,0.2751,0.3856,0.0,2
Chikkaballapur,S2B_43PHR_20210217_1_L2A,2021-02-17,MGRS-43PHR,05.00,0.000119,304268,56011,55804,0.9963,0.3187,0.3284,0.2807,0.3673,0.0,2
Chikkaballapur,S2B_43PGR_20210217_1_L2A,2021-02-17,MGRS-43PGR,05.00,0.002669,304268,103068,102781,0.9972,0.3171,0.3285,0.2729,0.3729,0.0,2
Chikkaballapur,S2B_43PHQ_20210217_1_L2A,2021-02-17,MGRS-43PHQ,05.00,5.213689,304268,101352,101225,0.9987,0.3148,0.3218,0.2706,0.3659,0.0,2
Chikkaballapur,S2B_43PGQ_20210217_1_L2A,2021-02-17,MGRS-43PGQ,05.00,23.179124,304268,178969,178707,0.9985,0.3132,0.3284,0.2615,0.3804,0.0,2
Chikkaballapur,S2A_43PGR_20210222_2_L2A,2021-02-22,MGRS-43PGR,05.00,43.876374,304268,103068,20638,0.2002,0.2696,0.2813,0.2228,0.3305,0.0,2
Chikkaballapur,S2A_43PGQ_20210222_2_L2A,2021-02-22,MGRS-43PGQ,05.00,34.483936,304268,178969,37412,0.209,0.2617,0.2737,0.2089,0.3281,0.0,2
Chikkaballapur,S2B_43PHR_20210227_1_L2A,2021-02-27,MGRS-43PHR,05.00,7.382295,304268,56011,55819,0.9966,0.311,0.3217,0.2734,0.3605,0.0,2
Chikkaballapur,S2B_43PGR_20210227_1_L2A,2021-02-27,MGRS-43PGR,05.00,0.767834,304268,103068,102798,0.9974,0.3193,0.33,0.2738,0.3758,0.0,2
Chikkaballapur,S2B_43PHQ_20210227_1_L2A,2021-02-27,MGRS-43PHQ,05.00,13.978533,304268,101352,101232,0.9988,0.3059,0.3128,0.2637,0.3552,0.0,2
Chikkaballapur,S2B_43PGQ_20210227_1_L2A,2021-02-27,MGRS-43PGQ,05.00,22.061272,304268,178969,178731,0.9987,0.3113,0.323,0.2619,0.3727,0.0,2
Chikkaballapur,S2A_43PHR_20210304_1_L2A,2021-03-04,MGRS-43PHR,05.00,0.001228,304268,56011,55849,0.9971,0.2963,0.3072,0.2603,0.3441,0.0,2
Chikkaballapur,S2A_43PGR_20210304_1_L2A,2021-03-04,MGRS-43PGR,05.00,0.001029,304268,103068,102830,0.9977,0.306,0.3163,0.2644,0.3582,0.0,2
Chikkaballapur,S2A_43PHQ_20210304_1_L2A,2021-03-04,MGRS-43PHQ,05.00,0.000415,304268,101352,101260,0.9991,0.2977,0.3054,0.2554,0.348,0.0,2
Chikkaballapur,S2A_43PGQ_20210304_1_L2A,2021-03-04,MGRS-43PGQ,05.00,0.000473,304268,178969,178770,0.9989,0.2938,0.3053,0.2488,0.3504,0.0,2
Chikkaballapur,S2B_43PHR_20210309_1_L2A,2021-03-09,MGRS-43PHR,05.00,0.029628,304268,56011,55862,0.9973,0.2894,0.2999,0.2559,0.3335,0.0,2
Chikkaballapur,S2B_43PGR_20210309_1_L2A,2021-03-09,MGRS-43PGR,05.00,0.183537,304268,103068,102846,0.9978,0.3086,0.319,0.2666,0.361,0.0,2
Chikkaballapur,S2B_43PHQ_20210309_1_L2A,2021-03-09,MGRS-43PHQ,05.00,0.317066,304268,101352,101281,0.9993,0.292,0.3005,0.2503,0.3426,0.0,2
Chikkaballapur,S2B_43PGQ_20210309_1_L2A,2021-03-09,MGRS-43PGQ,05.00,0.011814,304268,178969,178799,0.9991,0.2939,0.3064,0.2484,0.3522,0.0,2
Chikkaballapur,S2A_43PHR_20210314_2_L2A,2021-03-14,MGRS-43PHR,05.00,0.000541,304268,56011,55882,0.9977,0.2718,0.2834,0.2386,0.3171,0.0,2
Chikkaballapur,S2A_43PGR_20210314_2_L2A,2021-03-14,MGRS-43PGR,05.00,0.000381,304268,103068,102874,0.9981,0.2905,0.3014,0.2499,0.3424,0.0,2
Chikkaballapur,S2A_43PHQ_20210314_2_L2A,2021-03-14,MGRS-43PHQ,05.00,0.000166,304268,101352,101286,0.9993,0.2782,0.2878,0.2368,0.33,0.0,2
Chikkaballapur,S2A_43PGQ_20210314_2_L2A,2021-03-14,MGRS-43PGQ,05.00,0.000195,304268,178969,178817,0.9992,0.2773,0.2905,0.2328,0.335,0.0,2
Chikkaballapur,S2B_43PHR_20210319_2_L2A,2021-03-19,MGRS-43PHR,05.00,4.606063,304268,56011,55887,0.9978,0.2722,0.2831,0.2404,0.3147,0.0,2
Chikkaballapur,S2B_43PGR_20210319_2_L2A,2021-03-19,MGRS-43PGR,05.00,0.00036,304268,103068,102884,0.9982,0.2928,0.3037,0.2525,0.3439,0.0,2
Chikkaballapur,S2B_43PHQ_20210319_2_L2A,2021-03-19,MGRS-43PHQ,05.00,7.844025,304268,101352,101287,0.9994,0.2783,0.2876,0.2389,0.3278,0.0,2
Chikkaballapur,S2B_43PGQ_20210319_2_L2A,2021-03-19,MGRS-43PGQ,05.00,13.313052,304268,178969,178792,0.999,0.2862,0.3004,0.2397,0.347,0.0,2
Chikkaballapur,S2A_43PHR_20210324_2_L2A,2021-03-24,MGRS-43PHR,05.00,37.577486,304268,56011,55570,0.9921,0.2421,0.2526,0.2125,0.2821,0.0,2
Chikkaballapur,S2A_43PGR_20210324_2_L2A,2021-03-24,MGRS-43PGR,05.00,43.287021,304268,103068,77514,0.7521,0.2605,0.2718,0.2226,0.3097,0.0,2
Chikkaballapur,S2A_43PHQ_20210324_2_L2A,2021-03-24,MGRS-43PHQ,05.00,26.738882,304268,101352,101309,0.9996,0.2538,0.2644,0.2132,0.3057,0.0,2
Chikkaballapur,S2A_43PGQ_20210324_2_L2A,2021-03-24,MGRS-43PGQ,05.00,11.87032,304268,178969,177449,0.9915,0.2549,0.2689,0.2108,0.313,0.0,2
Chikkaballapur,S2B_43PGR_20210329_1_L2A,2021-03-29,MGRS-43PGR,05.00,47.736198,304268,103068,2,0.0,,,,,0.0,2
Chikkaballapur,S2A_43PHR_20210403_2_L2A,2021-04-03,MGRS-43PHR,05.00,6.512682,304268,56011,55939,0.9987,0.2291,0.241,0.1986,0.2712,0.0,2
Chikkaballapur,S2A_43PGR_20210403_2_L2A,2021-04-03,MGRS-43PGR,05.00,6.069504,304268,103068,102932,0.9987,0.2492,0.2614,0.2108,0.2996,0.0,2
Chikkaballapur,S2A_43PHQ_20210403_2_L2A,2021-04-03,MGRS-43PHQ,05.00,7.37261,304268,101352,89065,0.8788,0.2307,0.2398,0.1973,0.2736,0.0,2
Chikkaballapur,S2A_43PGQ_20210403_2_L2A,2021-04-03,MGRS-43PGQ,05.00,13.315779,304268,178969,174613,0.9757,0.2396,0.254,0.1978,0.2957,0.0,2
Chikkaballapur,S2B_43PHR_20210408_1_L2A,2021-04-08,MGRS-43PHR,05.00,35.096306,304268,56011,2655,0.0474,0.2377,0.2447,0.2049,0.276,0.0,2
Chikkaballapur,S2B_43PHQ_20210408_0_L2A,2021-04-08,MGRS-43PHQ,05.00,40.161681,304268,101352,36282,0.358,0.2391,0.2456,0.2033,0.2811,0.0,2
Chikkaballapur,S2A_43PHR_20210413_1_L2A,2021-04-13,MGRS-43PHR,05.00,54.438764,304268,56011,2424,0.0433,0.2245,0.2346,0.201,0.2604,0.0,2
Chikkaballapur,S2B_43PHR_20210418_1_L2A,2021-04-18,MGRS-43PHR,05.00,7.475158,304268,56011,55913,0.9983,0.2526,0.2654,0.2192,0.2991,0.0,2
Chikkaballapur,S2B_43PGR_20210418_1_L2A,2021-04-18,MGRS-43PGR,05.00,4.108816,304268,103068,101248,0.9823,0.2756,0.2891,0.2306,0.3335,0.0,2
Chikkaballapur,S2B_43PHQ_20210418_1_L2A,2021-04-18,MGRS-43PHQ,05.00,22.277334,304268,101352,97939,0.9663,0.2648,0.2748,0.2218,0.3181,0.0,2
Chikkaballapur,S2B_43PGQ_20210418_1_L2A,2021-04-18,MGRS-43PGQ,05.00,13.585217,304268,178969,170054,0.9502,0.2645,0.2796,0.2175,0.3268,0.0,2
Chikkaballapur,S2A_43PHR_20210423_2_L2A,2021-04-23,MGRS-43PHR,05.00,34.394592,304268,56011,41333,0.7379,0.2272,0.2337,0.2006,0.2606,0.0,2
Chikkaballapur,S2A_43PHQ_20210423_2_L2A,2021-04-23,MGRS-43PHQ,05.00,29.080296,304268,101352,10277,0.1014,0.2332,0.2413,0.2064,0.2684,0.0,2
Chikkaballapur,S2B_43PHR_20210428_2_L2A,2021-04-28,MGRS-43PHR,05.00,30.238453,304268,56011,48709,0.8696,0.29,0.3059,0.2404,0.3546,0.0,2
Chikkaballapur,S2B_43PHQ_20210428_2_L2A,2021-04-28,MGRS-43PHQ,05.00,1.706083,304268,101352,98127,0.9682,0.2969,0.3064,0.2431,0.3609,0.0,2
Chikkaballapur,S2B_43PGQ_20210428_2_L2A,2021-04-28,MGRS-43PGQ,05.00,28.247032,304268,178969,103751,0.5797,0.2985,0.3125,0.235,0.3755,0.0,2
Chikkaballapur,S2A_43PHR_20210503_1_L2A,2021-05-03,MGRS-43PHR,05.00,22.465208,304268,56011,26465,0.4725,0.2645,0.2762,0.219,0.3209,0.0,2
Chikkaballapur,S2A_43PGR_20210503_1_L2A,2021-05-03,MGRS-43PGR,05.00,40.506402,304268,103068,50611,0.491,0.3181,0.3278,0.2548,0.3916,0.0,2
Chikkaballapur,S2A_43PHQ_20210503_1_L2A,2021-05-03,MGRS-43PHQ,05.00,41.753396,304268,101352,42635,0.4207,0.2669,0.2791,0.2105,0.3369,0.0,2
Chikkaballapur,S2A_43PGQ_20210503_1_L2A,2021-05-03,MGRS-43PGQ,05.00,51.596248,304268,178969,76111,0.4253,0.2801,0.2943,0.214,0.3615,0.0,2
Chikkaballapur,S2B_43PHR_20210508_1_L2A,2021-05-08,MGRS-43PHR,05.00,20.884772,304268,56011,39150,0.699,0.2611,0.2707,0.2198,0.3114,0.0,2
Chikkaballapur,S2B_43PGR_20210508_1_L2A,2021-05-08,MGRS-43PGR,05.00,50.437248,304268,103068,59431,0.5766,0.3159,0.3241,0.2561,0.3846,0.0,2
Chikkaballapur,S2B_43PHR_20210518_1_L2A,2021-05-18,MGRS-43PHR,05.00,13.215405,304268,56011,55711,0.9946,0.2747,0.2853,0.2311,0.3284,0.0,2
Chikkaballapur,S2B_43PGR_20210518_1_L2A,2021-05-18,MGRS-43PGR,05.00,0.185986,304268,103068,102770,0.9971,0.3324,0.3417,0.2705,0.4039,0.0,2
Chikkaballapur,S2B_43PHQ_20210518_1_L2A,2021-05-18,MGRS-43PHQ,05.00,12.047123,304268,101352,100040,0.9871,0.2922,0.3021,0.2336,0.3608,0.0,2
Chikkaballapur,S2B_43PGQ_20210518_1_L2A,2021-05-18,MGRS-43PGQ,05.00,1.989016,304268,178969,178812,0.9991,0.2957,0.3086,0.2295,0.374,0.0,2
Chikkaballapur,S2B_43PHR_20210528_1_L2A,2021-05-28,MGRS-43PHR,05.00,12.886249,304268,56011,55759,0.9955,0.3224,0.3308,0.2706,0.3832,0.0,2
Chikkaballapur,S2B_43PGR_20210528_1_L2A,2021-05-28,MGRS-43PGR,05.00,16.243757,304268,103068,92125,0.8938,0.3575,0.3679,0.2907,0.4358,0.0,2
Chikkaballapur,S2B_43PHQ_20210528_1_L2A,2021-05-28,MGRS-43PHQ,05.00,9.922854,304268,101352,89931,0.8873,0.3252,0.3309,0.2651,0.3908,0.0,2
Chikkaballapur,S2B_43PGQ_20210528_1_L2A,2021-05-28,MGRS-43PGQ,05.00,29.237735,304268,178969,158166,0.8838,0.3162,0.3278,0.2484,0.395,0.0,2
Chikkaballapur,S2A_43PHR_20210602_1_L2A,2021-06-02,MGRS-43PHR,05.00,35.907397,304268,56011,21485,0.3836,0.3293,0.3344,0.2693,0.395,0.0,2
Chikkaballapur,S2A_43PGR_20210602_1_L2A,2021-06-02,MGRS-43PGR,05.00,39.962819,304268,103068,20189,0.1959,0.3213,0.3299,0.2587,0.3937,0.0,2
Chikkaballapur,S2A_43PHQ_20210602_1_L2A,2021-06-02,MGRS-43PHQ,05.00,37.41639,304268,101352,59597,0.588,0.326,0.3329,0.2566,0.4009,0.0,2
Chikkaballapur,S2A_43PGQ_20210602_1_L2A,2021-06-02,MGRS-43PGQ,05.00,18.109204,304268,178969,95987,0.5363,0.2938,0.305,0.2237,0.3749,0.0,2
Chikkaballapur,S2B_43PHR_20210607_1_L2A,2021-06-07,MGRS-43PHR,05.00,0.784543,304268,56011,52966,0.9456,0.3629,0.3691,0.2987,0.4342,0.0,2
Chikkaballapur,S2B_43PGR_20210607_1_L2A,2021-06-07,MGRS-43PGR,05.00,2.948166,304268,103068,96554,0.9368,0.3843,0.3916,0.3135,0.463,0.0,2
Chikkaballapur,S2B_43PHQ_20210607_1_L2A,2021-06-07,MGRS-43PHQ,05.00,7.616547,304268,101352,94895,0.9363,0.3659,0.3705,0.2913,0.4448,0.0,2
Chikkaballapur,S2B_43PGQ_20210607_1_L2A,2021-06-07,MGRS-43PGQ,05.00,13.179131,304268,178969,160920,0.8992,0.3563,0.3659,0.2749,0.4465,0.0,2
Chikkaballapur,S2A_43PHR_20210612_1_L2A,2021-06-12,MGRS-43PHR,05.00,58.165711,304268,56011,28445,0.5078,0.289,0.2986,0.2441,0.3429,0.0,2
Chikkaballapur,S2A_43PHQ_20210612_1_L2A,2021-06-12,MGRS-43PHQ,05.00,42.453751,304268,101352,36917,0.3642,0.3156,0.3227,0.2573,0.3811,0.0,2
Chikkaballapur,S2A_43PHQ_20210702_1_L2A,2021-07-02,MGRS-43PHQ,05.00,47.0321,304268,101352,8056,0.0795,0.3024,0.3062,0.2416,0.3641,0.0,2
Chikkaballapur,S2B_43PHR_20210707_1_L2A,2021-07-07,MGRS-43PHR,05.00,58.768827,304268,56011,0,0.0,,,,,0.0,2
Chikkaballapur,S2A_43PHQ_20210801_1_L2A,2021-08-01,MGRS-43PHQ,05.00,52.351838,304268,101352,60314,0.5951,0.3493,0.3533,0.2724,0.4301,0.0,2
Chikkaballapur,S2A_43PHQ_20210910_1_L2A,2021-09-10,MGRS-43PHQ,05.00,59.11817,304268,101352,16850,0.1663,0.4395,0.4363,0.3753,0.5003,0.0,2
Chikkaballapur,S2B_43PHQ_20210915_1_L2A,2021-09-15,MGRS-43PHQ,05.00,23.04911,304268,101352,37762,0.3726,0.4537,0.4504,0.3835,0.5201,0.0,2
Chikkaballapur,S2A_43PHQ_20210920_2_L2A,2021-09-20,MGRS-43PHQ,05.00,49.959132,304268,101352,7562,0.0746,0.4213,0.4135,0.3556,0.4782,0.0,2
Chikkaballapur,S2B_43PHR_20210925_1_L2A,2021-09-25,MGRS-43PHR,05.00,43.185598,304268,56011,19686,0.3515,0.4966,0.4936,0.4293,0.5619,0.0,2
Chikkaballapur,S2B_43PGR_20210925_1_L2A,2021-09-25,MGRS-43PGR,05.00,56.067002,304268,103068,18466,0.1792,0.5227,0.5252,0.4529,0.5984,0.0,2
Chikkaballapur,S2B_43PHQ_20210925_1_L2A,2021-09-25,MGRS-43PHQ,05.00,50.433075,304268,101352,28408,0.2803,0.519,0.5128,0.4414,0.5914,0.0,2
Chikkaballapur,S2A_43PGR_20211010_1_L2A,2021-10-10,MGRS-43PGR,05.00,34.482247,304268,103068,33441,0.3245,0.5653,0.554,0.4674,0.6536,0.0,2
Chikkaballapur,S2B_43PGR_20211015_1_L2A,2021-10-15,MGRS-43PGR,05.00,58.15174,304268,103068,33000,0.3202,0.5031,0.4983,0.451,0.5519,0.0,2
Chikkaballapur,S2A_43PHR_20211020_1_L2A,2021-10-20,MGRS-43PHR,05.00,46.670753,304268,56011,7569,0.1351,0.51,0.5029,0.4331,0.5818,0.0,2
Chikkaballapur,S2A_43PGR_20211020_1_L2A,2021-10-20,MGRS-43PGR,05.00,46.154186,304268,103068,44882,0.4355,0.5396,0.5367,0.4693,0.6095,0.0,2
Chikkaballapur,S2B_43PHR_20211025_1_L2A,2021-10-25,MGRS-43PHR,05.00,48.681343,304268,56011,6379,0.1139,0.5537,0.5452,0.4909,0.611,0.0,2
Chikkaballapur,S2B_43PGR_20211025_1_L2A,2021-10-25,MGRS-43PGR,05.00,38.567108,304268,103068,37864,0.3674,0.6304,0.6174,0.5589,0.6897,0.0,2
Chikkaballapur,S2B_43PHR_20211124_1_L2A,2021-11-24,MGRS-43PHR,05.00,59.917861,304268,56011,12417,0.2217,0.5076,0.501,0.4485,0.5602,0.0,2
Chikkaballapur,S2B_43PGQ_20211124_1_L2A,2021-11-24,MGRS-43PGQ,05.00,54.894513,304268,178969,46783,0.2614,0.5406,0.5308,0.4712,0.6003,0.0,2
Chikkaballapur,S2B_43PHR_20211204_1_L2A,2021-12-04,MGRS-43PHR,05.00,9.294833,304268,56011,32542,0.581,0.4891,0.48,0.4056,0.5585,0.0,2
Chikkaballapur,S2B_43PGR_20211204_3_L2A,2021-12-04,MGRS-43PGR,05.00,32.991785,304268,103068,83312,0.8083,0.5831,0.5698,0.5071,0.6485,0.0,2
Chikkaballapur,S2B_43PHQ_20211204_3_L2A,2021-12-04,MGRS-43PHQ,05.00,15.528139,304268,94159,60487,0.6424,0.5129,0.5029,0.4302,0.5813,0.0,2
Chikkaballapur,S2B_43PGQ_20211204_3_L2A,2021-12-04,MGRS-43PGQ,05.00,50.061995,304268,146239,76713,0.5246,0.5485,0.5327,0.4558,0.6208,0.0,2
Chikkaballapur,S2A_43PHR_20211219_1_L2A,2021-12-19,MGRS-43PHR,05.00,1.794457,304268,56011,54872,0.9797,0.529,0.5233,0.4701,0.5829,0.0,2
Chikkaballapur,S2A_43PGR_20211219_1_L2A,2021-12-19,MGRS-43PGR,05.00,0.000205,304268,103068,100973,0.9797,0.5417,0.5357,0.4756,0.6026,0.0,2
Chikkaballapur,S2A_43PHQ_20211219_1_L2A,2021-12-19,MGRS-43PHQ,05.00,0.020753,304268,101352,100198,0.9886,0.5424,0.5377,0.4803,0.6015,0.0,2
Chikkaballapur,S2A_43PGQ_20211219_1_L2A,2021-12-19,MGRS-43PGQ,05.00,0.249163,304268,178969,176462,0.986,0.5403,0.5355,0.4683,0.6077,0.0,2
Chikkaballapur,S2B_43PHR_20211224_2_L2A,2021-12-24,MGRS-43PHR,05.00,8.3e-05,304268,56011,54847,0.9792,0.5018,0.4976,0.4412,0.5587,0.0,2
Chikkaballapur,S2B_43PGR_20211224_2_L2A,2021-12-24,MGRS-43PGR,05.00,0.000296,304268,103068,100929,0.9792,0.5103,0.5059,0.4454,0.5715,0.0,2
Chikkaballapur,S2B_43PHQ_20211224_2_L2A,2021-12-24,MGRS-43PHQ,05.00,0.000113,304268,101352,100218,0.9888,0.5074,0.5042,0.4427,0.57,0.0,2
Chikkaballapur,S2B_43PGQ_20211224_2_L2A,2021-12-24,MGRS-43PGQ,05.00,0.020258,304268,178969,176435,0.9858,0.5112,0.509,0.4362,0.584,0.0,2
Chikkaballapur,S2A_43PHR_20211229_1_L2A,2021-12-29,MGRS-43PHR,05.00,54.282427,304268,56011,19446,0.3472,0.434,0.4309,0.3771,0.4879,0.0,2
Chikkaballapur,S2A_43PGR_20211229_1_L2A,2021-12-29,MGRS-43PGR,05.00,3.424637,304268,103068,68101,0.6607,0.4715,0.4675,0.4094,0.5298,0.0,2
Chikkaballapur,S2A_43PGQ_20211229_1_L2A,2021-12-29,MGRS-43PGQ,05.00,13.013588,304268,178969,108057,0.6038,0.4465,0.4453,0.3809,0.5105,0.0,2
Chikkaballapur,S2A_43PHR_20220128_0_L2A,2022-01-28,MGRS-43PHR,04.00,51.674217,304268,56011,15424,0.2754,0.3289,0.3318,0.2884,0.3734,-0.1,2
Chikkaballapur,S2A_43PGR_20220128_0_L2A,2022-01-28,MGRS-43PGR,04.00,31.633106,304268,103068,33119,0.3213,0.3498,0.3543,0.3019,0.4033,-0.1,2
Chikkaballapur,S2A_43PGQ_20220128_0_L2A,2022-01-28,MGRS-43PGQ,04.00,49.479482,304268,178969,70768,0.3954,0.3533,0.3593,0.2954,0.4175,-0.1,2
Chikkaballapur,S2B_43PHR_20220202_0_L2A,2022-02-02,MGRS-43PHR,04.00,0,304268,56011,54879,0.9798,0.35,0.355,0.312,0.3935,-0.1,2
Chikkaballapur,S2B_43PGR_20220202_0_L2A,2022-02-02,MGRS-43PGR,04.00,0.233437,304268,103068,101091,0.9808,0.3689,0.3753,0.322,0.423,-0.1,2
Chikkaballapur,S2B_43PHQ_20220202_0_L2A,2022-02-02,MGRS-43PHQ,04.00,0.690419,304268,101352,100498,0.9916,0.3531,0.3573,0.3072,0.403,-0.1,2
Chikkaballapur,S2B_43PGQ_20220202_0_L2A,2022-02-02,MGRS-43PGQ,04.00,13.944308,304268,178969,176866,0.9882,0.3718,0.3791,0.3163,0.4352,-0.1,2
Chikkaballapur,S2A_43PHR_20220207_0_L2A,2022-02-07,MGRS-43PHR,04.00,39.042237,304268,56011,17889,0.3194,0.2875,0.2913,0.2477,0.3311,-0.1,2
Chikkaballapur,S2A_43PGR_20220207_0_L2A,2022-02-07,MGRS-43PGR,04.00,39.500424,304268,103068,31246,0.3032,0.3239,0.3311,0.2789,0.3769,-0.1,2
Chikkaballapur,S2A_43PGQ_20220207_0_L2A,2022-02-07,MGRS-43PGQ,04.00,53.212631,304268,178969,39689,0.2218,0.299,0.3038,0.2561,0.347,-0.1,2
Chikkaballapur,S2B_43PHR_20220212_0_L2A,2022-02-12,MGRS-43PHR,04.00,1.178241,304268,56011,55058,0.983,0.3407,0.3494,0.2969,0.393,-0.1,2
Chikkaballapur,S2B_43PGR_20220212_0_L2A,2022-02-12,MGRS-43PGR,04.00,0.008863,304268,103068,101281,0.9827,0.3474,0.3567,0.2983,0.4061,-0.1,2
Chikkaballapur,S2B_43PHQ_20220212_0_L2A,2022-02-12,MGRS-43PHQ,04.00,0.778581,304268,101352,100712,0.9937,0.3345,0.3401,0.2879,0.3867,-0.1,2
Chikkaballapur,S2B_43PGQ_20220212_0_L2A,2022-02-12,MGRS-43PGQ,04.00,4.555767,304268,178969,177098,0.9895,0.3382,0.3466,0.2864,0.3984,-0.1,2
Chikkaballapur,S2A_43PHR_20220217_0_L2A,2022-02-17,MGRS-43PHR,04.00,50.792336,304268,56011,0,0.0,,,,,-0.1,2
Chikkaballapur,S2A_43PGR_20220217_0_L2A,2022-02-17,MGRS-43PGR,04.00,33.340663,304268,103068,23335,0.2264,0.381,0.3895,0.3193,0.4508,-0.1,2
Chikkaballapur,S2A_43PHQ_20220217_0_L2A,2022-02-17,MGRS-43PHQ,04.00,42.178968,304268,101352,21641,0.2135,0.3137,0.3207,0.2693,0.3654,-0.1,2
Chikkaballapur,S2A_43PGQ_20220217_0_L2A,2022-02-17,MGRS-43PGQ,04.00,26.337385,304268,178969,69356,0.3875,0.3315,0.3403,0.2849,0.3881,-0.1,2
Chikkaballapur,S2B_43PHR_20220222_0_L2A,2022-02-22,MGRS-43PHR,04.00,1.364664,304268,56011,55092,0.9836,0.3015,0.3117,0.2657,0.3471,-0.1,2
Chikkaballapur,S2B_43PGR_20220222_0_L2A,2022-02-22,MGRS-43PGR,04.00,1.756283,304268,103068,88611,0.8597,0.3172,0.3285,0.2722,0.3728,-0.1,2
Chikkaballapur,S2B_43PHQ_20220222_0_L2A,2022-02-22,MGRS-43PHQ,04.00,3.135521,304268,101352,96255,0.9497,0.3041,0.3104,0.2634,0.3509,-0.1,2
Chikkaballapur,S2B_43PGQ_20220222_0_L2A,2022-02-22,MGRS-43PGQ,04.00,15.424986,304268,178969,126648,0.7077,0.2891,0.2968,0.2483,0.3374,-0.1,2
Chikkaballapur,S2A_43PHR_20220227_0_L2A,2022-02-27,MGRS-43PHR,04.00,1.673893,304268,56011,55196,0.9854,0.3135,0.3269,0.2696,0.3706,-0.1,2
Chikkaballapur,S2A_43PGR_20220227_0_L2A,2022-02-27,MGRS-43PGR,04.00,0.000294,304268,103068,101520,0.985,0.3212,0.3343,0.2723,0.3837,-0.1,2
Chikkaballapur,S2A_43PHQ_20220227_0_L2A,2022-02-27,MGRS-43PHQ,04.00,11.66033,304268,101352,100740,0.994,0.3144,0.3232,0.2665,0.3709,-0.1,2
Chikkaballapur,S2A_43PGQ_20220227_0_L2A,2022-02-27,MGRS-43PGQ,04.00,1.459464,304268,178969,177351,0.991,0.3182,0.3304,0.2646,0.384,-0.1,2
Chikkaballapur,S2B_43PHR_20220304_0_L2A,2022-03-04,MGRS-43PHR,04.00,0.000166,304268,56011,55201,0.9855,0.3064,0.3209,0.2617,0.3656,0.0,2
Chikkaballapur,S2B_43PGR_20220304_0_L2A,2022-03-04,MGRS-43PGR,04.00,0.000241,304268,103068,101558,0.9853,0.3145,0.3289,0.265,0.3787,0.0,2
Chikkaballapur,S2B_43PHQ_20220304_0_L2A,2022-03-04,MGRS-43PHQ,04.00,1.556863,304268,101352,100932,0.9959,0.3067,0.3166,0.2584,0.3647,0.0,2
Chikkaballapur,S2B_43PGQ_20220304_0_L2A,2022-03-04,MGRS-43PGQ,04.00,0.003774,304268,178969,177505,0.9918,0.3064,0.3187,0.2565,0.3687,0.0,2
Chikkaballapur,S2A_43PHR_20220309_0_L2A,2022-03-09,MGRS-43PHR,04.00,0.192338,304268,56011,55105,0.9838,0.2978,0.3131,0.2528,0.3582,0.0,2
Chikkaballapur,S2A_43PGR_20220309_0_L2A,2022-03-09,MGRS-43PGR,04.00,0.00081,304268,103068,101494,0.9847,0.307,0.322,0.257,0.3727,0.0,2
Chikkaballapur,S2A_43PHQ_20220309_0_L2A,2022-03-09,MGRS-43PHQ,04.00,0.144963,304268,101352,100202,0.9887,0.2977,0.3076,0.2512,0.3538,0.0,2
Chikkaballapur,S2A_43PGQ_20220309_0_L2A,2022-03-09,MGRS-43PGQ,04.00,0.092646,304268,178969,176235,0.9847,0.2999,0.3127,0.2499,0.3628,0.0,2
Chikkaballapur,S2B_43PHR_20220314_0_L2A,2022-03-14,MGRS-43PHR,04.00,0.489371,304268,56011,52618,0.9394,0.5452,0.569,0.4485,0.6723,-0.1,2
Chikkaballapur,S2B_43PGR_20220314_0_L2A,2022-03-14,MGRS-43PGR,04.00,0.000544,304268,103068,101856,0.9882,0.3076,0.323,0.2562,0.3761,0.0,2
Chikkaballapur,S2B_43PHQ_20220314_0_L2A,2022-03-14,MGRS-43PHQ,04.00,8.894171,304268,101352,100972,0.9963,0.2828,0.2913,0.2424,0.3313,0.0,2
Chikkaballapur,S2B_43PGQ_20220314_0_L2A,2022-03-14,MGRS-43PGQ,04.00,0.202278,304268,178969,173587,0.9699,0.5342,0.5552,0.4377,0.6552,-0.1,2
Chikkaballapur,S2A_43PHR_20220319_1_L2A,2022-03-19,MGRS-43PHR,05.10,0.012289,304268,56011,52881,0.9441,0.5235,0.5498,0.428,0.6519,-0.1,2
Chikkaballapur,S2A_43PGR_20220319_1_L2A,2022-03-19,MGRS-43PGR,05.10,0.000369,304268,103068,95274,0.9244,0.5466,0.5707,0.4362,0.6897,-0.1,2
Chikkaballapur,S2A_43PHQ_20220319_1_L2A,2022-03-19,MGRS-43PHQ,05.10,0.771524,304268,101352,100768,0.9942,0.4956,0.5104,0.4244,0.5816,-0.1,2
Chikkaballapur,S2A_43PGQ_20220319_1_L2A,2022-03-19,MGRS-43PGQ,05.10,0.033801,304268,178969,164539,0.9194,0.5442,0.5654,0.4269,0.6911,-0.1,2
Chikkaballapur,S2B_43PGR_20220324_0_L2A,2022-03-24,MGRS-43PGR,04.00,35.320443,304268,103068,12484,0.1211,0.3124,0.3267,0.2486,0.3941,0.0,2
Chikkaballapur,S2A_43PHR_20220329_0_L2A,2022-03-29,MGRS-43PHR,04.00,0.007555,304268,56011,55447,0.9899,0.286,0.2994,0.2397,0.347,0.0,2
Chikkaballapur,S2A_43PGR_20220329_0_L2A,2022-03-29,MGRS-43PGR,04.00,0.157649,304268,103068,101982,0.9895,0.3074,0.3237,0.251,0.3819,0.0,2
Chikkaballapur,S2A_43PHQ_20220329_0_L2A,2022-03-29,MGRS-43PHQ,04.00,1.009801,304268,101352,101058,0.9971,0.2747,0.2832,0.2324,0.3254,0.0,2
Chikkaballapur,S2A_43PGQ_20220329_0_L2A,2022-03-29,MGRS-43PGQ,04.00,0.209776,304268,178969,177761,0.9933,0.295,0.3092,0.2415,0.3625,0.0,2
Chikkaballapur,S2B_43PHR_20220403_0_L2A,2022-04-03,MGRS-43PHR,04.00,0.315971,304268,56011,52462,0.9366,0.2819,0.2926,0.244,0.3318,0.0,2
Chikkaballapur,S2B_43PGR_20220403_0_L2A,2022-04-03,MGRS-43PGR,04.00,0.562678,304268,103068,100641,0.9765,0.31,0.3254,0.2591,0.3778,0.0,2
Chikkaballapur,S2B_43PHQ_20220403_0_L2A,2022-04-03,MGRS-43PHQ,04.00,7.903186,304268,101352,75194,0.7419,0.2932,0.3025,0.2471,0.3483,0.0,2
Chikkaballapur,S2B_43PGQ_20220403_0_L2A,2022-04-03,MGRS-43PGQ,04.00,11.982536,304268,178969,152468,0.8519,0.3013,0.3143,0.2509,0.3642,0.0,2
Chikkaballapur,S2A_43PHR_20220408_0_L2A,2022-04-08,MGRS-43PHR,04.00,0.113098,304268,56011,55265,0.9867,0.2558,0.268,0.2184,0.3059,0.0,2
Chikkaballapur,S2A_43PGR_20220408_0_L2A,2022-04-08,MGRS-43PGR,04.00,12.802924,304268,103068,101793,0.9876,0.2836,0.2994,0.2331,0.3509,0.0,2
Chikkaballapur,S2A_43PHQ_20220408_0_L2A,2022-04-08,MGRS-43PHQ,04.00,6.891543,304268,101352,86225,0.8507,0.2666,0.2773,0.2186,0.3254,0.0,2
Chikkaballapur,S2A_43PGQ_20220408_0_L2A,2022-04-08,MGRS-43PGQ,04.00,17.461732,304268,178969,160003,0.894,0.2748,0.2894,0.2227,0.341,0.0,2
Chikkaballapur,S2B_43PHR_20220413_0_L2A,2022-04-13,MGRS-43PHR,04.00,27.966717,304268,56011,31707,0.5661,0.236,0.2492,0.1982,0.2879,0.0,2
Chikkaballapur,S2B_43PGR_20220413_0_L2A,2022-04-13,MGRS-43PGR,04.00,59.920889,304268,103068,72879,0.7071,0.2684,0.2868,0.2157,0.3412,0.0,2
Chikkaballapur,S2B_43PHQ_20220413_0_L2A,2022-04-13,MGRS-43PHQ,04.00,51.524132,304268,101352,39297,0.3877,0.2466,0.261,0.1983,0.3098,0.0,2
Chikkaballapur,S2A_43PHR_20220418_0_L2A,2022-04-18,MGRS-43PHR,04.00,3.979423,304268,56011,55464,0.9902,0.2556,0.27,0.2126,0.3139,0.0,2
Chikkaballapur,S2A_43PHQ_20220418_0_L2A,2022-04-18,MGRS-43PHQ,04.00,36.754352,304268,101352,94673,0.9341,0.2764,0.287,0.2226,0.3405,0.0,2
Chikkaballapur,S2A_43PGQ_20220418_0_L2A,2022-04-18,MGRS-43PGQ,04.00,1.4039,304268,178969,164617,0.9198,0.5485,0.5657,0.4261,0.6953,-0.1,2
Chikkaballapur,S2A_43PHR_20220428_0_L2A,2022-04-28,MGRS-43PHR,04.00,0,304268,56011,55537,0.9915,0.2589,0.2725,0.2166,0.316,0.0,2
Chikkaballapur,S2A_43PGR_20220428_0_L2A,2022-04-28,MGRS-43PGR,04.00,0.012985,304268,103068,102168,0.9913,0.3067,0.3201,0.2451,0.3827,0.0,2
Chikkaballapur,S2A_43PHQ_20220428_0_L2A,2022-04-28,MGRS-43PHQ,04.00,0.782366,304268,101352,101156,0.9981,0.2792,0.2878,0.2293,0.3372,0.0,2
Chikkaballapur,S2A_43PGQ_20220428_0_L2A,2022-04-28,MGRS-43PGQ,04.00,6.298873,304268,178969,177982,0.9945,0.3178,0.3293,0.256,0.3914,0.0,2
Chikkaballapur,S2B_43PHR_20220503_0_L2A,2022-05-03,MGRS-43PHR,04.00,11.807914,304268,56011,55570,0.9921,0.2637,0.2795,0.2163,0.3284,0.0,2
Chikkaballapur,S2B_43PGR_20220503_0_L2A,2022-05-03,MGRS-43PGR,04.00,11.272208,304268,103068,102191,0.9915,0.2989,0.3118,0.2391,0.3728,0.0,2
Chikkaballapur,S2B_43PHQ_20220503_0_L2A,2022-05-03,MGRS-43PHQ,04.00,19.790097,304268,101352,90278,0.8907,0.2916,0.3023,0.2326,0.361,0.0,2
Chikkaballapur,S2B_43PGQ_20220503_0_L2A,2022-05-03,MGRS-43PGQ,04.00,6.254099,304268,178969,140407,0.7845,0.3202,0.3312,0.2548,0.3965,0.0,2
Chikkaballapur,S2A_43PGR_20220508_0_L2A,2022-05-08,MGRS-43PGR,04.00,28.328571,304268,103068,76711,0.7443,0.2934,0.3026,0.2357,0.3607,0.0,2
Chikkaballapur,S2B_43PHR_20220523_0_L2A,2022-05-23,MGRS-43PHR,04.00,28.782064,304268,56011,30283,0.5407,0.3104,0.318,0.2544,0.3741,0.0,2
Chikkaballapur,S2B_43PGR_20220523_0_L2A,2022-05-23,MGRS-43PGR,04.00,52.508581,304268,103068,42314,0.4105,0.351,0.3586,0.2834,0.4264,0.0,2
Chikkaballapur,S2B_43PHQ_20220523_0_L2A,2022-05-23,MGRS-43PHQ,04.00,13.13484,304268,101352,71356,0.704,0.3602,0.3662,0.2884,0.4388,0.0,2
Chikkaballapur,S2A_43PHR_20220528_0_L2A,2022-05-28,MGRS-43PHR,04.00,0.148404,304268,56011,54988,0.9817,0.3653,0.3709,0.305,0.4314,0.0,2
Chikkaballapur,S2A_43PGR_20220528_0_L2A,2022-05-28,MGRS-43PGR,04.00,10.233251,304268,103068,87348,0.8475,0.381,0.3862,0.3078,0.4606,0.0,2
Chikkaballapur,S2A_43PHQ_20220528_0_L2A,2022-05-28,MGRS-43PHQ,04.00,0.022631,304268,101352,101063,0.9971,0.4148,0.4175,0.34,0.4933,0.0,2
Chikkaballapur,S2A_43PGQ_20220528_0_L2A,2022-05-28,MGRS-43PGQ,04.00,14.512116,304268,178969,166261,0.929,0.4211,0.4229,0.3358,0.5084,0.0,2
Chikkaballapur,S2B_43PHR_20220602_0_L2A,2022-06-02,MGRS-43PHR,04.00,59.377772,304268,56011,54262,0.9688,0.3676,0.3718,0.307,0.4327,0.0,2
Chikkaballapur,S2B_43PGR_20220602_0_L2A,2022-06-02,MGRS-43PGR,04.00,13.275549,304268,103068,82326,0.7988,0.3616,0.3661,0.2957,0.4325,0.0,2
Chikkaballapur,S2B_43PHQ_20220602_0_L2A,2022-06-02,MGRS-43PHQ,04.00,32.048368,304268,101352,65098,0.6423,0.3998,0.4018,0.3302,0.4711,0.0,2
Chikkaballapur,S2B_43PGQ_20220602_0_L2A,2022-06-02,MGRS-43PGQ,04.00,48.777586,304268,178969,105256,0.5881,0.3924,0.3931,0.3205,0.4635,0.0,2
Chikkaballapur,S2A_43PHR_20220607_0_L2A,2022-06-07,MGRS-43PHR,04.00,54.815561,304268,56011,0,0.0,,,,,0.0,2
Chikkaballapur,S2B_43PHR_20220612_0_L2A,2022-06-12,MGRS-43PHR,04.00,15.851355,304268,56011,50432,0.9004,0.6479,0.6499,0.5279,0.7748,-0.1,2
Chikkaballapur,S2B_43PGR_20220612_0_L2A,2022-06-12,MGRS-43PGR,04.00,22.983776,304268,103068,92706,0.8995,0.3989,0.4043,0.327,0.4764,0.0,2
Chikkaballapur,S2B_43PHQ_20220612_0_L2A,2022-06-12,MGRS-43PHQ,04.00,18.51168,304268,101352,97839,0.9653,0.43,0.4323,0.35,0.5126,0.0,2
Chikkaballapur,S2B_43PGQ_20220612_0_L2A,2022-06-12,MGRS-43PGQ,04.00,44.024807,304268,178969,157395,0.8795,0.4246,0.4278,0.3368,0.5152,0.0,2
Chikkaballapur,S2A_43PHR_20220617_0_L2A,2022-06-17,MGRS-43PHR,04.00,58.884817,304268,56011,11724,0.2093,0.4042,0.4037,0.3354,0.4743,0.0,2
Chikkaballapur,S2A_43PHQ_20220617_0_L2A,2022-06-17,MGRS-43PHQ,04.00,48.854718,304268,101352,22904,0.226,0.4523,0.4489,0.3567,0.5451,0.0,2
Chikkaballapur,S2B_43PHR_20220622_0_L2A,2022-06-22,MGRS-43PHR,04.00,41.707245,304268,56011,8990,0.1605,0.4237,0.4223,0.3593,0.4882,0.0,2
Chikkaballapur,S2A_43PHQ_20220727_0_L2A,2022-07-27,MGRS-43PHQ,04.00,43.445712,304268,101352,46816,0.4619,0.4255,0.4201,0.3261,0.5165,0.0,2
Chikkaballapur,S2A_43PGQ_20220727_0_L2A,2022-07-27,MGRS-43PGQ,04.00,58.718175,304268,178969,96234,0.5377,0.4123,0.4076,0.299,0.5202,0.0,2
Chikkaballapur,S2B_43PHR_20220801_0_L2A,2022-08-01,MGRS-43PHR,04.00,10.52605,304268,56011,30577,0.5459,0.7803,0.7538,0.6501,0.8883,-0.1,2
Chikkaballapur,S2B_43PHQ_20220801_0_L2A,2022-08-01,MGRS-43PHQ,04.00,33.183447,304268,101352,86955,0.858,0.5004,0.4919,0.4084,0.5829,0.0,2
Chikkaballapur,S2B_43PGQ_20220801_0_L2A,2022-08-01,MGRS-43PGQ,04.00,44.288489,304268,178969,62556,0.3495,0.749,0.7012,0.5609,0.8839,-0.1,2
Chikkaballapur,S2B_43PHR_20220811_0_L2A,2022-08-11,MGRS-43PHR,04.00,56.523567,304268,56011,8120,0.145,0.3949,0.3942,0.3311,0.4568,0.0,2
Chikkaballapur,S2A_43PHR_20220816_0_L2A,2022-08-16,MGRS-43PHR,04.00,23.790827,304268,56011,20554,0.367,0.4054,0.4037,0.3379,0.4696,0.0,2
Chikkaballapur,S2A_43PGR_20220816_0_L2A,2022-08-16,MGRS-43PGR,04.00,13.165358,304268,103068,45509,0.4415,0.4521,0.4527,0.3745,0.5307,0.0,2
Chikkaballapur,S2A_43PHQ_20220816_0_L2A,2022-08-16,MGRS-43PHQ,04.00,43.760571,304268,101352,46973,0.4635,0.4105,0.4098,0.3328,0.4865,0.0,2
Chikkaballapur,S2A_43PGQ_20220816_0_L2A,2022-08-16,MGRS-43PGQ,04.00,17.360081,304268,178969,97047,0.5423,0.6693,0.6604,0.525,0.8079,-0.1,2
Chikkaballapur,S2B_43PHR_20220831_0_L2A,2022-08-31,MGRS-43PHR,04.00,59.757566,304268,56011,25378,0.4531,0.4947,0.4897,0.4363,0.5495,0.0,2
Chikkaballapur,S2B_43PGR_20220831_0_L2A,2022-08-31,MGRS-43PGR,04.00,59.954703,304268,103068,9469,0.0919,0.8253,0.7993,0.7187,0.9134,-0.1,2
Chikkaballapur,S2A_43PHR_20220905_0_L2A,2022-09-05,MGRS-43PHR,04.00,2.060269,304268,56011,55020,0.9823,0.5564,0.5523,0.4858,0.6252,0.0,2
Chikkaballapur,S2A_43PGR_20220905_0_L2A,2022-09-05,MGRS-43PGR,04.00,2.899354,304268,103068,101102,0.9809,0.6194,0.6096,0.5304,0.7011,0.0,2
Chikkaballapur,S2A_43PHQ_20220905_0_L2A,2022-09-05,MGRS-43PHQ,04.00,12.497985,304268,101352,100166,0.9883,0.5244,0.5139,0.4366,0.6043,0.0,2
Chikkaballapur,S2A_43PGQ_20220905_0_L2A,2022-09-05,MGRS-43PGQ,04.00,33.584774,304268,178969,175671,0.9816,0.5588,0.5471,0.4603,0.6505,0.0,2
Chikkaballapur,S2B_43PGQ_20220920_0_L2A,2022-09-20,MGRS-43PGQ,04.00,59.711421,304268,178969,95401,0.5331,0.4885,0.4854,0.4152,0.5604,0.0,2
Chikkaballapur,S2A_43PHR_20220925_0_L2A,2022-09-25,MGRS-43PHR,04.00,24.674793,304268,56011,38499,0.6873,0.488,0.4847,0.4139,0.5593,0.0,2
Chikkaballapur,S2A_43PGR_20220925_0_L2A,2022-09-25,MGRS-43PGR,04.00,29.628074,304268,103068,52218,0.5066,0.5267,0.5205,0.4417,0.6062,0.0,2
Chikkaballapur,S2A_43PHQ_20220925_0_L2A,2022-09-25,MGRS-43PHQ,04.00,24.478184,304268,101352,72817,0.7185,0.454,0.4513,0.3813,0.5232,0.0,2
Chikkaballapur,S2A_43PGQ_20220925_0_L2A,2022-09-25,MGRS-43PGQ,04.00,30.027774,304268,178969,116710,0.6521,0.4814,0.4803,0.3962,0.5682,0.0,2
Chikkaballapur,S2A_43PHR_20221015_0_L2A,2022-10-15,MGRS-43PHR,04.00,56.605142,304268,56011,24625,0.4396,0.5376,0.5273,0.4644,0.6042,0.0,2
Chikkaballapur,S2A_43PGR_20221015_0_L2A,2022-10-15,MGRS-43PGR,04.00,46.622279,304268,103068,49638,0.4816,0.5947,0.5813,0.5039,0.6734,0.0,2
Chikkaballapur,S2A_43PHQ_20221015_0_L2A,2022-10-15,MGRS-43PHQ,04.00,40.609112,304268,101352,62904,0.6206,0.5322,0.5185,0.4576,0.5963,0.0,2
Chikkaballapur,S2B_43PHR_20221020_0_L2A,2022-10-20,MGRS-43PHR,04.00,51.446223,304268,56011,15998,0.2856,0.5453,0.5368,0.4841,0.5983,0.0,2
Chikkaballapur,S2B_43PHQ_20221020_0_L2A,2022-10-20,MGRS-43PHQ,04.00,58.872485,304268,101352,18821,0.1857,0.5578,0.5474,0.4836,0.6241,0.0,2
Chikkaballapur,S2B_43PGQ_20221020_0_L2A,2022-10-20,MGRS-43PGQ,04.00,52.408648,304268,178969,35438,0.198,0.5702,0.5617,0.4934,0.6415,0.0,2
Chikkaballapur,S2A_43PHR_20221025_0_L2A,2022-10-25,MGRS-43PHR,04.00,0.051334,304268,56011,54888,0.98,0.5407,0.5346,0.4837,0.5937,0.0,2
Chikkaballapur,S2A_43PGR_20221025_0_L2A,2022-10-25,MGRS-43PGR,04.00,0.027605,304268,103068,100859,0.9786,0.5794,0.5712,0.5124,0.6406,0.0,2
Chikkaballapur,S2A_43PHQ_20221025_0_L2A,2022-10-25,MGRS-43PHQ,04.00,0.130252,304268,101352,100171,0.9883,0.5434,0.537,0.4844,0.5972,0.0,2
Chikkaballapur,S2A_43PGQ_20221025_0_L2A,2022-10-25,MGRS-43PGQ,04.00,0.019034,304268,178969,40543,0.2265,0.8778,0.8369,0.772,0.9467,-0.1,2
Chikkaballapur,S2A_43PHR_20221104_0_L2A,2022-11-04,MGRS-43PHR,04.00,55.909544,304268,56011,17143,0.3061,0.5175,0.512,0.4541,0.5755,0.0,2
Chikkaballapur,S2A_43PGR_20221104_0_L2A,2022-11-04,MGRS-43PGR,04.00,49.600196,304268,103068,36115,0.3504,0.5345,0.5278,0.4597,0.6022,0.0,2
Chikkaballapur,S2B_43PHR_20221109_0_L2A,2022-11-09,MGRS-43PHR,04.00,2.959582,304268,56011,30388,0.5425,0.5173,0.5128,0.4628,0.5698,0.0,2
Chikkaballapur,S2B_43PGR_20221109_0_L2A,2022-11-09,MGRS-43PGR,04.00,13.439544,304268,103068,77906,0.7559,0.5361,0.5319,0.4738,0.596,0.0,2
Chikkaballapur,S2B_43PHQ_20221109_0_L2A,2022-11-09,MGRS-43PHQ,04.00,39.496982,304268,101352,53261,0.5255,0.5331,0.5275,0.475,0.5873,0.0,2
Chikkaballapur,S2B_43PGQ_20221109_0_L2A,2022-11-09,MGRS-43PGQ,04.00,57.160044,304268,178969,127568,0.7128,0.572,0.5627,0.4981,0.6383,0.0,2
Chikkaballapur,S2B_43PHR_20221119_0_L2A,2022-11-19,MGRS-43PHR,04.00,25.598279,304268,56011,54865,0.9795,0.5013,0.4974,0.4492,0.5506,0.0,2
Chikkaballapur,S2B_43PGR_20221119_0_L2A,2022-11-19,MGRS-43PGR,04.00,22.702046,304268,103068,100737,0.9774,0.5166,0.5132,0.4569,0.5743,0.0,2
Chikkaballapur,S2B_43PGQ_20221119_0_L2A,2022-11-19,MGRS-43PGQ,04.00,43.797696,304268,178969,133845,0.7479,0.5332,0.5251,0.4729,0.5864,0.0,2
Chikkaballapur,S2B_43PHR_20221129_0_L2A,2022-11-29,MGRS-43PHR,04.00,15.812615,304268,56011,53999,0.9641,0.4647,0.461,0.4146,0.5125,0.0,2
Chikkaballapur,S2B_43PGR_20221129_0_L2A,2022-11-29,MGRS-43PGR,04.00,31.80252,304268,103068,99039,0.9609,0.4877,0.4843,0.4314,0.5418,0.0,2
Chikkaballapur,S2B_43PHQ_20221129_0_L2A,2022-11-29,MGRS-43PHQ,04.00,33.768153,304268,101352,94008,0.9275,0.4964,0.4886,0.4344,0.5526,0.0,2
Chikkaballapur,S2B_43PGQ_20221129_0_L2A,2022-11-29,MGRS-43PGQ,04.00,27.179575,304268,178969,161909,0.9047,0.5282,0.5212,0.4628,0.5884,0.0,2
Chikkaballapur,S2A_43PHR_20221204_0_L2A,2022-12-04,MGRS-43PHR,04.00,27.909842,304268,56011,49702,0.8874,0.4687,0.4671,0.4129,0.5239,0.0,2
Chikkaballapur,S2A_43PGR_20221204_0_L2A,2022-12-04,MGRS-43PGR,04.00,0.515286,304268,103068,93054,0.9028,0.4798,0.4786,0.4165,0.5435,0.0,2
Chikkaballapur,S2A_43PHQ_20221204_0_L2A,2022-12-04,MGRS-43PHQ,04.00,36.937234,304268,101352,83073,0.8196,0.4936,0.4897,0.4302,0.5549,0.0,2
Chikkaballapur,S2A_43PGQ_20221204_0_L2A,2022-12-04,MGRS-43PGQ,04.00,28.144103,304268,178969,149993,0.8381,0.4855,0.4824,0.4208,0.5496,0.0,2
Chikkaballapur,S2B_43PGR_20221219_3_L2A,2022-12-19,MGRS-43PGR,05.09,50.857604,304268,103034,48964,0.4752,0.4746,0.4738,0.4065,0.5428,0.0,2
Chikkaballapur,S2B_43PHR_20221219_2_L2A,2022-12-19,MGRS-43PHR,05.09,57.779425,304268,32374,12133,0.3748,0.4183,0.4196,0.3667,0.4716,0.0,2
Chikkaballapur,S2B_43PHQ_20221219_2_L2A,2022-12-19,MGRS-43PHQ,05.09,53.015989,304268,50523,20045,0.3967,0.4237,0.424,0.3689,0.4798,0.0,2
Chikkaballapur,S2B_43PGQ_20221219_1_L2A,2022-12-19,MGRS-43PGQ,05.09,26.495957,304268,178969,96673,0.5402,0.4482,0.4486,0.3841,0.5142,0.0,2
Chikkaballapur,S2A_43PHR_20221224_0_L2A,2022-12-24,MGRS-43PHR,05.09,22.747642,304268,56011,54887,0.9799,0.4578,0.4587,0.4014,0.5164,0.0,2
Chikkaballapur,S2A_43PGR_20221224_0_L2A,2022-12-24,MGRS-43PGR,05.09,0.108026,304268,103068,100559,0.9757,0.4512,0.4511,0.3943,0.5093,0.0,2
Chikkaballapur,S2A_43PHQ_20221224_0_L2A,2022-12-24,MGRS-43PHQ,05.09,5.401555,304268,101352,100325,0.9899,0.4626,0.4615,0.4028,0.5222,0.0,2
Chikkaballapur,S2A_43PGQ_20221224_0_L2A,2022-12-24,MGRS-43PGQ,05.09,0.356106,304268,178969,175915,0.9829,0.4432,0.4427,0.3828,0.5037,0.0,2
Chikkaballapur,S2B_43PHR_20221229_0_L2A,2022-12-29,MGRS-43PHR,05.09,0.820926,304268,56011,54596,0.9747,0.4384,0.4385,0.3898,0.4874,0.0,2
Chikkaballapur,S2B_43PGR_20221229_0_L2A,2022-12-29,MGRS-43PGR,05.09,2.960798,304268,103068,94626,0.9181,0.4507,0.4509,0.3957,0.5073,0.0,2
Chikkaballapur,S2B_43PHQ_20221229_0_L2A,2022-12-29,MGRS-43PHQ,05.09,1.246658,304268,101352,99917,0.9858,0.4591,0.4583,0.4012,0.5174,0.0,2
Chikkaballapur,S2B_43PGQ_20221229_0_L2A,2022-12-29,MGRS-43PGQ,05.09,2.028834,304268,178969,171949,0.9608,0.4544,0.4535,0.3912,0.5175,0.0,2
Chikkaballapur,S2A_43PHR_20230103_0_L2A,2023-01-03,MGRS-43PHR,05.09,3.917781,304268,56011,49431,0.8825,0.4235,0.4229,0.3765,0.4704,0.0,2
Chikkaballapur,S2A_43PGR_20230103_0_L2A,2023-01-03,MGRS-43PGR,05.09,4.007892,304268,103068,86091,0.8353,0.4355,0.4349,0.3838,0.4878,0.0,2
Chikkaballapur,S2A_43PHQ_20230103_0_L2A,2023-01-03,MGRS-43PHQ,05.09,27.419591,304268,101352,81940,0.8085,0.436,0.435,0.3801,0.4913,0.0,2
Chikkaballapur,S2A_43PGQ_20230103_0_L2A,2023-01-03,MGRS-43PGQ,05.09,21.230434,304268,178969,130218,0.7276,0.433,0.4325,0.3714,0.4943,0.0,2
Chikkaballapur,S2B_43PHR_20230108_0_L2A,2023-01-08,MGRS-43PHR,05.09,1.205832,304268,56011,51663,0.9224,0.3953,0.3952,0.3539,0.4381,0.0,2
Chikkaballapur,S2B_43PGR_20230108_0_L2A,2023-01-08,MGRS-43PGR,05.09,3.670712,304268,103068,82352,0.799,0.3751,0.3757,0.3373,0.4149,0.0,2
Chikkaballapur,S2B_43PHQ_20230108_0_L2A,2023-01-08,MGRS-43PHQ,05.09,3.503907,304268,101352,91420,0.902,0.423,0.4239,0.368,0.4796,0.0,2
Chikkaballapur,S2B_43PGQ_20230108_0_L2A,2023-01-08,MGRS-43PGQ,05.09,9.709778,304268,178969,145926,0.8154,0.4132,0.4132,0.3571,0.4705,0.0,2
Chikkaballapur,S2A_43PHR_20230113_0_L2A,2023-01-13,MGRS-43PHR,05.09,6.468734,304268,56011,53062,0.9473,0.4111,0.4136,0.3652,0.4604,0.0,2
Chikkaballapur,S2A_43PGR_20230113_0_L2A,2023-01-13,MGRS-43PGR,05.09,13.117149,304268,103068,63714,0.6182,0.4134,0.416,0.3649,0.4653,0.0,2
Chikkaballapur,S2B_43PHR_20230118_0_L2A,2023-01-18,MGRS-43PHR,05.09,4.861905,304268,56011,54961,0.9813,0.4029,0.4066,0.3576,0.4527,0.0,2
Chikkaballapur,S2B_43PGR_20230118_0_L2A,2023-01-18,MGRS-43PGR,05.09,6.302579,304268,103068,100980,0.9797,0.4149,0.4182,0.3635,0.4707,0.0,2
Chikkaballapur,S2B_43PHQ_20230118_0_L2A,2023-01-18,MGRS-43PHQ,05.09,7.260828,304268,101352,100501,0.9916,0.4163,0.4189,0.3605,0.4756,0.0,2
Chikkaballapur,S2B_43PGQ_20230118_0_L2A,2023-01-18,MGRS-43PGQ,05.09,6.205066,304268,178969,176517,0.9863,0.4165,0.4194,0.3565,0.4802,0.0,2
Chikkaballapur,S2A_43PHR_20230123_0_L2A,2023-01-23,MGRS-43PHR,05.09,25.987133,304268,56011,47772,0.8529,0.3579,0.3607,0.3088,0.411,0.0,2
Chikkaballapur,S2A_43PGR_20230123_0_L2A,2023-01-23,MGRS-43PGR,05.09,0.004673,304268,103068,100820,0.9782,0.3732,0.3768,0.3224,0.4283,0.0,2
Chikkaballapur,S2A_43PGQ_20230123_0_L2A,2023-01-23,MGRS-43PGQ,05.09,24.7798,304268,178969,112892,0.6308,0.3671,0.3705,0.3092,0.4295,0.0,2
Chikkaballapur,S2B_43PHR_20230128_0_L2A,2023-01-28,MGRS-43PHR,05.09,0.000116,304268,56011,55063,0.9831,0.3819,0.3882,0.3351,0.4365,0.0,2
Chikkaballapur,S2B_43PGR_20230128_0_L2A,2023-01-28,MGRS-43PGR,05.09,4.8e-05,304268,103068,101099,0.9809,0.3882,0.3934,0.3366,0.4458,0.0,2
Chikkaballapur,S2B_43PHQ_20230128_0_L2A,2023-01-28,MGRS-43PHQ,05.09,0.005577,304268,101352,100607,0.9926,0.3848,0.3891,0.3311,0.4435,0.0,2
Chikkaballapur,S2B_43PGQ_20230128_0_L2A,2023-01-28,MGRS-43PGQ,05.09,0.00026,304268,178969,176651,0.987,0.3829,0.3881,0.3261,0.446,0.0,2
Chikkaballapur,S2A_43PGR_20230202_0_L2A,2023-02-02,MGRS-43PGR,05.09,21.106955,304268,103068,48727,0.4728,0.315,0.3198,0.262,0.3722,0.0,2
Chikkaballapur,S2B_43PHQ_20230207_0_L2A,2023-02-07,MGRS-43PHQ,05.09,0.001065,304268,101352,100677,0.9933,0.3468,0.3517,0.2994,0.3994,0.0,2
Chikkaballapur,S2B_43PGQ_20230207_0_L2A,2023-02-07,MGRS-43PGQ,05.09,3.82834,304268,178969,169797,0.9488,0.3585,0.3649,0.3031,0.4215,0.0,2
Chikkaballapur,S2A_43PHR_20230212_0_L2A,2023-02-12,MGRS-43PHR,05.09,2.673409,304268,56011,55111,0.9839,0.3455,0.3553,0.2984,0.4039,0.0,2
Chikkaballapur,S2A_43PGR_20230212_0_L2A,2023-02-12,MGRS-43PGR,05.09,0.065231,304268,103068,101065,0.9806,0.3591,0.3674,0.3055,0.4219,0.0,2
Chikkaballapur,S2A_43PHQ_20230212_0_L2A,2023-02-12,MGRS-43PHQ,05.09,1.692748,304268,101352,89091,0.879,0.349,0.3557,0.2977,0.4067,0.0,2
Chikkaballapur,S2A_43PGQ_20230212_0_L2A,2023-02-12,MGRS-43PGQ,05.09,4.77499,304268,178969,120051,0.6708,0.3549,0.363,0.2976,0.421,0.0,2
Chikkaballapur,S2B_43PHR_20230217_1_L2A,2023-02-17,MGRS-43PHR,05.09,0.000408,304268,56011,55145,0.9845,0.3346,0.3449,0.2889,0.3914,0.0,2
Chikkaballapur,S2B_43PGR_20230217_1_L2A,2023-02-17,MGRS-43PGR,05.09,0.000367,304268,103068,101274,0.9826,0.3533,0.3636,0.2983,0.4194,0.0,2
Chikkaballapur,S2B_43PHQ_20230217_0_L2A,2023-02-17,MGRS-43PHQ,05.09,0.000557,304268,101352,100746,0.994,0.3385,0.3454,0.2878,0.3957,0.0,2
Chikkaballapur,S2B_43PGQ_20230217_0_L2A,2023-02-17,MGRS-43PGQ,05.09,0.000671,304268,178969,176990,0.9889,0.3433,0.3523,0.2872,0.4089,0.0,2
Chikkaballapur,S2A_43PHR_20230222_0_L2A,2023-02-22,MGRS-43PHR,05.09,0.357882,304268,56011,55109,0.9839,0.329,0.3402,0.2823,0.3872,0.0,2
Chikkaballapur,S2A_43PGR_20230222_0_L2A,2023-02-22,MGRS-43PGR,05.09,0.161199,304268,103068,100537,0.9754,0.3429,0.3534,0.289,0.4078,0.0,2
Chikkaballapur,S2A_43PHQ_20230222_0_L2A,2023-02-22,MGRS-43PHQ,05.09,0.000133,304268,101352,100731,0.9939,0.336,0.3441,0.2833,0.3966,0.0,2
Chikkaballapur,S2A_43PGQ_20230222_0_L2A,2023-02-22,MGRS-43PGQ,05.09,0.00998,304268,178969,176990,0.9889,0.3392,0.3494,0.2815,0.4075,0.0,2
Chikkaballapur,S2B_43PHR_20230227_0_L2A,2023-02-27,MGRS-43PHR,05.09,0.001319,304268,56011,55202,0.9856,0.3184,0.3302,0.274,0.3749,0.0,2
Chikkaballapur,S2B_43PGR_20230227_0_L2A,2023-02-27,MGRS-43PGR,05.09,0.000337,304268,103068,101407,0.9839,0.3328,0.3439,0.2806,0.396,0.0,2
Chikkaballapur,S2B_43PHQ_20230227_0_L2A,2023-02-27,MGRS-43PHQ,05.09,0.001603,304268,101352,100821,0.9948,0.3235,0.3313,0.2754,0.379,0.0,2
Chikkaballapur,S2B_43PGQ_20230227_0_L2A,2023-02-27,MGRS-43PGQ,05.09,0.003409,304268,178969,177101,0.9896,0.3309,0.3416,0.2757,0.3974,0.0,2
Chikkaballapur,S2A_43PHR_20230304_0_L2A,2023-03-04,MGRS-43PHR,05.09,0.000577,304268,56011,55198,0.9855,0.3053,0.3173,0.2615,0.3612,0.0,2
Chikkaballapur,S2A_43PGR_20230304_0_L2A,2023-03-04,MGRS-43PGR,05.09,0.000221,304268,103068,101432,0.9841,0.3211,0.3328,0.2696,0.3847,0.0,2
Chikkaballapur,S2A_43PHQ_20230304_0_L2A,2023-03-04,MGRS-43PHQ,05.09,8e-05,304268,101352,100848,0.995,0.306,0.314,0.2604,0.3594,0.0,2
Chikkaballapur,S2A_43PGQ_20230304_0_L2A,2023-03-04,MGRS-43PGQ,05.09,0.000205,304268,178969,177198,0.9901,0.3122,0.3224,0.2611,0.3743,0.0,2
Chikkaballapur,S2B_43PHR_20230309_0_L2A,2023-03-09,MGRS-43PHR,05.09,52.032048,304268,56011,1790,0.032,0.2601,0.2692,0.2322,0.3002,0.0,2
Chikkaballapur,S2B_43PGR_20230309_0_L2A,2023-03-09,MGRS-43PGR,05.09,41.445589,304268,103068,16120,0.1564,0.3024,0.314,0.2583,0.359,0.0,2
Chikkaballapur,S2A_43PHR_20230314_0_L2A,2023-03-14,MGRS-43PHR,05.09,0.000226,304268,56011,55249,0.9864,0.2897,0.3022,0.247,0.3453,0.0,2
Chikkaballapur,S2A_43PGR_20230314_0_L2A,2023-03-14,MGRS-43PGR,05.09,0.000308,304268,103068,101531,0.9851,0.3114,0.3259,0.2581,0.3798,0.0,2
Chikkaballapur,S2A_43PHQ_20230314_0_L2A,2023-03-14,MGRS-43PHQ,05.09,4e-05,304268,101352,100935,0.9959,0.2864,0.2942,0.2451,0.3351,0.0,2
Chikkaballapur,S2A_43PGQ_20230314_0_L2A,2023-03-14,MGRS-43PGQ,05.09,0.021183,304268,178969,177328,0.9908,0.2915,0.3021,0.2462,0.348,0.0,2
Chikkaballapur,S2B_43PHR_20230319_0_L2A,2023-03-19,MGRS-43PHR,05.09,6.278128,304268,56011,54886,0.9799,0.3002,0.3116,0.2543,0.3581,0.0,2
Chikkaballapur,S2B_43PGR_20230319_0_L2A,2023-03-19,MGRS-43PGR,05.09,15.770455,304268,103068,98297,0.9537,0.3308,0.3461,0.2706,0.4067,0.0,2
Chikkaballapur,S2B_43PHQ_20230319_0_L2A,2023-03-19,MGRS-43PHQ,05.09,24.724086,304268,101352,88553,0.8737,0.309,0.3173,0.2541,0.3729,0.0,2
Chikkaballapur,S2B_43PGQ_20230319_0_L2A,2023-03-19,MGRS-43PGQ,05.09,13.843477,304268,178969,155235,0.8674,0.3124,0.3243,0.2531,0.3848,0.0,2
Chikkaballapur,S2A_43PHR_20230324_0_L2A,2023-03-24,MGRS-43PHR,05.09,29.44999,304268,56011,5521,0.0986,0.2794,0.2885,0.2392,0.3299,0.0,2
Chikkaballapur,S2A_43PGR_20230324_0_L2A,2023-03-24,MGRS-43PGR,05.09,56.903738,304268,103068,5790,0.0562,0.3014,0.3159,0.2496,0.3672,0.0,2
Chikkaballapur,S2A_43PHQ_20230324_0_L2A,2023-03-24,MGRS-43PHQ,05.09,20.081808,304268,101352,23286,0.2298,0.3006,0.3098,0.2449,0.3659,0.0,2
Chikkaballapur,S2A_43PGQ_20230324_0_L2A,2023-03-24,MGRS-43PGQ,05.09,44.881931,304268,178969,24832,0.1388,0.287,0.294,0.2441,0.3377,0.0,2
Chikkaballapur,S2B_43PHR_20230329_0_L2A,2023-03-29,MGRS-43PHR,05.09,4.847688,304268,56011,51213,0.9143,0.2907,0.3016,0.2458,0.3475,0.0,2
Chikkaballapur,S2B_43PGR_20230329_0_L2A,2023-03-29,MGRS-43PGR,05.09,18.973121,304268,103068,53981,0.5237,0.295,0.3055,0.2482,0.3537,0.0,2
Chikkaballapur,S2B_43PHQ_20230329_0_L2A,2023-03-29,MGRS-43PHQ,05.09,9.745499,304268,101352,86547,0.8539,0.2992,0.3083,0.2468,0.3616,0.0,2
Chikkaballapur,S2B_43PGQ_20230329_0_L2A,2023-03-29,MGRS-43PGQ,05.09,57.548302,304268,178969,101885,0.5693,0.2954,0.3071,0.2396,0.363,0.0,2
Chikkaballapur,S2A_43PHR_20230403_0_L2A,2023-04-03,MGRS-43PHR,05.09,19.461143,304268,56011,54581,0.9745,0.2883,0.2998,0.2436,0.3452,0.0,2
Chikkaballapur,S2A_43PGR_20230403_0_L2A,2023-04-03,MGRS-43PGR,05.09,16.141552,304268,103068,77111,0.7482,0.3072,0.3206,0.2546,0.3737,0.0,2
Chikkaballapur,S2A_43PHQ_20230403_0_L2A,2023-04-03,MGRS-43PHQ,05.09,12.126198,304268,101352,94589,0.9333,0.3249,0.3354,0.2583,0.4027,0.0,2
Chikkaballapur,S2A_43PGQ_20230403_0_L2A,2023-04-03,MGRS-43PGQ,05.09,5.606341,304268,178969,170754,0.9541,0.3108,0.3251,0.2489,0.3872,0.0,2
Chikkaballapur,S2B_43PHR_20230408_0_L2A,2023-04-08,MGRS-43PHR,05.09,0.978441,304268,56011,55276,0.9869,0.2951,0.3068,0.2489,0.3536,0.0,2
Chikkaballapur,S2B_43PGR_20230408_0_L2A,2023-04-08,MGRS-43PGR,05.09,0.049028,304268,103068,101651,0.9863,0.3115,0.326,0.2554,0.3829,0.0,2
Chikkaballapur,S2B_43PHQ_20230408_0_L2A,2023-04-08,MGRS-43PHQ,05.09,1.070255,304268,101352,100464,0.9912,0.3227,0.3327,0.2624,0.3939,0.0,2
Chikkaballapur,S2B_43PGQ_20230408_0_L2A,2023-04-08,MGRS-43PGQ,05.09,1.082982,304268,178969,177053,0.9893,0.3133,0.3276,0.2509,0.3904,0.0,2
Chikkaballapur,S2A_43PHR_20230413_0_L2A,2023-04-13,MGRS-43PHR,05.09,1.055365,304268,56011,55378,0.9887,0.2903,0.304,0.2429,0.3519,0.0,2
Chikkaballapur,S2A_43PGR_20230413_0_L2A,2023-04-13,MGRS-43PGR,05.09,0.000773,304268,103068,101746,0.9872,0.3028,0.3181,0.2473,0.3749,0.0,2
Chikkaballapur,S2A_43PHQ_20230413_0_L2A,2023-04-13,MGRS-43PHQ,05.09,1.538757,304268,101352,101052,0.997,0.3109,0.3209,0.2552,0.3772,0.0,2
Chikkaballapur,S2A_43PGQ_20230413_0_L2A,2023-04-13,MGRS-43PGQ,05.09,0.000171,304268,178969,177606,0.9924,0.3001,0.3137,0.2431,0.3709,0.0,2
Chikkaballapur,S2B_43PHR_20230418_0_L2A,2023-04-18,MGRS-43PHR,05.09,0.361469,304268,56011,55444,0.9899,0.281,0.292,0.2408,0.3327,0.0,2
Chikkaballapur,S2B_43PGR_20230418_0_L2A,2023-04-18,MGRS-43PGR,05.09,0.003879,304268,103068,101841,0.9881,0.2965,0.3092,0.2479,0.3587,0.0,2
Chikkaballapur,S2B_43PHQ_20230418_0_L2A,2023-04-18,MGRS-43PHQ,05.09,3e-06,304268,101352,101069,0.9972,0.3077,0.3177,0.2541,0.3717,0.0,2
Chikkaballapur,S2B_43PGQ_20230418_0_L2A,2023-04-18,MGRS-43PGQ,05.09,0.037436,304268,178969,177105,0.9896,0.2988,0.3118,0.2449,0.3659,0.0,2
Chikkaballapur,S2A_43PHR_20230423_0_L2A,2023-04-23,MGRS-43PHR,05.09,1.642002,304268,56011,53078,0.9476,0.2599,0.2667,0.2231,0.3057,0.0,2
Chikkaballapur,S2A_43PGR_20230423_0_L2A,2023-04-23,MGRS-43PGR,05.09,1.917361,304268,103068,87733,0.8512,0.2614,0.2721,0.2177,0.3169,0.0,2
Chikkaballapur,S2A_43PHQ_20230423_0_L2A,2023-04-23,MGRS-43PHQ,05.09,7.371621,304268,101352,69052,0.6813,0.2801,0.2908,0.2265,0.3461,0.0,2
Chikkaballapur,S2A_43PGQ_20230423_0_L2A,2023-04-23,MGRS-43PGQ,05.09,4.642225,304268,178969,138140,0.7719,0.281,0.2945,0.2257,0.3516,0.0,2
Chikkaballapur,S2B_43PHR_20230428_0_L2A,2023-04-28,MGRS-43PHR,05.09,6.172289,304268,56011,54998,0.9819,0.2761,0.2883,0.2315,0.3335,0.0,2
Chikkaballapur,S2B_43PGR_20230428_0_L2A,2023-04-28,MGRS-43PGR,05.09,12.398741,304268,103068,100762,0.9776,0.2987,0.3143,0.2403,0.3747,0.0,2
Chikkaballapur,S2B_43PHQ_20230428_0_L2A,2023-04-28,MGRS-43PHQ,05.09,50.394213,304268,101352,93322,0.9208,0.3069,0.3178,0.2464,0.3781,0.0,2
Chikkaballapur,S2B_43PGQ_20230428_0_L2A,2023-04-28,MGRS-43PGQ,05.09,42.511547,304268,178969,170857,0.9547,0.3046,0.3177,0.2428,0.3801,0.0,2
Chikkaballapur,S2B_43PHR_20230508_0_L2A,2023-05-08,MGRS-43PHR,05.09,28.589752,304268,56011,36860,0.6581,0.3283,0.3379,0.2696,0.3982,0.0,2
Chikkaballapur,S2B_43PGR_20230508_0_L2A,2023-05-08,MGRS-43PGR,05.09,44.383541,304268,103068,59500,0.5773,0.3482,0.3598,0.278,0.4325,0.0,2
Chikkaballapur,S2B_43PHQ_20230508_0_L2A,2023-05-08,MGRS-43PHQ,05.09,53.892905,304268,101352,34209,0.3375,0.3587,0.3662,0.2834,0.4436,0.0,2
Chikkaballapur,S2B_43PHR_20230518_0_L2A,2023-05-18,MGRS-43PHR,05.09,1.779294,304268,56011,55466,0.9903,0.3396,0.3498,0.2865,0.4047,0.0,2
Chikkaballapur,S2B_43PGR_20230518_0_L2A,2023-05-18,MGRS-43PGR,05.09,0.151346,304268,103068,101830,0.988,0.3768,0.3866,0.3102,0.4552,0.0,2
Chikkaballapur,S2B_43PHQ_20230518_0_L2A,2023-05-18,MGRS-43PHQ,05.09,17.449364,304268,101352,101101,0.9975,0.4029,0.4101,0.3213,0.493,0.0,2
Chikkaballapur,S2B_43PGQ_20230518_0_L2A,2023-05-18,MGRS-43PGQ,05.09,4.636491,304268,178969,177701,0.9929,0.3822,0.3926,0.301,0.4751,0.0,2
Chikkaballapur,S2A_43PHR_20230523_0_L2A,2023-05-23,MGRS-43PHR,05.09,12.597908,304268,56011,45898,0.8194,0.3427,0.3534,0.2797,0.4175,0.0,2
Chikkaballapur,S2A_43PGR_20230523_0_L2A,2023-05-23,MGRS-43PGR,05.09,27.146932,304268,103068,64696,0.6277,0.3663,0.3746,0.2981,0.4418,0.0,2
Chikkaballapur,S2A_43PHQ_20230523_0_L2A,2023-05-23,MGRS-43PHQ,05.09,44.915941,304268,101352,28867,0.2848,0.3477,0.3551,0.2865,0.4179,0.0,2
Chikkaballapur,S2A_43PGQ_20230523_0_L2A,2023-05-23,MGRS-43PGQ,05.09,23.335014,304268,178969,26528,0.1482,0.3338,0.3403,0.2672,0.4073,0.0,2
Chikkaballapur,S2B_43PHR_20230528_0_L2A,2023-05-28,MGRS-43PHR,05.09,0.058845,304268,56011,55489,0.9907,0.3243,0.333,0.2724,0.3848,0.0,2
Chikkaballapur,S2B_43PGR_20230528_0_L2A,2023-05-28,MGRS-43PGR,05.09,0.000579,304268,103068,101902,0.9887,0.3651,0.3741,0.2983,0.4413,0.0,2
Chikkaballapur,S2B_43PHQ_20230528_0_L2A,2023-05-28,MGRS-43PHQ,05.09,1.209492,304268,101352,101039,0.9969,0.3812,0.3889,0.3097,0.4622,0.0,2
Chikkaballapur,S2B_43PGQ_20230528_0_L2A,2023-05-28,MGRS-43PGQ,05.09,2.518261,304268,178969,177467,0.9916,0.3667,0.3765,0.2929,0.4511,0.0,2
Chikkaballapur,S2A_43PHR_20230602_0_L2A,2023-06-02,MGRS-43PHR,05.09,2.764842,304268,56011,48900,0.873,0.3448,0.3504,0.2896,0.4069,0.0,2
Chikkaballapur,S2A_43PGR_20230602_0_L2A,2023-06-02,MGRS-43PGR,05.09,53.024226,304268,103068,89053,0.864,0.3355,0.3461,0.2826,0.4003,0.0,2
Chikkaballapur,S2A_43PHQ_20230602_0_L2A,2023-06-02,MGRS-43PHQ,05.09,15.09431,304268,101352,98982,0.9766,0.3685,0.3777,0.3003,0.447,0.0,2
Chikkaballapur,S2A_43PGQ_20230602_0_L2A,2023-06-02,MGRS-43PGQ,05.09,51.97041,304268,178969,154121,0.8612,0.3325,0.348,0.2719,0.4097,0.0,2
Chikkaballapur,S2A_43PHR_20230612_0_L2A,2023-06-12,MGRS-43PHR,05.09,3.408413,304268,56011,43217,0.7716,0.305,0.3126,0.2513,0.3667,0.0,2
Chikkaballapur,S2A_43PGR_20230612_0_L2A,2023-06-12,MGRS-43PGR,05.09,13.897581,304268,103068,62213,0.6036,0.332,0.3408,0.2661,0.4074,0.0,2
Chikkaballapur,S2A_43PHQ_20230612_0_L2A,2023-06-12,MGRS-43PHQ,05.09,29.876241,304268,101352,43345,0.4277,0.3174,0.3319,0.2657,0.3851,0.0,2
Chikkaballapur,S2A_43PGQ_20230612_0_L2A,2023-06-12,MGRS-43PGQ,05.09,52.617937,304268,178969,32084,0.1793,0.3145,0.3269,0.2582,0.3851,0.0,2
Chikkaballapur,S2A_43PGR_20230622_0_L2A,2023-06-22,MGRS-43PGR,05.09,59.749717,304268,103068,49196,0.4773,0.3369,0.3447,0.2692,0.4127,0.0,2
Chikkaballapur,S2B_43PGR_20230627_0_L2A,2023-06-27,MGRS-43PGR,05.09,49.002364,304268,103068,35414,0.3436,0.3251,0.3321,0.2666,0.3911,0.0,2
Chikkaballapur,S2B_43PHR_20230806_0_L2A,2023-08-06,MGRS-43PHR,05.09,41.336635,304268,56011,2383,0.0425,0.3241,0.3307,0.2734,0.3803,0.0,2
Chikkaballapur,S2B_43PHQ_20230806_0_L2A,2023-08-06,MGRS-43PHQ,05.09,53.770405,304268,101352,740,0.0073,0.3328,0.3464,0.2767,0.4154,0.0,2
Chikkaballapur,S2B_43PHR_20230816_0_L2A,2023-08-16,MGRS-43PHR,05.09,14.208144,304268,56011,51575,0.9208,0.3488,0.3537,0.3002,0.4042,0.0,2
Chikkaballapur,S2B_43PGR_20230816_0_L2A,2023-08-16,MGRS-43PGR,05.09,18.317412,304268,103068,92963,0.902,0.3982,0.4038,0.332,0.4705,0.0,2
Chikkaballapur,S2B_43PHQ_20230816_0_L2A,2023-08-16,MGRS-43PHQ,05.09,27.944213,304268,101352,64319,0.6346,0.326,0.3309,0.2709,0.3881,0.0,2
Chikkaballapur,S2B_43PGQ_20230816_0_L2A,2023-08-16,MGRS-43PGQ,05.09,15.216291,304268,178969,138329,0.7729,0.3747,0.3781,0.3016,0.4508,0.0,2
Chikkaballapur,S2A_43PHR_20230821_0_L2A,2023-08-21,MGRS-43PHR,05.09,33.270699,304268,56011,19858,0.3545,0.309,0.3124,0.2564,0.3654,0.0,2
Chikkaballapur,S2A_43PGR_20230821_0_L2A,2023-08-21,MGRS-43PGR,05.09,46.349418,304268,103068,32651,0.3168,0.363,0.3743,0.2933,0.4462,0.0,2
Chikkaballapur,S2A_43PHQ_20230821_0_L2A,2023-08-21,MGRS-43PHQ,05.09,21.822764,304268,101352,62755,0.6192,0.3107,0.3153,0.246,0.3796,0.0,2
Chikkaballapur,S2A_43PGQ_20230821_0_L2A,2023-08-21,MGRS-43PGQ,05.09,45.168999,304268,178969,106829,0.5969,0.3552,0.3601,0.2757,0.4384,0.0,2
Chikkaballapur,S2B_43PGR_20230826_0_L2A,2023-08-26,MGRS-43PGR,05.09,57.841146,304268,103068,44416,0.4309,0.3592,0.3674,0.2988,0.4297,0.0,2
Chikkaballapur,S2B_43PHQ_20230826_0_L2A,2023-08-26,MGRS-43PHQ,05.09,56.522119,304268,101352,44384,0.4379,0.3046,0.3133,0.2446,0.3746,0.0,2
Chikkaballapur,S2B_43PHR_20230915_0_L2A,2023-09-15,MGRS-43PHR,05.09,49.382043,304268,56011,39405,0.7035,0.4086,0.409,0.3433,0.4746,0.0,2
Chikkaballapur,S2B_43PHQ_20230915_0_L2A,2023-09-15,MGRS-43PHQ,05.09,53.083366,304268,101352,59167,0.5838,0.3854,0.3866,0.3173,0.4551,0.0,2
Chikkaballapur,S2B_43PHR_20231005_0_L2A,2023-10-05,MGRS-43PHR,05.09,18.705986,304268,56011,36648,0.6543,0.4715,0.4667,0.4068,0.5314,0.0,2
Chikkaballapur,S2B_43PGR_20231005_0_L2A,2023-10-05,MGRS-43PGR,05.09,36.855274,304268,103068,65992,0.6403,0.5404,0.5314,0.4675,0.6055,0.0,2
Chikkaballapur,S2B_43PHQ_20231005_0_L2A,2023-10-05,MGRS-43PHQ,05.09,34.654117,304268,101352,45061,0.4446,0.4429,0.4357,0.3759,0.502,0.0,2
Chikkaballapur,S2B_43PGQ_20231005_0_L2A,2023-10-05,MGRS-43PGQ,05.09,30.90049,304268,178969,46719,0.261,0.4882,0.4862,0.4126,0.5635,0.0,2
Chikkaballapur,S2A_43PHR_20231010_0_L2A,2023-10-10,MGRS-43PHR,05.09,26.356986,304268,56011,34889,0.6229,0.5222,0.5176,0.4562,0.586,0.0,2
Chikkaballapur,S2A_43PGR_20231010_0_L2A,2023-10-10,MGRS-43PGR,05.09,27.557686,304268,103068,69702,0.6763,0.6024,0.5931,0.5198,0.6777,0.0,2
Chikkaballapur,S2A_43PHQ_20231010_0_L2A,2023-10-10,MGRS-43PHQ,05.09,24.968033,304268,101352,66929,0.6604,0.5372,0.531,0.4596,0.6103,0.0,2
Chikkaballapur,S2A_43PGQ_20231010_0_L2A,2023-10-10,MGRS-43PGQ,05.09,16.603056,304268,178969,127857,0.7144,0.6127,0.5986,0.5201,0.6929,0.0,2
Chikkaballapur,S2B_43PHR_20231015_0_L2A,2023-10-15,MGRS-43PHR,05.09,17.48049,304268,56011,55628,0.9932,0.5268,0.5238,0.4638,0.5884,0.0,2
Chikkaballapur,S2B_43PGR_20231015_0_L2A,2023-10-15,MGRS-43PGR,05.09,27.099374,304268,103068,101606,0.9858,0.5437,0.54,0.4783,0.6071,0.0,2
Chikkaballapur,S2B_43PHQ_20231015_0_L2A,2023-10-15,MGRS-43PHQ,05.09,28.19221,304268,101352,101206,0.9986,0.5118,0.508,0.4444,0.5772,0.0,2
Chikkaballapur,S2A_43PHR_20231020_0_L2A,2023-10-20,MGRS-43PHR,05.09,4.851344,304268,56011,53375,0.9529,0.5035,0.5013,0.4485,0.5584,0.0,2
Chikkaballapur,S2A_43PGR_20231020_0_L2A,2023-10-20,MGRS-43PGR,05.09,14.081359,304268,103068,89642,0.8697,0.5033,0.5024,0.4477,0.5604,0.0,2
Chikkaballapur,S2A_43PHQ_20231020_0_L2A,2023-10-20,MGRS-43PHQ,05.09,1.989638,304268,101352,79515,0.7845,0.4544,0.4522,0.4035,0.5041,0.0,2
Chikkaballapur,S2A_43PGQ_20231020_0_L2A,2023-10-20,MGRS-43PGQ,05.09,6.556788,304268,178969,129206,0.7219,0.5174,0.5128,0.4461,0.5855,0.0,2
Chikkaballapur,S2B_43PHR_20231025_0_L2A,2023-10-25,MGRS-43PHR,05.09,0.155869,304268,56011,55662,0.9938,0.4792,0.4793,0.4268,0.5335,0.0,2
Chikkaballapur,S2B_43PGR_20231025_0_L2A,2023-10-25,MGRS-43PGR,05.09,0.000166,304268,103068,102411,0.9936,0.4771,0.4784,0.4233,0.5346,0.0,2
Chikkaballapur,S2B_43PHQ_20231025_0_L2A,2023-10-25,MGRS-43PHQ,05.09,3.879264,304268,101352,99159,0.9784,0.4693,0.4689,0.41,0.5294,0.0,2
Chikkaballapur,S2B_43PGQ_20231025_0_L2A,2023-10-25,MGRS-43PGQ,05.09,0.126367,304268,178969,175792,0.9822,0.5074,0.504,0.4376,0.5751,0.0,2
Chikkaballapur,S2A_43PGR_20231030_0_L2A,2023-10-30,MGRS-43PGR,05.09,53.535843,304268,103068,49302,0.4783,0.4135,0.416,0.3617,0.4703,0.0,2
Chikkaballapur,S2A_43PHR_20231119_0_L2A,2023-11-19,MGRS-43PHR,05.09,29.782024,304268,56011,31121,0.5556,0.4604,0.4586,0.4086,0.5111,0.0,2
Chikkaballapur,S2A_43PGR_20231119_0_L2A,2023-11-19,MGRS-43PGR,05.09,53.093791,304268,103068,94448,0.9164,0.4791,0.4793,0.4193,0.5412,0.0,2
Chikkaballapur,S2A_43PHQ_20231119_0_L2A,2023-11-19,MGRS-43PHQ,05.09,24.439922,304268,101352,81402,0.8032,0.4853,0.4821,0.4279,0.5412,0.0,2
Chikkaballapur,S2A_43PGQ_20231119_0_L2A,2023-11-19,MGRS-43PGQ,05.09,12.353111,304268,178969,163543,0.9138,0.5112,0.5048,0.4457,0.5718,0.0,2
Chikkaballapur,S2B_43PHR_20231214_0_L2A,2023-12-14,MGRS-43PHR,05.10,45.736638,304268,56011,9494,0.1695,0.4611,0.4589,0.3984,0.523,0.0,2
Chikkaballapur,S2B_43PGR_20231214_0_L2A,2023-12-14,MGRS-43PGR,05.10,57.382953,304268,103068,24946,0.242,0.4602,0.4579,0.4013,0.5167,0.0,2
Chikkaballapur,S2B_43PHQ_20231214_0_L2A,2023-12-14,MGRS-43PHQ,05.10,46.745372,304268,101352,24310,0.2399,0.4537,0.4526,0.3937,0.5142,0.0,2
Chikkaballapur,S2A_43PGR_20231219_1_L2A,2023-12-19,MGRS-43PGR,05.10,11.666352,304268,103068,34377,0.3335,0.4277,0.4296,0.3695,0.4879,0.0,2
Chikkaballapur,S2A_43PGQ_20231219_0_L2A,2023-12-19,MGRS-43PGQ,05.10,30.480945,304268,178969,77135,0.431,0.4385,0.4421,0.3738,0.5086,0.0,2
Chikkaballapur,S2B_43PHR_20231224_0_L2A,2023-12-24,MGRS-43PHR,05.10,11.035096,304268,56011,41625,0.7432,0.4384,0.4403,0.3853,0.4943,0.0,2
Chikkaballapur,S2B_43PGR_20231224_0_L2A,2023-12-24,MGRS-43PGR,05.10,21.910243,304268,103068,50700,0.4919,0.4421,0.4431,0.3813,0.5034,0.0,2
Chikkaballapur,S2B_43PHQ_20231224_0_L2A,2023-12-24,MGRS-43PHQ,05.10,11.104452,304268,101352,74549,0.7355,0.4462,0.4475,0.3866,0.5093,0.0,2
Chikkaballapur,S2B_43PGQ_20231224_0_L2A,2023-12-24,MGRS-43PGQ,05.10,20.969899,304268,178969,132382,0.7397,0.4426,0.4437,0.3784,0.5092,0.0,2
Chikkaballapur,S2A_43PHR_20231229_0_L2A,2023-12-29,MGRS-43PHR,05.10,11.806573,304268,56011,23200,0.4142,0.3652,0.3653,0.3075,0.4213,0.0,2
Chikkaballapur,S2A_43PGR_20231229_0_L2A,2023-12-29,MGRS-43PGR,05.10,13.819391,304268,103068,71304,0.6918,0.3942,0.3969,0.3348,0.4557,0.0,2
Chikkaballapur,S2B_43PGR_20240113_0_L2A,2024-01-13,MGRS-43PGR,05.10,38.451064,304268,103068,55883,0.5422,0.3666,0.3732,0.3139,0.4264,0.0,2
Chikkaballapur,S2A_43PHR_20240118_0_L2A,2024-01-18,MGRS-43PHR,05.10,4.526471,304268,56011,55783,0.9959,0.3261,0.3332,0.2876,0.372,0.0,2
Chikkaballapur,S2A_43PGR_20240118_0_L2A,2024-01-18,MGRS-43PGR,05.10,14.968145,304268,103068,102122,0.9908,0.3406,0.3473,0.2946,0.3933,0.0,2
Chikkaballapur,S2A_43PHQ_20240118_0_L2A,2024-01-18,MGRS-43PHQ,05.10,0.015166,304268,101352,101211,0.9986,0.309,0.3144,0.271,0.3536,0.0,2
Chikkaballapur,S2A_43PGQ_20240118_0_L2A,2024-01-18,MGRS-43PGQ,05.10,0.154101,304268,178969,177808,0.9935,0.3459,0.3532,0.2946,0.4053,0.0,2
Chikkaballapur,S2B_43PHR_20240123_0_L2A,2024-01-23,MGRS-43PHR,05.10,0.000265,304268,56011,55758,0.9955,0.3289,0.3391,0.2861,0.3826,0.0,2
Chikkaballapur,S2B_43PGR_20240123_0_L2A,2024-01-23,MGRS-43PGR,05.10,0.155396,304268,103068,102522,0.9947,0.3461,0.3575,0.2946,0.4101,0.0,2
Chikkaballapur,S2B_43PHQ_20240123_0_L2A,2024-01-23,MGRS-43PHQ,05.10,2.648983,304268,101352,101223,0.9987,0.3366,0.3438,0.2879,0.3933,0.0,2
Chikkaballapur,S2B_43PGQ_20240123_0_L2A,2024-01-23,MGRS-43PGQ,05.10,0.139542,304268,178969,178116,0.9952,0.359,0.3687,0.2996,0.429,0.0,2
Chikkaballapur,S2A_43PHR_20240128_0_L2A,2024-01-28,MGRS-43PHR,05.10,35.8549,304268,56011,17544,0.3132,0.3036,0.3161,0.2557,0.3647,0.0,2
Chikkaballapur,S2A_43PGR_20240128_0_L2A,2024-01-28,MGRS-43PGR,05.10,41.350213,304268,103068,32906,0.3193,0.3138,0.327,0.2615,0.3806,0.0,2
Chikkaballapur,S2A_43PHQ_20240128_0_L2A,2024-01-28,MGRS-43PHQ,05.10,51.552814,304268,101352,33874,0.3342,0.3181,0.328,0.2629,0.3858,0.0,2
Chikkaballapur,S2A_43PGQ_20240128_0_L2A,2024-01-28,MGRS-43PGQ,05.10,44.608408,304268,178969,66496,0.3716,0.3141,0.3248,0.26,0.38,0.0,2
Chikkaballapur,S2B_43PHR_20240202_0_L2A,2024-02-02,MGRS-43PHR,05.10,20.153287,304268,56011,32434,0.5791,0.2845,0.2955,0.2424,0.3375,0.0,2
Chikkaballapur,S2B_43PGR_20240202_0_L2A,2024-02-02,MGRS-43PGR,05.10,2.772848,304268,103068,77867,0.7555,0.2954,0.3086,0.2502,0.3563,0.0,2
Chikkaballapur,S2B_43PHQ_20240202_0_L2A,2024-02-02,MGRS-43PHQ,05.10,47.746012,304268,101352,53379,0.5267,0.3088,0.3184,0.2545,0.3732,0.0,2
Chikkaballapur,S2B_43PGQ_20240202_0_L2A,2024-02-02,MGRS-43PGQ,05.10,23.384118,304268,178969,104781,0.5855,0.297,0.309,0.2467,0.3611,0.0,2
Chikkaballapur,S2A_43PHR_20240207_0_L2A,2024-02-07,MGRS-43PHR,05.10,0.000358,304268,56011,55819,0.9966,0.2897,0.3044,0.2473,0.3472,0.0,2
Chikkaballapur,S2A_43PGR_20240207_0_L2A,2024-02-07,MGRS-43PGR,05.10,0.000299,304268,103068,102653,0.996,0.3078,0.324,0.2562,0.3769,0.0,2
Chikkaballapur,S2A_43PHQ_20240207_0_L2A,2024-02-07,MGRS-43PHQ,05.10,0.000458,304268,101352,101259,0.9991,0.3057,0.3156,0.2561,0.3657,0.0,2
Chikkaballapur,S2A_43PGQ_20240207_0_L2A,2024-02-07,MGRS-43PGQ,05.10,0.000196,304268,178969,178266,0.9961,0.3155,0.3288,0.2602,0.3846,0.0,2
Chikkaballapur,S2B_43PHR_20240212_0_L2A,2024-02-12,MGRS-43PHR,05.10,8.991533,304268,56011,53234,0.9504,0.2808,0.2954,0.2403,0.3364,0.0,2
Chikkaballapur,S2B_43PGR_20240212_0_L2A,2024-02-12,MGRS-43PGR,05.10,4.100053,304268,103068,92266,0.8952,0.3011,0.3179,0.2521,0.3684,0.0,2
Chikkaballapur,S2B_43PHQ_20240212_0_L2A,2024-02-12,MGRS-43PHQ,05.10,3.50176,304268,101352,96334,0.9505,0.3018,0.3124,0.2512,0.3631,0.0,2
Chikkaballapur,S2B_43PGQ_20240212_0_L2A,2024-02-12,MGRS-43PGQ,05.10,0.72503,304268,178969,169735,0.9484,0.3061,0.3202,0.2541,0.3727,0.0,2
Chikkaballapur,S2A_43PHR_20240217_0_L2A,2024-02-17,MGRS-43PHR,05.10,2.626262,304268,56011,55834,0.9968,0.2664,0.2828,0.2245,0.3249,0.0,2
Chikkaballapur,S2A_43PGR_20240217_0_L2A,2024-02-17,MGRS-43PGR,05.10,0.033837,304268,103068,102710,0.9965,0.2843,0.3024,0.2338,0.3544,0.0,2
Chikkaballapur,S2A_43PHQ_20240217_0_L2A,2024-02-17,MGRS-43PHQ,05.10,9.891613,304268,101352,101266,0.9992,0.2839,0.2947,0.2345,0.3437,0.0,2
Chikkaballapur,S2A_43PGQ_20240217_0_L2A,2024-02-17,MGRS-43PGQ,05.10,12.350301,304268,178969,178296,0.9962,0.2946,0.3107,0.2399,0.3661,0.0,2
Chikkaballapur,S2B_43PHR_20240222_0_L2A,2024-02-22,MGRS-43PHR,05.10,4.453621,304268,56011,55803,0.9963,0.2593,0.2752,0.2185,0.3161,0.0,2
Chikkaballapur,S2B_43PGR_20240222_0_L2A,2024-02-22,MGRS-43PGR,05.10,2.36997,304268,103068,102660,0.996,0.2719,0.2891,0.2257,0.337,0.0,2
Chikkaballapur,S2B_43PHQ_20240222_0_L2A,2024-02-22,MGRS-43PHQ,05.10,8.708429,304268,101352,101257,0.9991,0.2799,0.2911,0.2303,0.3404,0.0,2
Chikkaballapur,S2B_43PGQ_20240222_0_L2A,2024-02-22,MGRS-43PGQ,05.10,0.473158,304268,178969,178263,0.9961,0.2855,0.3013,0.2336,0.3539,0.0,2
Chikkaballapur,S2A_43PHR_20240227_0_L2A,2024-02-27,MGRS-43PHR,05.10,17.690319,304268,56011,55154,0.9847,0.2461,0.2606,0.2074,0.3002,0.0,2
Chikkaballapur,S2A_43PGR_20240227_0_L2A,2024-02-27,MGRS-43PGR,05.10,0.008956,304268,103068,102252,0.9921,0.2691,0.2876,0.2207,0.3383,0.0,2
Chikkaballapur,S2A_43PHQ_20240227_0_L2A,2024-02-27,MGRS-43PHQ,05.10,30.899611,304268,101352,97594,0.9629,0.2643,0.2751,0.2175,0.3218,0.0,2
Chikkaballapur,S2A_43PGQ_20240227_0_L2A,2024-02-27,MGRS-43PGQ,05.10,1.489629,304268,178969,171497,0.9582,0.2775,0.2944,0.2241,0.3488,0.0,2
Chikkaballapur,S2B_43PHR_20240303_0_L2A,2024-03-03,MGRS-43PHR,05.10,21.315752,304268,56011,55823,0.9966,0.2419,0.2567,0.2039,0.2957,0.0,2
Chikkaballapur,S2B_43PGR_20240303_0_L2A,2024-03-03,MGRS-43PGR,05.10,3.821317,304268,103068,101836,0.988,0.2634,0.2818,0.2151,0.3326,0.0,2
Chikkaballapur,S2B_43PHQ_20240303_0_L2A,2024-03-03,MGRS-43PHQ,05.10,2.311104,304268,101352,101269,0.9992,0.2643,0.2761,0.2163,0.3246,0.0,2
Chikkaballapur,S2B_43PGQ_20240303_0_L2A,2024-03-03,MGRS-43PGQ,05.10,3.72376,304268,178969,175884,0.9828,0.2806,0.2982,0.2239,0.3562,0.0,2
Chikkaballapur,S2A_43PHR_20240308_0_L2A,2024-03-08,MGRS-43PHR,05.10,0.000564,304268,56011,55836,0.9969,0.238,0.2524,0.2004,0.2907,0.0,2
Chikkaballapur,S2A_43PGR_20240308_0_L2A,2024-03-08,MGRS-43PGR,05.10,0.274252,304268,103068,102733,0.9967,0.2581,0.2772,0.2107,0.3266,0.0,2
Chikkaballapur,S2A_43PHQ_20240308_0_L2A,2024-03-08,MGRS-43PHQ,05.10,7e-05,304268,101352,101272,0.9992,0.2504,0.261,0.2084,0.3035,0.0,2
Chikkaballapur,S2A_43PGQ_20240308_0_L2A,2024-03-08,MGRS-43PGQ,05.10,0.19762,304268,178969,178348,0.9965,0.2608,0.2757,0.2141,0.3231,0.0,2
Chikkaballapur,S2B_43PHR_20240313_0_L2A,2024-03-13,MGRS-43PHR,05.10,0.643269,304268,56011,55870,0.9975,0.2434,0.2577,0.2052,0.2966,0.0,2
Chikkaballapur,S2B_43PGR_20240313_0_L2A,2024-03-13,MGRS-43PGR,05.10,0.00067,304268,103068,102797,0.9974,0.27,0.2896,0.2198,0.342,0.0,2
Chikkaballapur,S2B_43PHQ_20240313_0_L2A,2024-03-13,MGRS-43PHQ,05.10,0.000352,304268,101352,101282,0.9993,0.2641,0.2757,0.2173,0.3231,0.0,2
Chikkaballapur,S2B_43PGQ_20240313_0_L2A,2024-03-13,MGRS-43PGQ,05.10,0.000111,304268,178969,178405,0.9968,0.2612,0.2751,0.2168,0.3202,0.0,2
Chikkaballapur,S2A_43PHR_20240318_0_L2A,2024-03-18,MGRS-43PHR,05.10,0.000149,304268,56011,55851,0.9971,0.2277,0.2399,0.1943,0.2733,0.0,2
Chikkaballapur,S2A_43PGR_20240318_0_L2A,2024-03-18,MGRS-43PGR,05.10,0.063807,304268,103068,102773,0.9971,0.2517,0.2693,0.2067,0.3158,0.0,2
Chikkaballapur,S2A_43PHQ_20240318_0_L2A,2024-03-18,MGRS-43PHQ,05.10,0.244999,304268,101352,101288,0.9994,0.2483,0.2589,0.2066,0.3006,0.0,2
Chikkaballapur,S2A_43PGQ_20240318_0_L2A,2024-03-18,MGRS-43PGQ,05.10,0.194415,304268,178969,178037,0.9948,0.2529,0.267,0.2095,0.3109,0.0,2
Chikkaballapur,S2B_43PHR_20240323_0_L2A,2024-03-23,MGRS-43PHR,05.10,0.000133,304268,56011,55847,0.9971,0.2298,0.2425,0.1957,0.2768,0.0,2
Chikkaballapur,S2B_43PGR_20240323_0_L2A,2024-03-23,MGRS-43PGR,05.10,0.000153,304268,103068,102760,0.997,0.2538,0.2718,0.2091,0.3177,0.0,2
Chikkaballapur,S2B_43PHQ_20240323_0_L2A,2024-03-23,MGRS-43PHQ,05.10,0.002011,304268,101352,101282,0.9993,0.2528,0.2646,0.2076,0.3102,0.0,2
Chikkaballapur,S2B_43PGQ_20240323_0_L2A,2024-03-23,MGRS-43PGQ,05.10,0.007503,304268,178969,178448,0.9971,0.265,0.2824,0.2137,0.3347,0.0,2
Chikkaballapur,S2A_43PHR_20240328_0_L2A,2024-03-28,MGRS-43PHR,05.10,0.000743,304268,56011,55857,0.9973,0.2251,0.238,0.1921,0.2711,0.0,2
Chikkaballapur,S2A_43PGR_20240328_0_L2A,2024-03-28,MGRS-43PGR,05.10,0.000118,304268,103068,102778,0.9972,0.249,0.2666,0.2051,0.3115,0.0,2
Chikkaballapur,S2A_43PHQ_20240328_0_L2A,2024-03-28,MGRS-43PHQ,05.10,0.116201,304268,101352,101292,0.9994,0.2474,0.259,0.2036,0.3031,0.0,2
Chikkaballapur,S2A_43PGQ_20240328_0_L2A,2024-03-28,MGRS-43PGQ,05.10,0.356657,304268,178969,178467,0.9972,0.262,0.2806,0.2089,0.3348,0.0,2
Chikkaballapur,S2B_43PHR_20240402_0_L2A,2024-04-02,MGRS-43PHR,05.10,0.011689,304268,56011,55860,0.9973,0.2196,0.2317,0.1886,0.2627,0.0,2
Chikkaballapur,S2B_43PGR_20240402_0_L2A,2024-04-02,MGRS-43PGR,05.10,0.156793,304268,103068,102035,0.99,0.2422,0.2583,0.2012,0.2998,0.0,2
Chikkaballapur,S2B_43PHQ_20240402_0_L2A,2024-04-02,MGRS-43PHQ,05.10,1.808186,304268,101352,101253,0.999,0.2439,0.2551,0.2027,0.2967,0.0,2
Chikkaballapur,S2B_43PGQ_20240402_0_L2A,2024-04-02,MGRS-43PGQ,05.10,2.608326,304268,178969,176650,0.987,0.2516,0.2668,0.2072,0.3119,0.0,2
Chikkaballapur,S2A_43PHR_20240407_0_L2A,2024-04-07,MGRS-43PHR,05.10,0.000806,304268,56011,55876,0.9976,0.2207,0.2344,0.1877,0.2674,0.0,2
Chikkaballapur,S2A_43PGR_20240407_0_L2A,2024-04-07,MGRS-43PGR,05.10,0.00021,304268,103068,102824,0.9976,0.2444,0.2623,0.1999,0.3072,0.0,2
Chikkaballapur,S2A_43PHQ_20240407_0_L2A,2024-04-07,MGRS-43PHQ,05.10,0.202498,304268,101352,101307,0.9996,0.2424,0.2548,0.1981,0.2992,0.0,2
Chikkaballapur,S2A_43PGQ_20240407_0_L2A,2024-04-07,MGRS-43PGQ,05.10,0.121686,304268,178969,178530,0.9975,0.2513,0.2678,0.2029,0.3171,0.0,2
Chikkaballapur,S2B_43PHR_20240412_0_L2A,2024-04-12,MGRS-43PHR,05.10,22.8966,304268,56011,41226,0.736,0.1977,0.2102,0.1648,0.2436,0.0,2
Chikkaballapur,S2B_43PGR_20240412_0_L2A,2024-04-12,MGRS-43PGR,05.10,7.380479,304268,103068,69719,0.6764,0.2181,0.2337,0.1764,0.276,0.0,2
Chikkaballapur,S2B_43PHQ_20240412_0_L2A,2024-04-12,MGRS-43PHQ,05.10,32.128802,304268,101352,62549,0.6171,0.2208,0.234,0.1754,0.2801,0.0,2
Chikkaballapur,S2B_43PGQ_20240412_0_L2A,2024-04-12,MGRS-43PGQ,05.10,38.416797,304268,178969,88619,0.4952,0.2282,0.2441,0.1807,0.2926,0.0,2
Chikkaballapur,S2B_43PHR_20240422_0_L2A,2024-04-22,MGRS-43PHR,05.10,1.637208,304268,56011,46145,0.8239,0.2049,0.216,0.1762,0.244,0.0,2
Chikkaballapur,S2B_43PGR_20240422_0_L2A,2024-04-22,MGRS-43PGR,05.10,5.237725,304268,103068,86997,0.8441,0.2374,0.2522,0.1959,0.2942,0.0,2
Chikkaballapur,S2B_43PHQ_20240422_0_L2A,2024-04-22,MGRS-43PHQ,05.10,1.662635,304268,101352,88908,0.8772,0.2246,0.2354,0.1855,0.2743,0.0,2
Chikkaballapur,S2B_43PGQ_20240422_0_L2A,2024-04-22,MGRS-43PGQ,05.10,13.720536,304268,178969,148036,0.8272,0.2452,0.2595,0.1988,0.3061,0.0,2
Chikkaballapur,S2A_43PHR_20240427_0_L2A,2024-04-27,MGRS-43PHR,05.10,0.000388,304268,56011,55901,0.998,0.212,0.2263,0.1796,0.2583,0.0,2
Chikkaballapur,S2A_43PGR_20240427_0_L2A,2024-04-27,MGRS-43PGR,05.10,2.3e-05,304268,103068,102833,0.9977,0.2345,0.2502,0.1936,0.291,0.0,2
Chikkaballapur,S2A_43PHQ_20240427_0_L2A,2024-04-27,MGRS-43PHQ,05.10,0.000683,304268,101352,101317,0.9997,0.2342,0.2482,0.1889,0.2936,0.0,2
Chikkaballapur,S2A_43PGQ_20240427_0_L2A,2024-04-27,MGRS-43PGQ,05.10,0.000409,304268,178969,178603,0.998,0.2471,0.2643,0.1965,0.3152,0.0,2
Chikkaballapur,S2B_43PHR_20240502_0_L2A,2024-05-02,MGRS-43PHR,05.10,5.236084,304268,56011,34330,0.6129,0.1871,0.198,0.1613,0.2238,0.0,2
Chikkaballapur,S2B_43PGR_20240502_0_L2A,2024-05-02,MGRS-43PGR,05.10,4.186667,304268,103068,90287,0.876,0.2158,0.2281,0.1806,0.2635,0.0,2
Chikkaballapur,S2B_43PHQ_20240502_0_L2A,2024-05-02,MGRS-43PHQ,05.10,19.749457,304268,101352,101302,0.9995,0.2129,0.2236,0.1744,0.2618,0.0,2
Chikkaballapur,S2B_43PGQ_20240502_0_L2A,2024-05-02,MGRS-43PGQ,05.10,8.668438,304268,178969,177832,0.9936,0.2261,0.2389,0.1838,0.2813,0.0,2
Chikkaballapur,S2A_43PHR_20240507_0_L2A,2024-05-07,MGRS-43PHR,05.10,52.293545,304268,56011,44028,0.7861,0.2131,0.2289,0.1752,0.2671,0.0,2
Chikkaballapur,S2A_43PGR_20240507_0_L2A,2024-05-07,MGRS-43PGR,05.10,37.64109,304268,103068,90173,0.8749,0.2231,0.2385,0.181,0.2809,0.0,2
Chikkaballapur,S2A_43PHQ_20240507_0_L2A,2024-05-07,MGRS-43PHQ,05.10,45.72382,304268,101352,100245,0.9891,0.2487,0.2642,0.1922,0.321,0.0,2
Chikkaballapur,S2A_43PGQ_20240507_0_L2A,2024-05-07,MGRS-43PGQ,05.10,20.68446,304268,178969,173302,0.9683,0.247,0.265,0.1898,0.3225,0.0,2
Chikkaballapur,S2B_43PHR_20240512_0_L2A,2024-05-12,MGRS-43PHR,05.10,43.720597,304268,56011,34834,0.6219,0.1996,0.208,0.1715,0.2366,0.0,2
Chikkaballapur,S2B_43PGR_20240512_0_L2A,2024-05-12,MGRS-43PGR,05.10,27.228084,304268,103068,62343,0.6049,0.2216,0.2318,0.1849,0.2689,0.0,2
Chikkaballapur,S2B_43PHQ_20240512_0_L2A,2024-05-12,MGRS-43PHQ,05.10,50.516361,304268,101352,53212,0.525,0.2155,0.2256,0.1772,0.2644,0.0,2
Chikkaballapur,S2B_43PGQ_20240512_0_L2A,2024-05-12,MGRS-43PGQ,05.10,55.670822,304268,178969,88158,0.4926,0.231,0.2415,0.1862,0.2862,0.0,2
Chikkaballapur,S2B_43PHR_20240601_0_L2A,2024-06-01,MGRS-43PHR,05.10,23.818167,304268,56011,55929,0.9985,0.3072,0.3144,0.2558,0.3658,0.0,2
Chikkaballapur,S2B_43PGR_20240601_0_L2A,2024-06-01,MGRS-43PGR,05.10,11.584881,304268,103068,101601,0.9858,0.3169,0.3249,0.2607,0.3811,0.0,2
Chikkaballapur,S2B_43PHQ_20240601_0_L2A,2024-06-01,MGRS-43PHQ,05.10,2.510768,304268,101352,101312,0.9996,0.3326,0.3395,0.2686,0.4042,0.0,2
Chikkaballapur,S2B_43PGQ_20240601_0_L2A,2024-06-01,MGRS-43PGQ,05.10,10.50404,304268,178969,177741,0.9931,0.3512,0.3571,0.2833,0.4248,0.0,2
Chikkaballapur,S2A_43PHR_20240616_0_L2A,2024-06-16,MGRS-43PHR,05.10,16.198738,304268,56011,46333,0.8272,0.3656,0.3758,0.3032,0.4389,0.0,2
Chikkaballapur,S2A_43PGR_20240616_0_L2A,2024-06-16,MGRS-43PGR,05.10,25.054717,304268,103068,79318,0.7696,0.3766,0.3888,0.3035,0.4623,0.0,2
Chikkaballapur,S2A_43PHQ_20240616_0_L2A,2024-06-16,MGRS-43PHQ,05.10,10.040763,304268,101352,88299,0.8712,0.4196,0.4257,0.3381,0.5091,0.0,2
Chikkaballapur,S2A_43PGQ_20240616_0_L2A,2024-06-16,MGRS-43PGQ,05.10,46.815675,304268,178969,116379,0.6503,0.418,0.4256,0.3283,0.5163,0.0,2
Chikkaballapur,S2B_43PHQ_20240621_0_L2A,2024-06-21,MGRS-43PHQ,05.10,51.16328,304268,101352,49070,0.4842,0.4125,0.4153,0.3334,0.4953,0.0,2
Chikkaballapur,S2B_43PHR_20240820_0_L2A,2024-08-20,MGRS-43PHR,05.11,33.367288,304268,56011,38451,0.6865,0.5212,0.5178,0.4407,0.5994,0.0,2
Chikkaballapur,S2B_43PGR_20240820_0_L2A,2024-08-20,MGRS-43PGR,05.11,50.540686,304268,103068,88848,0.862,0.6267,0.616,0.5239,0.7208,0.0,2
Chikkaballapur,S2B_43PHQ_20240820_0_L2A,2024-08-20,MGRS-43PHQ,05.11,55.538952,304268,101352,54296,0.5357,0.4455,0.4433,0.3609,0.5273,0.0,2
Chikkaballapur,S2B_43PGQ_20240820_0_L2A,2024-08-20,MGRS-43PGQ,05.11,55.661345,304268,178969,114217,0.6382,0.5414,0.532,0.4408,0.6328,0.0,2
Chikkaballapur,S2B_43PHR_20240919_0_L2A,2024-09-19,MGRS-43PHR,05.11,47.265181,304268,56011,54889,0.98,0.4425,0.4416,0.3753,0.5085,0.0,2
Chikkaballapur,S2B_43PGR_20240919_0_L2A,2024-09-19,MGRS-43PGR,05.11,31.458938,304268,103068,91315,0.886,0.5084,0.5073,0.4368,0.5811,0.0,2
Chikkaballapur,S2B_43PHQ_20240919_0_L2A,2024-09-19,MGRS-43PHQ,05.11,19.297338,304268,101352,92853,0.9161,0.4204,0.4202,0.351,0.49,0.0,2
Chikkaballapur,S2B_43PGQ_20240919_0_L2A,2024-09-19,MGRS-43PGQ,05.11,12.719099,304268,178969,165011,0.922,0.4954,0.4918,0.411,0.5777,0.0,2
Chikkaballapur,S2B_43PHR_20240929_0_L2A,2024-09-29,MGRS-43PHR,05.11,25.807256,304268,56011,42787,0.7639,0.5344,0.528,0.4562,0.6062,0.0,2
Chikkaballapur,S2B_43PGR_20240929_0_L2A,2024-09-29,MGRS-43PGR,05.11,32.69102,304268,103068,69145,0.6709,0.5969,0.5881,0.511,0.6757,0.0,2
Chikkaballapur,S2B_43PHQ_20240929_0_L2A,2024-09-29,MGRS-43PHQ,05.11,44.611037,304268,101352,53789,0.5307,0.4788,0.4744,0.4096,0.5435,0.0,2
Chikkaballapur,S2B_43PGQ_20240929_0_L2A,2024-09-29,MGRS-43PGQ,05.11,52.787369,304268,178969,93751,0.5238,0.584,0.5739,0.486,0.6743,0.0,2
Chikkaballapur,S2A_43PHR_20241004_0_L2A,2024-10-04,MGRS-43PHR,05.11,56.122029,304268,56011,8338,0.1489,0.497,0.4959,0.428,0.5654,0.0,2
Chikkaballapur,S2B_43PHR_20241009_0_L2A,2024-10-09,MGRS-43PHR,05.11,42.834517,304268,56011,23948,0.4276,0.4929,0.4875,0.4295,0.5531,0.0,2
Chikkaballapur,S2B_43PHQ_20241009_0_L2A,2024-10-09,MGRS-43PHQ,05.11,58.579421,304268,101352,46859,0.4623,0.4806,0.4752,0.416,0.5409,0.0,2
Chikkaballapur,S2B_43PHR_20241029_0_L2A,2024-10-29,MGRS-43PHR,05.11,8.87936,304268,56011,32859,0.5867,0.5562,0.5462,0.4877,0.6154,0.0,2
Chikkaballapur,S2B_43PGR_20241029_0_L2A,2024-10-29,MGRS-43PGR,05.11,14.071271,304268,103068,60093,0.583,0.595,0.5842,0.5167,0.6631,0.0,2
Chikkaballapur,S2B_43PHQ_20241029_0_L2A,2024-10-29,MGRS-43PHQ,05.11,26.252139,304268,101352,32325,0.3189,0.5344,0.5286,0.4672,0.5962,0.0,2
Chikkaballapur,S2B_43PGQ_20241029_0_L2A,2024-10-29,MGRS-43PGQ,05.11,21.098585,304268,178969,84887,0.4743,0.5777,0.566,0.5012,0.644,0.0,2
Chikkaballapur,S2A_43PHR_20241103_0_L2A,2024-11-03,MGRS-43PHR,05.11,32.441202,304268,56011,30402,0.5428,0.5553,0.5475,0.4839,0.6196,0.0,2
Chikkaballapur,S2A_43PGR_20241103_0_L2A,2024-11-03,MGRS-43PGR,05.11,27.35211,304268,103068,64800,0.6287,0.5785,0.5677,0.5016,0.644,0.0,2
Chikkaballapur,S2A_43PHQ_20241103_0_L2A,2024-11-03,MGRS-43PHQ,05.11,36.273122,304268,101352,42295,0.4173,0.5804,0.5696,0.5014,0.6492,0.0,2
Chikkaballapur,S2A_43PGQ_20241103_0_L2A,2024-11-03,MGRS-43PGQ,05.11,24.039887,304268,178969,96505,0.5392,0.6115,0.5946,0.5251,0.6807,0.0,2
Chikkaballapur,S2B_43PHR_20241108_0_L2A,2024-11-08,MGRS-43PHR,05.11,34.288493,304268,56011,17637,0.3149,0.539,0.5327,0.4713,0.5995,0.0,2
Chikkaballapur,S2B_43PGR_20241108_0_L2A,2024-11-08,MGRS-43PGR,05.11,32.343674,304268,103068,45851,0.4449,0.5781,0.5703,0.4988,0.6498,0.0,2
Chikkaballapur,S2B_43PHQ_20241108_0_L2A,2024-11-08,MGRS-43PHQ,05.11,36.290202,304268,101352,45497,0.4489,0.5784,0.5698,0.5048,0.6454,0.0,2
Chikkaballapur,S2B_43PGQ_20241108_0_L2A,2024-11-08,MGRS-43PGQ,05.11,17.153598,304268,178969,128056,0.7155,0.6046,0.5888,0.5218,0.6719,0.0,2
Chikkaballapur,S2B_43PHR_20241118_0_L2A,2024-11-18,MGRS-43PHR,05.11,48.592311,304268,56011,9314,0.1663,0.4814,0.4769,0.4274,0.5314,0.0,2
Chikkaballapur,S2B_43PGQ_20241128_0_L2A,2024-11-28,MGRS-43PGQ,05.11,42.693147,304268,178969,938,0.0052,0.509,0.498,0.4459,0.5668,0.0,2
Chikkaballapur,S2B_43PHR_20241208_0_L2A,2024-12-08,MGRS-43PHR,05.11,0.881467,304268,56011,55473,0.9904,0.4976,0.4952,0.4388,0.5546,0.0,2
Chikkaballapur,S2B_43PGR_20241208_0_L2A,2024-12-08,MGRS-43PGR,05.11,2.540427,304268,103068,98102,0.9518,0.5184,0.5147,0.4458,0.5875,0.0,2
Chikkaballapur,S2B_43PHQ_20241208_0_L2A,2024-12-08,MGRS-43PHQ,05.11,5.368818,304268,101352,101123,0.9977,0.5227,0.5194,0.463,0.5809,0.0,2
Chikkaballapur,S2B_43PGQ_20241208_0_L2A,2024-12-08,MGRS-43PGQ,05.11,12.723812,304268,178969,173149,0.9675,0.5127,0.5091,0.4473,0.577,0.0,2
Chikkaballapur,S2A_43PHR_20241223_0_L2A,2024-12-23,MGRS-43PHR,05.11,3.46178,304268,56011,52127,0.9307,0.4692,0.4654,0.4157,0.5189,0.0,2
Chikkaballapur,S2A_43PGR_20241223_0_L2A,2024-12-23,MGRS-43PGR,05.11,38.107142,304268,103068,88324,0.8569,0.4713,0.4703,0.4146,0.5279,0.0,2
Chikkaballapur,S2A_43PHQ_20241223_0_L2A,2024-12-23,MGRS-43PHQ,05.11,2.719706,304268,101352,94375,0.9312,0.4674,0.4643,0.4105,0.5233,0.0,2
Chikkaballapur,S2A_43PGQ_20241223_0_L2A,2024-12-23,MGRS-43PGQ,05.11,50.185013,304268,178969,151173,0.8447,0.4615,0.4605,0.3946,0.5285,0.0,2
Chikkaballapur,S2B_43PHR_20241228_0_L2A,2024-12-28,MGRS-43PHR,05.11,43.215933,304268,56011,16273,0.2905,0.4742,0.4705,0.4105,0.534,0.0,2
Chikkaballapur,S2B_43PGR_20241228_0_L2A,2024-12-28,MGRS-43PGR,05.11,45.035926,304268,103068,46772,0.4538,0.4831,0.481,0.4145,0.5501,0.0,2
Chikkaballapur,S2B_43PGQ_20241228_0_L2A,2024-12-28,MGRS-43PGQ,05.11,51.887578,304268,178969,93080,0.5201,0.4627,0.4623,0.3882,0.5372,0.0,2
Chikkaballapur,S2A_43PHR_20250102_0_L2A,2025-01-02,MGRS-43PHR,05.11,43.970689,304268,56011,0,0.0,,,,,0.0,2
Chikkaballapur,S2A_43PGR_20250102_0_L2A,2025-01-02,MGRS-43PGR,05.11,51.002824,304268,103068,49537,0.4806,0.467,0.4715,0.4114,0.5298,0.0,2
Chikkaballapur,S2A_43PHQ_20250102_0_L2A,2025-01-02,MGRS-43PHQ,05.11,41.847897,304268,101352,0,0.0,,,,,0.0,2
Chikkaballapur,S2A_43PGQ_20250102_0_L2A,2025-01-02,MGRS-43PGQ,05.11,55.968004,304268,178969,55318,0.3091,0.4719,0.4739,0.4107,0.5368,0.0,2
Chikkaballapur,S2B_43PHR_20250107_0_L2A,2025-01-07,MGRS-43PHR,05.11,3.141632,304268,56011,54293,0.9693,0.4348,0.4357,0.3886,0.4822,0.0,2
Chikkaballapur,S2B_43PGR_20250107_0_L2A,2025-01-07,MGRS-43PGR,05.11,0.714905,304268,103068,101902,0.9887,0.4479,0.4514,0.3938,0.5071,0.0,2
Chikkaballapur,S2B_43PHQ_20250107_0_L2A,2025-01-07,MGRS-43PHQ,05.11,12.041314,304268,101352,99607,0.9828,0.4436,0.4444,0.3852,0.5029,0.0,2
Chikkaballapur,S2B_43PGQ_20250107_0_L2A,2025-01-07,MGRS-43PGQ,05.11,1.233824,304268,178969,177633,0.9925,0.4428,0.4448,0.3753,0.5134,0.0,2
Chikkaballapur,S2A_43PHR_20250112_0_L2A,2025-01-12,MGRS-43PHR,05.11,0.189269,304268,56011,55572,0.9922,0.4211,0.424,0.3717,0.4732,0.0,2
Chikkaballapur,S2A_43PGR_20250112_0_L2A,2025-01-12,MGRS-43PGR,05.11,2.409593,304268,103068,102106,0.9907,0.4348,0.4398,0.3765,0.5,0.0,2
Chikkaballapur,S2A_43PHQ_20250112_0_L2A,2025-01-12,MGRS-43PHQ,05.11,6.121051,304268,101352,101141,0.9979,0.4104,0.4127,0.3547,0.4689,0.0,2
Chikkaballapur,S2A_43PGQ_20250112_0_L2A,2025-01-12,MGRS-43PGQ,05.11,3.099342,304268,178969,177865,0.9938,0.4166,0.4196,0.3486,0.4887,0.0,2
Chikkaballapur,S2B_43PGR_20250117_0_L2A,2025-01-17,MGRS-43PGR,05.11,33.247232,304268,103068,60436,0.5864,0.3912,0.3961,0.3389,0.4507,0.0,2
Chikkaballapur,S2B_43PGQ_20250117_0_L2A,2025-01-17,MGRS-43PGQ,05.11,23.132524,304268,178969,140983,0.7878,0.3915,0.3956,0.3287,0.4596,0.0,2
Chikkaballapur,S2C_43PHR_20250122_0_L2A,2025-01-22,MGRS-43PHR,05.11,7.3e-05,304268,56011,32696,0.5837,0.8094,0.789,0.6995,0.904,-0.1,2
Chikkaballapur,S2C_43PGR_20250122_0_L2A,2025-01-22,MGRS-43PGR,05.11,0.000101,304268,103068,54325,0.5271,0.8006,0.777,0.6803,0.9005,-0.1,2
Chikkaballapur,S2C_43PHQ_20250122_0_L2A,2025-01-22,MGRS-43PHQ,05.11,19.786507,304268,101352,58919,0.5813,0.7944,0.7723,0.6741,0.898,-0.1,2
Chikkaballapur,S2C_43PGQ_20250122_0_L2A,2025-01-22,MGRS-43PGQ,05.11,0.002727,304268,178969,104979,0.5866,0.7592,0.7362,0.623,0.8771,-0.1,2
Chikkaballapur,S2B_43PHR_20250127_0_L2A,2025-01-27,MGRS-43PHR,05.11,1.847296,304268,56011,55592,0.9925,0.3763,0.3856,0.332,0.4302,0.0,2
Chikkaballapur,S2B_43PGR_20250127_0_L2A,2025-01-27,MGRS-43PGR,05.11,3.692888,304268,103068,102166,0.9912,0.391,0.4,0.3371,0.4557,0.0,2
Chikkaballapur,S2B_43PHQ_20250127_0_L2A,2025-01-27,MGRS-43PHQ,05.11,0.179412,304268,101352,101171,0.9982,0.373,0.3785,0.3223,0.4298,0.0,2
Chikkaballapur,S2B_43PGQ_20250127_0_L2A,2025-01-27,MGRS-43PGQ,05.11,4.030059,304268,178969,177919,0.9941,0.3764,0.3825,0.3186,0.4412,0.0,2
Chikkaballapur,S2C_43PHR_20250201_0_L2A,2025-02-01,MGRS-43PHR,05.11,3.379786,304268,56011,45252,0.8079,0.7158,0.7134,0.608,0.8295,-0.1,2
Chikkaballapur,S2C_43PGR_20250201_0_L2A,2025-02-01,MGRS-43PGR,05.11,9.762572,304268,103068,63982,0.6208,0.7095,0.7024,0.5842,0.8349,-0.1,2
Chikkaballapur,S2C_43PHQ_20250201_0_L2A,2025-02-01,MGRS-43PHQ,05.11,9.494909,304268,101352,83058,0.8195,0.7121,0.707,0.597,0.8276,-0.1,2
Chikkaballapur,S2C_43PGQ_20250201_0_L2A,2025-02-01,MGRS-43PGQ,05.11,25.877291,304268,178969,111359,0.6222,0.6755,0.6688,0.5373,0.8147,-0.1,2
Chikkaballapur,S2B_43PHR_20250206_0_L2A,2025-02-06,MGRS-43PHR,05.11,4e-06,304268,56011,55657,0.9937,0.3395,0.3541,0.2933,0.4012,0.0,2
Chikkaballapur,S2B_43PGR_20250206_1_L2A,2025-02-06,MGRS-43PGR,05.11,0.000632,304268,103068,102285,0.9924,0.3541,0.3662,0.2993,0.422,0.0,2
Chikkaballapur,S2B_43PHQ_20250206_0_L2A,2025-02-06,MGRS-43PHQ,05.11,0.000212,304268,101352,101191,0.9984,0.3365,0.3447,0.2868,0.3949,0.0,2
Chikkaballapur,S2B_43PGQ_20250206_0_L2A,2025-02-06,MGRS-43PGQ,05.11,9.8e-05,304268,178969,178024,0.9947,0.3418,0.3508,0.2854,0.408,0.0,2
Chikkaballapur,S2C_43PHR_20250211_0_L2A,2025-02-11,MGRS-43PHR,05.11,0.001165,304268,56011,50321,0.8984,0.6531,0.6642,0.5498,0.7757,-0.1,2
Chikkaballapur,S2C_43PGR_20250211_0_L2A,2025-02-11,MGRS-43PGR,05.11,0.280336,304268,103068,87112,0.8452,0.6814,0.6847,0.5641,0.8094,-0.1,2
Chikkaballapur,S2C_43PHQ_20250211_0_L2A,2025-02-11,MGRS-43PHQ,05.11,0.001155,304268,101352,91593,0.9037,0.6657,0.6699,0.5536,0.7878,-0.1,2
Chikkaballapur,S2C_43PGQ_20250211_0_L2A,2025-02-11,MGRS-43PGQ,05.11,0.001635,304268,178969,150374,0.8402,0.6582,0.6596,0.5313,0.7949,-0.1,2
Chikkaballapur,S2B_43PHR_20250216_0_L2A,2025-02-16,MGRS-43PHR,05.11,0.000411,304268,56011,52135,0.9308,0.6087,0.6262,0.5091,0.7333,-0.1,2
Chikkaballapur,S2B_43PGR_20250216_0_L2A,2025-02-16,MGRS-43PGR,05.11,0.000379,304268,103068,90898,0.8819,0.6541,0.6622,0.5384,0.7846,-0.1,2
Chikkaballapur,S2B_43PHQ_20250216_0_L2A,2025-02-16,MGRS-43PHQ,05.11,0.000478,304268,101352,95943,0.9466,0.621,0.6318,0.5152,0.7432,-0.1,2
Chikkaballapur,S2B_43PGQ_20250216_0_L2A,2025-02-16,MGRS-43PGQ,05.11,0.000141,304268,178969,155318,0.8678,0.6332,0.6383,0.5064,0.7729,-0.1,2
Chikkaballapur,S2C_43PHR_20250221_0_L2A,2025-02-21,MGRS-43PHR,05.11,0.000415,304268,56011,53763,0.9599,0.5656,0.5871,0.4736,0.6845,-0.1,2
Chikkaballapur,S2C_43PGR_20250221_0_L2A,2025-02-21,MGRS-43PGR,05.11,0.000446,304268,103068,92699,0.8994,0.6163,0.6294,0.4986,0.7548,-0.1,2
Chikkaballapur,S2C_43PHQ_20250221_0_L2A,2025-02-21,MGRS-43PHQ,05.11,2.7e-05,304268,101352,98596,0.9728,0.5848,0.5993,0.4859,0.7028,-0.1,2
Chikkaballapur,S2C_43PGQ_20250221_0_L2A,2025-02-21,MGRS-43PGQ,05.11,0.000654,304268,178969,159668,0.8922,0.6016,0.6115,0.4758,0.7457,-0.1,2
Chikkaballapur,S2B_43PHR_20250226_0_L2A,2025-02-26,MGRS-43PHR,05.11,0.029562,304268,56011,53564,0.9563,0.5407,0.5659,0.4461,0.667,-0.1,2
Chikkaballapur,S2B_43PGR_20250226_0_L2A,2025-02-26,MGRS-43PGR,05.11,3.1e-05,304268,103068,94931,0.9211,0.5949,0.6107,0.4793,0.7337,-0.1,2
Chikkaballapur,S2B_43PHQ_20250226_0_L2A,2025-02-26,MGRS-43PHQ,05.11,0.010584,304268,101352,98050,0.9674,0.566,0.5821,0.461,0.6913,-0.1,2
Chikkaballapur,S2B_43PGQ_20250226_0_L2A,2025-02-26,MGRS-43PGQ,05.11,0.000372,304268,178969,163110,0.9114,0.5793,0.5928,0.4562,0.7247,-0.1,2
Chikkaballapur,S2C_43PHR_20250303_0_L2A,2025-03-03,MGRS-43PHR,05.11,13.428119,304268,56011,28935,0.5166,0.5459,0.5702,0.4468,0.6748,-0.1,2
Chikkaballapur,S2C_43PGR_20250303_0_L2A,2025-03-03,MGRS-43PGR,05.11,24.51458,304268,103068,92391,0.8964,0.5686,0.5875,0.4569,0.7047,-0.1,2
Chikkaballapur,S2C_43PHQ_20250303_0_L2A,2025-03-03,MGRS-43PHQ,05.11,47.058576,304268,101352,67925,0.6702,0.5626,0.5782,0.4595,0.6846,-0.1,2
Chikkaballapur,S2C_43PGQ_20250303_0_L2A,2025-03-03,MGRS-43PGQ,05.11,40.520382,304268,178969,142310,0.7952,0.5539,0.5709,0.4281,0.7063,-0.1,2
Chikkaballapur,S2B_43PHR_20250308_0_L2A,2025-03-08,MGRS-43PHR,05.11,0.000461,304268,56011,54890,0.98,0.5145,0.5404,0.4337,0.6251,-0.1,2
Chikkaballapur,S2B_43PGR_20250308_0_L2A,2025-03-08,MGRS-43PGR,05.11,0.000638,304268,103068,99451,0.9649,0.5711,0.5909,0.4712,0.6964,-0.1,2
Chikkaballapur,S2B_43PHQ_20250308_0_L2A,2025-03-08,MGRS-43PHQ,05.11,2e-05,304268,101352,99238,0.9791,0.5515,0.5687,0.4514,0.6707,-0.1,2
Chikkaballapur,S2B_43PGQ_20250308_0_L2A,2025-03-08,MGRS-43PGQ,05.11,0.081327,304268,178969,167281,0.9347,0.5725,0.5884,0.4557,0.713,-0.1,2
Chikkaballapur,S2C_43PHR_20250313_0_L2A,2025-03-13,MGRS-43PHR,05.11,15.297849,304268,56011,55694,0.9943,0.2642,0.2794,0.2245,0.3206,0.0,2
Chikkaballapur,S2C_43PGR_20250313_0_L2A,2025-03-13,MGRS-43PGR,05.11,11.375728,304268,103068,102437,0.9939,0.294,0.311,0.2386,0.3675,0.0,2
Chikkaballapur,S2C_43PHQ_20250313_0_L2A,2025-03-13,MGRS-43PHQ,05.11,11.960063,304268,101352,100024,0.9869,0.2753,0.2862,0.2297,0.3321,0.0,2
Chikkaballapur,S2C_43PGQ_20250313_0_L2A,2025-03-13,MGRS-43PGQ,05.11,3.618279,304268,178969,177220,0.9902,0.2876,0.3031,0.2311,0.3607,0.0,2
Chikkaballapur,S2A_43PHR_20250315_0_L2A,2025-03-15,MGRS-43PHR,05.11,0.001281,304268,56011,55703,0.9945,0.2642,0.2782,0.2268,0.317,0.0,2
Chikkaballapur,S2A_43PGR_20250315_0_L2A,2025-03-15,MGRS-43PGR,05.11,0.000526,304268,103068,102446,0.994,0.2932,0.3088,0.2434,0.3597,0.0,2
Chikkaballapur,S2A_43PHQ_20250315_0_L2A,2025-03-15,MGRS-43PHQ,05.11,0.000173,304268,101352,101220,0.9987,0.2731,0.2835,0.2298,0.3269,0.0,2
Chikkaballapur,S2A_43PGQ_20250315_0_L2A,2025-03-15,MGRS-43PGQ,05.11,0.000289,304268,178969,178267,0.9961,0.2878,0.3018,0.2362,0.3545,0.0,2
Chikkaballapur,S2B_43PHR_20250318_0_L2A,2025-03-18,MGRS-43PHR,05.11,0.568087,304268,56011,55728,0.9949,0.2502,0.2638,0.2136,0.3018,0.0,2
Chikkaballapur,S2B_43PGR_20250318_0_L2A,2025-03-18,MGRS-43PGR,05.11,0.004527,304268,103068,102446,0.994,0.2836,0.3,0.2322,0.3527,0.0,2
Chikkaballapur,S2B_43PHQ_20250318_0_L2A,2025-03-18,MGRS-43PHQ,05.11,30.871055,304268,101352,101010,0.9966,0.2629,0.2739,0.2178,0.319,0.0,2
Chikkaballapur,S2B_43PGQ_20250318_0_L2A,2025-03-18,MGRS-43PGQ,05.11,3.84283,304268,178969,177166,0.9899,0.2783,0.2937,0.2245,0.3484,0.0,2
Chikkaballapur,S2C_43PHR_20250323_0_L2A,2025-03-23,MGRS-43PHR,05.11,44.445014,304268,56011,24980,0.446,0.201,0.2091,0.167,0.2431,0.0,2
Chikkaballapur,S2C_43PGR_20250323_0_L2A,2025-03-23,MGRS-43PGR,05.11,19.380619,304268,103068,43718,0.4242,0.2098,0.2186,0.1686,0.2595,0.0,2
Chikkaballapur,S2C_43PHQ_20250323_0_L2A,2025-03-23,MGRS-43PHQ,05.11,54.391497,304268,101352,34052,0.336,0.2152,0.2226,0.1736,0.2648,0.0,2
Chikkaballapur,S2C_43PGQ_20250323_0_L2A,2025-03-23,MGRS-43PGQ,05.11,36.732629,304268,178969,75205,0.4202,0.2154,0.2229,0.1637,0.274,0.0,2
Chikkaballapur,S2B_43PHR_20250328_0_L2A,2025-03-28,MGRS-43PHR,05.11,3.625578,304268,56011,54193,0.9675,0.253,0.2645,0.22,0.2986,0.0,2
Chikkaballapur,S2B_43PGR_20250328_0_L2A,2025-03-28,MGRS-43PGR,05.11,7.81857,304268,103068,83762,0.8127,0.2739,0.2881,0.23,0.3332,0.0,2
Chikkaballapur,S2B_43PHQ_20250328_0_L2A,2025-03-28,MGRS-43PHQ,05.11,14.34065,304268,101352,85665,0.8452,0.273,0.2833,0.2296,0.3273,0.0,2
Chikkaballapur,S2B_43PGQ_20250328_0_L2A,2025-03-28,MGRS-43PGQ,05.11,17.292337,304268,178969,146848,0.8205,0.2922,0.3063,0.2373,0.3621,0.0,2
Chikkaballapur,S2C_43PHR_20250402_0_L2A,2025-04-02,MGRS-43PHR,05.11,36.098182,304268,56011,43673,0.7797,0.2266,0.2342,0.1947,0.2673,0.0,2
Chikkaballapur,S2C_43PHQ_20250402_0_L2A,2025-04-02,MGRS-43PHQ,05.11,5.870508,304268,101352,78947,0.7789,0.2625,0.2727,0.2156,0.3202,0.0,2
Chikkaballapur,S2A_43PHR_20250404_1_L2A,2025-04-04,MGRS-43PHR,05.11,42.128956,304268,56011,54302,0.9695,0.2356,0.251,0.1948,0.292,0.0,2
Chikkaballapur,S2A_43PGR_20250404_0_L2A,2025-04-04,MGRS-43PGR,05.11,20.190828,304268,103068,91886,0.8915,0.2729,0.2937,0.2154,0.3515,0.0,2
Chikkaballapur,S2A_43PHQ_20250404_0_L2A,2025-04-04,MGRS-43PHQ,05.11,23.217016,304268,101352,99027,0.9771,0.2475,0.2629,0.1995,0.3112,0.0,2
Chikkaballapur,S2A_43PGQ_20250404_0_L2A,2025-04-04,MGRS-43PGQ,05.11,14.150387,304268,178969,147457,0.8239,0.2648,0.283,0.21,0.3391,0.0,2
Chikkaballapur,S2B_43PHR_20250407_0_L2A,2025-04-07,MGRS-43PHR,05.11,0.000634,304268,56011,55778,0.9958,0.256,0.2684,0.2194,0.305,0.0,2
Chikkaballapur,S2B_43PGR_20250407_0_L2A,2025-04-07,MGRS-43PGR,05.11,0.000285,304268,103068,102569,0.9952,0.2859,0.3014,0.2376,0.3509,0.0,2
Chikkaballapur,S2B_43PHQ_20250407_0_L2A,2025-04-07,MGRS-43PHQ,05.11,0.478193,304268,101352,101266,0.9992,0.281,0.2919,0.2308,0.3421,0.0,2
Chikkaballapur,S2B_43PGQ_20250407_0_L2A,2025-04-07,MGRS-43PGQ,05.11,0.002623,304268,178969,178375,0.9967,0.2976,0.3123,0.2402,0.3709,0.0,2
Chikkaballapur,S2C_43PHR_20250412_0_L2A,2025-04-12,MGRS-43PHR,05.11,0.001606,304268,56011,55790,0.9961,0.2587,0.2739,0.2153,0.3168,0.0,2
Chikkaballapur,S2C_43PGR_20250412_0_L2A,2025-04-12,MGRS-43PGR,05.11,0.066211,304268,103068,102576,0.9952,0.2999,0.3197,0.2368,0.384,0.0,2
Chikkaballapur,S2C_43PHQ_20250412_0_L2A,2025-04-12,MGRS-43PHQ,05.11,0.084283,304268,101352,101265,0.9991,0.2812,0.2929,0.227,0.3471,0.0,2
Chikkaballapur,S2C_43PGQ_20250412_0_L2A,2025-04-12,MGRS-43PGQ,05.11,8.479026,304268,178969,178367,0.9966,0.2978,0.3138,0.2335,0.3792,0.0,2
Chikkaballapur,S2B_43PHR_20250417_0_L2A,2025-04-17,MGRS-43PHR,05.11,0.241011,304268,56011,55751,0.9954,0.258,0.2729,0.2135,0.3174,0.0,2
Chikkaballapur,S2B_43PGR_20250417_0_L2A,2025-04-17,MGRS-43PGR,05.11,0.009585,304268,103068,102559,0.9951,0.2917,0.3105,0.2325,0.3707,0.0,2
Chikkaballapur,S2B_43PHQ_20250417_0_L2A,2025-04-17,MGRS-43PHQ,05.11,0.285291,304268,101352,101273,0.9992,0.2848,0.2959,0.2288,0.3517,0.0,2
Chikkaballapur,S2B_43PGQ_20250417_0_L2A,2025-04-17,MGRS-43PGQ,05.11,0.098269,304268,178969,178367,0.9966,0.3049,0.3206,0.2394,0.3873,0.0,2
Chikkaballapur,S2C_43PHR_20250422_0_L2A,2025-04-22,MGRS-43PHR,05.11,0.003547,304268,56011,55780,0.9959,0.2606,0.2719,0.2217,0.3112,0.0,2
Chikkaballapur,S2C_43PGR_20250422_0_L2A,2025-04-22,MGRS-43PGR,05.11,0.094521,304268,103068,102575,0.9952,0.2906,0.3048,0.2365,0.3593,0.0,2
Chikkaballapur,S2C_43PHQ_20250422_0_L2A,2025-04-22,MGRS-43PHQ,05.11,0.79024,304268,101352,101271,0.9992,0.2855,0.2951,0.2337,0.347,0.0,2
Chikkaballapur,S2C_43PGQ_20250422_0_L2A,2025-04-22,MGRS-43PGQ,05.11,0.402743,304268,178969,178378,0.9967,0.3091,0.3225,0.244,0.3883,0.0,2
Chikkaballapur,S2A_43PHR_20250424_0_L2A,2025-04-24,MGRS-43PHR,05.11,0.23194,304268,56011,55448,0.9899,0.2643,0.2759,0.2232,0.3173,0.0,2
Chikkaballapur,S2A_43PGR_20250424_0_L2A,2025-04-24,MGRS-43PGR,05.11,7.339551,304268,103068,100678,0.9768,0.2958,0.3115,0.2377,0.3703,0.0,2
Chikkaballapur,S2A_43PHQ_20250424_0_L2A,2025-04-24,MGRS-43PHQ,05.11,4.674629,304268,101352,98689,0.9737,0.275,0.2842,0.227,0.3322,0.0,2
Chikkaballapur,S2A_43PGQ_20250424_0_L2A,2025-04-24,MGRS-43PGQ,05.11,10.604211,304268,178969,176693,0.9873,0.308,0.3207,0.2434,0.3858,0.0,2
Chikkaballapur,S2B_43PHQ_20250427_0_L2A,2025-04-27,MGRS-43PHQ,05.11,45.269534,304268,101352,38527,0.3801,0.2533,0.2603,0.2109,0.3027,0.0,2
Chikkaballapur,S2B_43PGQ_20250427_0_L2A,2025-04-27,MGRS-43PGQ,05.11,51.337194,304268,178969,69282,0.3871,0.274,0.2843,0.217,0.3403,0.0,2
Chikkaballapur,S2C_43PHR_20250502_0_L2A,2025-05-02,MGRS-43PHR,05.11,6.643219,304268,56011,55504,0.9909,0.2894,0.3027,0.2373,0.3565,0.0,2
Chikkaballapur,S2C_43PGR_20250502_0_L2A,2025-05-02,MGRS-43PGR,05.11,4.388243,304268,103068,102576,0.9952,0.3135,0.3244,0.2511,0.3874,0.0,2
Chikkaballapur,S2C_43PHQ_20250502_0_L2A,2025-05-02,MGRS-43PHQ,05.11,35.873806,304268,101352,88852,0.8767,0.2591,0.2668,0.215,0.3113,0.0,2
Chikkaballapur,S2C_43PGQ_20250502_0_L2A,2025-05-02,MGRS-43PGQ,05.11,21.139856,304268,178969,150266,0.8396,0.3059,0.3171,0.2325,0.3915,0.0,2
Chikkaballapur,S2B_43PHR_20250507_0_L2A,2025-05-07,MGRS-43PHR,05.11,14.352806,304268,56011,53240,0.9505,0.2667,0.2763,0.2255,0.3187,0.0,2
Chikkaballapur,S2B_43PGR_20250507_1_L2A,2025-05-07,MGRS-43PGR,05.11,3.002048,304268,103068,95094,0.9226,0.3061,0.3151,0.249,0.3726,0.0,2
Chikkaballapur,S2B_43PHQ_20250507_0_L2A,2025-05-07,MGRS-43PHQ,05.11,10.814165,304268,101352,90807,0.896,0.2691,0.2792,0.2194,0.329,0.0,2
Chikkaballapur,S2B_43PGQ_20250507_1_L2A,2025-05-07,MGRS-43PGQ,05.11,10.472817,304268,178969,171878,0.9604,0.3132,0.3231,0.2479,0.3879,0.0,2
Chikkaballapur,S2C_43PHR_20250512_0_L2A,2025-05-12,MGRS-43PHR,05.11,32.833743,304268,56011,47241,0.8434,0.2835,0.293,0.2307,0.3479,0.0,2
Chikkaballapur,S2C_43PGR_20250512_0_L2A,2025-05-12,MGRS-43PGR,05.11,16.339621,304268,103068,87254,0.8466,0.317,0.3272,0.2486,0.3974,0.0,2
Chikkaballapur,S2C_43PHQ_20250512_0_L2A,2025-05-12,MGRS-43PHQ,05.11,4.450974,304268,101352,93931,0.9268,0.2814,0.2912,0.225,0.3476,0.0,2
Chikkaballapur,S2C_43PGQ_20250512_0_L2A,2025-05-12,MGRS-43PGQ,05.11,0.591612,304268,178969,173522,0.9696,0.3365,0.346,0.2593,0.4239,0.0,2
Chikkaballapur,S2A_43PHR_20250514_0_L2A,2025-05-14,MGRS-43PHR,05.11,13.572049,304268,56011,22567,0.4029,0.3232,0.3349,0.2632,0.3963,0.0,2
Chikkaballapur,S2A_43PGR_20250514_0_L2A,2025-05-14,MGRS-43PGR,05.11,20.105115,304268,103068,89903,0.8723,0.3533,0.361,0.2876,0.4276,0.0,2
Chikkaballapur,S2A_43PHQ_20250514_0_L2A,2025-05-14,MGRS-43PHQ,05.11,40.457013,304268,101352,93886,0.9263,0.3142,0.3237,0.2514,0.3866,0.0,2
Chikkaballapur,S2A_43PGQ_20250514_0_L2A,2025-05-14,MGRS-43PGQ,05.11,47.385421,304268,178969,121311,0.6778,0.3621,0.3706,0.2816,0.4517,0.0,2
Chikkaballapur,S2C_43PHR_20250601_0_L2A,2025-06-01,MGRS-43PHR,05.11,4.811835,304268,56011,50303,0.8981,0.423,0.4276,0.3516,0.5007,0.0,2
Chikkaballapur,S2C_43PGR_20250601_0_L2A,2025-06-01,MGRS-43PGR,05.11,23.130207,304268,103068,59510,0.5774,0.4158,0.4202,0.3383,0.4979,0.0,2
Chikkaballapur,S2C_43PHQ_20250601_0_L2A,2025-06-01,MGRS-43PHQ,05.11,8.781175,304268,101352,64971,0.641,0.4149,0.4148,0.3461,0.4846,0.0,2
Chikkaballapur,S2C_43PGQ_20250601_0_L2A,2025-06-01,MGRS-43PGQ,05.11,55.121821,304268,178969,77607,0.4336,0.4056,0.4062,0.3216,0.4897,0.0,2
Chikkaballapur,S2A_43PHR_20250603_0_L2A,2025-06-03,MGRS-43PHR,05.11,47.028619,304268,56011,11966,0.2136,0.3744,0.379,0.3137,0.4396,0.0,2
Chikkaballapur,S2A_43PGR_20250603_0_L2A,2025-06-03,MGRS-43PGR,05.11,50.262767,304268,103068,27617,0.2679,0.4012,0.4063,0.3285,0.4794,0.0,2
Chikkaballapur,S2A_43PHQ_20250603_0_L2A,2025-06-03,MGRS-43PHQ,05.11,47.352594,304268,101352,28081,0.2771,0.3769,0.3798,0.3065,0.4489,0.0,2
Chikkaballapur,S2B_43PHR_20250606_0_L2A,2025-06-06,MGRS-43PHR,05.11,18.301085,304268,56011,54508,0.9732,0.4061,0.4102,0.3397,0.4779,0.0,2
Chikkaballapur,S2B_43PGR_20250606_0_L2A,2025-06-06,MGRS-43PGR,05.11,16.644979,304268,103068,87894,0.8528,0.4233,0.4277,0.345,0.5075,0.0,2
Chikkaballapur,S2B_43PHQ_20250606_0_L2A,2025-06-06,MGRS-43PHQ,05.11,21.566142,304268,101352,97469,0.9617,0.4093,0.4103,0.3356,0.4846,0.0,2
Chikkaballapur,S2B_43PGQ_20250606_0_L2A,2025-06-06,MGRS-43PGQ,05.11,11.367468,304268,178969,172611,0.9645,0.4254,0.4284,0.3328,0.5212,0.0,2
Chikkaballapur,S2C_43PHR_20250711_0_L2A,2025-07-11,MGRS-43PHR,05.11,30.558842,304268,56011,41923,0.7485,0.3323,0.339,0.2677,0.4024,0.0,2
Chikkaballapur,S2C_43PGR_20250711_0_L2A,2025-07-11,MGRS-43PGR,05.11,49.244794,304268,103068,63490,0.616,0.3511,0.3594,0.2796,0.4305,0.0,2
Chikkaballapur,S2C_43PHQ_20250711_0_L2A,2025-07-11,MGRS-43PHQ,05.11,37.014812,304268,101352,61248,0.6043,0.3351,0.3413,0.2664,0.4097,0.0,2
Chikkaballapur,S2C_43PGQ_20250711_0_L2A,2025-07-11,MGRS-43PGQ,05.11,59.713674,304268,178969,101583,0.5676,0.3374,0.3442,0.2601,0.4201,0.0,2
Chikkaballapur,S2B_43PHR_20250805_0_L2A,2025-08-05,MGRS-43PHR,05.11,34.00993,304268,56011,43429,0.7754,0.4039,0.4092,0.3363,0.478,0.0,2
Chikkaballapur,S2B_43PGR_20250805_0_L2A,2025-08-05,MGRS-43PGR,05.11,28.920305,304268,103068,78402,0.7607,0.4505,0.4612,0.3618,0.5532,0.0,2
Chikkaballapur,S2B_43PHQ_20250805_0_L2A,2025-08-05,MGRS-43PHQ,05.11,39.020517,304268,101352,49015,0.4836,0.3943,0.396,0.3229,0.4686,0.0,2
Chikkaballapur,S2C_43PHQ_20250820_0_L2A,2025-08-20,MGRS-43PHQ,05.11,46.291795,304268,101352,37693,0.3719,0.4428,0.442,0.3665,0.5172,0.0,2
Chikkaballapur,S2C_43PHR_20250830_0_L2A,2025-08-30,MGRS-43PHR,05.11,34.959215,304268,56011,17890,0.3194,0.4722,0.4725,0.3907,0.5534,0.0,2
Chikkaballapur,S2B_43PHR_20250904_0_L2A,2025-09-04,MGRS-43PHR,05.11,49.906549,304268,56011,5362,0.0957,0.4749,0.4704,0.3995,0.5479,0.0,2
Chikkaballapur,S2B_43PHR_20250914_0_L2A,2025-09-14,MGRS-43PHR,05.11,56.210345,304268,56011,25607,0.4572,0.5207,0.5183,0.4465,0.5924,0.0,2
Chikkaballapur,S2C_43PHR_20250919_0_L2A,2025-09-19,MGRS-43PHR,05.11,28.945673,304268,56011,6189,0.1105,0.4604,0.4674,0.3915,0.5344,0.0,2
Chikkaballapur,S2C_43PGR_20250919_0_L2A,2025-09-19,MGRS-43PGR,05.11,55.807209,304268,103068,6845,0.0664,0.4552,0.4634,0.3888,0.5275,0.0,2
Chikkaballapur,S2C_43PHQ_20250929_0_L2A,2025-09-29,MGRS-43PHQ,05.11,43.926424,304268,101352,64138,0.6328,0.5227,0.5191,0.4469,0.5945,0.0,2
Chikkaballapur,S2A_43PHR_20251001_0_L2A,2025-10-01,MGRS-43PHR,05.11,34.449959,304268,56011,52691,0.9407,0.5482,0.5434,0.47,0.6231,0.0,2
Chikkaballapur,S2A_43PGQ_20251001_0_L2A,2025-10-01,MGRS-43PGQ,05.11,49.8456,304268,178969,82359,0.4602,0.5771,0.5726,0.4871,0.6645,0.0,2
Chikkaballapur,S2C_43PHR_20251009_0_L2A,2025-10-09,MGRS-43PHR,05.11,57.5225,304268,56011,21144,0.3775,0.528,0.5261,0.4485,0.6058,0.0,2
Chikkaballapur,S2C_43PGR_20251009_0_L2A,2025-10-09,MGRS-43PGR,05.11,21.982791,304268,103068,54461,0.5284,0.6436,0.6287,0.5447,0.7282,0.0,2
Chikkaballapur,S2C_43PHQ_20251009_0_L2A,2025-10-09,MGRS-43PHQ,05.11,50.604069,304268,101352,26813,0.2646,0.5402,0.5324,0.4717,0.6023,0.0,2
Chikkaballapur,S2C_43PGQ_20251009_0_L2A,2025-10-09,MGRS-43PGQ,05.11,33.765408,304268,178969,82337,0.4601,0.6161,0.6093,0.519,0.713,0.0,2
Chikkaballapur,S2B_43PGQ_20251014_1_L2A,2025-10-14,MGRS-43PGQ,05.11,58.712071,304268,178969,84675,0.4731,0.6268,0.6127,0.5234,0.7164,0.0,2
Chikkaballapur,S2C_43PGR_20251019_0_L2A,2025-10-19,MGRS-43PGR,05.11,56.460071,304268,103068,27336,0.2652,0.6052,0.5938,0.5306,0.6691,0.0,2
Chikkaballapur,S2B_43PHR_20251103_0_L2A,2025-11-03,MGRS-43PHR,05.11,57.82935,304268,56011,0,0.0,,,,,0.0,2
Chikkaballapur,S2C_43PHR_20251108_0_L2A,2025-11-08,MGRS-43PHR,05.11,20.176071,304268,56011,5272,0.0941,0.4629,0.4615,0.4027,0.5189,0.0,2
Chikkaballapur,S2C_43PGR_20251108_0_L2A,2025-11-08,MGRS-43PGR,05.11,40.917262,304268,103068,8064,0.0782,0.5131,0.5076,0.4451,0.5731,0.0,2
Chikkaballapur,S2A_43PHR_20251110_0_L2A,2025-11-10,MGRS-43PHR,05.11,0.8208,304268,56011,54287,0.9692,0.5655,0.5573,0.4959,0.6268,0.0,2
Chikkaballapur,S2A_43PGR_20251110_0_L2A,2025-11-10,MGRS-43PGR,05.11,0.623881,304268,103068,98924,0.9598,0.5786,0.5698,0.5051,0.6443,0.0,2
Chikkaballapur,S2A_43PHQ_20251110_0_L2A,2025-11-10,MGRS-43PHQ,05.11,3.256097,304268,101352,100235,0.989,0.5767,0.5674,0.5116,0.6333,0.0,2
Chikkaballapur,S2A_43PGQ_20251110_0_L2A,2025-11-10,MGRS-43PGQ,05.11,10.44515,304268,178969,167679,0.9369,0.583,0.5695,0.5074,0.6456,0.0,2
Chikkaballapur,S2B_43PHR_20251113_0_L2A,2025-11-13,MGRS-43PHR,05.11,46.181607,304268,56011,15085,0.2693,0.5392,0.5333,0.4652,0.6063,0.0,2
Chikkaballapur,S2B_43PGR_20251113_0_L2A,2025-11-13,MGRS-43PGR,05.11,42.060772,304268,103068,28855,0.28,0.5526,0.5452,0.4758,0.6216,0.0,2
Chikkaballapur,S2B_43PHQ_20251113_0_L2A,2025-11-13,MGRS-43PHQ,05.11,47.489667,304268,101352,26103,0.2575,0.5525,0.5452,0.4822,0.6167,0.0,2
Chikkaballapur,S2B_43PGQ_20251113_0_L2A,2025-11-13,MGRS-43PGQ,05.11,49.468607,304268,178969,48458,0.2708,0.5329,0.5225,0.4632,0.5934,0.0,2
Chikkaballapur,S2C_43PHR_20251208_0_L2A,2025-12-08,MGRS-43PHR,05.11,27.362779,304268,56011,55349,0.9882,0.5046,0.5024,0.4357,0.5713,0.0,2
Chikkaballapur,S2C_43PGR_20251208_0_L2A,2025-12-08,MGRS-43PGR,05.11,4.924846,304268,103068,100203,0.9722,0.4764,0.4765,0.4149,0.5389,0.0,2
Chikkaballapur,S2C_43PHQ_20251208_0_L2A,2025-12-08,MGRS-43PHQ,05.11,0.086022,304268,101352,101057,0.9971,0.5103,0.5075,0.443,0.5754,0.0,2
Chikkaballapur,S2C_43PGQ_20251208_0_L2A,2025-12-08,MGRS-43PGQ,05.11,5.7e-05,304268,178969,178034,0.9948,0.4786,0.4782,0.4105,0.5485,0.0,2
Chikkaballapur,S2B_43PHR_20251213_0_L2A,2025-12-13,MGRS-43PHR,05.11,0.125593,304268,56011,55247,0.9864,0.4722,0.4726,0.413,0.5318,0.0,2
Chikkaballapur,S2B_43PGR_20251213_0_L2A,2025-12-13,MGRS-43PGR,05.11,0.444069,304268,103068,100681,0.9768,0.4635,0.4658,0.4058,0.5238,0.0,2
Chikkaballapur,S2B_43PHQ_20251213_0_L2A,2025-12-13,MGRS-43PHQ,05.11,0.07359,304268,101352,100988,0.9964,0.4785,0.478,0.4163,0.5399,0.0,2
Chikkaballapur,S2B_43PGQ_20251213_0_L2A,2025-12-13,MGRS-43PGQ,05.11,0.682489,304268,178969,171380,0.9576,0.4646,0.4664,0.3968,0.5356,0.0,2
Chikkaballapur,S2C_43PGR_20251218_0_L2A,2025-12-18,MGRS-43PGR,05.11,50.846153,304268,103068,50,0.0005,0.3987,0.3964,0.3554,0.4369,0.0,2
Chikkaballapur,S2C_43PHQ_20251218_0_L2A,2025-12-18,MGRS-43PHQ,05.11,47.118703,304268,101352,10003,0.0987,0.4339,0.4335,0.3744,0.4936,0.0,2
Chikkaballapur,S2C_43PGQ_20251218_0_L2A,2025-12-18,MGRS-43PGQ,05.11,43.789807,304268,178969,22757,0.1272,0.4139,0.4145,0.3479,0.4826,0.0,2
Chikkaballapur,S2A_43PHR_20251220_0_L2A,2025-12-20,MGRS-43PHR,05.11,45.093593,304268,56011,40694,0.7265,0.4158,0.4178,0.3646,0.4687,0.0,2
Chikkaballapur,S2A_43PGR_20251220_0_L2A,2025-12-20,MGRS-43PGR,05.11,37.323993,304268,103068,48572,0.4713,0.3787,0.3832,0.3367,0.4252,0.0,2
Chikkaballapur,S2A_43PHQ_20251220_0_L2A,2025-12-20,MGRS-43PHQ,05.11,25.929374,304268,101352,61867,0.6104,0.4108,0.4113,0.361,0.4604,0.0,2
Chikkaballapur,S2A_43PGQ_20251220_0_L2A,2025-12-20,MGRS-43PGQ,05.11,56.897736,304268,178969,38916,0.2174,0.3912,0.3969,0.3396,0.449,0.0,2
Chikkaballapur,S2B_43PHR_20251223_0_L2A,2025-12-23,MGRS-43PHR,05.11,30.204597,304268,56011,48561,0.867,0.4052,0.4091,0.3586,0.4555,0.0,2
Chikkaballapur,S2B_43PGR_20251223_0_L2A,2025-12-23,MGRS-43PGR,05.11,8.180516,304268,103068,99536,0.9657,0.4003,0.4063,0.3534,0.4539,0.0,2
Chikkaballapur,S2B_43PHQ_20251223_0_L2A,2025-12-23,MGRS-43PHQ,05.11,8.573963,304268,101352,65680,0.648,0.3962,0.3981,0.3485,0.4459,0.0,2
Chikkaballapur,S2B_43PGQ_20251223_0_L2A,2025-12-23,MGRS-43PGQ,05.11,4.321234,304268,178969,146741,0.8199,0.4094,0.4145,0.3468,0.4781,0.0,2
Chikkaballapur,S2C_43PHR_20251228_0_L2A,2025-12-28,MGRS-43PHR,05.11,36.10158,304268,56011,17713,0.3162,0.3476,0.3505,0.2992,0.3995,0.0,2
Chikkaballapur,S2C_43PGR_20251228_0_L2A,2025-12-28,MGRS-43PGR,05.11,26.889792,304268,103068,56091,0.5442,0.3552,0.3593,0.309,0.4055,0.0,2
Chikkaballapur,S2C_43PHQ_20251228_0_L2A,2025-12-28,MGRS-43PHQ,05.11,34.054029,304268,101352,32742,0.3231,0.3302,0.334,0.2828,0.38,0.0,2
Chikkaballapur,S2C_43PGQ_20251228_0_L2A,2025-12-28,MGRS-43PGQ,05.11,28.287384,304268,178969,102894,0.5749,0.3604,0.3668,0.2977,0.4304,0.0,2
Chikkaballapur,S2B_43PHR_20260102_1_L2A,2026-01-02,MGRS-43PHR,05.11,38.509429,304268,56011,45126,0.8057,0.2983,0.301,0.2721,0.3279,0.0,2
Chikkaballapur,S2B_43PGQ_20260102_0_L2A,2026-01-02,MGRS-43PGQ,05.11,9.365959,304268,5816,4555,0.7832,0.284,0.2892,0.2584,0.3152,0.0,2
Chikkaballapur,S2B_43PGR_20260102_1_L2A,2026-01-02,MGRS-43PGR,05.11,3.454615,304268,103068,93832,0.9104,0.3067,0.3099,0.2782,0.3391,0.0,2
Chikkaballapur,S2C_43PHR_20260107_0_L2A,2026-01-07,MGRS-43PHR,05.11,20.735197,304268,56011,55332,0.9879,0.3666,0.3747,0.3209,0.4212,0.0,2
Chikkaballapur,S2C_43PGR_20260107_0_L2A,2026-01-07,MGRS-43PGR,05.11,11.198694,304268,103068,102140,0.991,0.3699,0.3795,0.319,0.4319,0.0,2
Chikkaballapur,S2C_43PHQ_20260107_0_L2A,2026-01-07,MGRS-43PHQ,05.11,1.415002,304268,101352,101055,0.9971,0.3646,0.3702,0.3131,0.4215,0.0,2
Chikkaballapur,S2C_43PGQ_20260107_0_L2A,2026-01-07,MGRS-43PGQ,05.11,0.054555,304268,178969,178011,0.9946,0.3614,0.3696,0.3001,0.4323,0.0,2
Chikkaballapur,S2A_43PHR_20260109_0_L2A,2026-01-09,MGRS-43PHR,05.11,29.924765,304268,56011,32582,0.5817,0.3479,0.3585,0.3009,0.4061,0.0,2
Chikkaballapur,S2A_43PGR_20260109_0_L2A,2026-01-09,MGRS-43PGR,05.11,23.15848,304268,103068,74848,0.7262,0.3541,0.3634,0.305,0.4138,0.0,2
Chikkaballapur,S2A_43PHQ_20260109_0_L2A,2026-01-09,MGRS-43PHQ,05.11,45.355174,304268,101352,66444,0.6556,0.3365,0.3427,0.2876,0.3916,0.0,2
Chikkaballapur,S2A_43PGQ_20260109_0_L2A,2026-01-09,MGRS-43PGQ,05.11,49.014822,304268,178969,113910,0.6365,0.3331,0.3409,0.2766,0.3985,0.0,2
Chikkaballapur,S2B_43PGR_20260112_0_L2A,2026-01-12,MGRS-43PGR,05.11,58.889377,304268,103068,11832,0.1148,0.3017,0.3099,0.2456,0.3687,0.0,2
Chikkaballapur,S2C_43PHR_20260117_0_L2A,2026-01-17,MGRS-43PHR,05.11,0.000222,304268,56011,55412,0.9893,0.358,0.3699,0.312,0.4176,0.0,2
Chikkaballapur,S2C_43PGR_20260117_0_L2A,2026-01-17,MGRS-43PGR,05.11,0.000545,304268,103068,102220,0.9918,0.3721,0.3847,0.317,0.4418,0.0,2
Chikkaballapur,S2C_43PHQ_20260117_0_L2A,2026-01-17,MGRS-43PHQ,05.11,0.321389,304268,101352,101116,0.9977,0.358,0.3651,0.3073,0.416,0.0,2
Chikkaballapur,S2C_43PGQ_20260117_0_L2A,2026-01-17,MGRS-43PGQ,05.11,0.073325,304268,178969,178083,0.995,0.3707,0.3804,0.3046,0.4477,0.0,2
Chikkaballapur,S2B_43PHR_20260122_0_L2A,2026-01-22,MGRS-43PHR,05.11,0.100481,304268,56011,55462,0.9902,0.3524,0.367,0.3037,0.4172,0.0,2
Chikkaballapur,S2B_43PGR_20260122_0_L2A,2026-01-22,MGRS-43PGR,05.11,0.000857,304268,103068,102306,0.9926,0.3583,0.3718,0.3052,0.4266,0.0,2
Chikkaballapur,S2B_43PHQ_20260122_0_L2A,2026-01-22,MGRS-43PHQ,05.11,0.855146,304268,101352,101151,0.998,0.3462,0.3542,0.2956,0.4045,0.0,2
Chikkaballapur,S2B_43PGQ_20260122_0_L2A,2026-01-22,MGRS-43PGQ,05.11,0.000664,304268,178969,178134,0.9953,0.3512,0.3614,0.2912,0.4226,0.0,2
Chikkaballapur,S2C_43PHR_20260127_0_L2A,2026-01-27,MGRS-43PHR,05.11,4.010209,304268,56011,55378,0.9887,0.3316,0.3483,0.2786,0.4029,0.0,2
Chikkaballapur,S2C_43PGR_20260127_1_L2A,2026-01-27,MGRS-43PGR,05.11,3.391429,304268,16737,16610,0.9924,0.3572,0.3662,0.2903,0.434,0.0,2
Chikkaballapur,S2C_43PHQ_20260127_1_L2A,2026-01-27,MGRS-43PHQ,05.11,15.357342,304268,73270,73112,0.9978,0.3396,0.3463,0.28,0.4048,0.0,2
Chikkaballapur,S2C_43PGQ_20260127_1_L2A,2026-01-27,MGRS-43PGQ,05.11,0.881836,304268,154424,153163,0.9918,0.3278,0.339,0.2636,0.4047,0.0,2
Chikkaballapur,S2B_43PHR_20260201_0_L2A,2026-02-01,MGRS-43PHR,05.11,15.50533,304268,56011,55471,0.9904,0.3265,0.3442,0.275,0.3969,0.0,2
Chikkaballapur,S2B_43PGR_20260201_0_L2A,2026-02-01,MGRS-43PGR,05.11,0.001223,304268,103068,102329,0.9928,0.3342,0.3492,0.279,0.4062,0.0,2
Chikkaballapur,S2B_43PHQ_20260201_0_L2A,2026-02-01,MGRS-43PHQ,05.11,0.307401,304268,101352,101147,0.998,0.3189,0.3283,0.2679,0.3792,0.0,2
Chikkaballapur,S2B_43PGQ_20260201_0_L2A,2026-02-01,MGRS-43PGQ,05.11,0.000253,304268,178969,178177,0.9956,0.3266,0.3381,0.2656,0.4001,0.0,2
Chikkaballapur,S2C_43PHR_20260206_0_L2A,2026-02-06,MGRS-43PHR,05.12,0.025275,304268,56011,55515,0.9911,0.3184,0.337,0.2681,0.3885,0.0,2
Chikkaballapur,S2C_43PGR_20260206_0_L2A,2026-02-06,MGRS-43PGR,05.12,0.000142,304268,103068,102387,0.9934,0.3265,0.3432,0.27,0.4012,0.0,2
Chikkaballapur,S2C_43PHQ_20260206_0_L2A,2026-02-06,MGRS-43PHQ,05.12,0.047691,304268,101352,101190,0.9984,0.3162,0.3261,0.2649,0.3773,0.0,2
Chikkaballapur,S2C_43PGQ_20260206_0_L2A,2026-02-06,MGRS-43PGQ,05.12,0.000289,304268,178969,178255,0.996,0.3171,0.33,0.257,0.3908,0.0,2
Chikkaballapur,S2B_43PHR_20260211_0_L2A,2026-02-11,MGRS-43PHR,05.12,10.781775,304268,56011,55509,0.991,0.3139,0.3322,0.2667,0.3807,0.0,2
Chikkaballapur,S2B_43PGR_20260211_0_L2A,2026-02-11,MGRS-43PGR,05.12,0.003204,304268,103068,102401,0.9935,0.3278,0.3441,0.2726,0.4007,0.0,2
Chikkaballapur,S2B_43PHQ_20260211_0_L2A,2026-02-11,MGRS-43PHQ,05.12,11.607075,304268,101352,101172,0.9982,0.3159,0.3261,0.2657,0.376,0.0,2
Chikkaballapur,S2B_43PGQ_20260211_0_L2A,2026-02-11,MGRS-43PGQ,05.12,0.001801,304268,178969,178232,0.9959,0.3222,0.3355,0.2626,0.3959,0.0,2
Chikkaballapur,S2C_43PHR_20260216_0_L2A,2026-02-16,MGRS-43PHR,05.12,9.095385,304268,56011,52681,0.9405,0.2777,0.2908,0.2398,0.3298,0.0,2
Chikkaballapur,S2C_43PGR_20260216_0_L2A,2026-02-16,MGRS-43PGR,05.12,7.353328,304268,103068,77946,0.7563,0.2903,0.3032,0.2438,0.3501,0.0,2
Chikkaballapur,S2C_43PHQ_20260216_0_L2A,2026-02-16,MGRS-43PHQ,05.12,28.668252,304268,101352,90255,0.8905,0.2858,0.2938,0.244,0.3352,0.0,2
Chikkaballapur,S2C_43PGQ_20260216_0_L2A,2026-02-16,MGRS-43PGQ,05.12,6.201909,304268,178969,158405,0.8851,0.3052,0.3185,0.2466,0.3781,0.0,2
Chikkaballapur,S2B_43PHR_20260221_0_L2A,2026-02-21,MGRS-43PHR,05.12,6.807489,304268,56011,53530,0.9557,0.2728,0.2893,0.226,0.3377,0.0,2
Chikkaballapur,S2B_43PGR_20260221_0_L2A,2026-02-21,MGRS-43PGR,05.12,4.123834,304268,103068,85606,0.8306,0.291,0.3082,0.2357,0.365,0.0,2
Chikkaballapur,S2B_43PHQ_20260221_0_L2A,2026-02-21,MGRS-43PHQ,05.12,41.773638,304268,101352,92670,0.9143,0.2718,0.2819,0.2244,0.3288,0.0,2
Chikkaballapur,S2B_43PGQ_20260221_0_L2A,2026-02-21,MGRS-43PGQ,05.12,20.981774,304268,178969,172613,0.9645,0.2889,0.3052,0.227,0.3678,0.0,2
Chikkaballapur,S2C_43PHR_20260226_0_L2A,2026-02-26,MGRS-43PHR,05.12,1.381641,304268,56011,52312,0.934,0.2844,0.3007,0.2355,0.3513,0.0,2
Chikkaballapur,S2C_43PGR_20260226_0_L2A,2026-02-26,MGRS-43PGR,05.12,7.958613,304268,103068,90910,0.882,0.3026,0.319,0.2443,0.3791,0.0,2
Chikkaballapur,S2C_43PHQ_20260226_0_L2A,2026-02-26,MGRS-43PHQ,05.12,6.417895,304268,101352,91190,0.8997,0.284,0.2933,0.2371,0.3398,0.0,2
Chikkaballapur,S2C_43PGQ_20260226_0_L2A,2026-02-26,MGRS-43PGQ,05.12,35.148948,304268,178969,151771,0.848,0.29,0.305,0.2319,0.3645,0.0,2
Chikkaballapur,S2B_43PHR_20260303_0_L2A,2026-03-03,MGRS-43PHR,05.12,0.000601,304268,56011,55698,0.9944,0.273,0.285,0.2329,0.3264,0.0,2
Chikkaballapur,S2B_43PGR_20260303_0_L2A,2026-03-03,MGRS-43PGR,05.12,0.000795,304268,103068,102582,0.9953,0.2953,0.3098,0.2447,0.3615,0.0,2
Chikkaballapur,S2B_43PHQ_20260303_0_L2A,2026-03-03,MGRS-43PHQ,05.12,0.002933,304268,101352,101227,0.9988,0.2849,0.2942,0.2393,0.3397,0.0,2
Chikkaballapur,S2B_43PGQ_20260303_0_L2A,2026-03-03,MGRS-43PGQ,05.12,0.006865,304268,178969,178336,0.9965,0.3053,0.3207,0.2452,0.3825,0.0,2
Chikkaballapur,S2C_43PHR_20260308_0_L2A,2026-03-08,MGRS-43PHR,05.12,0.000468,304268,56011,55597,0.9926,0.2702,0.2836,0.2283,0.3275,0.0,2
Chikkaballapur,S2C_43PGR_20260308_0_L2A,2026-03-08,MGRS-43PGR,05.12,0.168291,304268,103068,102470,0.9942,0.286,0.301,0.2343,0.3537,0.0,2
Chikkaballapur,S2C_43PHQ_20260308_0_L2A,2026-03-08,MGRS-43PHQ,05.12,0.240185,304268,101352,101208,0.9986,0.2784,0.2881,0.2323,0.3342,0.0,2
Chikkaballapur,S2C_43PGQ_20260308_0_L2A,2026-03-08,MGRS-43PGQ,05.12,2.401468,304268,178969,178286,0.9962,0.3005,0.3194,0.234,0.3875,0.0,2
Chikkaballapur,S2A_43PHR_20260310_0_L2A,2026-03-10,MGRS-43PHR,05.12,0.023464,304268,56011,55578,0.9923,0.2785,0.2928,0.234,0.3393,0.0,2
Chikkaballapur,S2A_43PGR_20260310_0_L2A,2026-03-10,MGRS-43PGR,05.12,0.000901,304268,103068,102504,0.9945,0.3081,0.3264,0.249,0.386,0.0,2
Chikkaballapur,S2A_43PHQ_20260310_0_L2A,2026-03-10,MGRS-43PHQ,05.12,4.388516,304268,101352,101204,0.9985,0.2859,0.297,0.2372,0.3461,0.0,2
Chikkaballapur,S2A_43PGQ_20260310_0_L2A,2026-03-10,MGRS-43PGQ,05.12,0.020798,304268,178969,178343,0.9965,0.2978,0.3146,0.2382,0.3756,0.0,2
Chikkaballapur,S2B_43PHR_20260313_0_L2A,2026-03-13,MGRS-43PHR,05.12,0.919741,304268,56011,55629,0.9932,0.2631,0.2747,0.2257,0.3135,0.0,2
Chikkaballapur,S2B_43PGR_20260313_0_L2A,2026-03-13,MGRS-43PGR,05.12,0.00064,304268,103068,102516,0.9946,0.2884,0.3042,0.2399,0.3526,0.0,2
Chikkaballapur,S2B_43PHQ_20260313_0_L2A,2026-03-13,MGRS-43PHQ,05.12,4.330301,304268,101352,101017,0.9967,0.2723,0.2816,0.2303,0.3238,0.0,2
Chikkaballapur,S2B_43PGQ_20260313_0_L2A,2026-03-13,MGRS-43PGQ,05.12,0.116109,304268,178969,178209,0.9958,0.2888,0.3048,0.2342,0.3597,0.0,2
Chikkaballapur,S2C_43PHR_20260318_0_L2A,2026-03-18,MGRS-43PHR,05.12,22.176565,304268,56011,31733,0.5665,0.2377,0.2446,0.1962,0.2883,0.0,2
Chikkaballapur,S2C_43PGR_20260318_0_L2A,2026-03-18,MGRS-43PGR,05.12,7.389478,304268,103068,66787,0.648,0.2875,0.3004,0.2295,0.3613,0.0,2
Chikkaballapur,S2A_43PHR_20260320_0_L2A,2026-03-20,MGRS-43PHR,05.12,3.908082,304268,56011,47221,0.8431,0.2455,0.2562,0.2094,0.2932,0.0,2
Chikkaballapur,S2A_43PGR_20260320_0_L2A,2026-03-20,MGRS-43PGR,05.12,2.851777,304268,103068,86569,0.8399,0.2786,0.2957,0.2291,0.3465,0.0,2
Chikkaballapur,S2A_43PHQ_20260320_0_L2A,2026-03-20,MGRS-43PHQ,05.12,10.846023,304268,101352,77759,0.7672,0.2687,0.2791,0.2186,0.3298,0.0,2
Chikkaballapur,S2A_43PGQ_20260320_0_L2A,2026-03-20,MGRS-43PGQ,05.12,13.12083,304268,178969,137524,0.7684,0.2829,0.2992,0.2221,0.362,0.0,2
Chikkaballapur,S2B_43PHR_20260323_0_L2A,2026-03-23,MGRS-43PHR,05.12,0.030312,304268,56011,55650,0.9936,0.2718,0.286,0.2282,0.3305,0.0,2
Chikkaballapur,S2B_43PGR_20260323_0_L2A,2026-03-23,MGRS-43PGR,05.12,8.383857,304268,103068,102345,0.993,0.3104,0.3303,0.2477,0.3938,0.0,2
Chikkaballapur,S2B_43PHQ_20260323_0_L2A,2026-03-23,MGRS-43PHQ,05.12,0.238135,304268,101352,101213,0.9986,0.2804,0.2905,0.2312,0.34,0.0,2
Chikkaballapur,S2B_43PGQ_20260323_0_L2A,2026-03-23,MGRS-43PGQ,05.12,2.642392,304268,178969,178087,0.9951,0.3164,0.334,0.2461,0.4065,0.0,2
Chikkaballapur,S2C_43PHR_20260328_0_L2A,2026-03-28,MGRS-43PHR,05.12,0.055089,304268,56011,55699,0.9944,0.2827,0.2967,0.2361,0.3439,0.0,2
Chikkaballapur,S2C_43PGR_20260328_0_L2A,2026-03-28,MGRS-43PGR,05.12,0.333182,304268,103068,102216,0.9917,0.3016,0.3184,0.2431,0.3776,0.0,2
Chikkaballapur,S2C_43PHQ_20260328_0_L2A,2026-03-28,MGRS-43PHQ,05.12,1.162212,304268,101352,101073,0.9972,0.2922,0.3029,0.2394,0.3569,0.0,2
Chikkaballapur,S2C_43PGQ_20260328_0_L2A,2026-03-28,MGRS-43PGQ,05.12,4.656644,304268,178969,177099,0.9896,0.31,0.3251,0.2435,0.393,0.0,2
Chikkaballapur,S2B_43PHR_20260402_0_L2A,2026-04-02,MGRS-43PHR,05.12,2.620167,304268,56011,50563,0.9027,0.2688,0.2798,0.2299,0.3187,0.0,2
Chikkaballapur,S2B_43PGR_20260402_1_L2A,2026-04-02,MGRS-43PGR,05.12,20.737246,304268,103068,60059,0.5827,0.2864,0.299,0.2372,0.3481,0.0,2
Chikkaballapur,S2B_43PHQ_20260402_0_L2A,2026-04-02,MGRS-43PHQ,05.12,5.589427,304268,101352,81045,0.7996,0.2856,0.2955,0.2368,0.345,0.0,2
Chikkaballapur,S2B_43PGQ_20260402_1_L2A,2026-04-02,MGRS-43PGQ,05.12,57.271886,304268,178969,101545,0.5674,0.3105,0.3207,0.2512,0.3802,0.0,2
Chikkaballapur,S2C_43PHR_20260407_0_L2A,2026-04-07,MGRS-43PHR,05.12,0.002289,304268,56011,55656,0.9937,0.2623,0.2745,0.2211,0.3162,0.0,2
Chikkaballapur,S2C_43PGR_20260407_0_L2A,2026-04-07,MGRS-43PGR,05.12,0.000853,304268,103068,102590,0.9954,0.2855,0.301,0.2319,0.3554,0.0,2
Chikkaballapur,S2C_43PHQ_20260407_0_L2A,2026-04-07,MGRS-43PHQ,05.12,1.7e-05,304268,101352,101251,0.999,0.2861,0.2978,0.2302,0.3546,0.0,2
Chikkaballapur,S2C_43PGQ_20260407_0_L2A,2026-04-07,MGRS-43PGQ,05.12,1.19944,304268,178969,178454,0.9971,0.2972,0.3111,0.2341,0.375,0.0,2
Chikkaballapur,S2A_43PHR_20260409_0_L2A,2026-04-09,MGRS-43PHR,05.12,19.763796,304268,56011,44322,0.7913,0.2427,0.2556,0.2017,0.2977,0.0,2
Chikkaballapur,S2A_43PGR_20260409_0_L2A,2026-04-09,MGRS-43PGR,05.12,6.753522,304268,103068,97165,0.9427,0.2693,0.2834,0.2182,0.3359,0.0,2
Chikkaballapur,S2A_43PHQ_20260409_0_L2A,2026-04-09,MGRS-43PHQ,05.12,23.31768,304268,101352,71242,0.7029,0.2601,0.2712,0.2101,0.3215,0.0,2
Chikkaballapur,S2A_43PGQ_20260409_0_L2A,2026-04-09,MGRS-43PGQ,05.12,11.100464,304268,178969,166239,0.9289,0.2774,0.2888,0.223,0.3437,0.0,2
Chikkaballapur,S2B_43PHR_20260412_0_L2A,2026-04-12,MGRS-43PHR,05.12,1.748362,304268,56011,55830,0.9968,0.25,0.2604,0.2143,0.2969,0.0,2
Chikkaballapur,S2B_43PGR_20260412_0_L2A,2026-04-12,MGRS-43PGR,05.12,17.831361,304268,103068,96639,0.9376,0.2788,0.2914,0.2299,0.3412,0.0,2
Chikkaballapur,S2B_43PHQ_20260412_0_L2A,2026-04-12,MGRS-43PHQ,05.12,0.024496,304268,101352,100867,0.9952,0.2716,0.2811,0.2248,0.3284,0.0,2
Chikkaballapur,S2B_43PGQ_20260412_0_L2A,2026-04-12,MGRS-43PGQ,05.12,5.522532,304268,178969,174690,0.9761,0.2955,0.3081,0.2371,0.3672,0.0,2
Chikkaballapur,S2C_43PHR_20260417_0_L2A,2026-04-17,MGRS-43PHR,05.12,18.983702,304268,56011,35145,0.6275,0.2562,0.2692,0.2155,0.3105,0.0,2
Chikkaballapur,S2C_43PGR_20260417_0_L2A,2026-04-17,MGRS-43PGR,05.12,15.382668,304268,103068,50372,0.4887,0.2689,0.2836,0.2195,0.3332,0.0,2
Chikkaballapur,S2C_43PHQ_20260417_0_L2A,2026-04-17,MGRS-43PHQ,05.12,43.791705,304268,101352,85832,0.8469,0.2732,0.2833,0.2244,0.3325,0.0,2
Chikkaballapur,S2C_43PGQ_20260417_0_L2A,2026-04-17,MGRS-43PGQ,05.12,29.762694,304268,178969,148451,0.8295,0.2867,0.3011,0.2257,0.3627,0.0,2
Chikkaballapur,S2B_43PHR_20260422_0_L2A,2026-04-22,MGRS-43PHR,05.12,0.000149,304268,56011,55710,0.9946,0.2587,0.2729,0.2168,0.3157,0.0,2
Chikkaballapur,S2B_43PGR_20260422_0_L2A,2026-04-22,MGRS-43PGR,05.12,0.000277,304268,103068,102650,0.9959,0.2869,0.3043,0.2314,0.36,0.0,2
Chikkaballapur,S2B_43PHQ_20260422_0_L2A,2026-04-22,MGRS-43PHQ,05.12,0.225742,304268,101352,101263,0.9991,0.2754,0.2872,0.2231,0.3394,0.0,2
Chikkaballapur,S2B_43PGQ_20260422_0_L2A,2026-04-22,MGRS-43PGQ,05.12,0.040077,304268,178969,178503,0.9974,0.2926,0.3073,0.2327,0.368,0.0,2
Chikkaballapur,S2C_43PHR_20260427_1_L2A,2026-04-27,MGRS-43PHR,05.12,0.208493,304268,56011,55784,0.9959,0.2461,0.2586,0.2065,0.2984,0.0,2
Chikkaballapur,S2C_43PGR_20260427_1_L2A,2026-04-27,MGRS-43PGR,05.12,0.188945,304268,103068,102733,0.9967,0.2713,0.2874,0.2181,0.3409,0.0,2
Chikkaballapur,S2C_43PHQ_20260427_1_L2A,2026-04-27,MGRS-43PHQ,05.12,0.000677,304268,101352,101278,0.9993,0.2616,0.2719,0.2153,0.3183,0.0,2
Chikkaballapur,S2C_43PGQ_20260427_1_L2A,2026-04-27,MGRS-43PGQ,05.12,0.24841,304268,178969,178503,0.9974,0.2851,0.3002,0.2217,0.3643,0.0,2
Chikkaballapur,S2A_43PHR_20260429_0_L2A,2026-04-29,MGRS-43PHR,05.12,54.972839,304268,56011,46658,0.833,0.2576,0.2685,0.2167,0.3099,0.0,2
Chikkaballapur,S2A_43PGR_20260429_0_L2A,2026-04-29,MGRS-43PGR,05.12,39.736167,304268,103068,58830,0.5708,0.3028,0.3156,0.2461,0.3732,0.0,2
Chikkaballapur,S2A_43PHQ_20260429_0_L2A,2026-04-29,MGRS-43PHQ,05.12,6.438807,304268,101352,101123,0.9977,0.2565,0.2649,0.2138,0.3074,0.0,2
Chikkaballapur,S2A_43PGQ_20260429_0_L2A,2026-04-29,MGRS-43PGQ,05.12,4.31275,304268,178969,167069,0.9335,0.2861,0.2978,0.2288,0.3553,0.0,2
Chikkaballapur,S2B_43PHR_20260502_0_L2A,2026-05-02,MGRS-43PHR,05.12,12.570575,304268,56011,47425,0.8467,0.2474,0.259,0.21,0.2959,0.0,2
Chikkaballapur,S2B_43PGR_20260502_0_L2A,2026-05-02,MGRS-43PGR,05.12,0.627692,304268,103068,102186,0.9914,0.2723,0.2856,0.2256,0.3336,0.0,2
Chikkaballapur,S2B_43PHQ_20260502_0_L2A,2026-05-02,MGRS-43PHQ,05.12,47.703123,304268,101352,90389,0.8918,0.267,0.2775,0.2173,0.3275,0.0,2
Chikkaballapur,S2B_43PGQ_20260502_0_L2A,2026-05-02,MGRS-43PGQ,05.12,27.226773,304268,178969,163281,0.9123,0.2983,0.3124,0.2335,0.3774,0.0,2
Chikkaballapur,S2C_43PHR_20260507_0_L2A,2026-05-07,MGRS-43PHR,05.12,9.514205,304268,56011,18037,0.322,0.2543,0.2602,0.2133,0.3012,0.0,2
Chikkaballapur,S2C_43PGR_20260507_0_L2A,2026-05-07,MGRS-43PGR,05.12,9.556558,304268,103068,57241,0.5554,0.2469,0.2555,0.2063,0.2963,0.0,2
Chikkaballapur,S2B_43PHR_20260512_0_L2A,2026-05-12,MGRS-43PHR,05.12,2.85082,304268,56011,52801,0.9427,0.2519,0.2623,0.2135,0.3009,0.0,2
Chikkaballapur,S2B_43PGR_20260512_0_L2A,2026-05-12,MGRS-43PGR,05.12,25.517914,304268,103068,96540,0.9367,0.2686,0.2804,0.2236,0.3263,0.0,2
Chikkaballapur,S2B_43PHQ_20260512_0_L2A,2026-05-12,MGRS-43PHQ,05.12,1.554089,304268,101352,85903,0.8476,0.2624,0.2719,0.2168,0.3178,0.0,2
Chikkaballapur,S2B_43PGQ_20260512_0_L2A,2026-05-12,MGRS-43PGQ,05.12,12.85395,304268,178969,170048,0.9502,0.2751,0.2863,0.2228,0.3389,0.0,2
Chikkaballapur,S2C_43PHR_20260517_0_L2A,2026-05-17,MGRS-43PHR,05.12,49.785876,304268,56011,1827,0.0326,0.2043,0.2129,0.175,0.243,0.0,2
Chikkaballapur,S2C_43PGR_20260517_0_L2A,2026-05-17,MGRS-43PGR,05.12,19.629964,304268,103068,34220,0.332,0.2363,0.2477,0.1949,0.2889,0.0,2
Chikkaballapur,S2C_43PGQ_20260517_0_L2A,2026-05-17,MGRS-43PGQ,05.12,53.107053,304268,178969,81775,0.4569,0.2389,0.2509,0.1927,0.2984,0.0,2
Chikkaballapur,S2A_43PHR_20260519_0_L2A,2026-05-19,MGRS-43PHR,05.12,47.874451,304268,56011,4275,0.0763,0.2074,0.2191,0.1672,0.2602,0.0,2
Chikkaballapur,S2A_43PHQ_20260519_0_L2A,2026-05-19,MGRS-43PHQ,05.12,18.860003,304268,101352,25523,0.2518,0.2339,0.243,0.1797,0.2984,0.0,2
Chikkaballapur,S2B_43PHR_20260601_0_L2A,2026-06-01,MGRS-43PHR,05.12,44.691402,304268,56011,39450,0.7043,0.28,0.2904,0.2443,0.3248,0.0,2
Chikkaballapur,S2B_43PHQ_20260601_0_L2A,2026-06-01,MGRS-43PHQ,05.12,20.422712,304268,101352,74738,0.7374,0.2937,0.3101,0.2506,0.3541,0.0,2
Chikkaballapur,S2B_43PGQ_20260601_0_L2A,2026-06-01,MGRS-43PGQ,05.12,45.999777,304268,178969,99137,0.5539,0.3159,0.3398,0.2566,0.4039,0.0,2
Chikkaballapur,S2C_43PHR_20260606_0_L2A,2026-06-06,MGRS-43PHR,05.12,19.317229,304268,56011,15126,0.2701,0.2979,0.3067,0.2444,0.361,0.0,2
Chikkaballapur,S2C_43PGR_20260606_0_L2A,2026-06-06,MGRS-43PGR,05.12,38.76366,304268,103068,27051,0.2625,0.3235,0.3355,0.2587,0.402,0.0,2
Chikkaballapur,S2C_43PHQ_20260606_0_L2A,2026-06-06,MGRS-43PHQ,05.12,51.654655,304268,101352,12478,0.1231,0.2855,0.2945,0.2308,0.3482,0.0,2
Chikkaballapur,S2C_43PHR_20260616_0_L2A,2026-06-16,MGRS-43PHR,05.12,38.601574,304268,56011,55774,0.9958,0.3878,0.3928,0.3229,0.4582,0.0,2
Chikkaballapur,S2C_43PGR_20260616_0_L2A,2026-06-16,MGRS-43PGR,05.12,33.948123,304268,103068,99625,0.9666,0.4167,0.4213,0.3398,0.4989,0.0,2
Chikkaballapur,S2C_43PHQ_20260616_0_L2A,2026-06-16,MGRS-43PHQ,05.12,14.547968,304268,101352,101246,0.999,0.3794,0.3823,0.3083,0.4537,0.0,2
Chikkaballapur,S2C_43PGQ_20260616_0_L2A,2026-06-16,MGRS-43PGQ,05.12,45.684716,304268,178969,175883,0.9828,0.3882,0.3918,0.3054,0.4755,0.0,2
Chikkaballapur,S2A_43PHR_20260628_0_L2A,2026-06-28,MGRS-43PHR,05.12,9.228911,304268,56011,38047,0.6793,0.3634,0.3694,0.2954,0.4371,0.0,2
Chikkaballapur,S2A_43PGR_20260628_0_L2A,2026-06-28,MGRS-43PGR,05.12,23.916702,304268,103068,76786,0.745,0.4135,0.4197,0.3293,0.5036,0.0,2
Chikkaballapur,S2A_43PHQ_20260628_0_L2A,2026-06-28,MGRS-43PHQ,05.12,18.515217,304268,101352,77689,0.7665,0.3618,0.3672,0.2842,0.4455,0.0,2
Chikkaballapur,S2B_43PHR_20260711_0_L2A,2026-07-11,MGRS-43PHR,05.12,55.202693,304268,56011,23603,0.4214,0.309,0.3147,0.25,0.374,0.0,2
Chikkaballapur,S2B_43PHQ_20260711_0_L2A,2026-07-11,MGRS-43PHQ,05.12,43.145463,304268,101352,48618,0.4797,0.3207,0.3277,0.2581,0.3913,0.0,2
Chikkaballapur,S2C_43PGR_20260716_0_L2A,2026-07-16,MGRS-43PGR,05.12,46.462703,304268,103068,60842,0.5903,0.3584,0.3638,0.2933,0.4288,0.0,2
Chikkaballapur,S2B_43PHR_20260810_0_L2A,2026-08-10,MGRS-43PHR,05.12,38.372225,304268,56011,34580,0.6174,0.2723,0.2829,0.2205,0.3356,0.0,2
Chikkaballapur,S2B_43PHQ_20260810_0_L2A,2026-08-10,MGRS-43PHQ,05.12,32.9191,304268,101352,64971,0.641,0.3164,0.326,0.2462,0.397,0.0,2
Chikkaballapur,S2B_43PGQ_20260810_0_L2A,2026-08-10,MGRS-43PGQ,05.12,59.606689,304268,178969,79595,0.4447,0.3508,0.357,0.2719,0.4365,0.0,2
Chikkaballapur,S2C_43PHR_20260904_0_L2A,2026-09-04,MGRS-43PHR,05.12,50.684565,304268,56011,19471,0.3476,0.2239,0.2356,0.1861,0.2744,0.0,2
Chikkaballapur,S2C_43PGR_20260904_0_L2A,2026-09-04,MGRS-43PGR,05.12,38.465294,304268,103068,30071,0.2918,0.3543,0.3676,0.2858,0.4382,0.0,2
Chikkaballapur,S2C_43PHQ_20260904_0_L2A,2026-09-04,MGRS-43PHQ,05.12,44.974545,304268,101352,74842,0.7384,0.3031,0.3113,0.2341,0.3799,0.0,2
Chikkaballapur,S2A_43PHR_20260906_0_L2A,2026-09-06,MGRS-43PHR,05.12,28.122503,304268,56011,36699,0.6552,0.2703,0.2801,0.222,0.329,0.0,2
Chikkaballapur,S2A_43PGR_20260906_0_L2A,2026-09-06,MGRS-43PGR,05.12,23.389123,304268,103068,71614,0.6948,0.3373,0.3492,0.2729,0.4158,0.0,2
Chikkaballapur,S2A_43PHQ_20260906_0_L2A,2026-09-06,MGRS-43PHQ,05.12,57.407677,304268,101352,40080,0.3955,0.2732,0.2812,0.2184,0.3364,0.0,2
Chikkaballapur,S2C_43PHR_20260914_0_L2A,2026-09-14,MGRS-43PHR,05.12,33.849639,304268,56011,29303,0.5232,0.2637,0.2771,0.2082,0.3322,0.0,2
Chikkaballapur,S2C_43PGR_20260914_0_L2A,2026-09-14,MGRS-43PGR,05.12,50.911355,304268,103068,72653,0.7049,0.3387,0.3542,0.2668,0.4277,0.0,2
Chikkaballapur,S2C_43PHQ_20260914_0_L2A,2026-09-14,MGRS-43PHQ,05.12,55.871129,304268,101352,37105,0.3661,0.2852,0.2957,0.2102,0.3704,0.0,2
Chikkaballapur,S2C_43PGQ_20260914_0_L2A,2026-09-14,MGRS-43PGQ,05.12,50.317574,304268,178969,96109,0.537,0.377,0.3821,0.2942,0.4636,0.0,2
Chikkaballapur,S2B_43PHR_20260929_0_L2A,2026-09-29,MGRS-43PHR,05.13,47.447398,304268,56011,19501,0.3482,0.3322,0.3343,0.2834,0.384,0.0,2
